layer,expert,prefill_count,decode_count,prefill_mean_weight,decode_mean_weight
0,0,37515,147929,0.080706,0.103690
0,1,44870,702932,0.104852,0.131444
0,2,15650,1685,0.093244,0.068120
0,3,27603,387601,0.075538,0.072219
0,4,16562,180238,0.094184,0.081305
0,5,28316,96607,0.108696,0.116555
0,6,26019,65934,0.066311,0.082388
0,7,28125,90055,0.104278,0.083156
0,8,6173,20714,0.075148,0.082142
0,9,7,138,0.052944,0.048990
0,10,5879,59466,0.088239,0.084983
0,11,8061,89409,0.078375,0.077847
0,12,7756,47425,0.124736,0.103698
0,13,21142,341037,0.107684,0.115384
0,14,14613,151,0.090678,0.086374
0,15,48812,358244,0.088016,0.096131
0,16,37125,189303,0.089706,0.090140
0,17,43881,394023,0.098026,0.102197
0,18,3549,8362,0.081386,0.073668
0,19,51296,271243,0.128910,0.118072
0,20,25988,136525,0.126574,0.103527
0,21,32513,365069,0.099904,0.104796
0,22,8994,51637,0.079412,0.081662
0,23,23924,194563,0.101741,0.091691
0,24,3969,15454,0.064546,0.064559
0,25,77773,463185,0.092177,0.091533
0,26,6034,75111,0.082010,0.089898
0,27,45500,367696,0.070137,0.077880
0,28,18499,103770,0.167127,0.172515
0,29,18844,90545,0.085677,0.071223
0,30,7901,79963,0.074725,0.081343
0,31,36633,130188,0.110672,0.115919
0,32,18347,204219,0.077300,0.074338
0,33,62807,444456,0.108999,0.120379
0,34,21055,246453,0.139086,0.105921
0,35,18563,66085,0.129297,0.116317
0,36,52825,301877,0.085143,0.070192
0,37,36195,364571,0.150821,0.085415
0,38,28915,263049,0.091679,0.090377
0,39,23362,104470,0.087725,0.089467
0,40,12385,94260,0.056871,0.065330
0,41,3305,5540,0.070090,0.068009
0,42,11246,55445,0.112819,0.101424
0,43,11491,111550,0.070535,0.075161
0,44,35003,501642,0.097111,0.092265
0,45,12433,67367,0.090952,0.109454
0,46,852,25054,0.085201,0.048132
0,47,19574,161947,0.069613,0.074891
0,48,6226,36765,0.189916,0.158652
0,49,4685,114923,0.089737,0.130912
0,50,11233,42348,0.113580,0.097310
0,51,32462,202921,0.076206,0.085420
0,52,35088,32292,0.068999,0.072899
0,53,15897,88434,0.090961,0.096555
0,54,28933,110554,0.076211,0.068038
0,55,20478,271875,0.084155,0.087555
0,56,8476,31309,0.077800,0.074352
0,57,74512,500825,0.120645,0.115418
0,58,11326,112776,0.113397,0.104639
0,59,15735,164790,0.095695,0.103085
0,60,44876,348459,0.103709,0.115765
0,61,48507,365234,0.091454,0.087847
0,62,21766,128184,0.078537,0.074779
0,63,24550,281575,0.073604,0.070752
0,64,11189,140743,0.071026,0.056615
0,65,3556,60435,0.082059,0.083749
0,66,29372,415031,0.117961,0.089047
0,67,20856,262221,0.071427,0.080172
0,68,35308,52811,0.117631,0.087604
0,69,42714,379816,0.086078,0.091744
0,70,18975,134768,0.146353,0.075338
0,71,16337,335021,0.078829,0.065622
0,72,9184,100191,0.095926,0.092832
0,73,4164,23414,0.064345,0.064880
0,74,9564,104187,0.099239,0.095157
0,75,36002,237268,0.081599,0.070471
0,76,17890,14250,0.056457,0.081818
0,77,9323,89811,0.089152,0.087234
0,78,55697,361476,0.066308,0.067380
0,79,131060,676306,0.088780,0.083363
0,80,10729,122605,0.133062,0.164533
0,81,4869,3975,0.079639,0.066670
0,82,5227,13615,0.081628,0.078808
0,83,9959,21700,0.079020,0.083331
0,84,7810,81334,0.092084,0.100634
0,85,47108,617927,0.081918,0.083186
0,86,25840,312190,0.088102,0.090117
0,87,31614,107951,0.087398,0.087180
0,88,45807,496822,0.110310,0.110744
0,89,22515,91215,0.103707,0.106416
0,90,9194,194380,0.116147,0.104256
0,91,9971,19968,0.083332,0.084515
0,92,11663,83846,0.072360,0.078899
0,93,13491,88147,0.116688,0.133473
0,94,7737,44434,0.088175,0.083979
0,95,1547,13130,0.074400,0.073183
0,96,21803,209951,0.077904,0.073883
0,97,32713,104582,0.093162,0.096111
0,98,10269,97809,0.089041,0.100851
0,99,19098,125967,0.074386,0.079695
0,100,1331,154,0.050282,0.053188
0,101,7208,303911,0.098696,0.114127
0,102,23906,244516,0.141465,0.145158
0,103,13248,68166,0.096577,0.079914
0,104,17017,175355,0.067566,0.065598
0,105,463,47810,0.082124,0.066764
0,106,25823,299142,0.110619,0.137021
0,107,2203,6091,0.057337,0.057862
0,108,26080,323462,0.102309,0.082439
0,109,5395,65390,0.080687,0.098990
0,110,10450,206113,0.073218,0.070394
0,111,17506,195174,0.160430,0.097289
0,112,36244,364788,0.095903,0.112419
0,113,6557,5945,0.063202,0.056330
0,114,11353,135606,0.083175,0.118205
0,115,5240,111599,0.082708,0.066646
0,116,28035,15807,0.082152,0.069988
0,117,12814,197165,0.067282,0.083224
0,118,12511,46449,0.098472,0.090251
0,119,4914,122419,0.069039,0.067532
0,120,56722,118231,0.127585,0.064056
0,121,9247,64123,0.085598,0.103816
0,122,5671,271269,0.129636,0.122683
0,123,12857,98751,0.090977,0.096304
0,124,18887,458251,0.217556,0.240102
0,125,49663,453565,0.112372,0.090983
0,126,6491,40775,0.093082,0.088414
0,127,8649,93448,0.101156,0.107545
0,128,17922,41513,0.068919,0.072059
0,129,34079,250252,0.079108,0.084853
0,130,9836,97315,0.073609,0.068811
0,131,14445,71035,0.150053,0.150764
0,132,24746,180103,0.062155,0.055277
0,133,29851,49223,0.178478,0.153148
0,134,13604,139342,0.075042,0.079497
0,135,56700,513761,0.102535,0.098751
0,136,6008,93912,0.082797,0.099332
0,137,5272,17762,0.063461,0.062796
0,138,27456,308834,0.184920,0.211690
0,139,7164,206091,0.130385,0.166857
0,140,7873,113649,0.092090,0.076450
0,141,13314,100084,0.070086,0.078289
0,142,14376,98848,0.129299,0.127659
0,143,5047,88951,0.076910,0.070615
0,144,2498,12824,0.089570,0.095024
0,145,11900,63542,0.085217,0.078937
0,146,9706,44418,0.104689,0.076683
0,147,27523,53493,0.067533,0.093805
0,148,2049,48744,0.068356,0.060497
0,149,1959,10663,0.060522,0.065945
0,150,26224,264591,0.059736,0.068443
0,151,3111,156,0.073277,0.073083
0,152,13885,192273,0.071052,0.057984
0,153,699,55308,0.068565,0.062427
0,154,38045,451832,0.173384,0.213915
0,155,33380,160461,0.108162,0.114636
0,156,1383,172123,0.063089,0.076087
0,157,11424,84788,0.110510,0.125638
0,158,7252,20788,0.077269,0.070559
0,159,18308,100159,0.080651,0.077954
0,160,64693,478177,0.081429,0.083214
0,161,20196,102242,0.107341,0.095270
0,162,3228,21631,0.076234,0.077150
0,163,7617,207722,0.070965,0.064494
0,164,16426,173080,0.096272,0.068823
0,165,9044,51971,0.084229,0.095251
0,166,28684,163620,0.092560,0.100856
0,167,10910,198086,0.083550,0.073309
0,168,12013,74315,0.165764,0.142617
0,169,38016,235314,0.085193,0.086498
0,170,1316,44,0.051451,0.046398
0,171,6110,3547,0.080880,0.072020
0,172,22682,96809,0.089699,0.092703
0,173,2308,14356,0.042070,0.059413
0,174,7375,71286,0.086556,0.081943
0,175,10385,46431,0.076909,0.074928
0,176,4323,92754,0.064216,0.055687
0,177,11107,61561,0.085884,0.086371
0,178,23645,182402,0.071444,0.072132
0,179,4244,23237,0.073198,0.071907
0,180,10644,391220,0.072933,0.082514
0,181,25257,472668,0.095988,0.126889
0,182,12638,84359,0.100839,0.102870
0,183,109504,528219,0.149429,0.124289
0,184,23913,514114,0.088796,0.103199
0,185,13387,156405,0.081316,0.085661
0,186,2322,15768,0.056715,0.059922
0,187,9698,86502,0.163245,0.119775
0,188,11768,224564,0.077663,0.098416
0,189,40065,189511,0.061901,0.073712
0,190,6104,90347,0.083886,0.085319
0,191,1851,21839,0.077845,0.084654
0,192,744,1169,0.064482,0.086098
0,193,34558,251425,0.062402,0.072846
0,194,15133,102014,0.069101,0.079390
0,195,55070,203016,0.128174,0.139729
0,196,22194,273975,0.109601,0.107219
0,197,26378,247592,0.085420,0.098608
0,198,44356,331914,0.114206,0.103789
0,199,18103,122116,0.146871,0.131602
0,200,35545,221977,0.078135,0.093431
0,201,14091,115803,0.090693,0.091859
0,202,25087,124788,0.128304,0.116743
0,203,3719,11039,0.060099,0.054521
0,204,14252,89786,0.088263,0.098946
0,205,7965,43628,0.097591,0.103379
0,206,13250,75643,0.096800,0.095957
0,207,29973,238413,0.088501,0.082469
0,208,7177,155968,0.056701,0.072234
0,209,29830,209831,0.092681,0.088938
0,210,106,169,0.056694,0.053190
0,211,45987,213951,0.111258,0.103851
0,212,3645,65987,0.080690,0.079151
0,213,21701,24199,0.093106,0.071935
0,214,5047,35957,0.070333,0.073260
0,215,18014,250707,0.077913,0.097473
0,216,9938,25924,0.135047,0.094308
0,217,21030,115753,0.121284,0.113804
0,218,13438,494779,0.088138,0.119020
0,219,40289,132382,0.144824,0.149130
0,220,8429,14553,0.079478,0.067588
0,221,32345,420648,0.113671,0.134016
0,222,43198,309275,0.064438,0.067856
0,223,27986,137230,0.112840,0.122068
0,224,277,729,0.054608,0.060400
0,225,50749,256172,0.151563,0.097197
0,226,58607,588349,0.114470,0.118807
0,227,16898,227747,0.073372,0.077303
0,228,4084,30056,0.077362,0.085100
0,229,30318,497468,0.072097,0.119699
0,230,16654,162250,0.197810,0.200499
0,231,25430,54770,0.067732,0.074110
0,232,10291,113950,0.123937,0.128780
0,233,22272,125435,0.109214,0.132141
0,234,7122,392185,0.054228,0.060353
0,235,22592,326036,0.087954,0.086986
0,236,23328,175304,0.133199,0.120172
0,237,8520,35264,0.103079,0.106664
0,238,12329,424348,0.070983,0.078198
0,239,16659,62959,0.098610,0.098256
0,240,4424,38255,0.082674,0.094105
0,241,785,898,0.053872,0.058030
0,242,9236,74339,0.092456,0.096252
0,243,6329,3468,0.067783,0.067140
0,244,6174,26814,0.102304,0.106258
0,245,6067,6845,0.056011,0.051369
0,246,29858,45130,0.190852,0.076564
0,247,8812,152297,0.071619,0.057762
0,248,25062,182784,0.097943,0.103279
0,249,11891,64149,0.088009,0.086905
0,250,21551,200674,0.093980,0.092995
0,251,30601,140034,0.101713,0.102165
0,252,14892,6024,0.053295,0.065327
0,253,5929,47691,0.092844,0.098583
0,254,28897,245722,0.100386,0.093992
0,255,4120,14956,0.111027,0.114090
0,256,18624,190205,0.126605,0.126282
0,257,135,1198,0.051351,0.049894
0,258,18104,54627,0.057724,0.089877
0,259,18885,120864,0.073942,0.083326
0,260,20704,22157,0.082318,0.061591
0,261,23864,92426,0.127560,0.134947
0,262,66717,369221,0.115947,0.106428
0,263,20569,41218,0.105177,0.130164
0,264,50537,706010,0.105639,0.111027
0,265,22078,162338,0.104895,0.109634
0,266,39152,200212,0.115527,0.111860
0,267,10965,51114,0.112162,0.109714
0,268,42308,351633,0.098170,0.103038
0,269,17332,137179,0.082756,0.082788
0,270,11549,74659,0.089856,0.088058
0,271,40754,329110,0.084240,0.086377
0,272,17420,84313,0.097636,0.131771
0,273,17599,38927,0.052016,0.078473
0,274,50975,94529,0.112701,0.086158
0,275,13662,12953,0.113058,0.083743
0,276,6721,30798,0.065321,0.063628
0,277,9244,18017,0.055842,0.078197
0,278,25735,428775,0.080416,0.072378
0,279,29889,181651,0.064419,0.068531
0,280,10073,185090,0.075050,0.107721
0,281,41798,494138,0.081280,0.080670
0,282,9582,6355,0.091470,0.072671
0,283,30892,166830,0.131066,0.142424
0,284,11571,23398,0.076909,0.087311
0,285,40014,269055,0.061559,0.071746
0,286,3504,9700,0.061351,0.065251
0,287,12772,99582,0.091621,0.094606
0,288,6473,27530,0.078269,0.080338
0,289,0,0,0.000000,0.000000
0,290,14097,103322,0.073282,0.070250
0,291,16822,124101,0.120173,0.135277
0,292,35265,104074,0.079546,0.064629
0,293,9239,82004,0.071443,0.067510
0,294,1347,1318,0.056123,0.052677
0,295,28777,190632,0.068859,0.068606
0,296,6783,150264,0.084466,0.135703
0,297,5159,35982,0.100845,0.099191
0,298,15164,189148,0.083999,0.131799
0,299,19751,101091,0.137868,0.133845
0,300,41839,312463,0.096090,0.100197
0,301,37544,400788,0.137309,0.130932
0,302,15042,285568,0.089520,0.103426
0,303,22968,149222,0.076899,0.071285
0,304,18664,183668,0.087061,0.085766
0,305,20885,451251,0.111859,0.105493
0,306,21071,164446,0.109703,0.093251
0,307,9672,57169,0.104368,0.117591
0,308,5688,86078,0.076084,0.078783
0,309,6167,131575,0.075089,0.082587
0,310,2493,11041,0.076207,0.068757
0,311,26,9,0.051176,0.051866
0,312,35585,203935,0.116819,0.071018
0,313,9394,73567,0.102412,0.082307
0,314,9773,70271,0.083242,0.095592
0,315,17198,265848,0.078592,0.079818
0,316,8850,263481,0.071250,0.068317
0,317,26336,176583,0.102058,0.077881
0,318,10808,72043,0.102707,0.094671
0,319,39532,331091,0.087773,0.088193
0,320,13883,169449,0.078032,0.074864
0,321,12237,204328,0.065375,0.067822
0,322,7096,15257,0.075392,0.081203
0,323,19623,4175,0.077020,0.075127
0,324,12335,245255,0.078518,0.077617
0,325,868,5031,0.242276,0.089377
0,326,6402,51097,0.082300,0.086719
0,327,6157,66829,0.130994,0.098493
0,328,4265,10008,0.157173,0.123302
0,329,36060,538810,0.080901,0.081664
0,330,57253,961557,0.130296,0.099044
0,331,32834,350235,0.115067,0.104511
0,332,72328,458827,0.125440,0.118735
0,333,18288,424549,0.090804,0.092630
0,334,21504,310945,0.107648,0.095157
0,335,21523,177683,0.095779,0.099169
0,336,15030,69867,0.089045,0.094143
0,337,57019,368939,0.110721,0.113698
0,338,9489,53358,0.056957,0.084170
0,339,20587,78337,0.115588,0.107229
0,340,6129,12283,0.068968,0.084677
0,341,3863,28149,0.089564,0.087205
0,342,51393,372566,0.115525,0.122703
0,343,33700,324619,0.106866,0.110009
0,344,7881,80975,0.089172,0.097050
0,345,18124,37552,0.082857,0.096663
0,346,23680,55757,0.090410,0.064657
0,347,2662,17118,0.098193,0.085181
0,348,3604,40874,0.078364,0.087484
0,349,7266,13766,0.052880,0.053609
0,350,16902,108073,0.123579,0.108160
0,351,5781,88464,0.120018,0.146792
0,352,42997,289704,0.122349,0.130439
0,353,7780,90862,0.079228,0.078424
0,354,46112,230615,0.126736,0.115294
0,355,18199,115351,0.088814,0.101705
0,356,5111,40501,0.081776,0.085572
0,357,9396,170449,0.078383,0.101810
0,358,25477,567972,0.067177,0.083282
0,359,3992,16231,0.098106,0.089705
0,360,9871,72745,0.098578,0.087619
0,361,50394,283855,0.129831,0.123418
0,362,28007,293376,0.076904,0.092464
0,363,3553,7080,0.048532,0.067180
0,364,47295,273848,0.115595,0.135669
0,365,24500,183788,0.077981,0.092701
0,366,3357,1515,0.089209,0.077070
0,367,6856,1881,0.093344,0.068535
0,368,0,0,0.000000,0.000000
0,369,26027,261949,0.091817,0.092713
0,370,10063,69845,0.081203,0.091533
0,371,25995,217024,0.095757,0.080790
0,372,24652,77401,0.091577,0.078842
0,373,41892,379964,0.090700,0.075964
0,374,38263,163036,0.076334,0.081272
0,375,46546,157879,0.132214,0.131749
0,376,48196,374956,0.091346,0.089986
0,377,12721,181778,0.080797,0.078394
0,378,23578,33842,0.092859,0.063156
0,379,52947,433238,0.172242,0.142496
0,380,27125,394309,0.100657,0.081395
0,381,27627,396132,0.080557,0.094452
0,382,16291,95286,0.114190,0.101451
0,383,8460,31214,0.089730,0.085233
0,384,22223,13585,0.083566,0.062016
0,385,14804,70033,0.087272,0.076428
0,386,23774,86794,0.068054,0.062222
0,387,55378,351489,0.106629,0.112260
0,388,12748,89125,0.104409,0.093268
0,389,11942,89322,0.081532,0.084888
0,390,29183,183903,0.131885,0.125611
0,391,17590,39224,0.076635,0.090837
0,392,800,349,0.043761,0.040195
0,393,20772,130328,0.084732,0.076790
0,394,5057,7521,0.083560,0.066137
0,395,8526,68134,0.066912,0.077303
0,396,7357,89322,0.097936,0.085227
0,397,35322,533266,0.069113,0.086284
0,398,23382,257882,0.078480,0.082448
0,399,13016,36331,0.090293,0.066652
0,400,14250,81788,0.078605,0.068594
0,401,0,0,0.000000,0.000000
0,402,4487,38553,0.076575,0.089740
0,403,17394,37124,0.094319,0.103220
0,404,4172,73336,0.088133,0.111466
0,405,4188,3140,0.057466,0.055227
0,406,6216,75081,0.106673,0.096803
0,407,23194,387904,0.088716,0.104784
0,408,7093,61282,0.087013,0.087821
0,409,1718,19,0.065506,0.059198
0,410,22201,58128,0.069049,0.075271
0,411,14650,140552,0.086184,0.097619
0,412,11653,156046,0.091064,0.092710
0,413,90073,752993,0.099091,0.090809
0,414,7,662,0.047991,0.039748
0,415,5685,66795,0.084932,0.081288
0,416,20095,139942,0.083779,0.079992
0,417,25119,106506,0.111702,0.102883
0,418,21929,286281,0.090373,0.091296
0,419,17030,100280,0.193915,0.081781
0,420,13711,87314,0.072264,0.079876
0,421,7001,51644,0.084143,0.086026
0,422,29867,207272,0.075695,0.084464
0,423,18008,96429,0.092994,0.080999
0,424,10263,81650,0.072500,0.079727
0,425,8309,36982,0.070410,0.079266
0,426,5044,368182,0.140644,0.127994
0,427,6286,36563,0.065576,0.067867
0,428,8769,82156,0.092444,0.087862
0,429,21949,148159,0.073819,0.068283
0,430,86508,602811,0.098323,0.104336
0,431,3650,60446,0.084500,0.090740
0,432,16978,158817,0.085896,0.088294
0,433,2,10,0.056641,0.043115
0,434,16797,181185,0.082770,0.074015
0,435,29477,183208,0.081323,0.085607
0,436,7976,34905,0.067561,0.063413
0,437,11080,68350,0.079709,0.089300
0,438,19221,244423,0.117312,0.126682
0,439,40327,144936,0.134484,0.129460
0,440,3094,53634,0.078329,0.063652
0,441,819,2972,0.051460,0.056800
0,442,3419,66182,0.075591,0.078248
0,443,14719,241420,0.094071,0.096646
0,444,25627,382036,0.088550,0.083850
0,445,4878,38921,0.075439,0.115361
0,446,11694,44006,0.082955,0.100840
0,447,4846,42280,0.082704,0.091178
0,448,6994,94575,0.138780,0.160417
0,449,54847,408155,0.146089,0.143257
0,450,16440,103045,0.098404,0.092971
0,451,7611,64190,0.071789,0.060996
0,452,10283,190940,0.098315,0.077685
0,453,19917,38032,0.166434,0.075907
0,454,2688,5876,0.068336,0.071642
0,455,12802,88030,0.095684,0.122996
0,456,8644,115544,0.111884,0.111667
0,457,13469,83878,0.072094,0.088770
0,458,24637,215847,0.079562,0.093603
0,459,24492,301903,0.081290,0.085113
0,460,6816,168992,0.085240,0.081733
0,461,3938,28187,0.073883,0.073255
0,462,15053,32938,0.432548,0.083931
0,463,42749,565288,0.122697,0.128524
0,464,18576,262390,0.066769,0.070864
0,465,10125,41412,0.115765,0.078128
0,466,13496,164187,0.083479,0.114724
0,467,4359,22735,0.083960,0.081031
0,468,33142,181192,0.105209,0.098984
0,469,24853,238942,0.080304,0.079245
0,470,4970,54333,0.059654,0.060014
0,471,25784,152592,0.105735,0.112795
0,472,12050,72077,0.078551,0.083741
0,473,28839,676019,0.097140,0.112175
0,474,46829,34187,0.102315,0.057270
0,475,45794,232462,0.087151,0.100163
0,476,47555,291054,0.116619,0.122404
0,477,34479,235838,0.127361,0.112920
0,478,33953,401911,0.095130,0.132848
0,479,13958,154017,0.093931,0.107121
0,480,31250,183883,0.120216,0.132351
0,481,6832,110356,0.063964,0.071404
0,482,65077,49689,0.081924,0.065339
0,483,49268,306677,0.097868,0.112668
0,484,872,13342,0.046970,0.059826
0,485,6964,77772,0.091650,0.095365
0,486,1359,3887,0.057052,0.056443
0,487,23429,122539,0.152600,0.152228
0,488,25054,129119,0.127080,0.151191
0,489,19783,75741,0.051490,0.047995
0,490,9071,124126,0.183422,0.201822
0,491,9741,143117,0.073554,0.071745
0,492,8696,140503,0.087104,0.091388
0,493,6556,86379,0.050259,0.064741
0,494,19095,10075,0.090078,0.081866
0,495,17041,157466,0.096576,0.074667
0,496,16398,99570,0.102230,0.125787
0,497,18083,34003,0.075965,0.069417
0,498,17177,160628,0.087239,0.085486
0,499,15343,154436,0.070162,0.076929
0,500,21627,52571,0.138753,0.106267
0,501,29877,290046,0.124225,0.157026
0,502,42701,401405,0.111071,0.122031
0,503,48332,257115,0.103758,0.113457
0,504,24844,458474,0.138642,0.171002
0,505,14104,213472,0.073384,0.096311
0,506,9222,89152,0.083222,0.089251
0,507,10943,184933,0.073636,0.080887
0,508,5883,34286,0.064149,0.073810
0,509,4956,28786,0.064001,0.066066
0,510,27148,88149,0.116045,0.098610
0,511,21697,55264,0.067506,0.111072
1,0,17650,142115,0.089151,0.089214
1,1,3921,5567,0.079780,0.074534
1,2,19404,163509,0.095330,0.085957
1,3,72,1192,0.066664,0.059120
1,4,4232,90636,0.057743,0.084002
1,5,14,4,0.055490,0.043274
1,6,2206,2684,0.064306,0.074292
1,7,1948,2078,0.060801,0.059919
1,8,37328,483199,0.092960,0.090325
1,9,8118,60669,0.070592,0.072944
1,10,2911,307709,0.068707,0.083946
1,11,25045,107086,0.096780,0.104652
1,12,1020,7373,0.070851,0.066429
1,13,25176,563496,0.078686,0.134449
1,14,482,15839,0.064986,0.064330
1,15,198243,361922,0.116625,0.104121
1,16,20713,110071,0.161833,0.170199
1,17,10250,28257,0.079301,0.076011
1,18,502,1553500,0.064114,0.077733
1,19,5043,376,0.071589,0.068930
1,20,10722,321762,0.087822,0.110785
1,21,606,5703,0.065863,0.061869
1,22,19105,246986,0.067623,0.071014
1,23,20202,115237,0.145904,0.165145
1,24,5531,107620,0.060292,0.076181
1,25,8882,67930,0.073999,0.092196
1,26,14044,480354,0.075289,0.094722
1,27,34137,131816,0.083738,0.088460
1,28,13647,147226,0.083483,0.095464
1,29,16667,149883,0.087851,0.098115
1,30,1108,6641,0.064189,0.071341
1,31,15196,109910,0.084217,0.085168
1,32,4577,270303,0.084097,0.086348
1,33,1199,250,0.074157,0.068406
1,34,12748,342180,0.061922,0.101773
1,35,4124,46694,0.092433,0.080846
1,36,18368,102128,0.102802,0.123957
1,37,10855,310200,0.076902,0.089072
1,38,37890,272271,0.083496,0.128074
1,39,35,3,0.073661,0.071045
1,40,24224,5034,0.069591,0.085188
1,41,2606,280,0.082006,0.073613
1,42,151,15203,0.059678,0.067874
1,43,6,0,0.045898,0.000000
1,44,4142,551862,0.071919,0.080797
1,45,422,1,0.058449,0.044678
1,46,21415,159801,0.084747,0.080553
1,47,1377,126172,0.074466,0.075097
1,48,10617,84383,0.067579,0.118533
1,49,38182,360567,0.091061,0.104455
1,50,21932,185938,0.099453,0.095705
1,51,705,282,0.062714,0.073734
1,52,5888,20077,0.070826,0.067339
1,53,11750,61731,0.094012,0.098267
1,54,17,33,0.055039,0.068071
1,55,39456,220094,0.105456,0.099013
1,56,40937,91450,0.083083,0.090230
1,57,697,1916,0.083129,0.070896
1,58,17867,10787,0.073259,0.082654
1,59,5266,305562,0.182524,0.123179
1,60,18255,129635,0.134102,0.150559
1,61,282,889,0.063747,0.063921
1,62,187,131,0.065600,0.063271
1,63,37548,121298,0.089397,0.097888
1,64,1205,476208,0.063134,0.071717
1,65,46435,373359,0.084920,0.095205
1,66,1799,32600,0.065691,0.065557
1,67,19616,26875,0.114826,0.130197
1,68,16244,363831,0.077538,0.086160
1,69,23440,3365,0.083345,0.085879
1,70,0,0,0.000000,0.000000
1,71,84,213,0.070539,0.059683
1,72,78737,532601,0.135325,0.129671
1,73,924,20489,0.073036,0.067749
1,74,66116,54721,0.112943,0.111091
1,75,20574,306968,0.161899,0.201405
1,76,1012,12929,0.065299,0.059004
1,77,31471,367654,0.077129,0.089902
1,78,8419,6771,0.077579,0.073405
1,79,51274,161149,0.104821,0.103799
1,80,10444,89338,0.094112,0.075720
1,81,36,53,0.055495,0.057677
1,82,33269,15219,0.083143,0.080693
1,83,43241,62831,0.141052,0.072729
1,84,19730,5585,0.106887,0.084643
1,85,7223,629,0.069021,0.073248
1,86,48090,135933,0.151312,0.144351
1,87,20143,698227,0.076243,0.093947
1,88,100807,839471,0.096602,0.091270
1,89,29850,108243,0.072204,0.075652
1,90,53312,374232,0.073017,0.089015
1,91,149165,22443,0.151033,0.117679
1,92,8646,65169,0.089987,0.094243
1,93,69,2489,0.059489,0.069466
1,94,2519,9367,0.074496,0.070910
1,95,19869,286033,0.068534,0.133422
1,96,82,297,0.067195,0.071130
1,97,4,0,0.069580,0.000000
1,98,9359,2095,0.096442,0.087446
1,99,1368,23101,0.058361,0.062638
1,100,1110,1357,0.070440,0.065177
1,101,8496,114259,0.063340,0.067251
1,102,18385,98762,0.113138,0.112944
1,103,459,9062,0.068579,0.068362
1,104,20977,4229,0.076764,0.084246
1,105,4904,351,0.082464,0.067998
1,106,99,50,0.097646,0.089272
1,107,18082,1166,0.061002,0.061296
1,108,8373,124884,0.086763,0.111155
1,109,111,235578,0.075201,0.080460
1,110,88428,86797,0.143574,0.066344
1,111,29870,183837,0.095388,0.074558
1,112,6919,321,0.070041,0.073274
1,113,14465,184276,0.079487,0.086279
1,114,89,17084,0.063405,0.082685
1,115,3828,69829,0.070180,0.082805
1,116,34866,174814,0.087270,0.089812
1,117,33202,1533,0.068179,0.066500
1,118,13659,237137,0.067494,0.078368
1,119,0,0,0.000000,0.000000
1,120,9677,100365,0.112208,0.109919
1,121,12529,279435,0.098728,0.136024
1,122,51790,488575,0.102617,0.157171
1,123,8700,295174,0.087857,0.091317
1,124,12975,79690,0.116320,0.126538
1,125,334,14519,0.068199,0.072748
1,126,63,0,0.064226,0.000000
1,127,8865,227191,0.082932,0.092520
1,128,17394,1254,0.107185,0.116872
1,129,2150,77568,0.079481,0.070195
1,130,2932,16275,0.079464,0.074667
1,131,24619,349695,0.086643,0.100703
1,132,38355,158569,0.105987,0.112020
1,133,626,117359,0.063675,0.065055
1,134,264,19710,0.055936,0.061157
1,135,912,760203,0.057035,0.079754
1,136,9963,11966,0.063300,0.075655
1,137,21555,155480,0.088691,0.090411
1,138,142574,497354,0.100993,0.103004
1,139,5928,220564,0.079982,0.061545
1,140,301,1036,0.063310,0.075943
1,141,356,2752,0.059048,0.067041
1,142,10271,189728,0.101089,0.096741
1,143,7038,128522,0.074457,0.074835
1,144,22775,34427,0.080260,0.073157
1,145,60,1408,0.094592,0.075039
1,146,26392,244952,0.058313,0.070457
1,147,323,308582,0.060375,0.078322
1,148,0,0,0.000000,0.000000
1,149,6609,127534,0.090430,0.098815
1,150,16833,1160,0.159542,0.102777
1,151,2708,34099,0.061485,0.077360
1,152,1276,479,0.053647,0.062418
1,153,3150,28976,0.074870,0.081044
1,154,2814,6566,0.072046,0.067947
1,155,41,87470,0.062202,0.078363
1,156,4909,106785,0.062713,0.076618
1,157,2933,11327,0.067950,0.065891
1,158,112,7,0.056096,0.053292
1,159,23174,622630,0.094545,0.107466
1,160,9326,123030,0.084789,0.097941
1,161,83085,1005432,0.099630,0.143169
1,162,2217,110599,0.086063,0.079309
1,163,47976,376244,0.092574,0.100467
1,164,71735,381128,0.091344,0.120442
1,165,1605,984,0.079221,0.067510
1,166,6358,159835,0.069015,0.058177
1,167,30341,358410,0.079238,0.080567
1,168,65684,576884,0.100298,0.101860
1,169,9051,130853,0.076041,0.080445
1,170,9,63425,0.063449,0.077684
1,171,6,0,0.067749,0.000000
1,172,27623,558447,0.078174,0.095230
1,173,155,3266,0.106549,0.079785
1,174,5107,82339,0.076832,0.083010
1,175,33622,288830,0.086120,0.090772
1,176,26637,173622,0.088788,0.108815
1,177,191606,222603,0.105258,0.078883
1,178,71567,846068,0.099550,0.103338
1,179,23150,101386,0.069023,0.071648
1,180,7685,137460,0.117212,0.155958
1,181,24206,152637,0.119366,0.149705
1,182,2508,12646,0.072072,0.078904
1,183,7242,31685,0.078821,0.074006
1,184,21490,401523,0.078030,0.080772
1,185,68957,4497,0.116620,0.059963
1,186,5998,70496,0.089613,0.092960
1,187,0,1,0.000000,0.067383
1,188,15856,86431,0.081804,0.067046
1,189,58675,23441,0.132489,0.109407
1,190,20051,1294,0.074163,0.081882
1,191,2003,420171,0.056249,0.076977
1,192,12440,185298,0.090997,0.089989
1,193,164,1029,0.077116,0.065499
1,194,3993,22041,0.059426,0.064091
1,195,420,5472,0.102470,0.089393
1,196,35085,565225,0.084378,0.100103
1,197,63670,261544,0.081966,0.086024
1,198,963,510,0.076617,0.073601
1,199,381,158,0.073853,0.075835
1,200,354,794,0.068822,0.077504
1,201,27359,45568,0.143932,0.180708
1,202,1332,18694,0.062279,0.081536
1,203,3329,3383,0.076016,0.076192
1,204,1116,14991,0.097333,0.084293
1,205,31683,301537,0.095299,0.103666
1,206,13838,1978,0.073306,0.072417
1,207,12011,134871,0.096486,0.089818
1,208,96,84,0.057467,0.057722
1,209,22,1,0.056807,0.061279
1,210,4934,26326,0.079140,0.069382
1,211,17703,111320,0.118953,0.140590
1,212,29,136,0.040296,0.063197
1,213,35480,7715,0.082501,0.095287
1,214,6580,13139,0.078837,0.072359
1,215,1706,37930,0.072905,0.074263
1,216,80,119,0.058087,0.065501
1,217,11888,524239,0.077646,0.099076
1,218,44046,448342,0.085803,0.092741
1,219,30,7,0.065356,0.060407
1,220,3324,78986,0.097440,0.165532
1,221,45,290,0.046107,0.075918
1,222,18767,266702,0.086957,0.095822
1,223,54,24,0.071425,0.070231
1,224,31,0,0.061594,0.000000
1,225,5395,63401,0.101077,0.139200
1,226,21146,273579,0.078380,0.085207
1,227,251,87933,0.061486,0.069770
1,228,31091,7241,0.090767,0.093873
1,229,4171,400501,0.072493,0.081885
1,230,3,0,0.037679,0.000000
1,231,27747,291763,0.119874,0.127213
1,232,25570,118964,0.099822,0.115769
1,233,1454,36536,0.070611,0.072604
1,234,67221,300810,0.087383,0.083758
1,235,7185,70149,0.071804,0.095637
1,236,5224,182247,0.074822,0.081214
1,237,35383,459216,0.087445,0.103986
1,238,1998,936,0.092047,0.078654
1,239,110,190,0.057899,0.066284
1,240,43397,231387,0.094848,0.092962
1,241,13115,594981,0.080044,0.090866
1,242,4595,30895,0.090470,0.096124
1,243,5521,86888,0.089169,0.086840
1,244,36273,541873,0.087971,0.084291
1,245,21977,179716,0.082876,0.091405
1,246,92124,424080,0.099794,0.086502
1,247,6898,64160,0.084474,0.080133
1,248,10061,109616,0.068940,0.069554
1,249,568,10080,0.071870,0.074092
1,250,520,28,0.065415,0.066232
1,251,10207,45332,0.161561,0.127980
1,252,25905,148920,0.153508,0.182827
1,253,11003,158816,0.074537,0.091171
1,254,13988,62181,0.139803,0.141951
1,255,263,19,0.059340,0.053325
1,256,15288,94195,0.088908,0.113351
1,257,26059,215161,0.088224,0.092713
1,258,42,4297,0.055263,0.067981
1,259,23579,128394,0.121084,0.115580
1,260,1155,1188,0.067264,0.063072
1,261,58,3,0.045353,0.064941
1,262,1,1,0.033936,0.083008
1,263,400,3461,0.074901,0.081713
1,264,11627,153973,0.083330,0.108210
1,265,211405,10138,0.100929,0.062419
1,266,7389,304339,0.084311,0.091466
1,267,6995,403046,0.057432,0.082380
1,268,9572,117657,0.084502,0.061547
1,269,13755,192507,0.069492,0.078962
1,270,55976,449387,0.104158,0.108944
1,271,1090,325,0.069345,0.073923
1,272,19361,109,0.049736,0.042254
1,273,1930,11736,0.075629,0.072742
1,274,9223,96868,0.081601,0.096001
1,275,20751,201204,0.154075,0.212268
1,276,15163,150181,0.088216,0.086233
1,277,22014,322491,0.072852,0.116981
1,278,25893,7437,0.079274,0.065033
1,279,39485,120479,0.073857,0.071425
1,280,2,0,0.039062,0.000000
1,281,34512,40466,0.055934,0.069739
1,282,954,1120,0.064028,0.063709
1,283,24357,32413,0.118181,0.108312
1,284,14560,193039,0.072926,0.098876
1,285,13105,2419,0.070717,0.082856
1,286,19755,132370,0.082569,0.086882
1,287,998,8575,0.082037,0.086051
1,288,2828,63334,0.064037,0.071901
1,289,309,9,0.053415,0.047824
1,290,10503,591148,0.067485,0.081943
1,291,5856,82487,0.092088,0.104340
1,292,1602,6280,0.080024,0.083441
1,293,665,11253,0.063670,0.067862
1,294,7360,246805,0.094397,0.085249
1,295,82236,320979,0.074256,0.115713
1,296,16957,116881,0.087278,0.093720
1,297,1633,12152,0.081090,0.079237
1,298,99113,571914,0.126887,0.132629
1,299,60328,84387,0.105459,0.085181
1,300,987,127,0.062725,0.060989
1,301,61208,8164,0.118771,0.118360
1,302,13853,682235,0.072343,0.079694
1,303,3,42,0.070557,0.076015
1,304,3070,40750,0.100299,0.102301
1,305,16282,181868,0.096851,0.114210
1,306,8354,588797,0.077728,0.098439
1,307,20483,457939,0.080304,0.087309
1,308,6134,61049,0.099670,0.073360
1,309,50895,449203,0.097735,0.101406
1,310,53529,1015950,0.079168,0.093771
1,311,14729,335603,0.077382,0.089084
1,312,14300,137482,0.067373,0.094075
1,313,25539,759534,0.088636,0.102489
1,314,0,0,0.000000,0.000000
1,315,7274,323621,0.065802,0.106435
1,316,2245,18910,0.081361,0.072762
1,317,32975,416082,0.087720,0.101320
1,318,17,3,0.072388,0.041423
1,319,4743,33772,0.076067,0.079919
1,320,454,6630,0.073420,0.069976
1,321,3010,2465,0.062097,0.065347
1,322,39773,57254,0.114200,0.078543
1,323,4611,56039,0.098844,0.138264
1,324,18207,299962,0.073637,0.093609
1,325,16129,107165,0.089522,0.093677
1,326,31100,89795,0.071669,0.078945
1,327,1190,7390,0.082185,0.084451
1,328,5165,585096,0.073310,0.105674
1,329,14650,200604,0.078668,0.093808
1,330,19828,251693,0.073263,0.087255
1,331,17325,93898,0.111543,0.122399
1,332,14815,81197,0.073819,0.068804
1,333,895,34768,0.084458,0.077584
1,334,54512,504072,0.093372,0.140342
1,335,9878,272612,0.083216,0.173147
1,336,13499,234956,0.092120,0.092787
1,337,2626,48464,0.084635,0.085315
1,338,17367,184270,0.101335,0.094518
1,339,9414,74258,0.105287,0.101405
1,340,1390,142846,0.094116,0.110836
1,341,79654,120125,0.078977,0.066824
1,342,85463,592685,0.140162,0.095328
1,343,52334,4373,0.075299,0.050723
1,344,79198,32683,0.097029,0.085195
1,345,4348,52891,0.069969,0.070854
1,346,17660,250552,0.109761,0.104597
1,347,1027,749,0.074793,0.070240
1,348,466,7117,0.137375,0.114885
1,349,2008,103,0.061446,0.056287
1,350,5333,16791,0.083609,0.087432
1,351,22616,364760,0.122191,0.151026
1,352,3325,35013,0.063704,0.067046
1,353,21691,186624,0.093213,0.097681
1,354,10410,163167,0.078433,0.083163
1,355,1862,68500,0.058301,0.061545
1,356,589,149,0.062865,0.060932
1,357,14498,128775,0.084213,0.083068
1,358,0,0,0.000000,0.000000
1,359,22552,16447,0.052145,0.065390
1,360,10168,160113,0.079327,0.082688
1,361,15753,92058,0.098992,0.120090
1,362,456054,54597,0.121214,0.065356
1,363,7259,513657,0.081341,0.080655
1,364,10530,102596,0.104147,0.095769
1,365,524,78781,0.073098,0.056086
1,366,6590,507,0.057810,0.064594
1,367,27880,108132,0.126979,0.146852
1,368,122314,888394,0.089662,0.104458
1,369,56830,11555,0.090011,0.085689
1,370,2369,166161,0.104500,0.091663
1,371,5560,163376,0.065650,0.074006
1,372,514,9239,0.129965,0.097616
1,373,6287,366955,0.065185,0.075159
1,374,12874,85850,0.109087,0.121515
1,375,19227,148088,0.089163,0.127960
1,376,1073,347921,0.063497,0.085637
1,377,699,290,0.072549,0.068380
1,378,21730,134636,0.100995,0.117781
1,379,24572,261379,0.071793,0.084154
1,380,21063,162475,0.095235,0.084275
1,381,19900,82828,0.079499,0.085736
1,382,11806,106208,0.113601,0.111923
1,383,1864,27167,0.072060,0.084103
1,384,5934,339450,0.066206,0.079330
1,385,8973,172756,0.078987,0.088614
1,386,9554,38376,0.083246,0.086736
1,387,3465,96119,0.069205,0.078143
1,388,786,195,0.060948,0.069719
1,389,10369,106279,0.094017,0.097482
1,390,69062,116179,0.096304,0.070506
1,391,13446,331718,0.084819,0.162534
1,392,1,3006,0.057617,0.072889
1,393,17673,15684,0.072498,0.084257
1,394,45287,386366,0.125350,0.136439
1,395,81147,636485,0.096173,0.104027
1,396,7815,74740,0.121427,0.178528
1,397,30814,153067,0.104005,0.110243
1,398,9,1,0.045166,0.046631
1,399,15,36,0.074528,0.068929
1,400,2974,7489,0.091639,0.089429
1,401,13074,305110,0.082648,0.080731
1,402,76838,578204,0.100283,0.125530
1,403,30439,55846,0.083978,0.085764
1,404,457,10252,0.130884,0.097963
1,405,69176,394416,0.091061,0.096265
1,406,6715,111875,0.093802,0.104048
1,407,7542,19803,0.072720,0.079701
1,408,53360,274283,0.104756,0.102553
1,409,2292,16069,0.088388,0.076225
1,410,20923,119356,0.082911,0.089103
1,411,13970,230035,0.085183,0.089842
1,412,200239,80648,0.123933,0.085413
1,413,0,3,0.000000,0.051595
1,414,13954,5884,0.039151,0.077078
1,415,47572,927096,0.100306,0.103269
1,416,17298,76190,0.091910,0.102499
1,417,40131,14233,0.079497,0.077620
1,418,6754,349828,0.077676,0.076581
1,419,11920,255,0.073915,0.087411
1,420,437,21144,0.084059,0.085691
1,421,58092,493737,0.147850,0.160754
1,422,6277,358328,0.074639,0.082622
1,423,14673,58729,0.083717,0.083508
1,424,15879,99166,0.089177,0.095426
1,425,2135,485558,0.062174,0.077072
1,426,15265,160253,0.094314,0.103022
1,427,1566,860,0.059080,0.069856
1,428,47550,459850,0.108039,0.132574
1,429,7902,118226,0.087116,0.088033
1,430,183,823,0.067277,0.069837
1,431,46,370556,0.076384,0.098937
1,432,29234,34973,0.089867,0.071923
1,433,605,1554,0.065137,0.062410
1,434,5413,120034,0.082431,0.113898
1,435,77646,737904,0.102469,0.117183
1,436,3061,247104,0.070119,0.084493
1,437,13902,10422,0.107985,0.082320
1,438,5912,122068,0.070722,0.075593
1,439,4285,17392,0.065108,0.063904
1,440,39294,486120,0.118550,0.167209
1,441,44652,801593,0.112269,0.117159
1,442,27642,3342,0.086170,0.088215
1,443,14942,90486,0.122988,0.138542
1,444,376,3395,0.055944,0.060275
1,445,1423,686094,0.067718,0.091093
1,446,199,2516,0.091159,0.209730
1,447,29309,272717,0.084251,0.078007
1,448,9113,118238,0.075366,0.092508
1,449,4999,4585,0.088135,0.075144
1,450,9488,226876,0.076597,0.091794
1,451,10710,70000,0.086986,0.089615
1,452,327,921,0.071956,0.071926
1,453,7088,519346,0.076081,0.154696
1,454,18415,357381,0.053199,0.082150
1,455,545,3073,0.085302,0.079699
1,456,35,2427,0.070452,0.060887
1,457,14031,173249,0.100261,0.089096
1,458,53653,254001,0.070763,0.082802
1,459,0,0,0.000000,0.000000
1,460,8373,114313,0.082288,0.088332
1,461,37,6,0.059765,0.069702
1,462,9565,19719,0.062364,0.085684
1,463,13690,220202,0.087756,0.104821
1,464,7213,47095,0.076956,0.074840
1,465,11966,110685,0.085596,0.086951
1,466,10097,116702,0.084649,0.095743
1,467,1533,597,0.072173,0.074442
1,468,62272,425799,0.115493,0.110470
1,469,0,3,0.000000,0.044515
1,470,19426,2192,0.076272,0.101305
1,471,159140,570863,0.127044,0.106397
1,472,442,5348,0.114206,0.093162
1,473,31961,345922,0.094963,0.093700
1,474,503,2225,0.089498,0.086583
1,475,6060,62873,0.085188,0.082661
1,476,101141,473462,0.141343,0.131188
1,477,152485,103232,0.091621,0.072366
1,478,2132,33004,0.074193,0.077620
1,479,3727,285407,0.086976,0.092480
1,480,11897,98454,0.098777,0.111656
1,481,18263,186865,0.081729,0.084378
1,482,2664,74,0.062693,0.065506
1,483,38976,973878,0.083120,0.104934
1,484,608,35488,0.079303,0.086650
1,485,96,4522,0.075605,0.064223
1,486,747,4315,0.065552,0.067737
1,487,3825,142767,0.071701,0.073846
1,488,18,1,0.077148,0.052002
1,489,26077,1111687,0.070498,0.086564
1,490,679,15408,0.054196,0.051458
1,491,23536,141443,0.115737,0.139327
1,492,18354,108201,0.105656,0.104566
1,493,204338,427841,0.125090,0.085299
1,494,9344,47587,0.122096,0.127079
1,495,3531,110915,0.080089,0.090517
1,496,11440,242943,0.101636,0.093664
1,497,295,14,0.057068,0.062483
1,498,65758,403339,0.108416,0.097550
1,499,5932,42732,0.093021,0.088572
1,500,20889,65740,0.076019,0.077894
1,501,419,0,0.053183,0.000000
1,502,6647,79355,0.084694,0.081957
1,503,18663,85553,0.108049,0.083779
1,504,34712,207522,0.106113,0.110138
1,505,7,18,0.065709,0.069689
1,506,14102,215141,0.068645,0.070419
1,507,4658,752545,0.066781,0.080800
1,508,6450,146645,0.110111,0.100963
1,509,30426,231421,0.109174,0.110129
1,510,843,3136,0.076554,0.067920
1,511,13329,201245,0.073136,0.084615
2,0,33764,315246,0.063024,0.097210
2,1,17459,216426,0.079541,0.083716
2,2,19274,150085,0.076734,0.086911
2,3,3046,1515,0.071375,0.072185
2,4,18392,46397,0.044157,0.081656
2,5,22800,282184,0.094931,0.096594
2,6,26154,222516,0.066496,0.104538
2,7,3250,43374,0.095985,0.104497
2,8,11117,157122,0.082154,0.096390
2,9,78600,392765,0.095694,0.089815
2,10,25955,179439,0.097169,0.098827
2,11,8697,94506,0.093003,0.086290
2,12,1239,912,0.070962,0.071125
2,13,6995,128941,0.102252,0.104958
2,14,23501,152455,0.085179,0.081135
2,15,16569,145022,0.103570,0.103438
2,16,1781,293,0.070852,0.069472
2,17,19986,107480,0.099781,0.097049
2,18,16973,90059,0.076687,0.104278
2,19,15650,54090,0.082786,0.083071
2,20,98949,11312,0.106434,0.069312
2,21,13024,216226,0.087392,0.087823
2,22,9007,162871,0.087553,0.083822
2,23,19889,229044,0.102541,0.088123
2,24,41722,50451,0.104057,0.097711
2,25,12840,132799,0.121583,0.102101
2,26,15107,92690,0.120969,0.141045
2,27,17231,124968,0.086138,0.099005
2,28,13370,90734,0.084753,0.084047
2,29,8968,228273,0.088151,0.095502
2,30,20476,123206,0.078207,0.088616
2,31,4136,111070,0.069211,0.078668
2,32,2973,1123,0.062497,0.061304
2,33,11340,65715,0.074859,0.079459
2,34,2388,7364,0.068061,0.067297
2,35,8797,81322,0.131221,0.125921
2,36,10429,128880,0.074893,0.077589
2,37,14751,238539,0.094848,0.088310
2,38,7649,225882,0.086390,0.093937
2,39,22211,123415,0.089564,0.080392
2,40,25305,169291,0.105092,0.117719
2,41,20975,189351,0.083525,0.087870
2,42,18565,293169,0.079612,0.088836
2,43,28745,56637,0.081727,0.081405
2,44,4486,51651,0.077537,0.092743
2,45,15278,80266,0.080206,0.084508
2,46,13065,196844,0.083972,0.132594
2,47,7020,303915,0.085493,0.091816
2,48,16823,108389,0.114980,0.113574
2,49,5422,20008,0.077560,0.079931
2,50,39900,433564,0.104393,0.133321
2,51,11384,394888,0.082525,0.088954
2,52,38346,193663,0.093558,0.105642
2,53,7060,57596,0.072291,0.091574
2,54,7802,38253,0.070864,0.072403
2,55,7867,93237,0.119374,0.117562
2,56,12496,132065,0.087269,0.086250
2,57,6789,52871,0.082742,0.092139
2,58,31443,126850,0.103909,0.095039
2,59,21072,257425,0.095696,0.095917
2,60,12703,75101,0.091964,0.096419
2,61,19880,29173,0.327922,0.082703
2,62,13162,5596,0.086396,0.073592
2,63,8550,374698,0.072753,0.083866
2,64,11145,108188,0.086375,0.087156
2,65,1184,24812,0.063642,0.077382
2,66,3501,9147,0.073834,0.075333
2,67,24633,120421,0.108329,0.086310
2,68,9966,33328,0.038512,0.083581
2,69,7152,55098,0.081810,0.075721
2,70,32529,235535,0.094322,0.096944
2,71,19052,214281,0.088578,0.086421
2,72,42282,168453,0.087951,0.090997
2,73,23768,103147,0.108611,0.120421
2,74,14148,73443,0.082895,0.089092
2,75,45208,494811,0.097652,0.101494
2,76,16787,134144,0.095645,0.111972
2,77,64171,307511,0.105103,0.097019
2,78,33535,153719,0.087956,0.084498
2,79,13269,77039,0.090424,0.073457
2,80,37496,337533,0.090769,0.100918
2,81,18619,182366,0.072727,0.082029
2,82,27376,181454,0.096024,0.105494
2,83,24482,191748,0.078871,0.077162
2,84,13857,402817,0.085480,0.089259
2,85,54336,447763,0.115742,0.118568
2,86,17705,81912,0.093255,0.090577
2,87,107267,429751,0.122683,0.121558
2,88,12012,46933,0.090134,0.084094
2,89,119482,692322,0.098164,0.093296
2,90,22974,225972,0.107239,0.113287
2,91,6501,157885,0.083628,0.126629
2,92,7396,211456,0.085942,0.087422
2,93,41456,214599,0.099693,0.085504
2,94,5553,30999,0.075877,0.075823
2,95,114183,450336,0.113157,0.110282
2,96,7256,53790,0.075161,0.079338
2,97,8919,112850,0.073580,0.078931
2,98,2653,30320,0.068258,0.082498
2,99,36984,99845,0.090273,0.083408
2,100,12607,59726,0.093210,0.093281
2,101,65699,174626,0.105764,0.106012
2,102,12519,84800,0.074119,0.077382
2,103,13101,79611,0.082580,0.090250
2,104,80635,400019,0.099116,0.098338
2,105,25384,125121,0.112972,0.124080
2,106,76035,94972,0.186281,0.084541
2,107,815,344,0.065801,0.070506
2,108,9465,77266,0.074751,0.087216
2,109,14834,31196,0.066140,0.092785
2,110,10793,239359,0.092207,0.091592
2,111,18212,80974,0.108526,0.103383
2,112,2146,56563,0.082545,0.079151
2,113,36585,195036,0.100653,0.112919
2,114,18484,111811,0.109393,0.121130
2,115,16180,127914,0.089108,0.092960
2,116,15503,165673,0.082922,0.083068
2,117,64327,192131,0.077988,0.065193
2,118,9167,101837,0.090930,0.097012
2,119,16482,71105,0.110935,0.111262
2,120,10095,154548,0.099894,0.095573
2,121,4313,163531,0.107249,0.137697
2,122,65,104,0.057775,0.061620
2,123,10612,95031,0.107404,0.107785
2,124,26315,147008,0.097012,0.085783
2,125,8358,244187,0.079986,0.083781
2,126,7195,205005,0.074454,0.104712
2,127,1076,3451,0.072288,0.087956
2,128,4090,34506,0.076703,0.078680
2,129,3566,76964,0.082471,0.105895
2,130,1322,14958,0.093226,0.080232
2,131,87258,136390,0.112187,0.062149
2,132,11902,102441,0.089248,0.089889
2,133,51958,179245,0.105417,0.077592
2,134,13238,318667,0.088755,0.088165
2,135,21932,314605,0.077990,0.090636
2,136,26340,128940,0.108034,0.117167
2,137,1371,35407,0.080646,0.093460
2,138,9125,445372,0.082532,0.084791
2,139,8147,130710,0.076367,0.085931
2,140,28753,118275,0.088556,0.091739
2,141,29458,121760,0.059711,0.098638
2,142,16,11,0.060150,0.057018
2,143,14908,131571,0.098694,0.106438
2,144,78984,493190,0.102672,0.115491
2,145,19678,76282,0.070957,0.111426
2,146,2269,38830,0.086288,0.096978
2,147,9157,273785,0.086914,0.072955
2,148,14992,6128,0.114168,0.095633
2,149,9125,75301,0.096325,0.111382
2,150,13332,41410,0.098046,0.073409
2,151,31049,31859,0.075461,0.062115
2,152,7216,148377,0.111690,0.096635
2,153,5000,47897,0.127466,0.115126
2,154,65663,237776,0.117649,0.096339
2,155,110451,464624,0.133576,0.119681
2,156,36664,258043,0.091457,0.097450
2,157,21717,338874,0.100770,0.100822
2,158,9453,38755,0.116936,0.108901
2,159,12314,433596,0.089945,0.083686
2,160,4335,97447,0.101912,0.109416
2,161,17992,71875,0.104198,0.106431
2,162,52237,340845,0.083372,0.087322
2,163,16406,126274,0.083251,0.090527
2,164,6370,186856,0.080975,0.082691
2,165,29727,295581,0.093084,0.107632
2,166,8690,52405,0.091189,0.101519
2,167,42377,346619,0.099754,0.100112
2,168,46260,192577,0.094189,0.098213
2,169,7394,271521,0.074794,0.081718
2,170,10941,107255,0.095910,0.100687
2,171,23510,153626,0.096337,0.098075
2,172,7082,359520,0.089889,0.099253
2,173,9366,113928,0.074350,0.082256
2,174,13,72,0.080078,0.062232
2,175,412,4718,0.044679,0.048264
2,176,6440,103991,0.093790,0.087789
2,177,5173,42749,0.062114,0.069519
2,178,24457,337872,0.116222,0.131824
2,179,13308,249989,0.084010,0.086769
2,180,5783,164839,0.098823,0.094497
2,181,4811,440924,0.107394,0.124221
2,182,4288,18424,0.075089,0.082088
2,183,5921,47751,0.082869,0.084198
2,184,12354,483945,0.083333,0.081309
2,185,9322,51517,0.078022,0.085625
2,186,5640,148348,0.075462,0.084709
2,187,17284,161039,0.091486,0.085596
2,188,56527,343255,0.110349,0.108517
2,189,35742,330235,0.129832,0.115031
2,190,1428,27743,0.069160,0.079415
2,191,24416,205280,0.079570,0.084188
2,192,7993,152565,0.085302,0.089996
2,193,4528,116980,0.070140,0.113126
2,194,877,1483,0.066339,0.067383
2,195,26905,620084,0.090435,0.104163
2,196,5094,20122,0.081447,0.083572
2,197,4560,44624,0.078889,0.087140
2,198,3710,108695,0.078537,0.117552
2,199,2421,63128,0.079084,0.084013
2,200,6960,127705,0.083160,0.083526
2,201,8900,395943,0.100371,0.092239
2,202,7811,40180,0.052746,0.068466
2,203,11452,19782,0.101725,0.081698
2,204,7203,174693,0.102824,0.095858
2,205,6320,55682,0.102462,0.127496
2,206,2779,16006,0.090855,0.074004
2,207,6956,779,0.060656,0.062348
2,208,6004,75439,0.075199,0.098648
2,209,7434,140317,0.078576,0.094490
2,210,27388,183452,0.090863,0.082290
2,211,4231,182200,0.078355,0.086709
2,212,26251,374353,0.091863,0.088839
2,213,43754,201928,0.100172,0.098588
2,214,7889,15428,0.056358,0.057289
2,215,8112,42502,0.081728,0.084081
2,216,1506,149382,0.061220,0.075825
2,217,13153,138856,0.087123,0.086393
2,218,23514,300650,0.109200,0.121950
2,219,17793,48721,0.097563,0.085131
2,220,9885,83878,0.097565,0.107858
2,221,36552,14848,0.077740,0.071150
2,222,3530,26164,0.076904,0.081581
2,223,2754,8519,0.073358,0.077072
2,224,40583,186621,0.079949,0.088665
2,225,13395,242637,0.093316,0.087342
2,226,9536,117605,0.087912,0.086938
2,227,177,4263,0.057408,0.065721
2,228,19651,85180,0.115957,0.117150
2,229,45080,322546,0.115582,0.116764
2,230,24420,117942,0.088820,0.090743
2,231,1481,4401,0.072957,0.072246
2,232,20186,237448,0.063829,0.073574
2,233,10376,24428,0.060370,0.061851
2,234,9053,50698,0.080700,0.101186
2,235,3745,171521,0.063463,0.092519
2,236,10238,2061,0.075684,0.072474
2,237,12292,134196,0.091740,0.101292
2,238,26526,191563,0.087593,0.090797
2,239,16341,84694,0.092471,0.089228
2,240,17306,197391,0.202802,0.117031
2,241,4151,131087,0.065273,0.080992
2,242,6176,134922,0.085259,0.085809
2,243,14887,44963,0.089073,0.092420
2,244,26386,224702,0.096561,0.099638
2,245,13658,90565,0.082228,0.107553
2,246,40010,6984,0.098329,0.088201
2,247,11827,87031,0.069136,0.092599
2,248,6253,188786,0.090834,0.087804
2,249,21694,187443,0.107827,0.092048
2,250,23737,154876,0.104412,0.128982
2,251,69601,87679,0.130079,0.081394
2,252,17737,61510,0.096714,0.082866
2,253,20998,120807,0.102230,0.083080
2,254,22130,80654,0.105948,0.092058
2,255,38648,462843,0.097054,0.119249
2,256,19055,166868,0.090841,0.104234
2,257,11479,348886,0.082349,0.091116
2,258,30078,230972,0.116899,0.107801
2,259,19197,100205,0.169415,0.161577
2,260,42820,372323,0.111571,0.116302
2,261,14473,135741,0.091788,0.091870
2,262,6729,52511,0.071122,0.066049
2,263,14811,390110,0.093442,0.093750
2,264,17529,188144,0.095706,0.096271
2,265,40970,168964,0.101259,0.101858
2,266,11719,299705,0.087667,0.088088
2,267,13529,90937,0.166801,0.231261
2,268,31998,44896,0.070391,0.072814
2,269,45488,222870,0.083714,0.095553
2,270,13714,185981,0.087678,0.087967
2,271,19885,87032,0.114022,0.114280
2,272,36895,174147,0.093515,0.095682
2,273,33405,177881,0.107288,0.099818
2,274,14422,79169,0.107385,0.099168
2,275,25434,268987,0.105254,0.109195
2,276,21801,212250,0.090817,0.082517
2,277,7905,28756,0.127590,0.106202
2,278,3984,70013,0.098904,0.100369
2,279,26734,66009,0.115574,0.113317
2,280,13711,107519,0.109905,0.115746
2,281,25756,237334,0.105409,0.107817
2,282,1432,46835,0.062786,0.097324
2,283,15817,84009,0.081873,0.088762
2,284,10274,264780,0.084441,0.087288
2,285,7583,68789,0.079770,0.080463
2,286,18003,504149,0.097982,0.111496
2,287,26653,175308,0.091270,0.101529
2,288,26156,38163,0.078417,0.070220
2,289,9086,74428,0.084468,0.108614
2,290,37093,231396,0.090973,0.092857
2,291,493,215,0.064559,0.065664
2,292,6229,53015,0.087241,0.091675
2,293,13318,6352,0.087215,0.084257
2,294,15720,127116,0.101426,0.099964
2,295,1813,6821,0.079182,0.077503
2,296,67672,544232,0.091524,0.115520
2,297,28326,125187,0.118188,0.137061
2,298,440,2266,0.054747,0.052875
2,299,7095,123710,0.075378,0.079209
2,300,46011,336141,0.097457,0.100845
2,301,8512,71824,0.112664,0.100806
2,302,18007,118404,0.149230,0.106131
2,303,5741,26689,0.077103,0.081569
2,304,8402,151096,0.088961,0.090376
2,305,6942,59406,0.081749,0.081226
2,306,15360,165680,0.146248,0.160011
2,307,13218,132058,0.099760,0.089360
2,308,58241,476314,0.113109,0.120387
2,309,16053,26190,0.100863,0.113159
2,310,27580,153983,0.092902,0.088800
2,311,41,273,0.062726,0.066004
2,312,24456,127452,0.165325,0.104394
2,313,14352,369972,0.092335,0.099593
2,314,6841,351597,0.083866,0.096452
2,315,1061,260,0.057293,0.070832
2,316,23555,234599,0.099022,0.103965
2,317,10598,70320,0.089666,0.096026
2,318,68282,259125,0.088139,0.081034
2,319,28454,277105,0.162455,0.167819
2,320,67303,205730,0.106523,0.116234
2,321,59775,127429,0.085357,0.099903
2,322,12875,257345,0.092270,0.097924
2,323,11287,212162,0.092126,0.087394
2,324,27524,232367,0.086515,0.105792
2,325,19894,142374,0.068771,0.113743
2,326,55883,295074,0.111481,0.107019
2,327,21105,42167,0.080370,0.075350
2,328,16678,217088,0.088415,0.095343
2,329,11179,79700,0.082603,0.107279
2,330,14358,56163,0.080275,0.081611
2,331,21107,112715,0.087804,0.091979
2,332,23207,257427,0.128006,0.089560
2,333,2077,22476,0.090542,0.131790
2,334,12605,300990,0.100586,0.093250
2,335,4895,113856,0.078173,0.080510
2,336,67268,436641,0.108071,0.116980
2,337,19501,59659,0.081174,0.077928
2,338,3436,59313,0.079066,0.095385
2,339,7117,123436,0.066151,0.094191
2,340,2150,70906,0.090453,0.086676
2,341,10154,44763,0.086827,0.084617
2,342,50173,367956,0.089550,0.094148
2,343,24625,478187,0.083170,0.092911
2,344,2264,28017,0.072116,0.084970
2,345,7563,130894,0.092673,0.089486
2,346,13302,65960,0.096589,0.095118
2,347,7721,1351,0.070507,0.092020
2,348,862,1327,0.062129,0.080192
2,349,23096,419375,0.100555,0.079269
2,350,49632,92842,0.083063,0.086624
2,351,18556,98257,0.087981,0.061039
2,352,388,1443,0.054347,0.052662
2,353,32652,115176,0.082434,0.083428
2,354,13123,99506,0.114720,0.145457
2,355,27782,465593,0.119215,0.095661
2,356,190,177,0.068666,0.068339
2,357,48590,304343,0.108482,0.110885
2,358,3428,54588,0.076253,0.079704
2,359,820,23860,0.063200,0.078348
2,360,3806,9976,0.085245,0.080376
2,361,11751,162658,0.076475,0.094286
2,362,5099,20725,0.096753,0.092836
2,363,27720,309927,0.089157,0.092009
2,364,23153,124864,0.114422,0.120806
2,365,9806,31123,0.088974,0.081562
2,366,25140,393763,0.100418,0.105127
2,367,15859,79595,0.110676,0.099364
2,368,14777,184282,0.097356,0.093876
2,369,21148,149367,0.069380,0.080915
2,370,11763,53584,0.095609,0.086880
2,371,9087,61480,0.083076,0.083234
2,372,10143,776,0.093084,0.077388
2,373,72465,287005,0.116261,0.113436
2,374,46695,160468,0.092445,0.107599
2,375,9565,74574,0.116850,0.089913
2,376,4877,135901,0.083855,0.105339
2,377,17324,399127,0.087607,0.081898
2,378,18509,207905,0.085513,0.104313
2,379,35757,36282,0.099799,0.082700
2,380,49171,369831,0.108355,0.107767
2,381,8181,42341,0.095642,0.091834
2,382,4626,210179,0.089230,0.106050
2,383,6521,79741,0.072985,0.078169
2,384,10306,198760,0.076507,0.089065
2,385,75090,402553,0.116746,0.106756
2,386,1954,8777,0.085538,0.084054
2,387,54976,211135,0.101880,0.099723
2,388,5252,77946,0.076434,0.080521
2,389,5263,131527,0.086433,0.080231
2,390,36875,162380,0.108666,0.090019
2,391,20148,402839,0.086447,0.087912
2,392,11038,109668,0.076074,0.093247
2,393,13700,440550,0.100431,0.106439
2,394,15575,100595,0.090023,0.090745
2,395,5432,154308,0.070470,0.087983
2,396,18223,140343,0.068565,0.093043
2,397,8489,261046,0.081246,0.093156
2,398,12356,253899,0.070923,0.080785
2,399,16038,65670,0.068851,0.087277
2,400,37780,384364,0.093903,0.094311
2,401,43849,384163,0.085681,0.092258
2,402,19996,110572,0.131804,0.122311
2,403,17481,281465,0.091261,0.086417
2,404,7223,27900,0.080867,0.083005
2,405,54923,276349,0.114556,0.120991
2,406,44133,449668,0.092320,0.099586
2,407,7629,30587,0.083072,0.084897
2,408,15772,281462,0.100856,0.089559
2,409,17518,182648,0.081263,0.087705
2,410,16611,342127,0.101608,0.096174
2,411,25882,145322,0.150414,0.153268
2,412,2913,35092,0.073483,0.078309
2,413,6168,135257,0.086882,0.087526
2,414,15594,227690,0.067443,0.107272
2,415,38209,227091,0.107989,0.119419
2,416,885,9373,0.078771,0.081244
2,417,5757,121674,0.070617,0.073268
2,418,9023,104372,0.070937,0.080697
2,419,12300,183685,0.069922,0.083739
2,420,17970,3735,0.079598,0.075602
2,421,9860,62705,0.086767,0.087092
2,422,15538,150725,0.092063,0.090895
2,423,20962,116525,0.100621,0.106151
2,424,29237,358669,0.108297,0.122057
2,425,2780,9580,0.087088,0.082005
2,426,477,3291,0.124802,0.119383
2,427,450,1843,0.078323,0.085656
2,428,53561,420925,0.107891,0.116833
2,429,41578,361531,0.086562,0.097034
2,430,18016,372458,0.097961,0.127744
2,431,3022,66148,0.084917,0.114075
2,432,2450,74301,0.082206,0.115702
2,433,30978,410135,0.095178,0.089093
2,434,16492,313459,0.089709,0.091999
2,435,2152,42772,0.094500,0.090233
2,436,36702,326578,0.083665,0.093939
2,437,4652,31037,0.098778,0.093527
2,438,8672,307362,0.084502,0.097628
2,439,47712,152564,0.128641,0.101639
2,440,9330,198264,0.105907,0.076742
2,441,11953,55025,0.138255,0.104484
2,442,9295,42808,0.113904,0.120214
2,443,20345,95769,0.134237,0.150959
2,444,9047,390714,0.096372,0.092156
2,445,21997,84253,0.092205,0.096950
2,446,19213,17870,0.083445,0.085235
2,447,32968,38381,0.097056,0.095638
2,448,1397,32529,0.103601,0.084163
2,449,20294,135747,0.095269,0.091715
2,450,20688,202316,0.089613,0.098349
2,451,23863,168338,0.105022,0.102339
2,452,45130,173593,0.090970,0.108932
2,453,23258,1836,0.079847,0.079516
2,454,13621,108122,0.081920,0.080416
2,455,7916,120758,0.081330,0.105843
2,456,36052,152367,0.104679,0.103040
2,457,32765,275517,0.105929,0.103854
2,458,10253,10430,0.100309,0.087700
2,459,5309,63356,0.085557,0.082156
2,460,15924,88121,0.087630,0.101856
2,461,33380,386918,0.092037,0.094281
2,462,1007,23869,0.075964,0.081119
2,463,15242,75868,0.078594,0.079243
2,464,40069,381156,0.092796,0.091593
2,465,54945,388166,0.105450,0.106972
2,466,3417,43125,0.106583,0.096048
2,467,2110,42303,0.074521,0.083469
2,468,7257,33939,0.084862,0.083110
2,469,73522,641817,0.114345,0.104499
2,470,5882,131953,0.107996,0.082747
2,471,6985,94253,0.055289,0.095035
2,472,20857,170007,0.072977,0.106454
2,473,10321,64049,0.108436,0.118310
2,474,34678,380945,0.146360,0.156850
2,475,4890,18564,0.063476,0.073177
2,476,23927,286481,0.113897,0.104493
2,477,10904,122859,0.067181,0.100994
2,478,13525,229408,0.088955,0.089898
2,479,3394,103168,0.087958,0.087351
2,480,815,17979,0.090155,0.070323
2,481,77733,209896,0.118810,0.101744
2,482,12537,171692,0.098319,0.088376
2,483,1081,28510,0.061469,0.071752
2,484,27638,147862,0.102641,0.104285
2,485,5128,274462,0.086561,0.084378
2,486,50755,631644,0.169288,0.182835
2,487,15715,107556,0.108739,0.101776
2,488,3048,5151,0.069277,0.066810
2,489,9488,81417,0.084649,0.092799
2,490,4184,356841,0.095860,0.124333
2,491,27731,155456,0.095659,0.104475
2,492,79831,154397,0.144388,0.098300
2,493,1522,34281,0.071150,0.066812
2,494,37198,221871,0.089852,0.091681
2,495,35515,368391,0.086961,0.096399
2,496,24164,36520,0.083555,0.074276
2,497,40366,405170,0.133314,0.141297
2,498,28804,349213,0.092563,0.100446
2,499,51785,353514,0.110380,0.109549
2,500,34993,613,0.078770,0.068405
2,501,34231,282062,0.092500,0.199614
2,502,14501,115974,0.112220,0.120788
2,503,21062,230760,0.079530,0.083002
2,504,5343,13508,0.088320,0.088265
2,505,1541,20616,0.060315,0.078608
2,506,23910,228852,0.120061,0.087587
2,507,26760,31432,0.146181,0.092148
2,508,2503,50376,0.099111,0.099307
2,509,3947,166744,0.064441,0.103150
2,510,5906,57848,0.085206,0.083683
2,511,7026,102781,0.082498,0.078794
3,0,81804,402914,nan,nan
3,1,49506,235275,nan,nan
3,2,36755,293271,nan,nan
3,3,18155,398332,nan,nan
3,4,20722,255178,nan,nan
3,5,32900,265216,nan,nan
3,6,18632,226753,nan,nan
3,7,30607,288829,nan,nan
3,8,25931,295806,nan,nan
3,9,20217,290305,nan,nan
3,10,85,667,0.064485,0.071396
3,11,23738,196915,0.082862,0.091213
3,12,5306,135461,0.079810,0.084202
3,13,58206,167818,0.095355,0.098659
3,14,900,2112,0.060029,0.059320
3,15,24548,177083,0.072080,0.092453
3,16,76,732,0.065908,0.064155
3,17,2786,4693,0.067820,0.079657
3,18,24257,13968,0.062904,0.079608
3,19,281194,602570,0.119079,0.119741
3,20,40231,27036,0.056895,0.069761
3,21,1301,136435,0.075584,0.081390
3,22,78097,271314,0.088419,0.096690
3,23,10,1704,0.058521,0.079359
3,24,19789,526745,0.082836,0.084326
3,25,48368,504428,0.094324,0.113662
3,26,10421,60692,0.114775,0.085988
3,27,1240,1063,0.094854,0.092350
3,28,176,77,0.079445,0.085830
3,29,15926,348150,0.084640,0.092733
3,30,2140,39014,0.057335,0.057352
3,31,4782,45662,0.065462,0.061079
3,32,32414,328903,0.075702,0.088177
3,33,3985,267755,0.078753,0.087730
3,34,2937,58980,0.082872,0.085720
3,35,45791,360045,0.075589,0.091276
3,36,622,3735,0.057913,0.072217
3,37,8217,498744,0.085886,0.103460
3,38,13533,595577,0.081992,0.090271
3,39,16209,332799,0.080948,0.088577
3,40,35,2607,0.059849,0.076026
3,41,237,41408,0.076365,0.082301
3,42,53584,183625,0.065819,0.075258
3,43,1577,9663,0.062460,0.069253
3,44,12440,6914,0.053077,0.079694
3,45,114707,630849,0.069992,0.089644
3,46,5905,34614,0.076988,0.065903
3,47,51,4,0.056890,0.043732
3,48,31959,39980,0.066537,0.076753
3,49,1812,56443,0.055059,0.072073
3,50,17648,259669,0.101620,0.136298
3,51,26553,116972,0.097798,0.143782
3,52,4055,4434,0.078242,0.077481
3,53,13875,144256,0.086734,0.086532
3,54,12766,36843,0.054324,0.080289
3,55,4115,66660,0.082542,0.085954
3,56,24233,29580,0.068638,0.077152
3,57,2318,292483,0.074499,0.090686
3,58,14171,376284,0.085014,0.092784
3,59,256,508,0.073633,0.073425
3,60,15886,342337,0.088165,0.095694
3,61,5,0,0.056982,0.000000
3,62,19742,291700,0.060966,0.079197
3,63,39,7,0.061461,0.070626
3,64,3591,95622,0.076436,0.091355
3,65,220966,581543,0.093845,0.111392
3,66,8977,15617,0.071168,0.082180
3,67,20799,105212,0.127776,0.163138
3,68,122496,710765,0.106897,0.118613
3,69,5493,121854,0.068098,0.088383
3,70,140,406,0.078086,0.083659
3,71,16276,159736,0.087421,0.130420
3,72,28,0,0.047176,0.000000
3,73,2091,2720,0.079027,0.083539
3,74,11660,423795,0.078822,0.084570
3,75,522,1294,0.087228,0.075465
3,76,5,15,0.056079,0.069320
3,77,18331,218317,0.066520,0.074110
3,78,79911,628334,0.098885,0.120755
3,79,12812,18331,0.095179,0.096390
3,80,104957,388568,0.088156,0.092877
3,81,270,124,0.081924,0.075077
3,82,55,1104,0.087065,0.064839
3,83,47454,195915,0.110824,0.092675
3,84,11191,126535,0.075192,0.081201
3,85,1311,316458,0.072646,0.102592
3,86,26338,618357,0.085477,0.087052
3,87,6,0,0.053996,0.000000
3,88,3899,485861,0.071467,0.079113
3,89,3,1,0.083984,0.076660
3,90,224,16,0.049457,0.054688
3,91,76851,628845,0.105267,0.110580
3,92,1115,109950,0.082680,0.087406
3,93,9793,65216,0.069138,0.086166
3,94,2461,37236,0.064073,0.077121
3,95,539,93428,0.067006,0.071467
3,96,148,1507,0.057992,0.083010
3,97,33492,780322,0.089655,0.106875
3,98,20531,240174,0.118445,0.109501
3,99,8600,43754,0.073328,0.070463
3,100,6596,350052,0.079819,0.092640
3,101,749,8229,0.058077,0.075642
3,102,276,277,0.060844,0.067259
3,103,1688,1168,0.062800,0.066153
3,104,10823,241710,0.082709,0.078599
3,105,771,1229,0.082404,0.074229
3,106,4676,56158,0.079307,0.110847
3,107,2994,58323,0.060090,0.071587
3,108,33870,76590,0.096585,0.076661
3,109,705,10327,0.086903,0.079320
3,110,98,150989,0.068978,0.086233
3,111,6404,98579,0.059709,0.080262
3,112,204409,400160,0.088681,0.079200
3,113,914,643,0.077901,0.081503
3,114,25087,168339,0.061099,0.069470
3,115,7849,215549,0.066138,0.079794
3,116,12053,183394,0.088612,0.087928
3,117,114,96,0.077071,0.058558
3,118,1068,185946,0.069104,0.106533
3,119,2972,516470,0.078436,0.086995
3,120,457,183283,0.075441,0.074294
3,121,16438,200399,0.091151,0.093831
3,122,772,4952,0.046495,0.072437
3,123,155,18172,0.084125,0.075590
3,124,33,2495,0.068012,0.074519
3,125,4102,7254,0.085701,0.090426
3,126,292,102,0.067228,0.067500
3,127,1055,4559,0.070278,0.065597
3,128,861,37533,0.065529,0.065869
3,129,5597,112259,0.076812,0.077953
3,130,3659,45737,0.075826,0.075739
3,131,2770,53597,0.070689,0.090037
3,132,12921,61,0.062875,0.080154
3,133,1024,607,0.074616,0.076599
3,134,1430,279672,0.073097,0.088146
3,135,45020,242375,0.103096,0.099201
3,136,77,67,0.056954,0.070003
3,137,99252,3029,0.130626,0.074009
3,138,53206,500262,0.105469,0.155762
3,139,3854,417,0.040580,0.060372
3,140,450,834,0.063019,0.073763
3,141,871,1867,0.096642,0.101675
3,142,88,43,0.071411,0.061075
3,143,5438,6092,0.082264,0.084536
3,144,5399,1179,0.060404,0.066458
3,145,20359,127209,0.067390,0.071421
3,146,7939,460088,0.082258,0.141824
3,147,2713,55684,0.066981,0.073041
3,148,4685,1071,0.051842,0.071021
3,149,8289,57791,0.076798,0.081383
3,150,522,25675,0.064211,0.065962
3,151,1656,94476,0.077696,0.089303
3,152,1582,6294,0.068509,0.073253
3,153,114,758,0.050489,0.064784
3,154,0,0,0.000000,0.000000
3,155,10716,469602,0.080424,0.087364
3,156,25325,110343,0.064586,0.067336
3,157,324,633,0.080859,0.095933
3,158,4043,15456,0.109033,0.102784
3,159,11331,91674,0.087647,0.090107
3,160,4,1,0.070679,0.076172
3,161,131989,427751,0.099341,0.086991
3,162,186761,165734,0.084515,0.078004
3,163,13265,77058,0.087530,0.087423
3,164,320,131935,0.071974,0.071325
3,165,2561,2880,0.089856,0.096910
3,166,120,1813,0.089936,0.070795
3,167,1745,18893,0.061660,0.068823
3,168,377439,1062978,0.132551,0.113561
3,169,164,23,0.062389,0.058822
3,170,3485,76769,0.068934,0.084871
3,171,20533,326543,0.091635,0.099815
3,172,4585,186207,0.074818,0.085140
3,173,19967,682949,0.083446,0.091544
3,174,9549,121654,0.074481,0.086569
3,175,119,890,0.077763,0.076314
3,176,18700,73222,0.088611,0.078134
3,177,92,432,0.064246,0.075189
3,178,2380,211593,0.069021,0.078560
3,179,3042,4315,0.091162,0.104121
3,180,16145,14492,0.080344,0.080526
3,181,38248,512307,0.082342,0.097845
3,182,215,933,0.084548,0.076667
3,183,8467,584407,0.088407,0.098307
3,184,469,22135,0.071078,0.078584
3,185,79552,899828,0.129217,0.162695
3,186,1442,9016,0.074916,0.075955
3,187,23726,275522,0.083854,0.089374
3,188,9711,339067,0.081803,0.086244
3,189,491,80,0.056075,0.058618
3,190,3517,1389,0.072513,0.076956
3,191,2561,4699,0.070103,0.075804
3,192,278,143,0.103054,0.067719
3,193,136,111,0.064747,0.071612
3,194,516,4773,0.085638,0.050912
3,195,3333,34889,0.076034,0.081685
3,196,961,89640,0.078246,0.083039
3,197,10255,542674,0.091047,0.106025
3,198,46029,37863,0.104063,0.087642
3,199,61204,423311,0.095310,0.098939
3,200,1069,1404,0.074336,0.076853
3,201,1500,71090,0.066665,0.093438
3,202,10820,353558,0.074855,0.095231
3,203,61077,141585,0.092537,0.077836
3,204,1851,118695,0.071940,0.090925
3,205,103097,657812,0.081317,0.130258
3,206,44588,76437,0.080130,0.078294
3,207,13225,53216,0.053470,0.081540
3,208,49975,297063,0.131161,0.155630
3,209,8062,459717,0.085174,0.096312
3,210,76,37187,0.081259,0.068989
3,211,21977,326108,0.083335,0.090190
3,212,19039,110913,0.142757,0.167514
3,213,13511,323321,0.087046,0.091691
3,214,272,6700,0.093505,0.077660
3,215,3688,30543,0.076175,0.082994
3,216,7091,257349,0.091301,0.100767
3,217,9275,654354,0.078472,0.108684
3,218,7211,517474,0.080232,0.089785
3,219,25299,858479,0.091038,0.098606
3,220,14,1,0.057068,0.075195
3,221,12811,174271,0.093389,0.101454
3,222,80,8,0.059122,0.071182
3,223,31359,501972,0.083995,0.096274
3,224,3987,8314,0.074933,0.072610
3,225,95,4968,0.057908,0.075316
3,226,48647,471485,0.103209,0.119537
3,227,890,2685,0.069163,0.078123
3,228,877,486,0.076058,0.067847
3,229,13176,357269,0.065679,0.065736
3,230,611,235,0.090481,0.085589
3,231,912,782,0.085906,0.097942
3,232,13743,238428,0.091877,0.093838
3,233,2270,366,0.082733,0.087432
3,234,1028,109022,0.071670,0.076110
3,235,421,139092,0.073952,0.103112
3,236,30089,364035,0.136737,0.170086
3,237,277,25503,0.053960,0.070997
3,238,3806,6996,0.101019,0.083446
3,239,1178,362,0.064243,0.072354
3,240,15034,236229,0.076940,0.104591
3,241,12812,14072,0.069826,0.067210
3,242,151,246,0.070428,0.075819
3,243,1296,865,0.076554,0.071800
3,244,11917,127589,0.065789,0.067919
3,245,21779,382521,0.085724,0.089249
3,246,29117,133017,0.109294,0.120252
3,247,521,308,0.065190,0.064492
3,248,1670,6416,0.089555,0.073995
3,249,45,21,0.055447,0.056367
3,250,498,215,0.044381,0.045376
3,251,28518,97554,0.054436,0.080181
3,252,1398,23864,0.073829,0.078833
3,253,121,31,0.068234,0.088568
3,254,5790,189981,0.122147,0.169747
3,255,5347,16890,0.059650,0.060971
3,256,7221,7028,0.065316,0.076466
3,257,49719,778936,0.102031,0.129823
3,258,1852,5115,0.078819,0.074791
3,259,12384,241538,0.089671,0.082477
3,260,3931,88197,0.052691,0.085508
3,261,2029,48542,0.078730,0.081614
3,262,26782,357102,0.085606,0.112337
3,263,19080,717955,0.084436,0.098658
3,264,12217,49934,0.111769,0.104001
3,265,12588,221438,0.098853,0.093979
3,266,27741,112432,0.060505,0.095250
3,267,9021,178227,0.084638,0.081509
3,268,74,90345,0.111160,0.088258
3,269,2014,3768,0.072563,0.070343
3,270,13484,43777,0.101756,0.082915
3,271,188563,637603,0.108566,0.113206
3,272,661,8764,0.071191,0.077337
3,273,6276,10522,0.109902,0.104124
3,274,78430,35922,0.080055,0.065969
3,275,73084,356,0.065065,0.044777
3,276,5729,252337,0.083665,0.087628
3,277,575,287,0.078088,0.069834
3,278,11,0,0.075284,0.000000
3,279,56625,24173,0.071937,0.067473
3,280,2481,312697,0.079878,0.094006
3,281,56,1721,0.075496,0.066785
3,282,8920,52459,0.085320,0.088165
3,283,2447,3014,0.080305,0.086954
3,284,434,266,0.075494,0.087744
3,285,1984,79466,0.058054,0.067516
3,286,420,141,0.110173,0.121085
3,287,16183,80572,0.076541,0.084293
3,288,5629,502520,0.089491,0.093709
3,289,2528,101289,0.068990,0.072502
3,290,4092,268312,0.078293,0.086797
3,291,309952,619271,0.272272,0.132825
3,292,1958,3430,0.059511,0.069600
3,293,455,337,0.068185,0.066550
3,294,385,182,0.056590,0.057497
3,295,83221,242592,0.052096,0.070459
3,296,25416,254103,0.067434,0.082316
3,297,437,46938,0.069116,0.076074
3,298,4388,525473,0.080785,0.087315
3,299,11147,876357,0.088678,0.111140
3,300,32,153,0.061489,0.063391
3,301,1939,79259,0.087322,0.102942
3,302,186654,723567,0.103174,0.089786
3,303,24307,176681,0.069019,0.077381
3,304,94,2207,0.059962,0.058179
3,305,6387,165984,0.087613,0.089522
3,306,9701,25835,0.099248,0.102387
3,307,2924,20587,0.075370,0.081277
3,308,26355,313339,0.098881,0.095086
3,309,16761,339003,0.077472,0.082141
3,310,116,52053,0.058435,0.077579
3,311,1108,12,0.062522,0.058350
3,312,54231,576429,0.075866,0.089679
3,313,13059,372701,0.084018,0.085681
3,314,653,344885,0.069982,0.085758
3,315,997,160001,0.082538,0.093224
3,316,1723,3528,0.072510,0.069663
3,317,650,977,0.048890,0.043208
3,318,2744,15362,0.050732,0.075140
3,319,172,52,0.083229,0.096342
3,320,292,14,0.062172,0.074829
3,321,4107,45529,0.071857,0.076741
3,322,3154,14364,0.084179,0.084425
3,323,123772,401751,0.074330,0.108124
3,324,15367,46973,0.086715,0.094355
3,325,1927,131636,0.065262,0.068877
3,326,23,4,0.058626,0.062683
3,327,9105,549033,0.087978,0.094882
3,328,430,311587,0.078289,0.085225
3,329,115,95,0.073219,0.072223
3,330,167,41,0.055535,0.050629
3,331,88,14,0.081327,0.067575
3,332,1351,941,0.085960,0.082342
3,333,7047,50405,0.105514,0.100885
3,334,1243,217698,0.079393,0.083353
3,335,2223,1436,0.086184,0.080544
3,336,5704,40653,0.100312,0.090063
3,337,4521,134691,0.067197,0.076659
3,338,629,728,0.074008,0.076371
3,339,50156,89903,0.080863,0.082472
3,340,770,2919,0.075320,0.082729
3,341,621,31123,0.080902,0.082390
3,342,1214,19704,0.093492,0.081986
3,343,10907,123932,0.063177,0.108054
3,344,3958,11770,0.060919,0.092423
3,345,61,1859,0.069383,0.076914
3,346,8467,511200,0.088778,0.099254
3,347,75576,318968,0.086318,0.083717
3,348,22729,183058,0.060466,0.061204
3,349,521,1008,0.061730,0.078370
3,350,594,38844,0.083764,0.094335
3,351,117,2611,0.068018,0.076070
3,352,140,92,0.055943,0.066751
3,353,167695,128417,0.097191,0.072837
3,354,11546,24264,0.070362,0.095248
3,355,19731,62848,0.064594,0.078312
3,356,45443,128708,0.113928,0.125647
3,357,13682,1061,0.067289,0.074689
3,358,7361,774543,0.079371,0.090148
3,359,17787,25668,0.098256,0.098782
3,360,2827,306144,0.076185,0.082293
3,361,2542,221473,0.080758,0.096572
3,362,131,7046,0.074123,0.082375
3,363,310,127475,0.071631,0.076629
3,364,569,450,0.089389,0.093336
3,365,11095,330455,0.083813,0.091508
3,366,21938,60307,0.090167,0.091005
3,367,844,966,0.076677,0.065877
3,368,4369,199253,0.068318,0.087238
3,369,3508,41257,0.057575,0.080971
3,370,2032,73840,0.080655,0.094086
3,371,7978,412050,0.085690,0.096492
3,372,564,318,0.076178,0.082144
3,373,6525,59129,0.065720,0.070957
3,374,78220,456086,0.141983,0.162759
3,375,23312,99217,0.090975,0.089998
3,376,5470,110889,0.081808,0.101056
3,377,2366,3732,0.076911,0.078634
3,378,8640,178551,0.090097,0.096081
3,379,3934,498169,0.081298,0.087335
3,380,247376,289145,0.116178,0.091487
3,381,11232,125953,0.067540,0.080823
3,382,8064,55227,0.085785,0.063065
3,383,1595,2033,0.099416,0.081503
3,384,12934,720885,0.090948,0.095193
3,385,3410,149631,0.074795,0.102868
3,386,82,22,0.073683,0.071933
3,387,17586,69531,0.069671,0.073060
3,388,196,43,0.062971,0.051199
3,389,1711,3224,0.074558,0.066940
3,390,43,526,0.061592,0.070611
3,391,60,992,0.064158,0.074362
3,392,104,47319,0.076524,0.082591
3,393,22,3,0.076965,0.057536
3,394,290,712,0.094614,0.081594
3,395,640,3597,0.071404,0.079609
3,396,122,141488,0.068919,0.096807
3,397,46541,492930,0.081480,0.103202
3,398,16681,118593,0.066482,0.075887
3,399,277,3078,0.056284,0.062829
3,400,107698,617452,0.118965,0.119148
3,401,2276,3415,0.115555,0.101773
3,402,9615,410961,0.088557,0.095006
3,403,1780,453,0.067617,0.072127
3,404,14476,324064,0.084106,0.090761
3,405,8273,82474,0.096739,0.097405
3,406,21490,538921,0.079112,0.134689
3,407,5160,72818,0.066266,0.073884
3,408,1171,137417,0.074553,0.080415
3,409,704,17369,0.064049,0.077491
3,410,1740,1652,0.132376,0.112556
3,411,199,24012,0.066063,0.068030
3,412,8274,437473,0.076645,0.086934
3,413,15370,180687,0.074544,0.085519
3,414,120456,532711,0.136606,0.119548
3,415,4416,23909,0.074628,0.080037
3,416,167,10653,0.108879,0.072232
3,417,1551,92322,0.074922,0.093138
3,418,1188,4536,0.069571,0.068774
3,419,12427,263,0.079346,0.086487
3,420,85,10,0.064904,0.060352
3,421,9652,76473,0.085416,0.084621
3,422,5421,512836,0.072107,0.102288
3,423,762,499,0.064034,0.077823
3,424,7578,29282,0.084599,0.090821
3,425,49678,261003,0.077694,0.090338
3,426,8758,321938,0.083321,0.095407
3,427,327,76,0.082361,0.072036
3,428,477,95562,0.097774,0.078351
3,429,963,2990,0.053437,0.056168
3,430,1219,61770,0.073074,0.094311
3,431,35996,1117000,0.100845,0.152855
3,432,595,72,0.077417,0.073959
3,433,12640,61139,0.065351,0.087672
3,434,6158,114562,0.079966,0.082456
3,435,353852,721769,0.114166,0.121621
3,436,66785,94711,0.101652,0.107828
3,437,968,1645,0.071922,0.062831
3,438,1363,4713,0.073529,0.077833
3,439,4700,110374,0.088452,0.088435
3,440,3886,193126,0.054313,0.122718
3,441,7743,48516,0.065964,0.084005
3,442,1752,331363,0.073339,0.086389
3,443,78601,555617,0.082688,0.091806
3,444,495,164784,0.073955,0.082634
3,445,25,7416,0.071953,0.064547
3,446,12206,299264,0.103091,0.106991
3,447,15052,190384,0.084385,0.089861
3,448,10330,91895,0.072812,0.083713
3,449,32772,183943,0.067697,0.079401
3,450,6109,111388,0.067473,0.074258
3,451,9945,43170,0.107253,0.092606
3,452,12143,465478,0.080482,0.083596
3,453,27390,13475,0.067304,0.072371
3,454,25876,250764,0.077439,0.096029
3,455,266891,919631,0.115376,0.138382
3,456,19,2,0.039769,0.060181
3,457,33863,72652,0.162988,0.158554
3,458,29612,453564,0.087079,0.085687
3,459,11112,30948,0.062422,0.059658
3,460,10414,74116,0.082303,0.134451
3,461,19132,117462,0.068798,0.099487
3,462,5449,121727,0.088065,0.088623
3,463,883,740,0.072974,0.070349
3,464,742,934,0.103488,0.092579
3,465,515,816,0.095865,0.081006
3,466,3021,189821,0.076993,0.087751
3,467,439,25,0.061001,0.055396
3,468,12416,361525,0.087037,0.084124
3,469,20426,171885,0.063018,0.069397
3,470,42703,177119,0.095146,0.111165
3,471,208,5328,0.080348,0.067982
3,472,232565,136261,0.099830,0.066140
3,473,88234,2171,0.088690,0.076307
3,474,521,15350,0.077541,0.084337
3,475,1403,13682,0.077104,0.081898
3,476,16329,592861,0.083306,0.093305
3,477,302,192,0.094335,0.066465
3,478,25850,49657,0.140844,0.089402
3,479,31065,440815,0.090936,0.101033
3,480,43161,588,0.069693,0.088775
3,481,70370,382220,0.082029,0.090335
3,482,39874,186632,0.048001,0.065122
3,483,4186,43705,0.068484,0.075793
3,484,3547,284043,0.080193,0.084341
3,485,6004,77708,0.093188,0.190850
3,486,515,120,0.072652,0.068514
3,487,11757,141329,0.101966,0.117472
3,488,2934,6850,0.080759,0.079160
3,489,8684,430804,0.067752,0.077780
3,490,34296,313939,0.094270,0.106953
3,491,14665,738542,0.094552,0.107785
3,492,6596,172067,0.082531,0.095760
3,493,71325,54109,0.061592,0.089703
3,494,1319,4988,0.082563,0.080526
3,495,58,69,0.065931,0.076966
3,496,17285,11169,0.057949,0.100096
3,497,253,64,0.133959,0.106861
3,498,68990,421034,0.139315,0.152119
3,499,457,47921,0.046788,0.076442
3,500,8786,219480,0.083037,0.091671
3,501,52,9939,0.101222,0.080255
3,502,534,8582,0.093456,0.084134
3,503,104,72,0.077327,0.082859
3,504,10939,64805,0.070351,0.083019
3,505,66431,28312,0.060623,0.083019
3,506,6892,261897,0.072512,0.091185
3,507,24426,311569,0.085446,0.098047
3,508,50489,198716,0.096700,0.122913
3,509,5991,30062,0.064322,0.074378
3,510,85,406,0.062892,0.071571
3,511,12838,324861,0.096072,0.108855
4,0,19041,262682,nan,nan
4,1,17746,210741,nan,nan
4,2,18008,327599,nan,nan
4,3,28951,538257,nan,nan
4,4,24207,326943,nan,nan
4,5,18610,228321,nan,nan
4,6,18021,211287,nan,nan
4,7,31320,455342,nan,nan
4,8,18375,215457,nan,nan
4,9,19092,295211,nan,nan
4,10,299710,958001,0.133289,0.136551
4,11,155,21957,0.060422,0.073044
4,12,5927,244993,0.096596,0.083254
4,13,329,4005,0.083423,0.077724
4,14,165,58,0.082030,0.062273
4,15,39940,97540,0.081731,0.090331
4,16,1499,10807,0.074900,0.076705
4,17,882,570,0.069187,0.064212
4,18,994,38439,0.068229,0.076044
4,19,1453,3156,0.055622,0.065518
4,20,288,1642,0.071533,0.068600
4,21,1331,4326,0.074933,0.077167
4,22,2291,275974,0.082336,0.090187
4,23,420,5812,0.080089,0.071383
4,24,25518,340899,0.083107,0.082222
4,25,9,580,0.052762,0.072265
4,26,566,4009,0.071303,0.067222
4,27,107,90,0.065577,0.125659
4,28,51057,132105,0.073308,0.078357
4,29,63,67,0.134180,0.085449
4,30,1308,174965,0.074578,0.107920
4,31,435,537,0.062474,0.056447
4,32,0,22,0.000000,0.057972
4,33,19829,478732,0.075015,0.085055
4,34,485,35514,0.076834,0.084621
4,35,72258,389493,0.107139,0.121913
4,36,24,161,0.061747,0.057478
4,37,1027,248233,0.066942,0.069354
4,38,6306,193002,0.074213,0.084934
4,39,36399,803044,0.088950,0.103806
4,40,13326,1894,0.072451,0.090068
4,41,947,2385,0.096976,0.084571
4,42,8964,4765,0.076347,0.069975
4,43,4742,125089,0.083380,0.085864
4,44,14030,81207,0.101095,0.104380
4,45,27953,431,0.074170,0.060477
4,46,14008,23655,0.100890,0.095687
4,47,19215,60705,0.065913,0.066911
4,48,17628,1066746,0.071528,0.128529
4,49,56,14726,0.063012,0.071855
4,50,129636,551044,0.108643,0.137813
4,51,13396,131805,0.116699,0.138343
4,52,39115,334852,0.121892,0.109280
4,53,1791,55646,0.078621,0.079812
4,54,1858,47931,0.076323,0.073259
4,55,239,4798,0.059812,0.070966
4,56,4265,5273,0.055631,0.078694
4,57,578,610,0.078929,0.079803
4,58,184475,108863,0.117171,0.096508
4,59,5621,6253,0.073056,0.077721
4,60,249,8725,0.066066,0.062184
4,61,6730,593862,0.074532,0.090235
4,62,7357,716505,0.091391,0.099029
4,63,208,385,0.062866,0.059862
4,64,111,4748,0.095452,0.075681
4,65,1426,93010,0.065043,0.073032
4,66,14552,353,0.062129,0.053957
4,67,117,985,0.084409,0.067766
4,68,273,101766,0.055639,0.078100
4,69,32959,36049,0.118387,0.122670
4,70,3539,273866,0.081878,0.088251
4,71,29581,95279,0.050742,0.073572
4,72,5678,89142,0.071401,0.078723
4,73,17611,68997,0.068561,0.066594
4,74,80483,351995,0.118084,0.130932
4,75,20553,139427,0.122835,0.091396
4,76,16464,307153,0.096436,0.087915
4,77,28066,314925,0.127393,0.220152
4,78,965,91136,0.061479,0.069863
4,79,62,60509,0.076321,0.086575
4,80,1193,80474,0.089581,0.074964
4,81,11126,450937,0.059084,0.086232
4,82,392,3211,0.065934,0.066645
4,83,3682,2028,0.081645,0.078214
4,84,463,4560,0.079846,0.080332
4,85,77303,490385,0.104667,0.106629
4,86,3073,33738,0.082806,0.082023
4,87,1465,42148,0.060461,0.067572
4,88,89963,487304,0.114760,0.135063
4,89,16402,392392,0.089216,0.096753
4,90,6348,454707,0.080448,0.106231
4,91,1293,776,0.085617,0.072874
4,92,15,179536,0.057918,0.074446
4,93,400,48152,0.065811,0.080795
4,94,6816,259988,0.084994,0.091799
4,95,1037,6074,0.073186,0.081209
4,96,33063,112587,0.134326,0.148424
4,97,2595,138014,0.066604,0.090162
4,98,22748,95631,0.091212,0.119030
4,99,13359,677701,0.081981,0.094453
4,100,2252,303328,0.078358,0.080175
4,101,114931,449490,0.091482,0.101649
4,102,115857,250273,0.129961,0.086798
4,103,262,16192,0.075886,0.086168
4,104,118627,1046794,0.113827,0.115796
4,105,14456,36319,0.087810,0.077326
4,106,2844,505283,0.076068,0.100960
4,107,287,172,0.082776,0.072571
4,108,14541,204624,0.088685,0.103138
4,109,102,599,0.063603,0.079552
4,110,39918,24856,0.121941,0.110694
4,111,4048,274323,0.055018,0.148585
4,112,25501,182075,0.090585,0.100944
4,113,2223,19634,0.075303,0.080901
4,114,11,197,0.070645,0.068621
4,115,11051,73140,0.076919,0.081152
4,116,15505,193404,0.054454,0.063005
4,117,35,303442,0.065002,0.083967
4,118,32857,372202,0.103825,0.121760
4,119,24,5,0.073344,0.057324
4,120,17672,216698,0.073029,0.138042
4,121,211,113,0.084758,0.081441
4,122,51,6542,0.068528,0.066995
4,123,6661,138468,0.095643,0.093931
4,124,10310,625063,0.082230,0.092410
4,125,616,132502,0.072820,0.081418
4,126,2005,168377,0.072144,0.100065
4,127,15,1,0.062602,0.077637
4,128,9892,41603,0.109695,0.120537
4,129,3867,367,0.082765,0.081518
4,130,3815,9184,0.086976,0.076873
4,131,90899,41040,0.098634,0.082572
4,132,613,783,0.084811,0.078276
4,133,8091,171317,0.061790,0.072121
4,134,869,239929,0.080789,0.092567
4,135,2178,636941,0.099281,0.100150
4,136,12674,617828,0.075136,0.083700
4,137,12100,381399,0.073795,0.084350
4,138,1674,14097,0.057480,0.067655
4,139,49229,249833,0.103833,0.107389
4,140,1479,4118,0.087243,0.087441
4,141,68013,395500,0.094885,0.101638
4,142,7784,183903,0.080295,0.106291
4,143,8418,104244,0.083986,0.112586
4,144,13555,9708,0.076657,0.073236
4,145,192,105,0.061974,0.064360
4,146,12955,227877,0.099053,0.119422
4,147,28961,4264,0.107485,0.077690
4,148,1,18040,0.049561,0.064095
4,149,6029,33722,0.079182,0.080540
4,150,76005,586816,0.118725,0.103519
4,151,79,26469,0.089813,0.087564
4,152,48057,408040,0.073197,0.084993
4,153,10374,23478,0.064484,0.067022
4,154,742,299176,0.084244,0.102752
4,155,50167,688077,0.088157,0.090124
4,156,11,39,0.055819,0.075220
4,157,66673,500368,0.101673,0.116672
4,158,1224,7439,0.065950,0.074207
4,159,635,22619,0.059616,0.068666
4,160,33406,328998,0.113257,0.118385
4,161,45812,183786,0.056477,0.084865
4,162,5233,276,0.045068,0.069143
4,163,36730,285236,0.070124,0.068505
4,164,1946,476715,0.084292,0.085398
4,165,236,143,0.056123,0.072414
4,166,84440,428540,0.101595,0.128424
4,167,61,188,0.071227,0.055905
4,168,15186,261466,0.093826,0.106501
4,169,1909,90874,0.060765,0.068726
4,170,1750,369593,0.080397,0.093912
4,171,83370,206394,0.082378,0.091344
4,172,2453,91822,0.072980,0.076797
4,173,206339,474275,0.101589,0.089643
4,174,2580,411812,0.143092,0.096205
4,175,2044,227671,0.084389,0.080265
4,176,8080,160555,0.070169,0.090730
4,177,82,7026,0.062461,0.080703
4,178,8836,367790,0.079731,0.103952
4,179,32891,1771,0.149558,0.067321
4,180,6565,91241,0.122966,0.108401
4,181,45,594,0.072746,0.071349
4,182,26591,200963,0.081913,0.097552
4,183,294,1470,0.062635,0.070962
4,184,13,12292,0.090914,0.071079
4,185,12333,141136,0.071932,0.075543
4,186,92,28709,0.070612,0.081090
4,187,13384,64477,0.098880,0.113421
4,188,5932,206336,0.080850,0.091511
4,189,5206,79038,0.069454,0.103776
4,190,666,1402,0.081350,0.085788
4,191,28873,117441,0.109954,0.112965
4,192,4530,197377,0.072855,0.125462
4,193,24415,55867,0.081668,0.075479
4,194,64,50,0.079166,0.095459
4,195,2879,5182,0.083148,0.085349
4,196,441,16844,0.059914,0.075935
4,197,29900,428902,0.103286,0.099560
4,198,224,2904,0.075005,0.078884
4,199,28065,134365,0.081372,0.077387
4,200,2767,119809,0.084506,0.085810
4,201,10621,159829,0.090419,0.088454
4,202,2712,15351,0.098092,0.077488
4,203,3316,55796,0.076409,0.081127
4,204,310208,1261062,0.119020,0.125567
4,205,1587,12750,0.063014,0.076796
4,206,298319,731641,0.094435,0.084262
4,207,16,410,0.062057,0.070520
4,208,220,73,0.089119,0.081556
4,209,4,5929,0.060547,0.088007
4,210,17888,3586,0.067934,0.069990
4,211,19161,452851,0.088972,0.088923
4,212,675,364390,0.080657,0.082302
4,213,32950,196684,0.087685,0.095975
4,214,55,0,0.058381,0.000000
4,215,2782,130295,0.073137,0.080414
4,216,2177,517689,0.065894,0.077546
4,217,12573,25611,0.072947,0.074880
4,218,17345,99832,0.126933,0.156502
4,219,31,14,0.069318,0.054653
4,220,56,14023,0.081395,0.081540
4,221,775,2631,0.067970,0.070138
4,222,30471,147690,0.135643,0.123078
4,223,246,6803,0.070114,0.065057
4,224,47817,617868,0.074289,0.092444
4,225,26430,251696,0.089851,0.089796
4,226,33,3265,0.052801,0.065625
4,227,5480,16490,0.079750,0.075791
4,228,8553,283474,0.078609,0.097723
4,229,22,16887,0.061401,0.065124
4,230,397,31614,0.061161,0.073843
4,231,62,4068,0.089174,0.073287
4,232,107,1042,0.076348,0.067241
4,233,5969,7178,0.056726,0.075264
4,234,3100,196281,0.081720,0.085906
4,235,73972,497831,0.134461,0.128267
4,236,50,24371,0.068940,0.071862
4,237,514,5322,0.082591,0.079801
4,238,31514,139596,0.068608,0.071692
4,239,5460,49962,0.079575,0.100082
4,240,30265,101986,0.118452,0.120363
4,241,10741,20338,0.083978,0.083017
4,242,64843,270650,0.117097,0.132058
4,243,81,973,0.069411,0.074271
4,244,41,8541,0.077137,0.071514
4,245,884,19801,0.071306,0.094828
4,246,104151,415741,0.098155,0.146027
4,247,18020,109476,0.099777,0.122448
4,248,19406,273673,0.082302,0.080154
4,249,71177,75521,0.083771,0.084297
4,250,12838,599967,0.076867,0.081900
4,251,3717,560,0.074298,0.074297
4,252,144,328,0.080722,0.073404
4,253,7,238,0.039725,0.046050
4,254,1979,3520,0.073597,0.090072
4,255,12,129,0.102400,0.069488
4,256,7371,286047,0.092405,0.085077
4,257,5129,264825,0.081862,0.094924
4,258,35144,160398,0.105706,0.122158
4,259,12648,445925,0.082961,0.086275
4,260,167,109,0.075402,0.059511
4,261,123,75076,0.096690,0.085625
4,262,24447,294241,0.060861,0.073507
4,263,424,10046,0.093332,0.080493
4,264,245,31480,0.073590,0.071930
4,265,163,151,0.056196,0.057985
4,266,14890,331773,0.054981,0.096131
4,267,899,523138,0.082099,0.088941
4,268,26859,39502,0.086213,0.085928
4,269,12523,339113,0.091487,0.095865
4,270,148,2353,0.066450,0.068520
4,271,17559,137113,0.061308,0.065128
4,272,1381,2307,0.079219,0.081415
4,273,646,31147,0.062936,0.076430
4,274,53,137832,0.064137,0.088226
4,275,530,202,0.095402,0.100800
4,276,20927,167741,0.106209,0.113079
4,277,4,22,0.073486,0.056752
4,278,39730,305175,0.099871,0.095000
4,279,13154,320715,0.081933,0.086462
4,280,68347,518960,0.103087,0.113970
4,281,393,10967,0.062129,0.076873
4,282,7087,274044,0.083575,0.088111
4,283,12632,80428,0.070585,0.083779
4,284,84416,394977,0.090658,0.087554
4,285,5825,67529,0.089435,0.138953
4,286,8995,180745,0.086103,0.091502
4,287,161,16,0.074657,0.071716
4,288,123,37,0.077149,0.069989
4,289,676,7270,0.068767,0.066537
4,290,1210,127335,0.073488,0.100644
4,291,18272,339,0.063002,0.074268
4,292,10877,98365,0.066850,0.085909
4,293,47894,617111,0.095609,0.107098
4,294,2,0,0.047729,0.000000
4,295,8016,316657,0.085952,0.091401
4,296,283,196307,0.073561,0.083472
4,297,271,4293,0.068254,0.081976
4,298,1200,14342,0.077768,0.083740
4,299,10976,124158,0.098477,0.100082
4,300,19817,197695,0.093873,0.085065
4,301,4914,187235,0.101689,0.083997
4,302,1478,83869,0.087697,0.086771
4,303,51782,313049,0.091095,0.101210
4,304,13434,162256,0.098704,0.124080
4,305,350,7666,0.068028,0.074850
4,306,109,3,0.053173,0.099447
4,307,8733,80265,0.091947,0.121158
4,308,1,332,0.086426,0.069718
4,309,26859,262455,0.089243,0.098174
4,310,8446,587187,0.087719,0.136481
4,311,4880,22982,0.109678,0.116549
4,312,82,58,0.061162,0.063352
4,313,14573,396207,0.090177,0.087346
4,314,19915,131426,0.091489,0.099794
4,315,2232,95367,0.069873,0.084244
4,316,154264,103998,0.096869,0.080075
4,317,1131,347,0.059176,0.052701
4,318,11,140,0.088756,0.064689
4,319,1028,7130,0.069758,0.075023
4,320,3915,128122,0.080795,0.080929
4,321,12441,300638,0.084550,0.088825
4,322,1972,31883,0.066907,0.088483
4,323,15255,324029,0.071870,0.086389
4,324,216372,37578,0.110450,0.068179
4,325,51,176,0.061815,0.062325
4,326,633,11147,0.084688,0.082665
4,327,2202,19,0.061826,0.056576
4,328,2927,1628,0.103767,0.082208
4,329,1036,243749,0.076967,0.091465
4,330,5329,106298,0.071283,0.069861
4,331,3456,9093,0.105916,0.104376
4,332,120238,641502,0.115343,0.123011
4,333,702,7634,0.078113,0.065701
4,334,114,66,0.074397,0.076464
4,335,254727,562874,0.086209,0.084250
4,336,6432,95696,0.106557,0.104870
4,337,11319,250472,0.080280,0.083435
4,338,7,4,0.049386,0.069031
4,339,6940,3159,0.097275,0.078753
4,340,9048,242775,0.082945,0.086146
4,341,136,1533,0.071695,0.076238
4,342,11289,289063,0.095498,0.098803
4,343,19225,475022,0.110403,0.120088
4,344,10245,70560,0.092669,0.081140
4,345,338,196043,0.080071,0.134820
4,346,11955,89040,0.068449,0.072698
4,347,6872,251371,0.104820,0.094045
4,348,19,18,0.066830,0.055623
4,349,11335,209461,0.067754,0.090286
4,350,16381,38278,0.081728,0.059226
4,351,42835,193779,0.066438,0.073661
4,352,16427,355640,0.086189,0.090628
4,353,153624,843456,0.111923,0.117138
4,354,10649,153489,0.096718,0.104001
4,355,5468,113826,0.085664,0.107668
4,356,560,44312,0.076592,0.068018
4,357,6227,303683,0.089784,0.109899
4,358,7573,426921,0.088420,0.097673
4,359,1995,2564,0.083739,0.087499
4,360,1737,161666,0.066697,0.077336
4,361,8447,93700,0.077755,0.082292
4,362,2317,703177,0.081250,0.123283
4,363,55999,278785,0.079409,0.092984
4,364,19,2,0.087091,0.066162
4,365,39179,613147,0.158274,0.101771
4,366,20,2,0.087244,0.050171
4,367,27883,137427,0.107316,0.095412
4,368,592,9723,0.079487,0.079886
4,369,4,0,0.065918,0.000000
4,370,4579,297926,0.082872,0.088122
4,371,1448,42047,0.062588,0.059779
4,372,11823,55764,0.083933,0.088240
4,373,720,23238,0.088917,0.073094
4,374,47770,197326,0.085167,0.093561
4,375,436,1971,0.069281,0.062194
4,376,29335,235314,0.089775,0.110568
4,377,9129,142453,0.088066,0.089547
4,378,4505,153118,0.079841,0.096286
4,379,23530,2509,0.141054,0.145737
4,380,73369,78692,0.076255,0.069185
4,381,21991,273195,0.064582,0.074706
4,382,12133,51566,0.073917,0.070974
4,383,158,293292,0.074895,0.091580
4,384,481,7712,0.079732,0.080158
4,385,10555,183903,0.082589,0.085090
4,386,3742,161616,0.059527,0.075442
4,387,8943,7788,0.108764,0.106551
4,388,2345,88011,0.084575,0.083371
4,389,10724,203378,0.072276,0.071886
4,390,46523,376232,0.136503,0.170112
4,391,17749,332993,0.080379,0.082848
4,392,52,12421,0.057810,0.068201
4,393,243,371,0.079296,0.075564
4,394,102,15,0.061027,0.072266
4,395,280,148093,0.060883,0.086438
4,396,3,48,0.060140,0.057505
4,397,3874,232125,0.085558,0.092667
4,398,2366,294264,0.078266,0.096692
4,399,25545,147567,0.092077,0.100184
4,400,32485,176718,0.072959,0.088921
4,401,164,11725,0.057907,0.074910
4,402,1144,107762,0.065208,0.071303
4,403,65,40,0.099352,0.089093
4,404,8410,78936,0.089110,0.090074
4,405,485,191,0.074580,0.070499
4,406,476464,191111,0.116137,0.077183
4,407,33441,3175,0.134091,0.126090
4,408,16,13,0.079239,0.081524
4,409,12299,71775,0.106888,0.111982
4,410,784,74647,0.073735,0.079889
4,411,871,107314,0.083169,0.085706
4,412,81,8995,0.060781,0.073447
4,413,74,666,0.064127,0.069488
4,414,11259,131122,0.063583,0.078495
4,415,1372,16240,0.077061,0.093716
4,416,7074,169836,0.082879,0.086918
4,417,40252,198747,0.119859,0.156721
4,418,2744,10318,0.071969,0.069416
4,419,3186,384685,0.054508,0.076205
4,420,8671,169288,0.100813,0.084827
4,421,453,66969,0.076775,0.087386
4,422,887,7802,0.078000,0.078462
4,423,0,13,0.000000,0.057918
4,424,41681,4891,0.103025,0.092776
4,425,2895,59197,0.069615,0.080246
4,426,890,2626,0.066725,0.066943
4,427,5868,224,0.075135,0.071152
4,428,227,85,0.063757,0.062523
4,429,511,29435,0.074072,0.087469
4,430,6276,96489,0.071253,0.077330
4,431,11110,89120,0.087555,0.111601
4,432,16800,70234,0.093352,0.083027
4,433,5563,475083,0.071400,0.085672
4,434,4815,339174,0.088311,0.091683
4,435,8211,628672,0.092755,0.088771
4,436,189215,596692,0.098710,0.092165
4,437,160538,300859,0.092210,0.085617
4,438,123452,332571,0.099528,0.081317
4,439,7280,124931,0.086431,0.088982
4,440,342,154,0.094435,0.075717
4,441,57718,235721,0.084376,0.085040
4,442,25,11,0.054170,0.067560
4,443,7,1,0.071777,0.077637
4,444,6309,12214,0.089218,0.077154
4,445,828,17177,0.103622,0.084631
4,446,975,159978,0.084364,0.086152
4,447,37491,164755,0.113992,0.115087
4,448,153832,5280,0.114864,0.068911
4,449,1311,199112,0.090292,0.140736
4,450,700,513,0.065640,0.072278
4,451,3814,200991,0.115808,0.122394
4,452,24383,195905,0.081763,0.091358
4,453,7987,196981,0.075255,0.079698
4,454,10751,484,0.094734,0.070283
4,455,4871,192746,0.082457,0.087597
4,456,176,45,0.073899,0.074523
4,457,13750,21747,0.072995,0.074415
4,458,4271,29944,0.091313,0.092801
4,459,10955,535154,0.089682,0.090316
4,460,21124,46191,0.088648,0.086715
4,461,51270,303424,0.102527,0.117269
4,462,601,11291,0.081139,0.098084
4,463,6841,20163,0.097175,0.088523
4,464,2177,196852,0.076878,0.086930
4,465,153,114,0.085853,0.086582
4,466,53059,7733,0.081099,0.067299
4,467,135,36,0.079012,0.072300
4,468,3704,396875,0.081988,0.093780
4,469,8119,85065,0.117581,0.135152
4,470,16471,331946,0.083634,0.088746
4,471,77667,65736,0.068584,0.066658
4,472,5211,692565,0.089439,0.102712
4,473,8881,18615,0.089171,0.080830
4,474,30,8077,0.069645,0.080293
4,475,1445,15752,0.112692,0.099559
4,476,12187,541722,0.092404,0.099219
4,477,36329,203436,0.095804,0.111739
4,478,1632,4318,0.076168,0.080052
4,479,53282,318512,0.109899,0.115419
4,480,121652,219685,0.108488,0.097552
4,481,2517,68201,0.071919,0.103998
4,482,19828,340851,0.114410,0.085090
4,483,730,2444,0.092884,0.076412
4,484,1938,211305,0.097231,0.088738
4,485,8650,305925,0.065822,0.083071
4,486,294,5267,0.067359,0.076749
4,487,10227,94791,0.104707,0.098912
4,488,474,178,0.075195,0.077379
4,489,2498,4740,0.102316,0.090430
4,490,81,579,0.075578,0.071004
4,491,384,489,0.078697,0.066242
4,492,1446,61574,0.075778,0.088268
4,493,1352,66292,0.089693,0.081845
4,494,78361,121017,0.102855,0.102249
4,495,364,48,0.092903,0.063042
4,496,2,349,0.056274,0.067031
4,497,80,29,0.064157,0.061380
4,498,2597,789160,0.069409,0.132132
4,499,19540,195192,0.086988,0.140289
4,500,41927,188885,0.101765,0.122480
4,501,42437,385070,0.103745,0.134577
4,502,81161,233448,0.111062,0.122017
4,503,12206,112997,0.088764,0.086985
4,504,8201,100239,0.116091,0.118521
4,505,2568,84700,0.065692,0.077612
4,506,238,296,0.069797,0.057978
4,507,6164,19206,0.087623,0.085118
4,508,10144,226097,0.101056,0.094230
4,509,42894,400620,0.130282,0.117311
4,510,568,14930,0.057966,0.066562
4,511,189618,18746,0.097477,0.074346
5,0,17775,210765,nan,nan
5,1,17736,210738,nan,nan
5,2,20732,218621,nan,nan
5,3,120003,742453,nan,nan
5,4,18204,217123,nan,nan
5,5,38988,358016,nan,nan
5,6,21917,359057,nan,nan
5,7,25137,477491,nan,nan
5,8,18710,262108,nan,nan
5,9,19744,289639,nan,nan
5,10,15571,101264,0.101254,0.099947
5,11,456,22623,0.072478,0.062025
5,12,17001,211481,0.080449,0.086812
5,13,1,3576,0.061035,0.071658
5,14,6878,199257,0.098922,0.089535
5,15,25278,5685,0.081369,0.084899
5,16,13050,93289,0.117954,0.097043
5,17,17174,250765,0.064473,0.083890
5,18,1253,54035,0.069650,0.078595
5,19,8762,474747,0.077779,0.088477
5,20,341,452,0.073041,0.067212
5,21,33882,229356,0.074739,0.139966
5,22,6485,18842,0.064602,0.056659
5,23,23,8302,0.071926,0.063019
5,24,26354,222046,0.079647,0.081687
5,25,12297,81592,0.118908,0.134821
5,26,5291,17313,0.078935,0.097252
5,27,1096,3851,0.067626,0.066975
5,28,59536,643351,0.136948,0.151419
5,29,21849,82303,0.100767,0.103034
5,30,751,7,0.057509,0.060198
5,31,22071,252791,0.070149,0.106800
5,32,2,0,0.073120,0.000000
5,33,82619,451940,0.110638,0.101949
5,34,12443,524217,0.090514,0.099702
5,35,28543,216375,0.089834,0.100720
5,36,542,204,0.066825,0.062092
5,37,11332,427358,0.084127,0.114665
5,38,7820,102627,0.124528,0.146847
5,39,949,256528,0.076989,0.092109
5,40,61,112,0.061463,0.060737
5,41,8604,229745,0.070852,0.080732
5,42,646,1731,0.066614,0.064808
5,43,8688,223565,0.082789,0.085263
5,44,144,2444,0.059447,0.054445
5,45,113,10068,0.063930,0.052761
5,46,474612,326353,0.127408,0.084896
5,47,14073,537891,0.103800,0.084654
5,48,48197,210096,0.113562,0.115413
5,49,101,69,0.065063,0.071846
5,50,9629,8232,0.065017,0.071269
5,51,105523,406530,0.094584,0.108287
5,52,113,6697,0.051945,0.055600
5,53,277,1465,0.061779,0.067062
5,54,25324,270508,0.099111,0.098501
5,55,47156,481009,0.073826,0.093792
5,56,112,41,0.071022,0.071617
5,57,769,37430,0.061951,0.068287
5,58,638,3843,0.073668,0.065164
5,59,4660,162439,0.108296,0.110839
5,60,12,4598,0.065481,0.078792
5,61,4198,52545,0.078524,0.077087
5,62,55013,232223,0.085937,0.103545
5,63,14198,244262,0.078074,0.084805
5,64,5544,87525,0.141138,0.075942
5,65,10742,234592,0.076879,0.082725
5,66,9595,94923,0.081298,0.087478
5,67,284,82,0.063698,0.055083
5,68,21003,77707,0.084657,0.092779
5,69,1024,45919,0.073511,0.079370
5,70,7624,153488,0.108514,0.089128
5,71,277,667,0.061883,0.060604
5,72,23772,60091,0.106627,0.096784
5,73,973,299885,0.091966,0.120622
5,74,6595,77085,0.068956,0.070169
5,75,14902,247589,0.082338,0.084225
5,76,37830,145434,0.084298,0.097402
5,77,13641,762991,0.082918,0.105286
5,78,4503,62225,0.055056,0.065089
5,79,4117,238810,0.094672,0.087568
5,80,236,49037,0.071229,0.075296
5,81,153,8562,0.070806,0.069791
5,82,206,1802,0.088674,0.076988
5,83,151,223,0.065670,0.066927
5,84,27795,314183,0.090126,0.107565
5,85,445,454,0.084294,0.078282
5,86,9416,30461,0.086331,0.077242
5,87,16172,177356,0.085486,0.084610
5,88,5267,20413,0.060078,0.063525
5,89,151542,113894,0.160950,0.090441
5,90,10960,49571,0.109211,0.111919
5,91,3764,311233,0.066284,0.080820
5,92,18003,131450,0.106434,0.102704
5,93,158,61,0.089308,0.070212
5,94,6,0,0.045939,0.000000
5,95,73518,65491,0.112324,0.067355
5,96,2089,199891,0.071882,0.081717
5,97,3397,312412,0.065766,0.079886
5,98,83485,186559,0.086582,0.095473
5,99,7287,342798,0.082951,0.085117
5,100,25729,199913,0.088025,0.091587
5,101,14294,264394,0.091668,0.111498
5,102,42458,183637,0.127720,0.094348
5,103,234656,478492,0.114286,0.093951
5,104,141,19,0.074973,0.064569
5,105,210244,266427,0.065087,0.067389
5,106,128021,408075,0.080364,0.085344
5,107,259,242,0.068586,0.072894
5,108,39950,288645,0.105826,0.097688
5,109,28639,426446,0.081346,0.100283
5,110,13308,200076,0.069367,0.071813
5,111,29069,101269,0.088257,0.087168
5,112,2171,90654,0.072027,0.077260
5,113,471,7485,0.072301,0.075156
5,114,275,2650,0.076339,0.064982
5,115,101,7485,0.063213,0.072401
5,116,4321,4143,0.071123,0.060516
5,117,11949,355340,0.068185,0.090047
5,118,176,199,0.071148,0.069051
5,119,377,277407,0.082363,0.089940
5,120,14435,474022,0.090036,0.103935
5,121,2086,30070,0.081530,0.087467
5,122,20138,104215,0.141446,0.149007
5,123,15247,138932,0.090537,0.097018
5,124,75513,146260,0.089028,0.085932
5,125,15572,172658,0.100075,0.095416
5,126,12880,567274,0.083382,0.086250
5,127,38665,172502,0.061536,0.082276
5,128,805,140539,0.069295,0.081740
5,129,9491,171954,0.093975,0.081596
5,130,6693,23586,0.073274,0.082816
5,131,16389,66685,0.070315,0.096523
5,132,9347,336447,0.089036,0.120392
5,133,766,24395,0.082846,0.090519
5,134,860,7060,0.062952,0.082024
5,135,43,2096,0.073083,0.059036
5,136,2510,34508,0.067306,0.075149
5,137,2099,9296,0.074718,0.060154
5,138,15527,198179,0.080100,0.094549
5,139,376,12988,0.064843,0.085319
5,140,1651,25749,0.070231,0.071260
5,141,74,84,0.084651,0.080822
5,142,16184,89455,0.070884,0.092540
5,143,15789,230453,0.090800,0.106183
5,144,96253,88207,0.123134,0.102509
5,145,29298,599602,0.087727,0.180864
5,146,11058,158084,0.081522,0.084796
5,147,7214,52580,0.076987,0.084389
5,148,9058,52457,0.081100,0.072068
5,149,6450,91225,0.081789,0.058964
5,150,10,0,0.063159,0.000000
5,151,43132,44618,0.065792,0.065146
5,152,36992,497372,0.087836,0.097441
5,153,2710,103195,0.068544,0.077874
5,154,254,5171,0.066103,0.065205
5,155,796,4673,0.077675,0.076535
5,156,649,3443,0.072293,0.067245
5,157,53268,266173,0.068675,0.078254
5,158,40,16076,0.069150,0.061896
5,159,41381,277958,0.087176,0.101599
5,160,79193,441922,0.072442,0.078728
5,161,1181,63500,0.078565,0.078316
5,162,432,191,0.054310,0.075786
5,163,1518,58014,0.072707,0.080221
5,164,4971,74702,0.085477,0.085031
5,165,6283,2164,0.079260,0.059813
5,166,5103,87533,0.074738,0.084325
5,167,41049,223840,0.098450,0.121597
5,168,793,24654,0.078555,0.108533
5,169,1953,163579,0.081032,0.109534
5,170,3043,86697,0.066686,0.079347
5,171,2686,27705,0.069623,0.063085
5,172,11687,367370,0.112260,0.082053
5,173,42256,418832,0.094987,0.147651
5,174,1839,148677,0.078359,0.080148
5,175,675,11314,0.079473,0.080626
5,176,2011,90405,0.086262,0.092433
5,177,15004,202962,0.090567,0.097403
5,178,9429,283292,0.059055,0.091500
5,179,157,211487,0.075838,0.086197
5,180,13449,21285,0.131136,0.063803
5,181,1151,37236,0.067151,0.063980
5,182,53165,358513,0.075553,0.083268
5,183,5484,22805,0.069816,0.076299
5,184,1657,4119,0.064590,0.067557
5,185,1671,27769,0.079955,0.078658
5,186,4011,127814,0.077311,0.094906
5,187,3108,84908,0.071222,0.086889
5,188,9615,486959,0.090406,0.099195
5,189,2107,23135,0.073845,0.094412
5,190,16,118,0.060013,0.053331
5,191,374,65386,0.062710,0.062493
5,192,2953,44730,0.073720,0.072097
5,193,7700,14944,0.079939,0.076869
5,194,6910,238046,0.091432,0.089064
5,195,44905,13115,0.111885,0.078137
5,196,23350,411121,0.108963,0.109036
5,197,644,2417,0.080661,0.076993
5,198,33340,119619,0.117565,0.104501
5,199,301,1369,0.066392,0.063750
5,200,13738,165708,0.127787,0.117811
5,201,4610,73054,0.077819,0.076696
5,202,1278,4419,0.070428,0.069733
5,203,11673,96915,0.084390,0.119663
5,204,17730,229576,0.091661,0.108737
5,205,6082,207896,0.081870,0.091615
5,206,5,31234,0.059229,0.069348
5,207,10181,56606,0.117666,0.107953
5,208,17156,38316,0.064339,0.093971
5,209,122261,258893,0.089764,0.094447
5,210,87272,445523,0.100389,0.092622
5,211,92640,229796,0.141527,0.139950
5,212,50791,289173,0.094685,0.113691
5,213,2,6094,0.068604,0.077899
5,214,552,96465,0.071979,0.077305
5,215,744,342,0.063672,0.070689
5,216,82429,258116,0.115974,0.125996
5,217,1,2,0.056885,0.058472
5,218,41,21418,0.062822,0.084359
5,219,13217,338145,0.092515,0.080910
5,220,9913,102570,0.087025,0.073372
5,221,1053,52323,0.075032,0.060046
5,222,635,96592,0.061646,0.066783
5,223,1190,557275,0.074799,0.082284
5,224,7149,104749,0.062597,0.072395
5,225,563,308,0.069623,0.067447
5,226,19216,145981,0.126815,0.140751
5,227,4231,46175,0.069323,0.086433
5,228,314,8013,0.081050,0.068326
5,229,68544,194327,0.106779,0.105462
5,230,6647,161528,0.084699,0.123035
5,231,7138,42081,0.081864,0.077298
5,232,1171,37,0.076700,0.073783
5,233,1083,41813,0.090428,0.102385
5,234,10117,473338,0.076853,0.091391
5,235,87,66040,0.055953,0.076346
5,236,6311,70254,0.087701,0.118740
5,237,9961,13382,0.064412,0.064785
5,238,48093,137509,0.079256,0.064933
5,239,11828,113826,0.076050,0.081062
5,240,14837,128788,0.091003,0.098689
5,241,3670,38600,0.090957,0.081992
5,242,9259,95600,0.093097,0.105235
5,243,12138,149453,0.063003,0.071108
5,244,62,23,0.071043,0.068911
5,245,2150,549266,0.084443,0.084806
5,246,72640,74011,0.077308,0.078008
5,247,937,2423,0.084432,0.076770
5,248,458,363577,0.077570,0.083011
5,249,2387,6345,0.083667,0.067849
5,250,11665,97066,0.108420,0.122242
5,251,28,4246,0.057107,0.071724
5,252,58,18442,0.073497,0.076768
5,253,6611,149811,0.087481,0.091443
5,254,30288,145328,0.111894,0.095152
5,255,1716,17301,0.082348,0.075390
5,256,19699,123162,0.097833,0.116596
5,257,23897,237583,0.071653,0.086588
5,258,692,1841,0.071357,0.059676
5,259,21577,134945,0.092422,0.099894
5,260,0,9,0.000000,0.072103
5,261,24407,271073,0.119320,0.109270
5,262,10316,35982,0.075913,0.074170
5,263,10895,12402,0.098162,0.084266
5,264,7318,95256,0.074114,0.078519
5,265,7987,6829,0.073256,0.068488
5,266,15095,558236,0.082126,0.088316
5,267,15987,141106,0.064901,0.076921
5,268,52,177906,0.071888,0.096225
5,269,52162,515300,0.085574,0.101252
5,270,66374,240742,0.094259,0.103918
5,271,262,639,0.064015,0.053254
5,272,3866,898,0.079711,0.080954
5,273,9932,362224,0.074957,0.159803
5,274,44541,91132,0.086813,0.082505
5,275,5,8653,0.058105,0.068588
5,276,28073,263497,0.126968,0.123008
5,277,19422,240,0.082036,0.043923
5,278,2409,25304,0.066380,0.069745
5,279,10790,393430,0.086868,0.093939
5,280,5403,71690,0.086724,0.077861
5,281,465,6384,0.102175,0.066003
5,282,7152,148167,0.081969,0.085795
5,283,85411,14054,0.115526,0.044764
5,284,1192,2811,0.083666,0.087997
5,285,8825,139873,0.096995,0.131523
5,286,1033,105,0.078216,0.076774
5,287,108494,308184,0.095221,0.086584
5,288,26756,894,0.049197,0.049352
5,289,51528,268862,0.088287,0.097166
5,290,14754,190367,0.104507,0.137168
5,291,11190,98286,0.082154,0.078294
5,292,10,0,0.061084,0.000000
5,293,162,5858,0.065968,0.074185
5,294,3076,49,0.078614,0.065868
5,295,14114,37691,0.075531,0.073905
5,296,19448,439008,0.098246,0.096012
5,297,17013,156308,0.094341,0.104867
5,298,6676,127433,0.085759,0.123767
5,299,229679,725881,0.147457,0.097406
5,300,30871,228673,0.055029,0.061761
5,301,9320,24882,0.079317,0.084953
5,302,75061,597738,0.099016,0.111781
5,303,50043,297952,0.099470,0.108296
5,304,7022,247529,0.061543,0.069910
5,305,21,27,0.057838,0.060836
5,306,12078,40290,0.095927,0.096221
5,307,61,320015,0.069192,0.075865
5,308,16873,174190,0.093734,0.098159
5,309,25066,183135,0.140484,0.161232
5,310,2623,80358,0.072512,0.077019
5,311,20861,125731,0.080392,0.079713
5,312,452,25800,0.075879,0.072395
5,313,47037,314877,0.134340,0.119755
5,314,13866,174247,0.049134,0.099663
5,315,14387,95003,0.118960,0.140148
5,316,1011,3732,0.066110,0.066924
5,317,3504,49808,0.078883,0.080950
5,318,59,183,0.059446,0.048094
5,319,17318,101888,0.076037,0.075571
5,320,12149,243488,0.070781,0.073625
5,321,6154,195419,0.070938,0.069241
5,322,24241,437263,0.107328,0.096066
5,323,7512,208939,0.082236,0.084529
5,324,63041,64576,0.102723,0.073990
5,325,31745,232606,0.082983,0.083807
5,326,14542,117907,0.113296,0.127942
5,327,37601,492404,0.083353,0.093029
5,328,1075,12912,0.095130,0.067830
5,329,1443,2906,0.053044,0.054760
5,330,394,61816,0.082196,0.103946
5,331,29916,247364,0.071708,0.088083
5,332,17898,69338,0.124032,0.122716
5,333,3877,78779,0.085994,0.096351
5,334,16563,231452,0.105345,0.085294
5,335,4056,109661,0.147285,0.131526
5,336,8716,331294,0.103535,0.099553
5,337,1615,52802,0.110601,0.138309
5,338,1445,2459,0.071513,0.071518
5,339,41,2529,0.089448,0.065922
5,340,88,12437,0.062875,0.070596
5,341,621,5079,0.074586,0.067209
5,342,158481,157873,0.088005,0.114658
5,343,1502,265934,0.076390,0.079853
5,344,65507,859328,0.078150,0.107872
5,345,426,10150,0.065665,0.069838
5,346,2258,207218,0.078756,0.101502
5,347,228,4937,0.062283,0.067329
5,348,16248,167520,0.124077,0.099358
5,349,3678,164300,0.096860,0.087565
5,350,2292,51606,0.062844,0.067530
5,351,625,23266,0.059538,0.070929
5,352,134333,624999,0.106483,0.112160
5,353,74771,109710,0.085485,0.095684
5,354,212,3575,0.058887,0.063411
5,355,33993,414857,0.079381,0.145873
5,356,36514,317004,0.080930,0.086287
5,357,120850,273311,0.083794,0.093827
5,358,3826,11323,0.067092,0.058484
5,359,21686,311767,0.124792,0.109811
5,360,408,4208,0.071377,0.063446
5,361,9440,464835,0.082400,0.091247
5,362,251,1915,0.068812,0.066127
5,363,23456,93345,0.108568,0.100414
5,364,22304,191726,0.112324,0.110670
5,365,80,53,0.072125,0.056539
5,366,32997,22043,0.099040,0.076565
5,367,4873,37665,0.095635,0.104498
5,368,5696,70528,0.095616,0.093522
5,369,164,482,0.083323,0.068039
5,370,24903,246140,0.095058,0.098439
5,371,8366,200114,0.079791,0.105791
5,372,1096,323302,0.073497,0.082684
5,373,810,31188,0.086346,0.062670
5,374,313,298557,0.062199,0.082691
5,375,14042,109807,0.092681,0.125475
5,376,951,83505,0.079464,0.077161
5,377,13098,139693,0.072868,0.076255
5,378,11935,130467,0.075457,0.088439
5,379,2098,281309,0.063082,0.076147
5,380,1585,9759,0.069254,0.071646
5,381,16485,385160,0.078785,0.101342
5,382,21450,2050,0.102892,0.100179
5,383,14732,91520,0.112614,0.119684
5,384,355,9100,0.083893,0.094118
5,385,6012,517791,0.066841,0.123575
5,386,311962,460399,0.110002,0.093441
5,387,27158,1251,0.102187,0.127791
5,388,3300,38818,0.047174,0.059030
5,389,34679,158281,0.086235,0.073080
5,390,6822,243988,0.083658,0.084764
5,391,2163,508859,0.073411,0.086994
5,392,13396,398935,0.113232,0.083287
5,393,15635,162408,0.089661,0.096551
5,394,10587,207802,0.080944,0.086804
5,395,46406,544592,0.148787,0.173433
5,396,50989,325845,0.094663,0.183144
5,397,81706,247157,0.081539,0.098503
5,398,4135,236342,0.082869,0.087415
5,399,41634,103645,0.104855,0.115685
5,400,22728,155921,0.099740,0.169252
5,401,4531,76,0.056579,0.048406
5,402,5070,15673,0.080934,0.078974
5,403,3790,133365,0.066363,0.080961
5,404,459,53565,0.074508,0.093565
5,405,9160,123023,0.105235,0.083118
5,406,5876,73850,0.085553,0.114914
5,407,263,1994,0.080501,0.059574
5,408,8659,398133,0.090345,0.096181
5,409,444,164669,0.078679,0.081507
5,410,69,47532,0.056545,0.080140
5,411,259,72,0.078213,0.064216
5,412,227,59061,0.062153,0.069101
5,413,59554,440389,0.097668,0.100243
5,414,694,116901,0.078283,0.098882
5,415,4953,29391,0.069261,0.072957
5,416,9,135933,0.056478,0.115808
5,417,2864,81650,0.081400,0.082301
5,418,15621,177251,0.120996,0.100245
5,419,8563,2816,0.085542,0.075948
5,420,11438,113160,0.078608,0.089817
5,421,5,264,0.064844,0.071482
5,422,6000,58341,0.077109,0.087103
5,423,28285,400575,0.083655,0.102506
5,424,26177,293467,0.078852,0.084042
5,425,139,3783,0.075432,0.080114
5,426,25655,894860,0.087680,0.114563
5,427,19881,157712,0.110511,0.094536
5,428,2561,37136,0.082871,0.084112
5,429,18905,172478,0.073178,0.103918
5,430,5294,330484,0.094669,0.092502
5,431,15051,118003,0.097580,0.115195
5,432,6870,45710,0.084009,0.094128
5,433,6,3,0.049520,0.052572
5,434,6493,122201,0.080862,0.076489
5,435,130,70,0.083828,0.090252
5,436,41400,359747,0.105017,0.124738
5,437,87503,291448,0.091880,0.077214
5,438,3648,3,0.065059,0.076172
5,439,8108,604111,0.095303,0.099657
5,440,4593,626655,0.079850,0.084865
5,441,646,4492,0.078514,0.076275
5,442,8032,96774,0.094410,0.102074
5,443,2446,51048,0.080692,0.095348
5,444,14340,365496,0.079535,0.086842
5,445,11981,307123,0.089664,0.126144
5,446,1868,211292,0.069225,0.091801
5,447,82,270,0.061391,0.074260
5,448,49013,412928,0.092474,0.119487
5,449,350,2231,0.062655,0.058089
5,450,40975,11218,0.134435,0.110826
5,451,30000,111270,0.099109,0.096609
5,452,192,296797,0.060530,0.091063
5,453,111,1625,0.095886,0.071062
5,454,29095,459335,0.106254,0.142884
5,455,6116,157000,0.155871,0.158205
5,456,10,22,0.058081,0.077234
5,457,17708,95976,0.099377,0.095100
5,458,10633,82154,0.095931,0.106905
5,459,8359,305328,0.075925,0.089197
5,460,57038,288511,0.090762,0.106465
5,461,739,2028,0.074957,0.070952
5,462,10692,148626,0.091085,0.095988
5,463,12364,78103,0.091749,0.092561
5,464,64586,713844,0.104658,0.128473
5,465,204,193,0.070511,0.067836
5,466,7239,123792,0.095270,0.089962
5,467,143994,168300,0.110699,0.074897
5,468,14209,238914,0.074573,0.086987
5,469,124,3166,0.066572,0.071515
5,470,38,87,0.057697,0.066089
5,471,2135,16197,0.055696,0.070527
5,472,143941,671239,0.127897,0.112850
5,473,11700,307264,0.075084,0.081358
5,474,641,139841,0.085532,0.088471
5,475,2,0,0.053833,0.000000
5,476,5309,111854,0.088206,0.094450
5,477,144185,768775,0.099323,0.106878
5,478,28,70,0.063747,0.060986
5,479,21830,104264,0.078903,0.088684
5,480,22863,88463,0.112188,0.119117
5,481,22243,153537,0.088618,0.089880
5,482,42029,494683,0.099671,0.117299
5,483,10687,132936,0.056128,0.082547
5,484,27732,376408,0.076028,0.107876
5,485,130,1,0.057993,0.052979
5,486,1361,620140,0.130397,0.097983
5,487,213949,623710,0.145795,0.136306
5,488,5187,46795,0.066152,0.081350
5,489,0,1,0.000000,0.064941
5,490,47762,340249,0.080509,0.099763
5,491,2932,107359,0.100591,0.116340
5,492,711,339426,0.079063,0.088619
5,493,13275,8313,0.094842,0.077001
5,494,0,1,0.000000,0.044678
5,495,94,10587,0.081566,0.058310
5,496,15468,142531,0.094482,0.092774
5,497,7455,73142,0.077763,0.078003
5,498,2085,16863,0.097863,0.103019
5,499,25313,187127,0.083012,0.094331
5,500,29455,181778,0.128904,0.136904
5,501,4725,53081,0.095656,0.086411
5,502,12964,73860,0.051387,0.061094
5,503,6650,349517,0.068583,0.077041
5,504,9531,162737,0.084532,0.087071
5,505,7038,99274,0.086894,0.095761
5,506,2162,2850,0.089354,0.075952
5,507,4473,32040,0.068864,0.077895
5,508,319,2450,0.063546,0.064558
5,509,20372,219231,0.105046,0.106756
5,510,22657,346707,0.078976,0.094415
5,511,17430,71429,0.081127,0.080612
6,0,28892,278874,nan,nan
6,1,32171,373385,nan,nan
6,2,43395,524213,nan,nan
6,3,28167,286983,nan,nan
6,4,57294,243121,nan,nan
6,5,19208,246889,nan,nan
6,6,28587,328825,nan,nan
6,7,27641,290814,nan,nan
6,8,28767,263166,nan,nan
6,9,24336,219581,nan,nan
6,10,56630,326024,0.102237,0.097556
6,11,6554,58907,0.095383,0.115431
6,12,1680,15551,0.073282,0.075255
6,13,55984,288004,0.086610,0.099591
6,14,24748,4390,0.086812,0.106848
6,15,4288,144411,0.078310,0.084793
6,16,0,0,0.000000,0.000000
6,17,17,90,0.052135,0.059236
6,18,28724,237108,0.116495,0.119040
6,19,17142,300270,0.087813,0.092835
6,20,31204,156219,0.103316,0.102971
6,21,3477,35933,0.080802,0.082379
6,22,1007,7781,0.105047,0.098132
6,23,5506,81798,0.086803,0.086343
6,24,11803,114373,0.098301,0.099007
6,25,111,1070,0.076284,0.073420
6,26,19782,186173,0.086137,0.084157
6,27,19348,103862,0.119762,0.121376
6,28,43508,252212,0.073754,0.081904
6,29,9241,81789,0.110554,0.110482
6,30,11027,502358,0.089421,0.109911
6,31,20500,85023,0.100196,0.103325
6,32,74,108,0.057802,0.052496
6,33,35207,222706,0.089951,0.120688
6,34,44829,27051,0.086140,0.075400
6,35,1446,10092,0.078830,0.073999
6,36,51862,287062,0.097579,0.105732
6,37,6411,76247,0.091492,0.095275
6,38,6768,238932,0.082296,0.087285
6,39,5638,11922,0.087549,0.087372
6,40,354,17082,0.073486,0.090157
6,41,5169,10466,0.080532,0.067679
6,42,89841,398437,0.126147,0.117035
6,43,20003,288833,0.089778,0.089499
6,44,26731,190491,0.102744,0.100750
6,45,12381,93962,0.095236,0.118893
6,46,19460,37328,0.070358,0.078828
6,47,11115,126166,0.102466,0.121909
6,48,21539,231681,0.097361,0.094935
6,49,74430,485994,0.128880,0.120197
6,50,26373,126007,0.085220,0.084910
6,51,59297,335245,0.098382,0.105742
6,52,17433,162554,0.125938,0.086117
6,53,2771,85933,0.086127,0.104452
6,54,30687,184326,0.093987,0.098639
6,55,53818,528919,0.105519,0.133252
6,56,9744,30784,0.074313,0.069782
6,57,237,454,0.067917,0.077329
6,58,30676,225731,0.086904,0.101050
6,59,9164,64263,0.089718,0.080126
6,60,2826,28102,0.071350,0.085257
6,61,18190,236950,0.083995,0.086656
6,62,15708,79008,0.075635,0.081777
6,63,19400,100773,0.109698,0.104039
6,64,13690,54222,0.073608,0.092343
6,65,11154,170033,0.091555,0.092448
6,66,131,26,0.069908,0.073937
6,67,62,68,0.071157,0.064496
6,68,900,4488,0.072435,0.076167
6,69,21836,127960,0.100594,0.118678
6,70,14632,194201,0.092248,0.092488
6,71,7668,16151,0.083335,0.070476
6,72,100,15,0.066411,0.059180
6,73,37405,106157,0.132741,0.108963
6,74,50870,98205,0.181626,0.109458
6,75,3919,7203,0.095722,0.086447
6,76,27368,249940,0.096488,0.099548
6,77,42164,256047,0.111837,0.096470
6,78,26381,185936,0.100133,0.087906
6,79,5349,159080,0.076779,0.075284
6,80,7195,149861,0.085056,0.085018
6,81,2523,50389,0.082970,0.083487
6,82,4110,5902,0.094048,0.095946
6,83,15856,267402,0.095905,0.105870
6,84,60,375,0.056791,0.055883
6,85,48733,106064,0.088184,0.082931
6,86,10603,66922,0.117112,0.106306
6,87,7070,237588,0.083986,0.084655
6,88,9872,326779,0.087429,0.085605
6,89,25306,71046,0.084330,0.084186
6,90,2463,3141,0.090092,0.066957
6,91,9382,31692,0.101961,0.096290
6,92,7,207,0.050328,0.045001
6,93,18398,424147,0.095641,0.127704
6,94,26893,125717,0.120913,0.129014
6,95,15158,6328,0.045168,0.077167
6,96,3647,1318,0.087940,0.076169
6,97,29109,257092,0.093488,0.085889
6,98,837,5271,0.072674,0.062797
6,99,7761,190430,0.086261,0.087436
6,100,60008,346973,0.104423,0.115771
6,101,1262,11491,0.085648,0.071028
6,102,24631,261919,0.091553,0.114340
6,103,1239,6743,0.051590,0.067787
6,104,6279,10980,0.105471,0.088683
6,105,8532,212017,0.083635,0.087053
6,106,0,34,0.000000,0.044692
6,107,10747,284748,0.091611,0.088049
6,108,4,10207,0.046692,0.059480
6,109,1894,12772,0.076779,0.078436
6,110,88820,458887,0.112722,0.127088
6,111,45293,144419,0.087824,0.093906
6,112,39179,604791,0.088636,0.114378
6,113,43598,170479,0.106057,0.113118
6,114,17508,216670,0.096496,0.103706
6,115,5386,77673,0.108267,0.110798
6,116,14754,29515,0.078867,0.071363
6,117,5698,344324,0.079859,0.088660
6,118,95327,527984,0.124587,0.119093
6,119,48503,65416,0.084804,0.085055
6,120,28323,208244,0.083949,0.082074
6,121,7088,173397,0.091472,0.093779
6,122,4524,220553,0.085866,0.087939
6,123,636,12157,0.072554,0.081000
6,124,17081,217756,0.093463,0.090751
6,125,12675,3830,0.080896,0.076259
6,126,8967,50474,0.076397,0.077796
6,127,4615,22266,0.073501,0.077521
6,128,288,116,0.061142,0.060900
6,129,3654,365962,0.090663,0.111062
6,130,43151,217529,0.088273,0.087493
6,131,1148,1069,0.073198,0.072062
6,132,66,13714,0.063194,0.073145
6,133,24073,95342,0.120544,0.135837
6,134,2127,122984,0.082981,0.089511
6,135,16550,91218,0.063226,0.101493
6,136,5374,41010,0.084618,0.083665
6,137,1901,10848,0.081842,0.081239
6,138,933,7187,0.060706,0.060864
6,139,40719,154374,0.103724,0.089901
6,140,17313,9175,0.097481,0.074932
6,141,3563,7678,0.090052,0.085592
6,142,14276,165851,0.084922,0.086737
6,143,5163,16738,0.082380,0.075372
6,144,156519,311343,0.126131,0.085934
6,145,41612,143811,0.094743,0.110201
6,146,21193,137849,0.097658,0.103642
6,147,1684,8713,0.085089,0.069271
6,148,35240,374303,0.096296,0.089074
6,149,2617,41020,0.077250,0.086629
6,150,27116,319256,0.084942,0.090760
6,151,74667,309401,0.099790,0.103740
6,152,16678,322510,0.066457,0.117291
6,153,17995,134362,0.105777,0.105368
6,154,21462,199042,0.094970,0.100613
6,155,2972,243225,0.121324,0.100658
6,156,8755,168018,0.120744,0.144994
6,157,62962,226188,0.110427,0.103376
6,158,9019,99574,0.086389,0.074282
6,159,4156,56321,0.078720,0.083293
6,160,657,82,0.061826,0.063596
6,161,5026,149920,0.080578,0.082838
6,162,8205,123893,0.089954,0.084910
6,163,8369,318267,0.084385,0.090052
6,164,209,1275,0.064059,0.068480
6,165,119815,614734,0.095118,0.091851
6,166,10445,145427,0.095012,0.093929
6,167,27631,301770,0.092344,0.093452
6,168,78119,237882,0.107711,0.106052
6,169,13430,263470,0.090684,0.105218
6,170,445,71,0.093013,0.089644
6,171,4578,6537,0.154014,0.129527
6,172,16416,292767,0.084306,0.089650
6,173,79495,412558,0.110404,0.114099
6,174,10503,108237,0.109628,0.082565
6,175,3767,83080,0.074893,0.087844
6,176,12527,11513,0.066836,0.066309
6,177,87,7,0.066307,0.051165
6,178,11971,122753,0.091442,0.095923
6,179,7892,103910,0.094987,0.103855
6,180,15567,58094,0.086656,0.077398
6,181,99763,264101,0.109646,0.106488
6,182,41518,11648,0.092005,0.078247
6,183,2294,44935,0.063478,0.069980
6,184,12148,189950,0.099071,0.103115
6,185,19521,516006,0.094437,0.103784
6,186,1287,41539,0.076134,0.092174
6,187,4476,16632,0.100417,0.097232
6,188,8,0,0.073639,0.000000
6,189,27707,924627,0.088351,0.098819
6,190,17051,274914,0.078978,0.086575
6,191,14361,161464,0.086474,0.084890
6,192,698,113919,0.073934,0.082198
6,193,11632,374572,0.079023,0.089628
6,194,7811,52505,0.089840,0.087676
6,195,32374,228611,0.088947,0.090312
6,196,1168,32521,0.074629,0.090146
6,197,13535,94409,0.094988,0.109104
6,198,37024,55991,0.101630,0.089474
6,199,14106,430838,0.084936,0.086178
6,200,12869,9045,0.063440,0.069926
6,201,51007,251131,0.098035,0.098539
6,202,13338,83417,0.081073,0.085176
6,203,16763,77652,0.072290,0.089153
6,204,21508,200657,0.073212,0.103556
6,205,1,1,0.039795,0.034180
6,206,121,1230,0.063750,0.067061
6,207,11503,147852,0.083451,0.098939
6,208,24911,373261,0.093648,0.099767
6,209,17171,180196,0.086964,0.084709
6,210,73775,55655,0.143988,0.080111
6,211,11340,80908,0.105897,0.101333
6,212,12800,113601,0.098337,0.103481
6,213,43116,99662,0.080059,0.083341
6,214,5248,104400,0.087025,0.083785
6,215,433,3596,0.070248,0.059848
6,216,3311,123496,0.085064,0.083445
6,217,19088,309104,0.093587,0.098254
6,218,17547,1286,0.080084,0.070343
6,219,34296,334784,0.086508,0.084716
6,220,27525,13616,0.066211,0.091189
6,221,10765,258225,0.071200,0.081636
6,222,58163,380009,0.125465,0.108792
6,223,1,9,0.048828,0.061822
6,224,25559,259498,0.112818,0.130149
6,225,23200,229445,0.092250,0.087489
6,226,14048,784178,0.073914,0.097067
6,227,29747,46228,0.095819,0.091396
6,228,2651,16556,0.075405,0.087882
6,229,30056,98095,0.128791,0.116763
6,230,3504,123607,0.082310,0.083577
6,231,29540,84716,0.134236,0.109482
6,232,1271,12984,0.080346,0.078829
6,233,22222,96525,0.113672,0.118283
6,234,7944,425654,0.082672,0.095057
6,235,16616,83814,0.089285,0.081198
6,236,22618,117363,0.084039,0.085624
6,237,41749,310366,0.095470,0.102966
6,238,36330,284395,0.071048,0.086891
6,239,4685,82036,0.102187,0.106999
6,240,23467,79816,0.104408,0.099644
6,241,21181,334865,0.095296,0.100460
6,242,15730,73825,0.075749,0.081829
6,243,4412,242698,0.088378,0.091007
6,244,6223,58788,0.076663,0.078024
6,245,9742,129564,0.083297,0.097025
6,246,967,550,0.076413,0.069926
6,247,17215,91322,0.081378,0.080160
6,248,46192,163293,0.102277,0.097169
6,249,181337,632502,0.122528,0.095222
6,250,6307,106466,0.081793,0.084968
6,251,933,7307,0.074536,0.071397
6,252,5191,64164,0.116679,0.124004
6,253,8528,55727,0.078875,0.070174
6,254,7542,96008,0.073738,0.081502
6,255,52547,449739,0.085033,0.091307
6,256,20494,204302,0.091718,0.148416
6,257,709,329,0.082574,0.087721
6,258,221,203,0.071499,0.060238
6,259,30481,282297,0.068057,0.129804
6,260,31881,93542,0.106924,0.113852
6,261,65357,182870,0.074177,0.075609
6,262,2940,210324,0.080119,0.090553
6,263,18031,80868,0.090408,0.103549
6,264,1519,630,0.071328,0.069033
6,265,2072,4356,0.077741,0.074221
6,266,17844,157564,0.079119,0.094512
6,267,23061,175008,0.079460,0.082502
6,268,49137,6758,0.128631,0.130095
6,269,70685,329805,0.097356,0.107904
6,270,14354,100471,0.102003,0.117636
6,271,41892,134852,0.089886,0.097183
6,272,1562,1081,0.095299,0.084772
6,273,24353,100156,0.134749,0.110950
6,274,1697,74259,0.089588,0.102311
6,275,14175,142108,0.077453,0.085868
6,276,46935,384106,0.124253,0.104474
6,277,2330,21612,0.073095,0.081922
6,278,18261,49122,0.086989,0.091422
6,279,8199,36236,0.091002,0.096363
6,280,12582,68132,0.123748,0.128623
6,281,14176,79289,0.089540,0.100208
6,282,68676,45367,0.133384,0.119981
6,283,21452,161989,0.088333,0.086875
6,284,0,39,0.000000,0.045811
6,285,7955,128058,0.086704,0.102691
6,286,8907,498115,0.087866,0.097465
6,287,27121,140516,0.093733,0.102468
6,288,15361,471614,0.092979,0.093283
6,289,12234,99046,0.080218,0.108024
6,290,24048,102350,0.099804,0.092418
6,291,5061,50763,0.076588,0.090580
6,292,297,20916,0.066345,0.094456
6,293,30870,502602,0.114450,0.142445
6,294,16562,87767,0.102091,0.112874
6,295,5408,4610,0.158898,0.071263
6,296,15308,91708,0.114400,0.099594
6,297,5225,277195,0.076778,0.106069
6,298,2775,6710,0.070549,0.071612
6,299,40900,507802,0.087709,0.123860
6,300,13849,149271,0.136807,0.133821
6,301,10679,42287,0.084221,0.087073
6,302,18869,495782,0.087295,0.091844
6,303,7474,13717,0.103372,0.106936
6,304,53540,437981,0.095758,0.089802
6,305,15696,61665,0.108450,0.119071
6,306,24696,97423,0.109124,0.109347
6,307,9674,297783,0.087460,0.090593
6,308,6508,57682,0.095708,0.117570
6,309,6614,103702,0.085588,0.098243
6,310,583,36124,0.065603,0.076610
6,311,0,0,0.000000,0.000000
6,312,32266,249807,0.108347,0.110674
6,313,29444,73475,0.105124,0.104265
6,314,133516,399638,0.115345,0.110121
6,315,593,12003,0.071113,0.073364
6,316,19082,307689,0.091196,0.095107
6,317,50567,121621,0.090999,0.080895
6,318,12369,60751,0.094507,0.090023
6,319,7343,1235,0.071530,0.076936
6,320,15390,85228,0.118355,0.106457
6,321,5980,498467,0.085532,0.084463
6,322,15678,75151,0.082973,0.076745
6,323,11998,106251,0.085535,0.084006
6,324,42013,287449,0.099600,0.096436
6,325,14572,153992,0.079245,0.087852
6,326,6051,97169,0.086888,0.100530
6,327,60763,214958,0.103486,0.108866
6,328,13750,144214,0.083985,0.083949
6,329,51057,271850,0.086858,0.106148
6,330,3810,132804,0.067120,0.089575
6,331,4510,57795,0.106976,0.099504
6,332,8879,620142,0.083338,0.092561
6,333,11510,134796,0.089497,0.084269
6,334,2924,55396,0.071729,0.086590
6,335,87567,351433,0.103795,0.104244
6,336,5001,140656,0.107931,0.108466
6,337,19407,49156,0.083901,0.081682
6,338,68131,308506,0.106773,0.107161
6,339,3429,298684,0.087239,0.088661
6,340,12210,76050,0.084470,0.097759
6,341,19587,33639,0.089673,0.093892
6,342,1878,31362,0.067735,0.071629
6,343,165347,355413,0.124463,0.118852
6,344,42174,432108,0.091327,0.093429
6,345,64124,292522,0.073219,0.102213
6,346,140,97306,0.071466,0.079563
6,347,7291,68596,0.089918,0.100917
6,348,9819,75557,0.096510,0.093284
6,349,6267,93116,0.073455,0.084183
6,350,29869,280358,0.111304,0.104747
6,351,13253,164547,0.094419,0.090241
6,352,8037,12700,0.080264,0.074518
6,353,0,0,0.000000,0.000000
6,354,12136,88812,0.112893,0.116683
6,355,97,646,0.065376,0.068523
6,356,7600,58014,0.087332,0.079773
6,357,12009,84698,0.089187,0.106077
6,358,37086,112744,0.104694,0.106607
6,359,19382,151105,0.122245,0.133198
6,360,26536,35519,0.088518,0.074009
6,361,9288,12608,0.091604,0.084250
6,362,13519,2937,0.081729,0.081870
6,363,11215,1304,0.152720,0.139774
6,364,8125,105452,0.096507,0.094205
6,365,3556,4001,0.081092,0.079606
6,366,86,2120,0.060692,0.060582
6,367,3943,164152,0.076660,0.086693
6,368,40783,200303,0.098058,0.100641
6,369,1359,22843,0.076671,0.083786
6,370,29702,159749,0.100369,0.090904
6,371,22,16,0.061091,0.061569
6,372,2574,22444,0.066850,0.072125
6,373,10987,67331,0.086554,0.089851
6,374,1261,196898,0.053525,0.061368
6,375,3820,51221,0.071525,0.075582
6,376,10932,210216,0.074772,0.094664
6,377,16931,132854,0.085481,0.130774
6,378,59543,283213,0.099844,0.103265
6,379,22704,221571,0.095498,0.092893
6,380,1562,195804,0.074825,0.082980
6,381,2,4,0.068359,0.047791
6,382,6456,101493,0.110771,0.112868
6,383,38981,235697,0.099449,0.095748
6,384,16083,417830,0.093488,0.101161
6,385,7219,211094,0.087716,0.089664
6,386,4705,221695,0.065176,0.073802
6,387,93505,430947,0.102851,0.103715
6,388,28080,260511,0.103808,0.100599
6,389,43813,129488,0.083299,0.086612
6,390,453,53946,0.073226,0.091306
6,391,60453,479563,0.085417,0.087847
6,392,34462,314649,0.098090,0.090744
6,393,46589,304372,0.081650,0.089149
6,394,15729,94174,0.084750,0.091426
6,395,19933,177115,0.075591,0.080743
6,396,4321,238263,0.088703,0.087082
6,397,14314,122260,0.089055,0.089902
6,398,857,15616,0.076124,0.097405
6,399,19270,404346,0.091258,0.099795
6,400,123,34214,0.068071,0.076329
6,401,18803,300550,0.088790,0.091001
6,402,27107,202111,0.114894,0.111504
6,403,3187,20674,0.085253,0.080752
6,404,2572,20637,0.090485,0.078614
6,405,39699,182318,0.101843,0.086571
6,406,14241,80677,0.118825,0.121895
6,407,17640,271597,0.093234,0.092925
6,408,3191,39386,0.090594,0.101603
6,409,6968,68774,0.103057,0.111200
6,410,27881,107256,0.086273,0.118625
6,411,3090,218279,0.119649,0.132793
6,412,21137,43956,0.111433,0.095266
6,413,2771,339,0.081272,0.070454
6,414,53324,9172,0.096419,0.107165
6,415,11700,187920,0.085860,0.079934
6,416,31272,89676,0.078995,0.077706
6,417,5923,143290,0.084749,0.088102
6,418,659,736,0.067631,0.064142
6,419,15504,126855,0.105067,0.094626
6,420,37552,49190,0.090654,0.093209
6,421,3556,36042,0.085515,0.080005
6,422,10637,50649,0.093217,0.098593
6,423,5356,78227,0.094510,0.111642
6,424,18316,200991,0.101270,0.095054
6,425,14572,490789,0.076376,0.091629
6,426,1608,22277,0.080756,0.093817
6,427,14517,84610,0.099470,0.096873
6,428,27901,69852,0.099845,0.080575
6,429,64751,587192,0.106177,0.119149
6,430,8566,163671,0.087276,0.090718
6,431,19186,125604,0.116058,0.108226
6,432,9699,338276,0.103487,0.086587
6,433,1070,19108,0.076985,0.080841
6,434,19475,140527,0.114536,0.137486
6,435,5774,158908,0.065747,0.087844
6,436,22923,228234,0.090494,0.088189
6,437,13569,110847,0.086659,0.084603
6,438,2693,15766,0.077761,0.088271
6,439,15306,138760,0.076068,0.083323
6,440,55173,656361,0.123599,0.149789
6,441,19469,105385,0.103475,0.102747
6,442,2608,10099,0.090198,0.091391
6,443,5362,94802,0.107292,0.127902
6,444,6990,40349,0.088183,0.098662
6,445,23261,47618,0.085578,0.082891
6,446,8741,75747,0.089323,0.089418
6,447,1566,70515,0.082143,0.090767
6,448,67035,366042,0.128625,0.110859
6,449,33021,531719,0.103920,0.124376
6,450,15990,234962,0.102464,0.099663
6,451,6484,57172,0.094172,0.107053
6,452,7364,241435,0.086316,0.088013
6,453,8070,185982,0.080010,0.086542
6,454,1100,5001,0.108885,0.101364
6,455,8156,457981,0.092954,0.096856
6,456,20825,396723,0.089894,0.098254
6,457,1722,88936,0.081772,0.083802
6,458,3324,42096,0.075485,0.081860
6,459,58120,319702,0.094307,0.092430
6,460,5146,565,0.079280,0.067643
6,461,66158,61680,0.173462,0.075482
6,462,11822,177518,0.092176,0.098837
6,463,19664,271326,0.090230,0.086015
6,464,18148,142555,0.083734,0.092417
6,465,21406,192143,0.085528,0.117380
6,466,599,355724,0.073251,0.089673
6,467,7541,107676,0.084829,0.086613
6,468,8362,100708,0.094265,0.100387
6,469,1541,9230,0.074565,0.080388
6,470,69947,158057,0.092360,0.089560
6,471,18966,297909,0.092430,0.091987
6,472,16077,230129,0.092696,0.111100
6,473,59674,307763,0.126112,0.115849
6,474,22308,247406,0.098632,0.108351
6,475,1659,8167,0.082078,0.075115
6,476,16799,230223,0.101786,0.098041
6,477,8344,83101,0.112554,0.123343
6,478,23349,157747,0.101641,0.093863
6,479,14509,139905,0.103371,0.115857
6,480,18607,216514,0.062425,0.121069
6,481,24788,1108871,0.082035,0.142936
6,482,29026,369815,0.089766,0.088653
6,483,29977,206861,0.101880,0.104490
6,484,16154,190486,0.102816,0.096142
6,485,17482,357377,0.088162,0.101055
6,486,6527,26460,0.085543,0.084869
6,487,25626,25338,0.086352,0.066211
6,488,17209,236576,0.085570,0.091205
6,489,66484,267810,0.099493,0.101059
6,490,21362,36167,0.097425,0.121234
6,491,22578,322041,0.088660,0.097957
6,492,13219,245561,0.093399,0.094538
6,493,1762,6236,0.074497,0.076051
6,494,21750,201057,0.088677,0.083274
6,495,486,1338,0.068599,0.070163
6,496,9037,39519,0.108809,0.083709
6,497,19740,117140,0.107493,0.096440
6,498,28869,273543,0.141233,0.133646
6,499,10,259,0.051074,0.061883
6,500,18811,497803,0.081881,0.096222
6,501,52207,184030,0.081522,0.121688
6,502,8396,63893,0.071817,0.076410
6,503,60,84,0.051304,0.049412
6,504,13199,395265,0.084988,0.088918
6,505,6660,173228,0.077523,0.091693
6,506,1,743,0.048096,0.067483
6,507,205,1080,0.049122,0.055581
6,508,5155,485484,0.081619,0.095032
6,509,5044,89054,0.105837,0.091898
6,510,6759,10959,0.083532,0.073343
6,511,26002,187965,0.121826,0.090990
7,0,27647,442706,nan,nan
7,1,22979,354028,nan,nan
7,2,57036,340354,nan,nan
7,3,51907,438457,nan,nan
7,4,84596,262128,nan,nan
7,5,17981,211063,nan,nan
7,6,20130,216346,nan,nan
7,7,23837,268339,nan,nan
7,8,21108,234006,nan,nan
7,9,65546,303635,nan,nan
7,10,7537,345357,0.085286,0.089854
7,11,19615,170068,0.080287,0.085846
7,12,20767,391813,0.120275,0.085467
7,13,790,3147,0.066253,0.061276
7,14,14555,63905,0.074020,0.090842
7,15,19934,216361,0.093837,0.088757
7,16,6535,30679,0.088149,0.084715
7,17,57569,12090,0.093440,0.099537
7,18,10628,3456,0.067393,0.074707
7,19,48604,341353,0.118714,0.105204
7,20,66,24,0.080407,0.051971
7,21,64325,325967,0.082421,0.097726
7,22,9653,30173,0.074402,0.077025
7,23,24738,127171,0.125302,0.117736
7,24,5686,70890,0.100535,0.103943
7,25,27326,219882,0.088953,0.090465
7,26,2690,88482,0.078158,0.084176
7,27,6603,75761,0.119372,0.138047
7,28,39258,189312,0.102104,0.091936
7,29,2831,25219,0.085816,0.095673
7,30,15073,513486,0.084682,0.100483
7,31,5130,115871,0.080985,0.084919
7,32,1689,152009,0.057626,0.069467
7,33,10397,355887,0.082305,0.096076
7,34,23444,142395,0.066441,0.076245
7,35,45,30,0.064648,0.066382
7,36,26260,359503,0.082903,0.089389
7,37,6149,112132,0.078615,0.111118
7,38,11354,120380,0.080735,0.090508
7,39,36576,195988,0.144565,0.115534
7,40,44523,215478,0.099664,0.116545
7,41,15360,54721,0.070321,0.088383
7,42,1137,73584,0.089040,0.099616
7,43,33524,212963,0.076846,0.093418
7,44,13599,27899,0.083860,0.089816
7,45,126,7683,0.054080,0.082967
7,46,39796,114670,0.079992,0.094091
7,47,8380,97645,0.089942,0.089483
7,48,34539,54710,0.142573,0.133563
7,49,15671,202082,0.095338,0.106698
7,50,22350,302444,0.159085,0.211978
7,51,4679,54717,0.086694,0.094796
7,52,11022,42186,0.072998,0.070966
7,53,16165,114756,0.083592,0.093378
7,54,5025,93314,0.088866,0.080442
7,55,4310,582124,0.088376,0.107270
7,56,5900,157904,0.083524,0.088926
7,57,9509,82606,0.085611,0.101546
7,58,20794,98334,0.111458,0.131197
7,59,29810,91144,0.153348,0.125133
7,60,70,25,0.068546,0.072539
7,61,12075,157743,0.090438,0.124864
7,62,2166,3209,0.063625,0.063795
7,63,13392,173815,0.082223,0.106586
7,64,3627,156558,0.072321,0.089357
7,65,89836,346139,0.102294,0.114484
7,66,4191,50897,0.087887,0.089027
7,67,2851,9755,0.063228,0.077915
7,68,54703,118582,0.196115,0.146321
7,69,48761,39730,0.079078,0.067935
7,70,6423,131064,0.079028,0.085664
7,71,18085,125803,0.125707,0.147284
7,72,4838,411827,0.088759,0.095139
7,73,22302,236742,0.114763,0.114659
7,74,21137,39429,0.100890,0.087062
7,75,14726,172562,0.085981,0.091920
7,76,62,15,0.056353,0.072770
7,77,37541,16,0.059870,0.063858
7,78,7540,90705,0.084220,0.079352
7,79,101,1117,0.065633,0.065123
7,80,4795,14482,0.070074,0.071215
7,81,13605,139278,0.084772,0.083602
7,82,16939,141961,0.082735,0.084848
7,83,18897,120660,0.082306,0.096530
7,84,11430,71773,0.068856,0.082607
7,85,15847,319051,0.068813,0.085178
7,86,3256,1515,0.081965,0.075594
7,87,30666,41452,0.120247,0.075021
7,88,77529,420711,0.099852,0.105598
7,89,76173,174798,0.068962,0.079302
7,90,42218,340890,0.109919,0.098111
7,91,23954,410865,0.088287,0.087872
7,92,17593,94067,0.121284,0.113226
7,93,11565,68544,0.093560,0.110711
7,94,28485,11634,0.070731,0.108624
7,95,105470,433663,0.095384,0.109810
7,96,27001,447427,0.081529,0.092247
7,97,78034,47749,0.077630,0.090271
7,98,15767,327100,0.085451,0.088355
7,99,9146,136747,0.090781,0.100739
7,100,36144,53276,0.073200,0.088336
7,101,91246,380226,0.083056,0.097277
7,102,33800,307507,0.093478,0.094937
7,103,112,294,0.055234,0.058926
7,104,15397,113675,0.066531,0.094616
7,105,1565,188600,0.093832,0.148977
7,106,19951,314109,0.113783,0.147890
7,107,84011,574621,0.124656,0.148866
7,108,6813,19329,0.114983,0.075888
7,109,85083,389654,0.110333,0.128075
7,110,18,4,0.028252,0.060547
7,111,23258,555412,0.088530,0.120807
7,112,1691,54381,0.081367,0.082351
7,113,12596,172512,0.086979,0.110819
7,114,4442,92486,0.079744,0.088365
7,115,4628,28650,0.072543,0.074201
7,116,6529,96684,0.093165,0.121257
7,117,5431,311800,0.084796,0.085395
7,118,6297,310261,0.078532,0.087221
7,119,22364,447266,0.071492,0.149380
7,120,11669,152642,0.106458,0.082959
7,121,754,1305,0.077681,0.089219
7,122,14382,78917,0.099639,0.098115
7,123,17657,277704,0.081728,0.087194
7,124,21538,378049,0.087420,0.097149
7,125,18062,86237,0.099229,0.117119
7,126,79,125,0.052819,0.062154
7,127,31127,147840,0.115389,0.093113
7,128,12326,286454,0.098731,0.081854
7,129,11281,54174,0.082554,0.087449
7,130,155,993,0.049122,0.069650
7,131,24077,182016,0.088401,0.089359
7,132,6885,204459,0.078790,0.089198
7,133,2044,26692,0.079077,0.083004
7,134,7920,190674,0.088456,0.083807
7,135,260,58107,0.064909,0.084996
7,136,4509,27060,0.107630,0.095119
7,137,6623,59513,0.101218,0.095121
7,138,31198,431622,0.083748,0.102482
7,139,4174,104623,0.092312,0.102166
7,140,127,598,0.065369,0.069405
7,141,4987,9984,0.076239,0.074686
7,142,33031,370006,0.073847,0.088387
7,143,25424,27731,0.061334,0.084481
7,144,45302,274761,0.079289,0.095790
7,145,27900,119563,0.141131,0.136073
7,146,5397,86818,0.083143,0.087759
7,147,2291,52841,0.073334,0.082810
7,148,7232,35772,0.093079,0.098081
7,149,7223,269330,0.074130,0.097437
7,150,15116,85250,0.115187,0.126694
7,151,4130,14861,0.074984,0.077803
7,152,20649,364763,0.082648,0.096670
7,153,17307,141532,0.096850,0.092951
7,154,27118,347350,0.087167,0.088043
7,155,3369,7177,0.079384,0.087557
7,156,22378,205642,0.084828,0.089156
7,157,98870,107791,0.083673,0.090180
7,158,3601,83056,0.088306,0.086081
7,159,5608,142332,0.077907,0.084103
7,160,17798,127910,0.077535,0.078617
7,161,10067,100497,0.080368,0.107951
7,162,8126,91191,0.111543,0.115895
7,163,29083,440385,0.084117,0.105209
7,164,38395,122381,0.103595,0.102547
7,165,547,1279,0.065583,0.070922
7,166,291,233,0.066062,0.065854
7,167,3656,5900,0.071433,0.060284
7,168,42935,113609,0.138347,0.168385
7,169,373,81666,0.073157,0.103613
7,170,25720,452144,0.091018,0.100929
7,171,3686,53209,0.098578,0.082909
7,172,62409,477438,0.097226,0.105868
7,173,23606,130410,0.075531,0.115998
7,174,27369,164425,0.084907,0.085164
7,175,10342,116839,0.079992,0.084199
7,176,91030,163890,0.162577,0.100768
7,177,5911,236459,0.081521,0.089695
7,178,57796,338551,0.073591,0.098779
7,179,126,524,0.072017,0.056419
7,180,11750,72144,0.075313,0.089167
7,181,16413,224547,0.086743,0.092121
7,182,9540,87413,0.095337,0.110696
7,183,5008,93859,0.081826,0.091068
7,184,40756,248162,0.055954,0.067943
7,185,24602,7874,0.059601,0.058826
7,186,4767,49363,0.079621,0.074765
7,187,2656,492664,0.071352,0.091043
7,188,10307,94265,0.084674,0.098277
7,189,48797,354650,0.128551,0.134865
7,190,18084,104953,0.086952,0.086153
7,191,9589,94102,0.086267,0.083659
7,192,9425,133874,0.113483,0.089339
7,193,1243,3727,0.066909,0.068083
7,194,5738,15983,0.063019,0.064360
7,195,60115,253454,0.124533,0.122985
7,196,47662,241400,0.101821,0.098536
7,197,8831,529538,0.071635,0.097860
7,198,22632,257792,0.090838,0.094858
7,199,3687,97445,0.075188,0.083938
7,200,32126,415903,0.074954,0.095246
7,201,96,37,0.066007,0.080052
7,202,13649,636828,0.083925,0.097729
7,203,17,0,0.050580,0.000000
7,204,620170,79258,0.160610,0.068849
7,205,1170,8777,0.058489,0.063974
7,206,618,13327,0.081065,0.094973
7,207,6394,114755,0.083625,0.085487
7,208,71,6600,0.064367,0.067598
7,209,4566,315552,0.093579,0.087872
7,210,24720,116320,0.083041,0.082659
7,211,163,2226,0.057831,0.051101
7,212,3350,31501,0.058483,0.066879
7,213,364,7938,0.082418,0.085260
7,214,26906,106363,0.113614,0.098966
7,215,22665,215940,0.080754,0.092719
7,216,5991,24377,0.085516,0.082644
7,217,36338,448413,0.085960,0.098230
7,218,34428,180805,0.096057,0.108585
7,219,3859,385214,0.079228,0.089774
7,220,40348,302289,0.102445,0.087863
7,221,1030,92238,0.089592,0.085020
7,222,16888,84466,0.079165,0.096733
7,223,29929,137196,0.120468,0.101641
7,224,143,127,0.070548,0.064403
7,225,4237,233925,0.081268,0.102240
7,226,7454,593443,0.078425,0.090434
7,227,501,1375,0.059734,0.057633
7,228,4917,436895,0.082709,0.091859
7,229,5662,35248,0.079893,0.079719
7,230,14683,16405,0.103025,0.072559
7,231,7648,23455,0.096342,0.070562
7,232,3771,147638,0.074654,0.098363
7,233,2039,3585,0.083427,0.089213
7,234,141148,446926,0.115215,0.132172
7,235,2881,73425,0.084342,0.089098
7,236,9067,217342,0.083882,0.087643
7,237,10447,78238,0.088335,0.101074
7,238,29315,317241,0.057218,0.086129
7,239,189,7134,0.055319,0.065119
7,240,26039,96735,0.100656,0.134628
7,241,20367,387468,0.085780,0.087374
7,242,1,62,0.062256,0.059446
7,243,1320,537168,0.071982,0.088650
7,244,3407,3521,0.091591,0.090173
7,245,17608,84583,0.072085,0.076868
7,246,23156,5540,0.113085,0.079273
7,247,208,186,0.059184,0.067379
7,248,14475,150448,0.107857,0.112406
7,249,10984,54385,0.084436,0.084992
7,250,16588,126738,0.085108,0.102301
7,251,27757,412634,0.090550,0.165853
7,252,407,832,0.070950,0.069297
7,253,68770,356130,0.104607,0.108381
7,254,26404,212269,0.091121,0.090151
7,255,2787,16725,0.076989,0.069611
7,256,5232,289551,0.075852,0.091089
7,257,20705,285303,0.088483,0.093804
7,258,3215,194236,0.075521,0.089417
7,259,11,8,0.052479,0.057343
7,260,56199,320154,0.086581,0.106056
7,261,21461,520252,0.082323,0.101473
7,262,320,173,0.071036,0.076055
7,263,20212,414700,0.084714,0.103600
7,264,4838,61539,0.076257,0.081765
7,265,108,906,0.054441,0.065231
7,266,1761,490626,0.068845,0.084609
7,267,7378,155321,0.079821,0.086907
7,268,79,123,0.065828,0.059078
7,269,12359,97507,0.081401,0.073036
7,270,88833,210189,0.089462,0.087359
7,271,10303,108306,0.104403,0.104184
7,272,528,5189,0.071303,0.064031
7,273,38170,141639,0.078475,0.081574
7,274,14876,288339,0.077793,0.089620
7,275,1095,78,0.056265,0.062154
7,276,1442,807,0.071914,0.076712
7,277,638,475,0.077584,0.077969
7,278,9763,514170,0.083876,0.096927
7,279,13040,276268,0.087786,0.092324
7,280,909,30903,0.068842,0.074826
7,281,77658,697821,0.144887,0.147251
7,282,4837,73909,0.082383,0.115773
7,283,9231,184962,0.088373,0.121266
7,284,177,611,0.055216,0.056940
7,285,13220,170492,0.081617,0.088092
7,286,47,98,0.061131,0.053128
7,287,13574,126120,0.086862,0.085015
7,288,44425,105329,0.098843,0.095545
7,289,18991,139644,0.082178,0.083508
7,290,4494,49573,0.089239,0.104804
7,291,26167,389834,0.084934,0.093999
7,292,30909,199239,0.107885,0.113615
7,293,2647,72490,0.081980,0.082007
7,294,28326,233942,0.088340,0.097143
7,295,25897,23821,0.100580,0.081061
7,296,3491,221926,0.080107,0.090457
7,297,36377,120855,0.070615,0.087817
7,298,29150,151494,0.116006,0.120656
7,299,26670,131809,0.090887,0.087103
7,300,3738,222141,0.083200,0.088362
7,301,11382,75234,0.091210,0.095867
7,302,48919,159931,0.101292,0.123926
7,303,5345,117255,0.079928,0.098255
7,304,11442,116551,0.092542,0.105372
7,305,3707,173799,0.086887,0.087935
7,306,6740,17255,0.070708,0.079248
7,307,15064,320235,0.086121,0.110917
7,308,37705,282669,0.089653,0.089323
7,309,2604,4866,0.071823,0.073855
7,310,605,33241,0.060915,0.059501
7,311,266,185,0.073669,0.070162
7,312,23306,210484,0.078334,0.080262
7,313,98,16,0.063544,0.063278
7,314,16552,100777,0.106254,0.107795
7,315,53294,269772,0.102447,0.120458
7,316,11198,89912,0.102999,0.127198
7,317,188,110,0.074634,0.075835
7,318,6244,23529,0.087453,0.106910
7,319,2313,178953,0.093638,0.084387
7,320,74407,388066,0.107378,0.094964
7,321,3151,23386,0.091276,0.074196
7,322,61453,271314,0.094467,0.113152
7,323,23807,145923,0.087775,0.088064
7,324,9873,132259,0.066462,0.068746
7,325,81650,209573,0.093297,0.095184
7,326,888,51561,0.058793,0.069569
7,327,168,1858,0.071163,0.073987
7,328,1450,33778,0.074606,0.111365
7,329,8282,132229,0.122753,0.137420
7,330,4041,5004,0.075420,0.083893
7,331,13395,421133,0.089817,0.089322
7,332,22465,147908,0.090809,0.088055
7,333,19258,84129,0.101907,0.096470
7,334,4922,43867,0.112437,0.116408
7,335,27075,329915,0.086226,0.083563
7,336,25746,219184,0.113602,0.104668
7,337,2946,20834,0.085473,0.093443
7,338,3312,173435,0.101133,0.110541
7,339,0,38,0.000000,0.048677
7,340,3746,23752,0.102668,0.089066
7,341,42227,252703,0.081201,0.088263
7,342,35657,257373,0.078289,0.092041
7,343,22695,50200,0.064219,0.063655
7,344,7357,135676,0.088142,0.084691
7,345,63839,51990,0.088606,0.068462
7,346,4923,109721,0.067436,0.117666
7,347,5563,157972,0.088036,0.086821
7,348,16686,403786,0.091908,0.093045
7,349,94344,778919,0.088406,0.096068
7,350,82225,534571,0.119633,0.138064
7,351,3735,53118,0.074726,0.084495
7,352,18906,150624,0.064430,0.096102
7,353,29434,237804,0.089897,0.112203
7,354,37454,5363,0.148664,0.113088
7,355,4240,226931,0.126181,0.094927
7,356,17544,14911,0.055065,0.055568
7,357,45622,179979,0.127990,0.084596
7,358,37198,193680,0.076395,0.080103
7,359,33777,227773,0.102702,0.109056
7,360,15762,148979,0.101990,0.114710
7,361,3753,72276,0.105111,0.121108
7,362,5668,112971,0.072039,0.112900
7,363,52182,78074,0.080032,0.088712
7,364,20101,556637,0.088808,0.093669
7,365,6787,48310,0.078137,0.077976
7,366,929,29835,0.071936,0.081888
7,367,18193,331763,0.081365,0.099862
7,368,45315,298498,0.111843,0.095125
7,369,40605,220566,0.085931,0.106008
7,370,194,31531,0.041744,0.051104
7,371,7655,65701,0.088280,0.095801
7,372,3051,81020,0.082032,0.085433
7,373,13958,79329,0.093063,0.102942
7,374,2354,459316,0.077829,0.094947
7,375,3373,66542,0.107556,0.118340
7,376,31305,195645,0.090371,0.111354
7,377,59090,17036,0.100131,0.070160
7,378,10407,311326,0.079254,0.093922
7,379,6809,173235,0.077487,0.089159
7,380,594,47509,0.068089,0.075724
7,381,4,26168,0.031372,0.065257
7,382,23384,132345,0.095458,0.091888
7,383,16592,112965,0.122202,0.135590
7,384,14137,20365,0.038609,0.084151
7,385,20069,395618,0.214961,0.110144
7,386,13323,68450,0.108062,0.106269
7,387,2664,16625,0.089089,0.079717
7,388,23873,542048,0.078065,0.102898
7,389,6883,287405,0.083690,0.091756
7,390,1786,19562,0.088412,0.099525
7,391,150,36,0.110342,0.063219
7,392,7612,39266,0.079784,0.084211
7,393,14557,386645,0.086927,0.091625
7,394,907,56836,0.083437,0.105627
7,395,409,240,0.077207,0.069028
7,396,1175,119581,0.062607,0.084681
7,397,438,11850,0.075448,0.076595
7,398,55959,645294,0.097288,0.104356
7,399,47091,482651,0.096777,0.110570
7,400,691,28695,0.061511,0.061165
7,401,8939,286447,0.086905,0.084236
7,402,23555,238047,0.092855,0.091749
7,403,21919,65942,0.100910,0.109328
7,404,28999,273395,0.099269,0.099005
7,405,9273,243338,0.101042,0.123374
7,406,136968,550303,0.105701,0.107097
7,407,9536,244304,0.093173,0.091438
7,408,82698,257769,0.093676,0.096602
7,409,54392,299372,0.093449,0.109451
7,410,10450,66469,0.068607,0.099700
7,411,5861,6613,0.072284,0.073740
7,412,1476,986,0.071333,0.071241
7,413,40766,48655,0.084472,0.095993
7,414,954,804,0.069468,0.069091
7,415,5588,439899,0.081759,0.091747
7,416,44034,96218,0.107712,0.091161
7,417,26087,148820,0.166918,0.155039
7,418,9807,110435,0.073964,0.082136
7,419,17814,6028,0.114668,0.236597
7,420,12202,27996,0.094822,0.086401
7,421,59294,165965,0.091552,0.083039
7,422,14994,149925,0.095261,0.095716
7,423,63792,246115,0.077548,0.092623
7,424,10217,185089,0.093279,0.104192
7,425,6249,2620,0.066352,0.072267
7,426,40184,268456,0.097326,0.095749
7,427,15122,130855,0.095841,0.101922
7,428,25027,25267,0.094256,0.082372
7,429,76,34692,0.061679,0.082005
7,430,1825,40682,0.091063,0.081583
7,431,18580,227499,0.079480,0.086894
7,432,3676,25675,0.090345,0.097641
7,433,3490,87723,0.077327,0.087336
7,434,2868,444297,0.079229,0.095972
7,435,1026,2901,0.081907,0.081522
7,436,6201,42326,0.080242,0.109970
7,437,287,4253,0.062139,0.070957
7,438,1700,13256,0.050631,0.053477
7,439,6296,233891,0.083252,0.092902
7,440,2767,796,0.079490,0.071561
7,441,13,2,0.043739,0.074951
7,442,2770,60887,0.066587,0.072055
7,443,24523,288639,0.092369,0.099489
7,444,12989,85732,0.092053,0.110681
7,445,69095,127401,0.108824,0.109845
7,446,55,224,0.062496,0.061488
7,447,1086,17996,0.062908,0.072413
7,448,18273,300570,0.079705,0.091999
7,449,412,6187,0.058611,0.066589
7,450,107,9148,0.075761,0.075818
7,451,41050,15524,0.058136,0.069511
7,452,5235,4596,0.089660,0.082886
7,453,8729,254652,0.083337,0.095181
7,454,3684,1117,0.084016,0.074370
7,455,1088,32796,0.070366,0.083582
7,456,10331,82249,0.106345,0.127966
7,457,367,406,0.083342,0.073572
7,458,514,141033,0.081446,0.089492
7,459,2845,67059,0.075590,0.081540
7,460,9,269,0.044827,0.061293
7,461,29459,224403,0.093850,0.085548
7,462,12,530,0.064901,0.068845
7,463,656,1326,0.069439,0.068297
7,464,96,37,0.065431,0.063100
7,465,969,670,0.070324,0.062299
7,466,27807,716695,0.096308,0.108779
7,467,4804,6534,0.085732,0.104413
7,468,80937,476684,0.098028,0.105377
7,469,1036,76539,0.084240,0.100830
7,470,70930,45307,0.099749,0.083156
7,471,5310,104106,0.085663,0.101588
7,472,8348,130956,0.092287,0.105828
7,473,24295,185197,0.075064,0.099525
7,474,4618,194675,0.082579,0.087207
7,475,7288,148447,0.097667,0.075464
7,476,323,9734,0.064357,0.074657
7,477,24109,157332,0.101190,0.095898
7,478,17531,133308,0.106017,0.138681
7,479,69747,338992,0.091474,0.106706
7,480,162,625,0.082182,0.069416
7,481,547,690,0.071106,0.072148
7,482,36610,305296,0.091663,0.099128
7,483,6275,71769,0.068615,0.095101
7,484,1,0,0.062012,0.000000
7,485,10340,93577,0.098701,0.119878
7,486,10838,50236,0.078758,0.090748
7,487,20498,315381,0.088868,0.087368
7,488,25863,287094,0.091230,0.087537
7,489,3173,100827,0.088369,0.078865
7,490,70320,395852,0.080067,0.085216
7,491,1466,69789,0.079129,0.089566
7,492,35813,182157,0.147794,0.143593
7,493,42383,324971,0.068908,0.097684
7,494,7731,124097,0.103901,0.096583
7,495,4973,39200,0.107011,0.094600
7,496,17227,493529,0.090074,0.100554
7,497,865,17726,0.082195,0.092401
7,498,7682,310934,0.077380,0.087763
7,499,557,14883,0.081314,0.097386
7,500,15796,23860,0.079449,0.079944
7,501,3836,61956,0.085622,0.087639
7,502,3910,82643,0.063016,0.073578
7,503,65558,291901,0.086900,0.111445
7,504,151,1,0.066290,0.063965
7,505,70635,482948,0.086391,0.084807
7,506,13006,306727,0.091179,0.091185
7,507,8381,104177,0.082230,0.080820
7,508,6436,129380,0.160275,0.116592
7,509,10994,165531,0.109468,0.114062
7,510,1833,28383,0.086463,0.081978
7,511,20328,398542,0.103183,0.128396
8,0,17749,210740,nan,nan
8,1,85290,519412,nan,nan
8,2,55353,398628,nan,nan
8,3,20247,279362,nan,nan
8,4,53845,510252,nan,nan
8,5,81897,565862,nan,nan
8,6,17775,210747,nan,nan
8,7,19865,213791,nan,nan
8,8,27546,523943,nan,nan
8,9,19987,242918,nan,nan
8,10,82756,425362,0.078955,0.070917
8,11,2738,50170,0.079338,0.084453
8,12,3492,14241,0.074106,0.079092
8,13,34052,97884,0.087915,0.080892
8,14,14640,668253,0.074121,0.084410
8,15,18657,472243,0.097302,0.100770
8,16,232,293,0.071320,0.073847
8,17,54449,148705,0.090744,0.088100
8,18,88146,438667,0.096442,0.100334
8,19,22,40872,0.059337,0.067636
8,20,549,4944,0.070685,0.072789
8,21,1,10,0.063965,0.064160
8,22,4970,84617,0.095603,0.132652
8,23,5201,82491,0.068494,0.073212
8,24,5217,232593,0.072901,0.075962
8,25,14096,33083,0.077498,0.073229
8,26,26094,838377,0.096437,0.092298
8,27,9288,41001,0.091103,0.081578
8,28,25506,144523,0.207188,0.141651
8,29,27809,139190,0.111029,0.113983
8,30,46521,284159,0.085371,0.086912
8,31,583,591,0.073082,0.075053
8,32,12362,54447,0.089618,0.084601
8,33,1698,87298,0.134491,0.136552
8,34,0,0,0.000000,0.000000
8,35,74,10746,0.087734,0.071552
8,36,2884,300,0.079165,0.078914
8,37,17578,8871,0.096210,0.077390
8,38,28973,162237,0.068077,0.069855
8,39,344174,944984,0.149809,0.120728
8,40,2598,15235,0.083208,0.082743
8,41,4411,477,0.082623,0.071605
8,42,26442,375632,0.087206,0.084997
8,43,58367,57256,0.084257,0.082258
8,44,26222,333874,0.060696,0.068560
8,45,18416,303240,0.091124,0.096007
8,46,8767,165695,0.071877,0.078527
8,47,2188,2642,0.069807,0.073034
8,48,314,242,0.069762,0.072971
8,49,2219,3038,0.108861,0.081669
8,50,25149,2191,0.119533,0.120395
8,51,52231,434428,0.084374,0.099226
8,52,62968,482970,0.103043,0.120377
8,53,66,29,0.088005,0.111210
8,54,348,21532,0.071009,0.077059
8,55,202,60,0.076634,0.082776
8,56,14198,117456,0.085794,0.088820
8,57,186708,643536,0.099131,0.116204
8,58,6014,89,0.076050,0.077681
8,59,5192,18137,0.069972,0.076306
8,60,3425,6962,0.080364,0.074751
8,61,359,506,0.067086,0.074036
8,62,6779,84289,0.079637,0.089067
8,63,9686,136521,0.084726,0.087311
8,64,38602,329845,0.084850,0.096395
8,65,3039,99025,0.076675,0.073651
8,66,109,494,0.060137,0.076826
8,67,29406,92652,0.068516,0.066833
8,68,42672,522847,0.094170,0.093678
8,69,41612,246668,0.093430,0.087800
8,70,41,496,0.058567,0.068290
8,71,66482,574008,0.101135,0.121933
8,72,3520,5135,0.081900,0.084599
8,73,145,3313,0.065869,0.071969
8,74,13295,91687,0.100224,0.098312
8,75,55080,441293,0.088820,0.088603
8,76,37838,396153,0.081195,0.087825
8,77,767,759,0.081988,0.088616
8,78,26942,435621,0.089360,0.103953
8,79,12759,2059,0.095169,0.099527
8,80,960,91742,0.062948,0.072111
8,81,783,1053,0.080289,0.073072
8,82,1767,15605,0.101203,0.077617
8,83,565,1681,0.058719,0.065970
8,84,40,33,0.067316,0.071341
8,85,7299,3058,0.074393,0.071313
8,86,34615,185610,0.087814,0.102689
8,87,16332,235786,0.090776,0.087332
8,88,632,544,0.082353,0.074252
8,89,79632,669778,0.124980,0.174868
8,90,1499,996,0.089302,0.084416
8,91,8354,104980,0.080152,0.080336
8,92,12802,10363,0.063880,0.075540
8,93,2026,5993,0.068887,0.075218
8,94,71583,385218,0.077867,0.083266
8,95,4797,11780,0.073846,0.074069
8,96,13470,493274,0.082666,0.089731
8,97,2136,561794,0.084085,0.090143
8,98,3941,4857,0.077100,0.077642
8,99,1761,35568,0.076469,0.080992
8,100,390,4716,0.063067,0.075318
8,101,13976,101423,0.119331,0.088095
8,102,41092,530029,0.085480,0.082140
8,103,10234,28627,0.077472,0.077229
8,104,30939,435918,0.135125,0.147927
8,105,18923,475447,0.084116,0.094561
8,106,38,66,0.073123,0.071888
8,107,3071,20856,0.095616,0.076973
8,108,8085,2570,0.059557,0.069700
8,109,1358,174188,0.066415,0.068312
8,110,2137,27174,0.070823,0.075458
8,111,331,205,0.134624,0.114563
8,112,29668,647691,0.087857,0.113378
8,113,95243,394538,0.082994,0.097709
8,114,736,3507,0.071255,0.065065
8,115,200,195,0.071401,0.071717
8,116,14748,34324,0.073127,0.067241
8,117,54175,943036,0.077584,0.116034
8,118,56651,484945,0.113853,0.101571
8,119,12406,84977,0.145001,0.183578
8,120,45822,267024,0.082435,0.082120
8,121,28420,195392,0.095986,0.083891
8,122,41038,126080,0.072834,0.080363
8,123,27447,69032,0.090285,0.092955
8,124,1979,1669,0.081106,0.080171
8,125,643,16314,0.094861,0.091985
8,126,6164,45370,0.085116,0.078234
8,127,2297,51537,0.079692,0.080783
8,128,417,2666,0.072472,0.068415
8,129,13892,115028,0.099149,0.097557
8,130,2751,61557,0.063340,0.067016
8,131,2813,73351,0.077359,0.084429
8,132,15749,205560,0.081912,0.093626
8,133,24297,71717,0.126399,0.091337
8,134,0,3,0.000000,0.051595
8,135,18397,121244,0.076215,0.064535
8,136,751,665,0.078131,0.092847
8,137,70,36,0.100691,0.121324
8,138,24799,217171,0.082354,0.104081
8,139,14355,126211,0.140727,0.099380
8,140,101,565,0.056681,0.059466
8,141,1643,112884,0.088849,0.125129
8,142,11649,203076,0.071986,0.079006
8,143,2286,17345,0.067452,0.072761
8,144,2669,8219,0.072991,0.080756
8,145,90,45,0.062526,0.068121
8,146,3591,465642,0.080360,0.091388
8,147,28472,153228,0.129072,0.136564
8,148,42974,406988,0.082122,0.091766
8,149,72915,281270,0.096931,0.087868
8,150,127309,468724,0.091543,0.105972
8,151,20,72,0.060754,0.063090
8,152,113,579,0.079070,0.070806
8,153,10516,85781,0.073924,0.078898
8,154,3997,312135,0.072776,0.085370
8,155,131783,19659,0.089855,0.085066
8,156,750,332,0.075137,0.069553
8,157,108,55,0.069439,0.079035
8,158,1526,16080,0.072262,0.083893
8,159,10042,188424,0.075062,0.076010
8,160,435,14953,0.072775,0.074049
8,161,20583,145833,0.106234,0.094904
8,162,13135,177119,0.077291,0.087469
8,163,209,63,0.076793,0.076203
8,164,75771,284246,0.082351,0.080263
8,165,9644,63916,0.061359,0.064224
8,166,267,146,0.066648,0.069911
8,167,10536,102900,0.111552,0.124414
8,168,18454,143943,0.093452,0.083612
8,169,405,9292,0.075832,0.077248
8,170,61455,449004,0.074116,0.086090
8,171,5412,176028,0.087309,0.075847
8,172,59027,11557,0.135291,0.068205
8,173,77,7,0.067847,0.079485
8,174,1410,17939,0.075443,0.080726
8,175,106934,309025,0.086806,0.099374
8,176,20969,115680,0.074530,0.080453
8,177,3522,12069,0.087925,0.086554
8,178,280,43339,0.076963,0.077003
8,179,55822,212486,0.081510,0.080675
8,180,230,208786,0.073557,0.081498
8,181,380,1211,0.073631,0.071896
8,182,9601,123323,0.086400,0.104853
8,183,3540,76551,0.072957,0.078680
8,184,174271,813812,0.122000,0.123756
8,185,2596,102491,0.077464,0.089248
8,186,28520,84691,0.056632,0.082902
8,187,29709,130066,0.099966,0.116108
8,188,1100,1997,0.071438,0.072260
8,189,24919,232543,0.091330,0.147302
8,190,203024,1190678,0.124976,0.117850
8,191,8230,84654,0.104265,0.107656
8,192,34573,112018,0.112281,0.106419
8,193,4086,21648,0.085245,0.076909
8,194,34897,344182,0.085059,0.084907
8,195,5081,166702,0.092954,0.100862
8,196,18735,115877,0.091187,0.091629
8,197,4864,77061,0.084796,0.119968
8,198,8852,160848,0.106897,0.159613
8,199,8017,199489,0.080091,0.085081
8,200,30618,486696,0.099141,0.098244
8,201,7,0,0.059361,0.000000
8,202,703,860,0.080000,0.080251
8,203,44,3223,0.067078,0.069310
8,204,64,227583,0.085281,0.109744
8,205,5555,79315,0.089903,0.090362
8,206,22226,177840,0.095704,0.087126
8,207,3813,10175,0.075685,0.079498
8,208,50,6,0.071343,0.058350
8,209,5065,76724,0.060670,0.069409
8,210,1423,138249,0.083472,0.077938
8,211,20454,145221,0.103601,0.111305
8,212,28330,139489,0.133737,0.146754
8,213,62744,254834,0.105053,0.112879
8,214,5311,325070,0.103375,0.122156
8,215,433,519,0.085796,0.078085
8,216,36428,192170,0.107764,0.107765
8,217,218,20425,0.077759,0.079290
8,218,15934,10004,0.053381,0.102632
8,219,3593,84320,0.093926,0.085724
8,220,878,10618,0.072318,0.069787
8,221,77,1440,0.062402,0.071922
8,222,458,312167,0.065129,0.089551
8,223,9510,145801,0.083362,0.084403
8,224,921,114,0.071299,0.065515
8,225,15133,116331,0.090673,0.088771
8,226,12460,105024,0.088520,0.066786
8,227,14872,194835,0.070355,0.075017
8,228,809,13956,0.076505,0.073719
8,229,17568,6368,0.061650,0.076346
8,230,196,210,0.070594,0.071845
8,231,50181,79805,0.106185,0.094167
8,232,7454,173237,0.086333,0.120136
8,233,330,26,0.043588,0.056119
8,234,4065,12909,0.104607,0.091621
8,235,7899,14500,0.109658,0.087235
8,236,937,1757,0.069774,0.075010
8,237,546,8203,0.092359,0.073504
8,238,45143,941044,0.072792,0.079935
8,239,1523,141085,0.069705,0.086614
8,240,1803,30384,0.060379,0.072332
8,241,2282,1459,0.078562,0.077488
8,242,45263,393352,0.082735,0.111148
8,243,85272,517276,0.095038,0.094344
8,244,3518,28912,0.071565,0.071915
8,245,138539,227889,0.085206,0.067825
8,246,9753,206849,0.088540,0.087719
8,247,1918,79343,0.081969,0.076667
8,248,2620,24033,0.090914,0.080628
8,249,1493,37877,0.070766,0.083346
8,250,36058,194471,0.079293,0.109204
8,251,10655,218049,0.091927,0.084146
8,252,84,24,0.093644,0.081462
8,253,16,49,0.054207,0.068932
8,254,1061,63596,0.078141,0.096560
8,255,82435,14086,0.181013,0.111999
8,256,3209,90926,0.086197,0.083520
8,257,247564,232060,0.110671,0.078803
8,258,26064,134753,0.086288,0.085760
8,259,9925,757235,0.088918,0.100837
8,260,6535,495228,0.085607,0.123231
8,261,3,175,0.056396,0.064219
8,262,152,8269,0.080521,0.075659
8,263,41005,369759,0.075992,0.080055
8,264,17123,363331,0.075432,0.085317
8,265,132,707,0.089777,0.077515
8,266,4183,5198,0.112091,0.093514
8,267,1697,136926,0.084292,0.106869
8,268,254,8238,0.089089,0.071719
8,269,66483,580005,0.093439,0.094425
8,270,9499,617,0.095592,0.085562
8,271,1393,24501,0.074485,0.069997
8,272,1,0,0.115723,0.000000
8,273,9508,152639,0.068227,0.069409
8,274,6058,105424,0.073816,0.086883
8,275,2,19,0.100952,0.068475
8,276,23,2963,0.050802,0.069143
8,277,366,60794,0.046793,0.070204
8,278,24639,18285,0.089757,0.062456
8,279,4803,38863,0.078135,0.074757
8,280,40558,111033,0.074214,0.085590
8,281,14503,317159,0.116404,0.110169
8,282,44261,322574,0.111513,0.131453
8,283,92,587,0.064418,0.071308
8,284,21151,420015,0.094161,0.084428
8,285,214868,660639,0.143220,0.110487
8,286,64,12,0.072643,0.064840
8,287,9715,237602,0.118550,0.087577
8,288,4259,23929,0.115879,0.105650
8,289,4837,211563,0.091833,0.096977
8,290,999,11948,0.086969,0.079310
8,291,23791,213358,0.090702,0.088486
8,292,2038,76755,0.090629,0.098041
8,293,2887,141234,0.090686,0.083907
8,294,105,248,0.071117,0.069182
8,295,11525,407627,0.084897,0.100421
8,296,29793,706147,0.093670,0.087397
8,297,43418,327395,0.123858,0.142649
8,298,12387,292092,0.082567,0.080058
8,299,47543,586294,0.092582,0.089444
8,300,453,189310,0.082729,0.109250
8,301,5154,23236,0.086278,0.085513
8,302,39286,569841,0.089653,0.097852
8,303,881,90159,0.075218,0.085821
8,304,37942,118617,0.079849,0.087167
8,305,11662,55181,0.089571,0.082616
8,306,16766,63540,0.066985,0.065185
8,307,253,17460,0.059435,0.083923
8,308,6343,364131,0.088586,0.084709
8,309,27149,43334,0.085308,0.092183
8,310,41003,234752,0.075229,0.086090
8,311,11,453,0.053189,0.066200
8,312,11737,336270,0.087997,0.100256
8,313,11902,36410,0.101176,0.090599
8,314,692,4171,0.082649,0.071683
8,315,13748,208905,0.084341,0.090926
8,316,2978,16015,0.078072,0.077593
8,317,12843,57055,0.104785,0.084808
8,318,11434,103620,0.104634,0.119075
8,319,87,10498,0.063731,0.076286
8,320,16592,150447,0.135539,0.148330
8,321,4336,175089,0.086621,0.088682
8,322,27522,96903,0.121454,0.116359
8,323,48,7167,0.064117,0.068639
8,324,3972,8856,0.073560,0.086614
8,325,686,148361,0.072653,0.082580
8,326,869,12605,0.060003,0.076321
8,327,146164,632488,0.086369,0.104669
8,328,4721,59000,0.086217,0.090044
8,329,5587,4809,0.094864,0.087492
8,330,4070,10357,0.076350,0.103727
8,331,12275,383263,0.084863,0.087080
8,332,6786,201271,0.125162,0.116500
8,333,4,39,0.056885,0.097155
8,334,776,4456,0.077155,0.092227
8,335,181,3900,0.058439,0.063796
8,336,3016,6768,0.099416,0.085423
8,337,2500,9369,0.080925,0.079549
8,338,5362,22370,0.090311,0.080934
8,339,10964,194849,0.086791,0.083597
8,340,27119,101140,0.098892,0.085411
8,341,82,64,0.083615,0.066322
8,342,475,31698,0.070989,0.085447
8,343,4396,11146,0.084992,0.081795
8,344,334,17759,0.063408,0.065632
8,345,18326,237546,0.093748,0.089412
8,346,10498,547891,0.079276,0.082720
8,347,5155,144329,0.100369,0.079675
8,348,244,2589,0.077524,0.084477
8,349,20694,162720,0.091322,0.089782
8,350,12720,78387,0.066359,0.073598
8,351,50030,160071,0.083891,0.090827
8,352,18095,304912,0.089978,0.087564
8,353,204,37530,0.076627,0.070271
8,354,1530,12915,0.083403,0.088845
8,355,13023,5281,0.095267,0.077071
8,356,31,2813,0.064886,0.074924
8,357,15905,409171,0.103782,0.088936
8,358,1417,2679,0.073959,0.073979
8,359,15,553,0.064030,0.067467
8,360,2852,32547,0.082576,0.079207
8,361,1954,57737,0.070007,0.076044
8,362,37144,90733,0.100593,0.098006
8,363,991,528,0.079257,0.077419
8,364,5814,1339,0.072974,0.068032
8,365,643,33884,0.073778,0.074375
8,366,12311,95341,0.104692,0.115714
8,367,4830,10251,0.087036,0.070808
8,368,5722,226916,0.083959,0.088863
8,369,15153,526279,0.083207,0.088053
8,370,562,69097,0.073517,0.074492
8,371,21507,909391,0.090787,0.143984
8,372,1226,2121,0.088067,0.084854
8,373,4229,19996,0.087542,0.080046
8,374,1744,1648,0.090606,0.077244
8,375,8098,143485,0.090697,0.080041
8,376,126,33862,0.064323,0.069772
8,377,190,230,0.070178,0.078031
8,378,160,3683,0.062997,0.063003
8,379,14254,163002,0.083701,0.092736
8,380,2596,90139,0.093337,0.104147
8,381,29384,376052,0.091466,0.101974
8,382,254,92,0.074345,0.082246
8,383,13807,204867,0.089912,0.085919
8,384,123,58,0.122912,0.106875
8,385,687,33180,0.082245,0.067326
8,386,42000,148372,0.077150,0.084574
8,387,1624,51584,0.064762,0.088644
8,388,96376,778752,0.108354,0.116916
8,389,290,635,0.065284,0.069027
8,390,1663,60349,0.083245,0.082629
8,391,8266,63906,0.090368,0.098773
8,392,21189,3625,0.122765,0.117015
8,393,48882,137709,0.076776,0.074573
8,394,4636,9368,0.074382,0.070287
8,395,17047,278448,0.094635,0.084005
8,396,54832,605781,0.080912,0.099075
8,397,1130,21685,0.085265,0.075467
8,398,7655,92948,0.100274,0.132194
8,399,394,5655,0.069204,0.078343
8,400,10958,245460,0.085692,0.082687
8,401,1509,20743,0.074727,0.074388
8,402,46,38,0.057654,0.057508
8,403,4,1,0.075684,0.090820
8,404,30460,202179,0.121363,0.098555
8,405,4726,11535,0.077469,0.081234
8,406,62,10136,0.070895,0.082839
8,407,105186,740788,0.097684,0.105443
8,408,114,1106,0.063370,0.077182
8,409,3673,383769,0.099111,0.103161
8,410,12089,412325,0.086607,0.097083
8,411,4541,364012,0.082521,0.081373
8,412,681,1089,0.078934,0.072648
8,413,20091,204135,0.097436,0.089614
8,414,3,24,0.081380,0.061829
8,415,757,1178,0.064163,0.075716
8,416,82209,356973,0.115749,0.134452
8,417,322244,535051,0.103676,0.090985
8,418,99,370,0.073708,0.064236
8,419,47162,347675,0.090885,0.101830
8,420,91846,512910,0.108506,0.105764
8,421,3,9,0.087728,0.064182
8,422,4802,268206,0.085953,0.088502
8,423,118,219,0.072210,0.069891
8,424,16771,119531,0.091151,0.091959
8,425,6646,330029,0.080065,0.094423
8,426,165090,836349,0.124906,0.103255
8,427,71386,387315,0.110445,0.117766
8,428,7971,37913,0.081491,0.078762
8,429,5664,201744,0.089952,0.094215
8,430,1880,213225,0.099818,0.108142
8,431,8,0,0.065094,0.000000
8,432,53,2195,0.049890,0.067205
8,433,17704,102919,0.093745,0.086238
8,434,8483,128732,0.079487,0.095533
8,435,32827,188062,0.070886,0.075800
8,436,4325,431606,0.082172,0.087519
8,437,89,133,0.063638,0.058193
8,438,6272,158890,0.093424,0.083539
8,439,15068,85442,0.072832,0.062855
8,440,13726,127143,0.078951,0.084926
8,441,26477,192941,0.099920,0.114231
8,442,7838,166621,0.086537,0.090266
8,443,18351,288941,0.065115,0.086246
8,444,8085,446054,0.075184,0.087144
8,445,29,26,0.063317,0.067824
8,446,67191,344480,0.114577,0.099045
8,447,5728,108936,0.097579,0.077923
8,448,153046,315163,0.083815,0.078084
8,449,3221,3065,0.091269,0.092979
8,450,398,22675,0.082583,0.084300
8,451,1057,771,0.091155,0.091012
8,452,389,23713,0.064116,0.069763
8,453,105241,1105929,0.114414,0.145570
8,454,951,8552,0.092937,0.079503
8,455,2563,218088,0.086869,0.093242
8,456,5885,10827,0.085393,0.082264
8,457,782,336,0.064340,0.067682
8,458,7864,35601,0.083471,0.075394
8,459,28293,24610,0.076636,0.081842
8,460,27444,240397,0.066178,0.069659
8,461,73904,235699,0.097941,0.086161
8,462,15467,91881,0.127633,0.128406
8,463,25604,604053,0.087220,0.137090
8,464,13222,854573,0.092691,0.115847
8,465,8103,45647,0.079490,0.080855
8,466,16363,358674,0.083678,0.092311
8,467,233,18725,0.073167,0.075278
8,468,42191,356516,0.082318,0.097680
8,469,10023,44183,0.067691,0.078799
8,470,28,1,0.051091,0.056152
8,471,3008,538461,0.081884,0.110885
8,472,5506,45288,0.076490,0.089601
8,473,21176,163738,0.082288,0.083384
8,474,94,40,0.064644,0.076605
8,475,5973,22664,0.084197,0.079695
8,476,2227,5007,0.117039,0.093953
8,477,22665,235968,0.098509,0.092781
8,478,42473,193881,0.141875,0.147499
8,479,6202,50555,0.071301,0.072721
8,480,581,958,0.095956,0.076363
8,481,19795,388177,0.092522,0.131223
8,482,21371,225055,0.096125,0.095190
8,483,6358,18131,0.093366,0.094167
8,484,14689,70553,0.109292,0.123383
8,485,16663,322577,0.075603,0.103062
8,486,27518,319178,0.093089,0.108108
8,487,12,13,0.061473,0.061167
8,488,40770,91886,0.079833,0.073643
8,489,17514,89258,0.120390,0.141599
8,490,18735,98832,0.099362,0.112004
8,491,20465,76466,0.113623,0.104403
8,492,5038,41500,0.085603,0.085762
8,493,21507,396979,0.095558,0.095215
8,494,1188,2279,0.072919,0.080258
8,495,21991,72552,0.114612,0.121264
8,496,90497,502146,0.128777,0.155830
8,497,24399,159375,0.116016,0.101389
8,498,508,2825,0.066463,0.079009
8,499,569,142,0.065656,0.054602
8,500,10340,231396,0.101274,0.077700
8,501,18274,41327,0.064819,0.067098
8,502,66099,68860,0.135390,0.071433
8,503,4220,29825,0.072714,0.088545
8,504,11756,204609,0.111182,0.090037
8,505,1732,32074,0.094757,0.083480
8,506,2937,11577,0.079130,0.083979
8,507,5063,202799,0.082907,0.090072
8,508,157,75,0.084232,0.107458
8,509,2515,166189,0.092912,0.099229
8,510,4097,146348,0.080162,0.110535
8,511,1154,52651,0.065895,0.056773
9,0,27040,258172,nan,nan
9,1,18143,232004,nan,nan
9,2,17747,210743,nan,nan
9,3,21444,214222,nan,nan
9,4,17732,213749,nan,nan
9,5,19466,276171,nan,nan
9,6,17800,407093,nan,nan
9,7,174173,722738,nan,nan
9,8,20090,220624,nan,nan
9,9,271410,707592,nan,nan
9,10,591,537,0.065804,0.074065
9,11,18514,184469,0.083257,0.085075
9,12,1588,38168,0.056673,0.112956
9,13,69855,25208,0.071785,0.081394
9,14,4045,123079,0.078546,0.090270
9,15,0,0,0.000000,0.000000
9,16,28385,278333,0.072265,0.077692
9,17,1310,146307,0.072157,0.078556
9,18,10947,400413,0.110101,0.133162
9,19,2510,11773,0.069658,0.069755
9,20,6,78,0.047648,0.052666
9,21,35872,663522,0.087817,0.091129
9,22,15149,244293,0.080217,0.100445
9,23,2956,98092,0.077703,0.079534
9,24,4,1,0.071106,0.050293
9,25,191725,391330,0.089031,0.089652
9,26,16488,130614,0.085016,0.130395
9,27,83562,494262,0.102463,0.086319
9,28,12702,80615,0.154216,0.182052
9,29,909,133794,0.056134,0.088097
9,30,629,26109,0.080387,0.083747
9,31,689,116,0.063205,0.055360
9,32,2119,43549,0.062567,0.077674
9,33,571,53456,0.062929,0.098950
9,34,30778,386,0.078172,0.056281
9,35,7405,109848,0.071825,0.098476
9,36,1274,140364,0.061044,0.073856
9,37,19525,200495,0.066255,0.081853
9,38,47304,152269,0.099914,0.093442
9,39,0,26,0.000000,0.064763
9,40,21636,793911,0.094212,0.107969
9,41,17195,406123,0.089333,0.090147
9,42,13113,1628,0.055340,0.079465
9,43,549102,1441718,0.129461,0.101853
9,44,118811,126646,0.103270,0.089452
9,45,19805,399010,0.078905,0.092347
9,46,89,7814,0.060957,0.073200
9,47,10377,144192,0.090034,0.083543
9,48,8131,144367,0.066321,0.080166
9,49,21,102,0.060384,0.059336
9,50,601,327,0.047391,0.068822
9,51,480,647,0.078664,0.074753
9,52,0,2,0.000000,0.078857
9,53,5524,155716,0.070870,0.086598
9,54,6,150,0.068197,0.082829
9,55,57140,401156,0.077274,0.085698
9,56,2208,40569,0.079256,0.077149
9,57,7375,42449,0.068022,0.072153
9,58,19660,145915,0.076944,0.080679
9,59,97,67782,0.056929,0.071372
9,60,8,1542,0.074707,0.073304
9,61,39917,286928,0.111992,0.111721
9,62,5788,438202,0.080445,0.093835
9,63,3,15267,0.068929,0.072262
9,64,808,263784,0.072465,0.075925
9,65,793,27635,0.109587,0.100925
9,66,189,33,0.093649,0.070357
9,67,33,29,0.081928,0.072611
9,68,2693,37946,0.083478,0.091734
9,69,21014,741898,0.088586,0.105468
9,70,18845,390815,0.094833,0.097157
9,71,1073,6501,0.068691,0.068578
9,72,1,0,0.046387,0.000000
9,73,10557,2113,0.098136,0.086258
9,74,2,10,0.056641,0.066211
9,75,586,445088,0.075417,0.086825
9,76,194,121,0.086256,0.084834
9,77,1497,94827,0.090973,0.098095
9,78,230,273,0.060656,0.066820
9,79,2391,69,0.067013,0.059443
9,80,313,2908,0.058973,0.076092
9,81,221,143384,0.062747,0.093672
9,82,1972,23066,0.070651,0.074937
9,83,3429,113709,0.077470,0.089050
9,84,77795,527871,0.082140,0.092228
9,85,12,1,0.057917,0.080078
9,86,3190,178,0.090611,0.080158
9,87,1458,93791,0.061159,0.076120
9,88,16669,220873,0.089740,0.086593
9,89,392458,916130,0.125523,0.106836
9,90,45,6468,0.061182,0.081242
9,91,156,3688,0.066620,0.077420
9,92,559,1497,0.073941,0.070974
9,93,6473,62113,0.075100,0.078590
9,94,548,44807,0.073207,0.075526
9,95,10382,78000,0.068985,0.071253
9,96,3053,2432,0.072608,0.072576
9,97,14170,440850,0.065999,0.078254
9,98,565,9973,0.073758,0.077875
9,99,21993,75812,0.073127,0.076621
9,100,268,2927,0.065491,0.071515
9,101,95906,427397,0.089790,0.097238
9,102,9,3679,0.070747,0.079265
9,103,66100,25631,0.091774,0.082478
9,104,97,84,0.060718,0.051490
9,105,371,595,0.079280,0.084437
9,106,46233,508533,0.093733,0.092965
9,107,19,56279,0.082494,0.083329
9,108,234,57427,0.078223,0.092517
9,109,10897,128052,0.060430,0.070787
9,110,191739,1203217,0.087298,0.090664
9,111,1009,2020,0.053363,0.067650
9,112,226,53835,0.083026,0.090818
9,113,233,37932,0.065187,0.080969
9,114,391,9366,0.060220,0.079043
9,115,244,212,0.075546,0.077906
9,116,16962,144519,0.089193,0.108695
9,117,2,0,0.084717,0.000000
9,118,20849,109985,0.137029,0.183299
9,119,1809,51166,0.068081,0.122407
9,120,272,87,0.072220,0.074903
9,121,6,1,0.044230,0.041260
9,122,7706,162649,0.089316,0.117179
9,123,873,407691,0.068055,0.086573
9,124,21474,267507,0.111250,0.102151
9,125,18460,225615,0.080689,0.096466
9,126,63,6,0.058299,0.052734
9,127,379,7,0.077999,0.070557
9,128,32120,51803,0.129164,0.127312
9,129,26,7324,0.062918,0.068179
9,130,2,0,0.095459,0.000000
9,131,55,3909,0.077601,0.086002
9,132,14,750,0.046308,0.065150
9,133,1009,11407,0.065724,0.073465
9,134,0,0,0.000000,0.000000
9,135,135,14,0.064959,0.074934
9,136,90,76990,0.067586,0.080475
9,137,0,0,0.000000,0.000000
9,138,39344,187402,0.096030,0.089349
9,139,36928,154035,0.105022,0.114561
9,140,14,5,0.056449,0.077246
9,141,0,0,0.000000,0.000000
9,142,158781,1433060,0.078994,0.088525
9,143,74953,54433,0.086497,0.084689
9,144,680,5081,0.070262,0.063242
9,145,241,784,0.064713,0.069103
9,146,152790,686047,0.082476,0.087838
9,147,571,667,0.073556,0.076640
9,148,13323,59450,0.041346,0.096265
9,149,1838,2498,0.084389,0.077785
9,150,15,7,0.075033,0.071359
9,151,5749,166369,0.122913,0.156326
9,152,542,3388,0.073121,0.077114
9,153,14359,178743,0.074329,0.103883
9,154,567,13261,0.074180,0.073365
9,155,1545,134930,0.074564,0.100109
9,156,24392,301666,0.099922,0.112815
9,157,16,253,0.064835,0.058130
9,158,7294,96365,0.101952,0.103121
9,159,1745,490,0.078135,0.065383
9,160,0,2,0.000000,0.072266
9,161,16218,4280,0.089879,0.074197
9,162,4690,98408,0.090925,0.124576
9,163,34715,211387,0.151934,0.151276
9,164,66468,285476,0.087325,0.094685
9,165,416232,26061,0.096066,0.063099
9,166,83383,837955,0.095965,0.103797
9,167,366,388,0.067058,0.065864
9,168,1655,117023,0.068246,0.078170
9,169,3,173,0.056071,0.062906
9,170,37099,412562,0.091868,0.086456
9,171,15071,37411,0.104835,0.086761
9,172,18843,266716,0.093513,0.111102
9,173,18570,18309,0.069000,0.087707
9,174,577,49486,0.057426,0.068013
9,175,113,1311,0.066353,0.071764
9,176,3259,349992,0.067091,0.082123
9,177,1298,397912,0.076940,0.091313
9,178,1342,20662,0.078933,0.074784
9,179,4302,106109,0.063275,0.075118
9,180,1397,327188,0.064917,0.088033
9,181,17153,863493,0.093419,0.099592
9,182,31840,251408,0.111729,0.143242
9,183,1493,1909,0.072120,0.075197
9,184,44274,531481,0.098574,0.093595
9,185,4061,63046,0.073527,0.077792
9,186,178,215,0.070652,0.069850
9,187,175,876,0.065536,0.064762
9,188,233796,186126,0.099906,0.082458
9,189,1501,215350,0.074806,0.092312
9,190,7003,448669,0.098943,0.091827
9,191,8155,28280,0.075184,0.101718
9,192,249,355,0.063666,0.071650
9,193,3880,97286,0.069263,0.126365
9,194,4,0,0.063232,0.000000
9,195,3118,152641,0.080099,0.087739
9,196,1084,108784,0.065433,0.072054
9,197,718,14814,0.084456,0.155618
9,198,21657,585895,0.078119,0.102470
9,199,4055,14480,0.080726,0.072424
9,200,3308,96945,0.056870,0.075606
9,201,116240,559947,0.110511,0.118890
9,202,13302,112029,0.103993,0.155012
9,203,27170,101,0.053079,0.070801
9,204,7239,648099,0.086331,0.102592
9,205,772,513,0.061313,0.069038
9,206,1413,188,0.075436,0.071684
9,207,8842,239082,0.078393,0.086509
9,208,12898,106196,0.111097,0.141995
9,209,18,199,0.066216,0.066955
9,210,684,23294,0.081132,0.085391
9,211,374,1096,0.071076,0.056016
9,212,547,18618,0.059422,0.066244
9,213,427,8163,0.072795,0.076403
9,214,29593,733431,0.088162,0.107464
9,215,671,83746,0.079674,0.086279
9,216,522,19536,0.073357,0.081642
9,217,1,22,0.064941,0.063821
9,218,159,86,0.110227,0.106644
9,219,1,8,0.036621,0.078369
9,220,2671,51277,0.081337,0.074580
9,221,146513,140667,0.134901,0.072521
9,222,361,10413,0.063314,0.056418
9,223,6927,583884,0.078518,0.089824
9,224,862,60677,0.075606,0.097747
9,225,9476,236181,0.066087,0.080090
9,226,810,1923,0.087798,0.077705
9,227,51,25,0.068302,0.065615
9,228,1418,24586,0.060001,0.082978
9,229,1374,92563,0.067820,0.084432
9,230,25639,20987,0.057804,0.056805
9,231,1618,443,0.067208,0.060433
9,232,422,15300,0.069407,0.084749
9,233,944,6493,0.081160,0.081392
9,234,64301,766001,0.086601,0.095384
9,235,3043,7968,0.088033,0.086741
9,236,256795,507001,0.078714,0.085684
9,237,2693,306015,0.081363,0.089456
9,238,86,18,0.088745,0.086995
9,239,1506,12821,0.073154,0.086286
9,240,24794,496823,0.094833,0.101554
9,241,2281,17715,0.091933,0.100147
9,242,199891,808456,0.081625,0.087038
9,243,571,25363,0.080989,0.082737
9,244,40714,306939,0.080148,0.117802
9,245,115416,620437,0.110408,0.122772
9,246,2547,98667,0.074174,0.074921
9,247,673,13830,0.079044,0.078056
9,248,64,5,0.057976,0.073389
9,249,48188,433543,0.096827,0.091683
9,250,2746,105401,0.082252,0.082309
9,251,28322,3562,0.087660,0.091491
9,252,2371,6160,0.078999,0.081507
9,253,42431,179966,0.123008,0.141639
9,254,17909,181618,0.074257,0.076119
9,255,35356,9369,0.095732,0.090098
9,256,2887,84773,0.078450,0.110129
9,257,284,864672,0.072427,0.100122
9,258,0,0,0.000000,0.000000
9,259,14273,3544,0.077983,0.069535
9,260,43,12,0.048922,0.049947
9,261,4036,1734,0.083572,0.076354
9,262,16624,364023,0.098571,0.100568
9,263,1,2732,0.028442,0.083579
9,264,14677,143001,0.079729,0.086815
9,265,60,8356,0.072770,0.071580
9,266,3629,3464,0.070889,0.071756
9,267,1339,238809,0.082450,0.091308
9,268,8790,278726,0.069672,0.078005
9,269,3489,320,0.098494,0.087788
9,270,2,13007,0.050537,0.065048
9,271,16,2,0.055023,0.053589
9,272,2352,3138,0.089854,0.096292
9,273,20765,634549,0.098003,0.095045
9,274,53,2948,0.090180,0.073326
9,275,7138,112591,0.086705,0.089181
9,276,328,230,0.059380,0.074336
9,277,807,36332,0.061565,0.075304
9,278,9922,143282,0.084314,0.089968
9,279,174,4714,0.071991,0.118201
9,280,2564,309680,0.075846,0.079362
9,281,40318,342432,0.078111,0.093910
9,282,0,29,0.000000,0.052852
9,283,62,50,0.059568,0.082319
9,284,40051,202478,0.096756,0.094748
9,285,75922,138188,0.085495,0.083154
9,286,16962,193455,0.099120,0.100898
9,287,460,434363,0.076548,0.110815
9,288,7591,85157,0.092771,0.090884
9,289,900,1536257,0.068884,0.118815
9,290,9351,183861,0.067441,0.073993
9,291,129,393,0.066742,0.082789
9,292,4233,46188,0.070278,0.075933
9,293,4620,28601,0.096197,0.096496
9,294,244080,97269,0.088140,0.077817
9,295,87062,429731,0.168555,0.128499
9,296,6160,65394,0.067720,0.085793
9,297,1039,537760,0.082496,0.141126
9,298,57854,815811,0.126195,0.103717
9,299,76684,301386,0.093477,0.097461
9,300,16080,10244,0.074963,0.061240
9,301,1483,12733,0.086365,0.080793
9,302,17693,162550,0.078301,0.084067
9,303,201,160,0.069604,0.077339
9,304,268,4948,0.079921,0.083560
9,305,18771,357987,0.092366,0.098804
9,306,3574,255860,0.088020,0.088429
9,307,0,43334,0.000000,0.084625
9,308,21185,321937,0.079551,0.087429
9,309,39750,7263,0.068914,0.077776
9,310,937,66837,0.079318,0.098229
9,311,39668,472467,0.083030,0.106112
9,312,803,1978,0.063642,0.059297
9,313,72,1613,0.065765,0.068694
9,314,333,2840,0.068685,0.074169
9,315,5,7,0.074561,0.070940
9,316,72190,356026,0.077256,0.079189
9,317,88679,138498,0.076948,0.079705
9,318,25391,215394,0.103074,0.121783
9,319,10,0,0.074756,0.000000
9,320,0,0,0.000000,0.000000
9,321,12085,18685,0.086051,0.088458
9,322,1614,459519,0.066298,0.093396
9,323,9653,67895,0.084839,0.080168
9,324,473,13212,0.066835,0.078526
9,325,234,270,0.055093,0.061813
9,326,22615,386432,0.094091,0.099309
9,327,3991,399622,0.085440,0.096600
9,328,37,29362,0.071282,0.071348
9,329,664,5260,0.067029,0.073761
9,330,568,501,0.075840,0.074156
9,331,1602,3499,0.085921,0.083338
9,332,30813,268239,0.084188,0.090413
9,333,11787,832445,0.066909,0.103513
9,334,192,915,0.071058,0.066567
9,335,8321,431394,0.089713,0.100123
9,336,5,8857,0.066455,0.083266
9,337,4370,213901,0.078630,0.082366
9,338,62050,348901,0.090176,0.113162
9,339,14788,87159,0.081414,0.092250
9,340,119,4358,0.074881,0.090775
9,341,11,14,0.082320,0.057600
9,342,11918,65407,0.078375,0.079912
9,343,61066,393548,0.083256,0.103585
9,344,1853,47358,0.062819,0.069424
9,345,8,43,0.063385,0.075280
9,346,1882,157786,0.070917,0.077406
9,347,1737,179171,0.076124,0.081688
9,348,24382,447730,0.109157,0.110092
9,349,7835,208067,0.077349,0.081242
9,350,20268,362969,0.109847,0.117495
9,351,343,33716,0.079708,0.076678
9,352,444,18917,0.060873,0.065912
9,353,13064,46117,0.066537,0.072889
9,354,11962,265539,0.085041,0.102849
9,355,1650,26658,0.065297,0.081033
9,356,26,4102,0.076059,0.077202
9,357,9195,1467,0.098018,0.084328
9,358,1538,19874,0.068942,0.080196
9,359,9458,215871,0.102838,0.098150
9,360,19216,183487,0.124180,0.146311
9,361,403,3627,0.073921,0.073142
9,362,229,191754,0.059663,0.121060
9,363,126842,580088,0.104641,0.105271
9,364,5711,116607,0.112964,0.158684
9,365,2366,73569,0.078952,0.119391
9,366,257,227,0.087226,0.084567
9,367,3419,124265,0.094356,0.122058
9,368,19957,905152,0.089201,0.121301
9,369,84,22,0.076676,0.072965
9,370,26054,233255,0.080267,0.157722
9,371,8816,57873,0.081870,0.080350
9,372,95,5295,0.063435,0.072921
9,373,1865,9683,0.062217,0.074101
9,374,4,4,0.069885,0.079468
9,375,218,1871,0.095042,0.080336
9,376,63,460,0.070574,0.070274
9,377,10017,195612,0.095047,0.124277
9,378,36,4732,0.072015,0.065986
9,379,1,9,0.042480,0.086968
9,380,78,1715,0.074356,0.065780
9,381,9850,12305,0.076555,0.092510
9,382,2157,91260,0.087742,0.087358
9,383,79174,540076,0.104045,0.121542
9,384,394,18940,0.056890,0.071831
9,385,4,0,0.066528,0.000000
9,386,16265,95366,0.119680,0.101376
9,387,14745,387474,0.091499,0.092933
9,388,17619,138496,0.105715,0.105005
9,389,1844,148455,0.074441,0.078162
9,390,248,75,0.058482,0.062000
9,391,501,33861,0.072403,0.080111
9,392,16723,122689,0.098161,0.107778
9,393,13178,270108,0.075159,0.088345
9,394,133,143,0.104288,0.099102
9,395,16349,113991,0.081164,0.098400
9,396,8,121,0.072906,0.080837
9,397,21086,500791,0.054265,0.100156
9,398,40894,5914,0.115234,0.107546
9,399,71806,309402,0.134678,0.126872
9,400,472,49102,0.063848,0.080584
9,401,1601,47636,0.075004,0.093074
9,402,164,21244,0.065023,0.065531
9,403,6803,19180,0.082409,0.077403
9,404,527,39357,0.068381,0.076875
9,405,5871,617711,0.089340,0.102737
9,406,1451,12029,0.068122,0.067974
9,407,21696,502290,0.148647,0.161973
9,408,308,9523,0.085900,0.086887
9,409,28288,2080,0.084889,0.068587
9,410,28039,78342,0.088443,0.087100
9,411,146,39481,0.066888,0.083642
9,412,13782,75243,0.057041,0.096063
9,413,7290,109408,0.106026,0.123595
9,414,8424,152464,0.083375,0.089344
9,415,19161,63514,0.067735,0.078029
9,416,1922,73345,0.081997,0.104353
9,417,3099,8197,0.074141,0.077660
9,418,1059,265423,0.076962,0.088202
9,419,4982,229,0.074038,0.073522
9,420,139,9253,0.070067,0.077226
9,421,354,698,0.064122,0.069647
9,422,78964,246425,0.097857,0.122143
9,423,3711,4133,0.108561,0.070976
9,424,1125,1561,0.086412,0.079372
9,425,16685,31976,0.068972,0.072726
9,426,137661,124687,0.178449,0.086187
9,427,511,4676,0.073076,0.074558
9,428,57,154,0.064549,0.059941
9,429,44634,502215,0.175291,0.181190
9,430,9486,209469,0.090468,0.120413
9,431,86,5,0.079902,0.060840
9,432,17451,104368,0.069549,0.075237
9,433,101,691,0.060722,0.066274
9,434,4,7,0.083557,0.069650
9,435,10147,110901,0.112944,0.120282
9,436,16462,835427,0.066594,0.083834
9,437,122682,529473,0.123672,0.128099
9,438,35,98328,0.063100,0.078406
9,439,494,59047,0.075338,0.083379
9,440,207231,942269,0.116260,0.101666
9,441,17344,254495,0.071178,0.083169
9,442,51,87,0.078221,0.074151
9,443,11056,356169,0.078278,0.098533
9,444,1229,204960,0.072088,0.087625
9,445,1553,12377,0.085472,0.077323
9,446,206,119,0.080208,0.070557
9,447,41,872,0.071075,0.081496
9,448,11331,133760,0.107049,0.157204
9,449,17520,119719,0.115703,0.127791
9,450,6539,32841,0.062076,0.076252
9,451,12327,85525,0.105450,0.117296
9,452,11702,418998,0.115157,0.097546
9,453,26,18485,0.065336,0.081766
9,454,1518,3262,0.079751,0.076503
9,455,35,70278,0.064900,0.091222
9,456,58125,544254,0.073915,0.100105
9,457,247,288,0.082457,0.094343
9,458,1275,59553,0.067628,0.074187
9,459,463,94547,0.068217,0.080454
9,460,25086,146915,0.143059,0.185539
9,461,20733,524094,0.143390,0.108806
9,462,4155,86684,0.061538,0.074138
9,463,1054,56867,0.062895,0.083602
9,464,55148,623880,0.100544,0.097760
9,465,239,21033,0.064688,0.083610
9,466,174,81467,0.083392,0.094431
9,467,136221,676332,0.098073,0.113360
9,468,6,24495,0.063110,0.082145
9,469,12,89,0.075114,0.053657
9,470,2361,803,0.051318,0.073354
9,471,2,6,0.071777,0.080037
9,472,7613,189081,0.061663,0.072703
9,473,6581,140100,0.085201,0.125682
9,474,607,267023,0.082094,0.084737
9,475,6356,18178,0.090888,0.082674
9,476,414,9039,0.072466,0.077772
9,477,0,0,0.000000,0.000000
9,478,466,1579,0.060942,0.072891
9,479,23,6922,0.066682,0.080607
9,480,2622,56837,0.073320,0.079711
9,481,36424,196201,0.074997,0.090081
9,482,100,2456,0.075868,0.074877
9,483,12445,222351,0.084551,0.078632
9,484,21764,481300,0.079818,0.107031
9,485,52,2,0.056897,0.046997
9,486,211,47,0.057100,0.055332
9,487,748,13061,0.069681,0.096592
9,488,137400,620302,0.118401,0.113799
9,489,16042,111053,0.064121,0.074831
9,490,4018,179388,0.065606,0.115929
9,491,902,80091,0.075981,0.119507
9,492,1154,81126,0.077097,0.092010
9,493,6166,197710,0.070933,0.081303
9,494,29207,359731,0.097152,0.125671
9,495,571,17024,0.090440,0.085142
9,496,996,68365,0.084776,0.098840
9,497,16680,135245,0.091647,0.118754
9,498,7096,515,0.098920,0.087766
9,499,296,103247,0.071341,0.080087
9,500,91657,112804,0.120827,0.085089
9,501,274,508,0.065055,0.070109
9,502,9996,156688,0.078649,0.080553
9,503,2568,65880,0.069916,0.073653
9,504,29152,477009,0.115427,0.086934
9,505,22892,165955,0.089389,0.093137
9,506,8220,211192,0.098526,0.149983
9,507,20349,593674,0.086286,0.097373
9,508,336,417636,0.078631,0.088170
9,509,66725,508392,0.084635,0.083783
9,510,20836,469586,0.075412,0.082612
9,511,7383,30600,0.108213,0.098415
10,0,19104,609053,nan,nan
10,1,20673,1260261,nan,nan
10,2,19956,418431,nan,nan
10,3,18635,211075,nan,nan
10,4,17855,210804,nan,nan
10,5,18824,290890,nan,nan
10,6,17985,210837,nan,nan
10,7,17887,235826,nan,nan
10,8,17793,211771,nan,nan
10,9,34527,213376,nan,nan
10,10,1851,52171,0.082691,0.089315
10,11,20616,2393,0.084549,0.085009
10,12,1029,158395,0.063515,0.073999
10,13,984,670,0.097897,0.098491
10,14,67,5227,0.078932,0.069643
10,15,163,61,0.087779,0.080342
10,16,3,1,0.086589,0.065430
10,17,3874,166706,0.052844,0.080163
10,18,250,1645,0.068389,0.075002
10,19,4,27466,0.055298,0.073754
10,20,1565,13902,0.074908,0.083876
10,21,1392,147163,0.063432,0.079253
10,22,8,32972,0.051727,0.069131
10,23,21,7961,0.080892,0.074706
10,24,7532,211560,0.086373,0.103689
10,25,64002,17909,0.120539,0.081032
10,26,14,0,0.056065,0.000000
10,27,139,441,0.056947,0.057862
10,28,0,0,0.000000,0.000000
10,29,4416,83393,0.085973,0.143897
10,30,5335,21232,0.140961,0.118917
10,31,526,126497,0.080457,0.079894
10,32,119,55,0.065840,0.079408
10,33,4540,107994,0.105701,0.104217
10,34,23061,169400,0.097372,0.086377
10,35,795,27828,0.077731,0.075072
10,36,1,0,0.112305,0.000000
10,37,41261,274277,0.090093,0.102598
10,38,35181,635471,0.091425,0.085287
10,39,188,907,0.077308,0.065637
10,40,85571,455986,0.087191,0.081686
10,41,52,2129,0.058049,0.071809
10,42,64969,295190,0.082799,0.092487
10,43,0,21,0.000000,0.066557
10,44,15490,134907,0.099685,0.085630
10,45,172,1919,0.073684,0.074387
10,46,1975,6464,0.106327,0.072269
10,47,0,2137,0.000000,0.085318
10,48,10225,67736,0.127210,0.124093
10,49,966,3817,0.087654,0.078084
10,50,9216,102578,0.088855,0.101529
10,51,210,11587,0.095150,0.078659
10,52,33791,30075,0.078169,0.066353
10,53,5810,108726,0.102972,0.114479
10,54,75,413738,0.067874,0.109938
10,55,368,46232,0.052196,0.077575
10,56,13647,152895,0.088103,0.121902
10,57,11441,143583,0.062323,0.072537
10,58,147728,697254,0.079704,0.101934
10,59,445,4127,0.069989,0.068115
10,60,193,7393,0.097389,0.096542
10,61,4287,220813,0.076526,0.086896
10,62,84581,217111,0.094502,0.099218
10,63,11890,206766,0.061373,0.071119
10,64,792,138472,0.076493,0.084142
10,65,403,33390,0.078602,0.074276
10,66,452,39096,0.082027,0.083785
10,67,268,82127,0.070106,0.108879
10,68,174921,1406595,0.081773,0.091341
10,69,2006,8140,0.058472,0.070246
10,70,26277,718927,0.091129,0.102012
10,71,1128,2832,0.054164,0.068683
10,72,399,20063,0.080010,0.077437
10,73,68,17453,0.074899,0.074561
10,74,13926,516678,0.086706,0.094827
10,75,55231,212590,0.137569,0.172103
10,76,2001,48105,0.053249,0.071354
10,77,7573,96766,0.074127,0.078519
10,78,69,5,0.074543,0.048340
10,79,389,1071,0.083255,0.070871
10,80,9,8,0.065891,0.089355
10,81,3557,756530,0.078417,0.088532
10,82,23218,180290,0.099480,0.098455
10,83,76890,438431,0.117880,0.118737
10,84,74814,243008,0.084480,0.077163
10,85,33748,545998,0.071451,0.095291
10,86,136,91,0.065099,0.061786
10,87,18741,148365,0.073337,0.079847
10,88,31899,178125,0.058104,0.080463
10,89,1171,23227,0.065858,0.072874
10,90,8700,321321,0.058014,0.073180
10,91,4280,465355,0.053491,0.073129
10,92,180,61682,0.080407,0.093591
10,93,87,91360,0.069518,0.107535
10,94,42680,283571,0.121182,0.126706
10,95,17268,153535,0.065816,0.068127
10,96,268,2184,0.067534,0.058095
10,97,5198,103021,0.069094,0.081612
10,98,2618,15905,0.082470,0.082612
10,99,5188,18445,0.079553,0.077268
10,100,2833,3980,0.075420,0.073325
10,101,2087,103673,0.059628,0.072756
10,102,65,92,0.057501,0.061485
10,103,270,6180,0.070860,0.078299
10,104,10,9,0.041479,0.069634
10,105,6142,169054,0.077472,0.151192
10,106,163543,739641,0.129332,0.125186
10,107,432,2902,0.085171,0.068176
10,108,126,56209,0.076660,0.087524
10,109,3941,4207,0.089005,0.075716
10,110,4907,3177,0.074136,0.087623
10,111,451,193377,0.081819,0.092452
10,112,2745,54222,0.079953,0.083935
10,113,1463,256946,0.077799,0.084381
10,114,1,0,0.065430,0.000000
10,115,952,914,0.083651,0.076563
10,116,3277,181363,0.085917,0.091856
10,117,239,24,0.077968,0.062724
10,118,1643,13422,0.062622,0.068078
10,119,211,289,0.066290,0.062549
10,120,15512,411650,0.072150,0.080108
10,121,40056,158135,0.099093,0.091200
10,122,2202,9436,0.082434,0.077725
10,123,2761,7926,0.094028,0.089007
10,124,5833,10694,0.098778,0.084176
10,125,1475,294141,0.072356,0.079733
10,126,6847,306398,0.070995,0.087711
10,127,2298,50856,0.070406,0.089671
10,128,15897,446998,0.080427,0.087166
10,129,72117,568588,0.101231,0.115168
10,130,424,4982,0.083841,0.062964
10,131,2552,2985,0.073943,0.068380
10,132,1724,8770,0.080256,0.076641
10,133,35,80,0.076430,0.065823
10,134,434164,1067083,0.114610,0.098452
10,135,0,2,0.000000,0.086182
10,136,0,0,0.000000,0.000000
10,137,64,1583,0.075577,0.081079
10,138,698,1641,0.058928,0.060774
10,139,102195,414711,0.094344,0.087809
10,140,240,12782,0.065313,0.073700
10,141,58,40,0.081025,0.090741
10,142,9298,81612,0.088376,0.090282
10,143,483,7535,0.066717,0.073772
10,144,142,74,0.082643,0.091764
10,145,19805,449933,0.075055,0.089169
10,146,195032,1386215,0.110129,0.117081
10,147,11779,66927,0.075917,0.080324
10,148,3456,330708,0.088929,0.085957
10,149,4004,46850,0.071460,0.097976
10,150,2549,91429,0.088377,0.074348
10,151,23804,296544,0.072572,0.083435
10,152,26859,455103,0.070755,0.084616
10,153,134,199,0.053501,0.053331
10,154,179,564,0.069479,0.065355
10,155,45771,281178,0.120360,0.142461
10,156,84,1679,0.075075,0.071937
10,157,6666,83066,0.087862,0.110829
10,158,1724,33047,0.087298,0.110118
10,159,3040,80382,0.074558,0.085691
10,160,37831,264958,0.079189,0.089080
10,161,5,0,0.073291,0.000000
10,162,50,16752,0.067058,0.072434
10,163,11047,43860,0.078484,0.080566
10,164,2691,128030,0.080302,0.075032
10,165,33878,191459,0.094260,0.108883
10,166,3211,29205,0.074107,0.082914
10,167,183,260056,0.087736,0.126333
10,168,811,605,0.071893,0.070406
10,169,7039,175194,0.087711,0.085635
10,170,248,3659,0.080350,0.062793
10,171,21142,336271,0.084364,0.085234
10,172,56813,345989,0.076730,0.105219
10,173,68226,651434,0.108393,0.122224
10,174,6452,3090,0.062484,0.065711
10,175,30674,496528,0.092350,0.087142
10,176,629,307903,0.082535,0.081654
10,177,6432,151601,0.084924,0.088055
10,178,7362,351949,0.083195,0.098381
10,179,57,22371,0.060483,0.066010
10,180,1628,34053,0.076634,0.086360
10,181,570,117,0.100656,0.092888
10,182,2838,117005,0.070192,0.073084
10,183,5701,529938,0.061423,0.084502
10,184,5309,159087,0.096477,0.144935
10,185,106364,1046022,0.100575,0.120143
10,186,408,2856,0.058125,0.066037
10,187,9989,70163,0.045528,0.084688
10,188,11492,155444,0.098688,0.086256
10,189,2943,6809,0.070920,0.072204
10,190,263,120052,0.070202,0.074221
10,191,193,1037,0.065757,0.070899
10,192,26036,130611,0.096217,0.106627
10,193,122219,69180,0.083809,0.081088
10,194,15466,125072,0.064768,0.069766
10,195,2378,4592,0.091554,0.074412
10,196,359,760,0.066378,0.072756
10,197,5807,132204,0.058071,0.069491
10,198,426485,307466,0.091781,0.075089
10,199,17,6764,0.064388,0.082216
10,200,10871,290251,0.074068,0.084844
10,201,1569,39764,0.079000,0.107215
10,202,92241,104027,0.096444,0.102580
10,203,27706,198052,0.091390,0.083337
10,204,4818,67133,0.094461,0.099239
10,205,913,387,0.082675,0.074707
10,206,260,2712,0.061968,0.071364
10,207,3424,22765,0.075949,0.063292
10,208,3,16,0.113851,0.066193
10,209,28480,535499,0.076821,0.074546
10,210,12741,325784,0.102047,0.101803
10,211,1824,37388,0.051767,0.057368
10,212,468740,410579,0.105329,0.076528
10,213,1660,4649,0.051653,0.067948
10,214,354,139,0.123980,0.093013
10,215,548,9755,0.071524,0.074418
10,216,61628,187783,0.090979,0.090717
10,217,19177,419655,0.098179,0.108604
10,218,30,1801,0.068119,0.065799
10,219,44,6161,0.062772,0.065207
10,220,1188,1376,0.074383,0.077084
10,221,526,2873,0.087277,0.082624
10,222,5170,272920,0.078683,0.085047
10,223,15423,37822,0.052954,0.085741
10,224,11918,388986,0.096104,0.105929
10,225,30512,387197,0.105909,0.092756
10,226,370,1636,0.067351,0.063805
10,227,22690,240378,0.086916,0.085338
10,228,146,19,0.077623,0.042082
10,229,40714,286844,0.096641,0.100679
10,230,44010,282729,0.061455,0.074247
10,231,33198,285637,0.108418,0.109709
10,232,227,17354,0.070284,0.074339
10,233,64515,54424,0.079346,0.075964
10,234,5,11,0.056641,0.064276
10,235,12,192,0.065898,0.067650
10,236,2014,26415,0.070799,0.080855
10,237,28,75,0.073373,0.065475
10,238,236,219,0.071974,0.065340
10,239,986,129546,0.064031,0.068072
10,240,2470,83751,0.074655,0.078712
10,241,36,34,0.078603,0.072316
10,242,13520,192716,0.087235,0.085708
10,243,27830,329897,0.093616,0.094141
10,244,10046,20441,0.101187,0.105630
10,245,3,5513,0.076579,0.079817
10,246,1,1,0.083984,0.077148
10,247,51,35,0.059400,0.061168
10,248,506,254,0.082676,0.078971
10,249,154,1718,0.064853,0.066902
10,250,918,191228,0.081479,0.073351
10,251,13030,6521,0.078152,0.071330
10,252,4284,50461,0.073899,0.096743
10,253,23141,85879,0.062655,0.073917
10,254,4,716,0.063904,0.069903
10,255,2715,13109,0.079302,0.079821
10,256,6079,625995,0.086089,0.083936
10,257,22,1260,0.061812,0.059584
10,258,11159,11978,0.102587,0.094967
10,259,141,93,0.064989,0.062146
10,260,12266,556449,0.085084,0.095982
10,261,1034,102687,0.098917,0.123510
10,262,132786,658962,0.102714,0.107556
10,263,1474,3919,0.079295,0.084749
10,264,31,549,0.053644,0.070428
10,265,81314,595880,0.086692,0.081565
10,266,11817,371880,0.086571,0.091486
10,267,372,1643,0.050875,0.059692
10,268,249,61,0.053143,0.065410
10,269,1,2,0.070312,0.072998
10,270,6167,386225,0.086590,0.094476
10,271,187197,43472,0.094962,0.077932
10,272,727,5033,0.062257,0.071754
10,273,1469,4799,0.086160,0.084886
10,274,479,2939,0.089470,0.071148
10,275,15141,206249,0.063777,0.119103
10,276,27701,293114,0.055868,0.063737
10,277,459,392,0.079122,0.073260
10,278,19751,593613,0.097070,0.095777
10,279,341,147,0.058523,0.063523
10,280,289,1068,0.071026,0.072519
10,281,65,85,0.049234,0.057396
10,282,2875,42064,0.081661,0.075907
10,283,2442,124327,0.080887,0.127190
10,284,49,11,0.054508,0.061834
10,285,56454,293412,0.088786,0.084245
10,286,778,3502,0.069134,0.078873
10,287,50749,492684,0.150995,0.188141
10,288,12531,32444,0.260336,0.095001
10,289,9872,196126,0.077075,0.084034
10,290,4318,584785,0.067428,0.082472
10,291,158972,654743,0.103872,0.108373
10,292,6607,326448,0.082489,0.090107
10,293,128,533,0.074694,0.068323
10,294,3584,3935,0.091827,0.096122
10,295,3444,111027,0.082828,0.076436
10,296,1048,34312,0.078670,0.078685
10,297,454,10774,0.078037,0.070754
10,298,591,10133,0.071335,0.076614
10,299,5678,72903,0.095435,0.088223
10,300,67117,356127,0.105402,0.105700
10,301,15,40797,0.072786,0.080270
10,302,14,0,0.082293,0.000000
10,303,82939,709029,0.104395,0.112873
10,304,10908,208113,0.095016,0.143723
10,305,4739,669,0.082712,0.076610
10,306,7210,64699,0.081271,0.079252
10,307,20,9,0.048914,0.048882
10,308,98,5,0.054323,0.039355
10,309,3745,6340,0.085132,0.081034
10,310,12744,136667,0.065099,0.076694
10,311,2023,930,0.111429,0.110651
10,312,78,20,0.069369,0.054895
10,313,9488,16213,0.099011,0.096034
10,314,9,17,0.057454,0.063793
10,315,98,43,0.077871,0.074003
10,316,19879,294641,0.099721,0.089129
10,317,2520,239214,0.058459,0.068580
10,318,8214,698095,0.079951,0.085725
10,319,2495,1594,0.088981,0.077374
10,320,656,50711,0.062799,0.065772
10,321,73875,86736,0.098559,0.068198
10,322,26794,525845,0.108678,0.113680
10,323,413,163,0.113476,0.113955
10,324,43099,10055,0.059783,0.074828
10,325,76218,1323142,0.087891,0.123633
10,326,4448,12884,0.068126,0.064716
10,327,125,1880,0.079521,0.075562
10,328,61989,387515,0.118400,0.123063
10,329,434,29117,0.070592,0.066199
10,330,2022,36953,0.078568,0.089660
10,331,558,19,0.059806,0.063155
10,332,31950,12228,0.072506,0.069894
10,333,3,1,0.075033,0.056885
10,334,708,51886,0.077529,0.071269
10,335,30801,360767,0.080700,0.089230
10,336,48947,567212,0.090593,0.101804
10,337,28976,497049,0.065001,0.092593
10,338,748,1209,0.084192,0.079795
10,339,14991,237516,0.089968,0.091411
10,340,3360,781624,0.076938,0.087986
10,341,139965,19540,0.098979,0.082639
10,342,33485,7972,0.104585,0.125259
10,343,58054,380169,0.119303,0.151900
10,344,200,2,0.043452,0.058350
10,345,19897,148267,0.119487,0.112261
10,346,4069,149490,0.069642,0.073968
10,347,109470,1104960,0.071466,0.088555
10,348,321,107255,0.077933,0.118351
10,349,5,384,0.048828,0.055467
10,350,612,1920,0.076449,0.069341
10,351,32602,211421,0.127840,0.127757
10,352,26608,1642968,0.081839,0.099971
10,353,173,137,0.090231,0.070704
10,354,12809,60962,0.075327,0.072083
10,355,26788,64334,0.104474,0.091818
10,356,124093,964538,0.109001,0.124177
10,357,4371,126882,0.092212,0.090968
10,358,167,112,0.086508,0.061704
10,359,40,2,0.078906,0.066040
10,360,116669,21577,0.103818,0.080202
10,361,26,831,0.053810,0.073837
10,362,21761,242540,0.056441,0.095562
10,363,42,1358,0.071609,0.084404
10,364,909,54525,0.084538,0.089295
10,365,15202,3088,0.111259,0.085779
10,366,16,97896,0.053268,0.068967
10,367,2834,7788,0.076113,0.075675
10,368,779,18022,0.076937,0.074982
10,369,25676,227671,0.055804,0.087371
10,370,708,2856,0.064222,0.061720
10,371,1414,106164,0.069939,0.080182
10,372,28529,224217,0.094016,0.103850
10,373,3468,31530,0.068595,0.074968
10,374,158726,643310,0.124426,0.127078
10,375,4,0,0.077576,0.000000
10,376,475,12613,0.076383,0.070287
10,377,152,548,0.065267,0.064251
10,378,1545,13061,0.079472,0.082761
10,379,767,5097,0.061887,0.059405
10,380,386,22,0.070481,0.063033
10,381,70,404,0.082488,0.063672
10,382,4,69,0.072144,0.067800
10,383,16806,51548,0.067540,0.065485
10,384,25154,147300,0.187934,0.213372
10,385,6020,26330,0.113713,0.092461
10,386,915,51059,0.085271,0.078410
10,387,566,13095,0.074841,0.083865
10,388,10109,209578,0.066032,0.076860
10,389,2037,140338,0.064354,0.077696
10,390,31,24798,0.048088,0.084420
10,391,131748,1006208,0.120451,0.161155
10,392,2284,8140,0.081619,0.068241
10,393,1162,32224,0.076785,0.082028
10,394,4498,4981,0.095241,0.092846
10,395,119,461,0.085978,0.073786
10,396,960,2975,0.085954,0.068464
10,397,9127,369739,0.084380,0.119103
10,398,8059,1033732,0.065032,0.114648
10,399,4828,405910,0.069360,0.101242
10,400,12930,112176,0.071606,0.068795
10,401,30161,570279,0.214293,0.087012
10,402,1801,497832,0.081343,0.100257
10,403,13205,85303,0.092668,0.085236
10,404,407,475,0.083876,0.083407
10,405,1541,412734,0.077436,0.086281
10,406,45604,374146,0.104368,0.118320
10,407,108,2264,0.071051,0.074217
10,408,1132,88470,0.115367,0.066903
10,409,3730,8601,0.091073,0.092661
10,410,4201,608,0.075818,0.078278
10,411,151196,127818,0.080408,0.073421
10,412,4756,342927,0.076570,0.110724
10,413,28056,12161,0.067082,0.071792
10,414,603,575252,0.107497,0.151589
10,415,4,2,0.060242,0.042847
10,416,512,7566,0.063200,0.067338
10,417,3690,489216,0.074106,0.079957
10,418,320,46405,0.064140,0.076011
10,419,39,36118,0.069536,0.081796
10,420,81120,530010,0.129072,0.163982
10,421,880,12543,0.081707,0.070282
10,422,20765,181092,0.097598,0.085138
10,423,3785,64484,0.086859,0.097481
10,424,52,251,0.056055,0.058105
10,425,93,289074,0.066167,0.078010
10,426,6077,102081,0.097528,0.104865
10,427,14741,226787,0.094680,0.142877
10,428,202389,681780,0.126007,0.115866
10,429,11029,154877,0.104953,0.125407
10,430,26,10,0.076181,0.064038
10,431,107,5008,0.081638,0.071663
10,432,5900,169381,0.086695,0.096536
10,433,17705,155752,0.091964,0.090508
10,434,1251,342422,0.067305,0.096102
10,435,272,2813,0.063609,0.073212
10,436,12400,358166,0.093777,0.091185
10,437,13,59,0.066857,0.064499
10,438,3194,40032,0.063486,0.072713
10,439,24,53,0.086131,0.079161
10,440,7401,35919,0.086632,0.080742
10,441,6,233,0.071981,0.069363
10,442,1109,14681,0.062408,0.076794
10,443,65368,285953,0.068195,0.080730
10,444,516,38,0.074097,0.057187
10,445,127,20,0.068330,0.059351
10,446,330,2160,0.069068,0.068995
10,447,256568,380970,0.120097,0.090229
10,448,27,84,0.056876,0.073745
10,449,5116,97006,0.062528,0.103003
10,450,2479,15363,0.075365,0.073209
10,451,1330,10339,0.055286,0.102316
10,452,25793,56431,0.078759,0.071535
10,453,132,8571,0.074243,0.072570
10,454,30662,125969,0.125030,0.147169
10,455,658,6622,0.076135,0.086023
10,456,33960,343833,0.144833,0.148724
10,457,3108,22577,0.087250,0.080629
10,458,139,1194,0.066742,0.071693
10,459,28610,10442,0.054099,0.087164
10,460,8,3812,0.069214,0.079081
10,461,21882,96856,0.092204,0.093387
10,462,246,1656,0.064127,0.072733
10,463,1740,103390,0.071994,0.079446
10,464,352,702778,0.055489,0.094613
10,465,58,74,0.062090,0.072236
10,466,57,28550,0.060176,0.063374
10,467,6899,199326,0.086991,0.129164
10,468,2424,301280,0.076924,0.076730
10,469,83663,49073,0.070424,0.071217
10,470,86,195,0.061443,0.058427
10,471,8966,258063,0.084219,0.085685
10,472,663,3425,0.070174,0.077126
10,473,24833,27717,0.067328,0.073667
10,474,511782,973794,0.127800,0.083588
10,475,12726,217207,0.095484,0.095357
10,476,62392,297240,0.100825,0.110191
10,477,9998,69659,0.098600,0.085913
10,478,850,5015,0.064463,0.062256
10,479,346,97478,0.062960,0.087540
10,480,1321,170563,0.073033,0.079862
10,481,10,5037,0.056909,0.082968
10,482,15256,172646,0.065202,0.074260
10,483,600,14,0.072836,0.068255
10,484,253,329,0.077084,0.086073
10,485,277,54,0.075795,0.082058
10,486,346,15024,0.077411,0.069970
10,487,2506,175222,0.077076,0.080073
10,488,83166,747118,0.085018,0.103290
10,489,223,139,0.082912,0.078362
10,490,7689,98804,0.072899,0.095415
10,491,9992,30731,0.060850,0.080657
10,492,62,463,0.093327,0.080074
10,493,111283,962185,0.095791,0.090333
10,494,4145,16243,0.072499,0.065750
10,495,1479,17508,0.065751,0.074909
10,496,3003,152677,0.128911,0.124572
10,497,566,75,0.069692,0.060742
10,498,1118,175965,0.075873,0.084275
10,499,11125,175380,0.068259,0.074931
10,500,2527,26337,0.082875,0.075771
10,501,92,15701,0.063764,0.078455
10,502,6813,85706,0.056447,0.062576
10,503,668,122609,0.068441,0.085497
10,504,47884,453008,0.098808,0.112127
10,505,1627,183769,0.084817,0.089098
10,506,3204,65435,0.083189,0.092808
10,507,4305,35197,0.054892,0.074531
10,508,1655,1754,0.074108,0.071702
10,509,44118,142902,0.096824,0.103486
10,510,130344,506083,0.151043,0.094142
10,511,443,74165,0.078229,0.081592
11,0,84589,996418,nan,nan
11,1,19420,245750,nan,nan
11,2,24476,326294,nan,nan
11,3,17763,210908,nan,nan
11,4,32069,527542,nan,nan
11,5,18080,224345,nan,nan
11,6,22862,359068,nan,nan
11,7,18058,219965,nan,nan
11,8,32196,301335,nan,nan
11,9,24076,575702,nan,nan
11,10,9053,100311,0.087216,0.086030
11,11,7192,464837,0.074470,0.078833
11,12,71148,282225,0.114369,0.128107
11,13,107,9752,0.066302,0.078680
11,14,3037,237691,0.080448,0.091572
11,15,488,275,0.082860,0.081931
11,16,3741,442051,0.079412,0.113802
11,17,230,11363,0.083337,0.065503
11,18,770,204032,0.071778,0.073123
11,19,15154,164572,0.082899,0.090468
11,20,38,1323,0.079583,0.086281
11,21,45710,11202,0.080281,0.071811
11,22,104,9134,0.054146,0.070019
11,23,2190,20781,0.108063,0.068343
11,24,413,586,0.083989,0.094846
11,25,2065,24975,0.081682,0.077838
11,26,88,256,0.068038,0.050340
11,27,227,1187,0.073382,0.073644
11,28,105354,412173,0.074910,0.071072
11,29,880,19963,0.067997,0.069483
11,30,81454,46994,0.086396,0.090402
11,31,5174,16190,0.126116,0.125400
11,32,8900,100887,0.080220,0.094937
11,33,268,3201,0.064107,0.061970
11,34,217,9050,0.063210,0.069653
11,35,287,985,0.088358,0.072159
11,36,1,369,0.071289,0.067174
11,37,466,832,0.094887,0.092176
11,38,14024,78992,0.127078,0.081138
11,39,31553,116445,0.073895,0.093642
11,40,23417,18263,0.090653,0.074727
11,41,1323,4012,0.083948,0.072257
11,42,386,334,0.068692,0.063262
11,43,20306,252730,0.077109,0.082038
11,44,36110,609241,0.088671,0.096174
11,45,18125,162676,0.128395,0.144352
11,46,49080,1002,0.087383,0.068930
11,47,4028,29846,0.098876,0.075083
11,48,148,514,0.064060,0.063049
11,49,41968,664612,0.110659,0.161241
11,50,97899,658689,0.110142,0.103574
11,51,368,9230,0.088253,0.071076
11,52,2804,645896,0.074224,0.071248
11,53,1090,332,0.071607,0.072119
11,54,245030,651025,0.138876,0.103960
11,55,63430,105407,0.082546,0.097673
11,56,880,38532,0.070105,0.079664
11,57,39347,455451,0.095408,0.096023
11,58,123,6595,0.082866,0.078268
11,59,15202,34871,0.078375,0.070308
11,60,611,108505,0.076122,0.084008
11,61,156,1622,0.059623,0.067249
11,62,2257,24057,0.086746,0.089909
11,63,168,53371,0.061032,0.085758
11,64,42,18,0.068711,0.080119
11,65,4672,76908,0.116437,0.126592
11,66,36,1679,0.064290,0.077226
11,67,1728,1695,0.091035,0.089351
11,68,1900,233699,0.093690,0.131984
11,69,24841,101171,0.125635,0.126048
11,70,15728,175446,0.079768,0.100456
11,71,1316,10280,0.077311,0.073758
11,72,14535,239904,0.080106,0.092481
11,73,1580,60910,0.071295,0.078708
11,74,6622,59946,0.087032,0.079848
11,75,1222,1237,0.083760,0.075023
11,76,341,5151,0.074271,0.071182
11,77,6981,15351,0.083068,0.080543
11,78,199,1232,0.077859,0.068973
11,79,528,6036,0.099089,0.083181
11,80,2708,59870,0.068315,0.081026
11,81,4880,159802,0.079276,0.090957
11,82,117939,48848,0.123373,0.072513
11,83,4877,107763,0.092456,0.100710
11,84,2,697,0.044189,0.058662
11,85,66627,550723,0.104554,0.126411
11,86,3096,1486,0.058980,0.065440
11,87,20,3,0.055011,0.049967
11,88,22223,250516,0.094531,0.090219
11,89,395,6158,0.076899,0.075651
11,90,30941,273878,0.117161,0.106201
11,91,146992,966060,0.113509,0.122664
11,92,64,583,0.079302,0.056196
11,93,681,10379,0.061170,0.072437
11,94,11965,283756,0.086618,0.088722
11,95,24598,219094,0.069621,0.077927
11,96,4048,102121,0.109760,0.112398
11,97,5,163,0.065430,0.061949
11,98,1000,790,0.066318,0.073242
11,99,1080,575,0.075556,0.071070
11,100,9932,1792,0.098499,0.089210
11,101,8721,59081,0.076517,0.074728
11,102,56,162740,0.079254,0.102790
11,103,317,179,0.081514,0.076004
11,104,6656,39949,0.094676,0.096593
11,105,5784,138455,0.098401,0.109564
11,106,403,137805,0.076590,0.082632
11,107,31505,236730,0.100965,0.086057
11,108,342578,146433,0.124954,0.076211
11,109,19,6,0.061992,0.050415
11,110,1732,11449,0.087530,0.069244
11,111,134,3256,0.053993,0.063982
11,112,777,1182,0.056902,0.064862
11,113,1355,3940,0.072207,0.076333
11,114,13339,1154,0.107655,0.085854
11,115,14030,22815,0.081316,0.080646
11,116,27484,220268,0.107335,0.114482
11,117,14429,192779,0.081079,0.087153
11,118,28282,224654,0.095404,0.085600
11,119,139,4411,0.069825,0.075109
11,120,89690,8412,0.059647,0.065518
11,121,749,670,0.074458,0.070198
11,122,4268,91963,0.097287,0.110257
11,123,40437,229112,0.075914,0.085308
11,124,38134,252536,0.081061,0.090777
11,125,169,133599,0.076247,0.076601
11,126,74245,695422,0.097826,0.105059
11,127,34648,68311,0.069498,0.075436
11,128,28093,146220,0.073472,0.075473
11,129,7171,326901,0.085466,0.095318
11,130,18622,66792,0.106861,0.110782
11,131,12505,93173,0.085892,0.108846
11,132,279,2,0.070456,0.054077
11,133,870,921,0.083619,0.081753
11,134,73,2898,0.069956,0.067831
11,135,2579,27855,0.076613,0.073952
11,136,8631,37961,0.113653,0.103659
11,137,32213,451786,0.090364,0.094287
11,138,186365,1032325,0.084598,0.086824
11,139,43645,289278,0.101498,0.102106
11,140,50997,425010,0.082409,0.094902
11,141,67,48,0.075879,0.066945
11,142,226,200731,0.074908,0.079505
11,143,826,252147,0.079203,0.080702
11,144,27026,276345,0.103415,0.087958
11,145,6,0,0.081055,0.000000
11,146,32702,243725,0.111470,0.143770
11,147,21465,384680,0.097249,0.099052
11,148,906,5558,0.069256,0.071531
11,149,2507,118885,0.084195,0.127083
11,150,1019,27600,0.087053,0.088240
11,151,912,69469,0.078814,0.087610
11,152,3934,45280,0.071362,0.089706
11,153,683,653,0.068206,0.064711
11,154,29196,138248,0.112914,0.087918
11,155,1683,112924,0.117322,0.119309
11,156,8,0,0.051712,0.000000
11,157,2,980,0.043579,0.065585
11,158,5521,122537,0.059245,0.067448
11,159,6693,86097,0.082569,0.097634
11,160,28780,446040,0.098374,0.091528
11,161,74756,656770,0.077288,0.091901
11,162,3025,28796,0.076749,0.082412
11,163,17447,109419,0.075631,0.078687
11,164,70750,348041,0.104095,0.106647
11,165,106,237,0.070453,0.066631
11,166,753,113101,0.068415,0.092811
11,167,323422,1124539,0.095966,0.086990
11,168,3031,165264,0.117906,0.090419
11,169,140376,965139,0.129105,0.134924
11,170,13,133,0.044189,0.052443
11,171,3216,43504,0.082456,0.080405
11,172,0,2,0.000000,0.068970
11,173,5609,104710,0.102609,0.107649
11,174,2096,28048,0.075620,0.071764
11,175,75101,232698,0.072044,0.077602
11,176,1448,534444,0.094420,0.111749
11,177,45187,329221,0.095660,0.089909
11,178,12,11927,0.046733,0.072119
11,179,929,78823,0.087864,0.090479
11,180,380,32556,0.059459,0.076549
11,181,29,28,0.069260,0.068534
11,182,161,135,0.068993,0.078353
11,183,84793,124965,0.095661,0.091621
11,184,1972,3976,0.084936,0.078120
11,185,4559,8215,0.086972,0.070791
11,186,24,20080,0.069041,0.082327
11,187,5799,15540,0.077753,0.069991
11,188,4599,103170,0.071709,0.066417
11,189,13,26743,0.067665,0.066756
11,190,9045,225463,0.089351,0.091336
11,191,1808,1415,0.062935,0.063140
11,192,4457,430308,0.081014,0.101065
11,193,648,5659,0.068629,0.075256
11,194,5446,360193,0.082932,0.085511
11,195,24221,319390,0.075082,0.143477
11,196,24525,495408,0.082559,0.089989
11,197,8709,66935,0.109824,0.080244
11,198,21120,143492,0.120240,0.155325
11,199,1,619,0.069336,0.056820
11,200,15,9899,0.082845,0.080841
11,201,41,199431,0.061851,0.107382
11,202,754,61983,0.070938,0.071565
11,203,61527,128510,0.073444,0.070703
11,204,18367,288913,0.061919,0.116202
11,205,14437,503263,0.130130,0.088615
11,206,396,2323,0.067352,0.073460
11,207,69842,571103,0.082788,0.096628
11,208,63,11626,0.063360,0.065164
11,209,3808,23874,0.062208,0.058370
11,210,1539,136729,0.075849,0.109370
11,211,1079,79264,0.112396,0.118602
11,212,16522,220057,0.096459,0.095710
11,213,399,3848,0.062781,0.063099
11,214,5533,6731,0.067298,0.070786
11,215,3730,5284,0.077497,0.078135
11,216,1280,191764,0.065442,0.082045
11,217,14747,76896,0.099481,0.083410
11,218,103,53,0.158861,0.150966
11,219,12,22,0.061849,0.065086
11,220,336,251420,0.074300,0.096667
11,221,41789,84752,0.095418,0.095426
11,222,6014,175400,0.077169,0.111108
11,223,13477,38043,0.107385,0.079515
11,224,753,177693,0.075219,0.080529
11,225,13223,219137,0.016791,0.085213
11,226,450,1006,0.094697,0.067458
11,227,83491,727957,0.120087,0.135386
11,228,141,106221,0.079449,0.088343
11,229,1141,7137,0.082872,0.064359
11,230,635,186099,0.084754,0.089169
11,231,112942,423804,0.107983,0.109244
11,232,726,41772,0.069446,0.069897
11,233,645,2837,0.099422,0.092760
11,234,1596,2535,0.070677,0.075085
11,235,1527,150917,0.056747,0.061172
11,236,15498,224888,0.073874,0.079860
11,237,1547,200579,0.089629,0.132295
11,238,87253,477981,0.100172,0.090554
11,239,848,402565,0.085019,0.117943
11,240,6852,360793,0.074786,0.079409
11,241,5793,32379,0.080215,0.083051
11,242,27263,253549,0.108846,0.119813
11,243,7076,208350,0.078948,0.095518
11,244,60447,299286,0.136968,0.097473
11,245,941,803,0.078983,0.074778
11,246,805,70466,0.083350,0.079212
11,247,48089,195838,0.086699,0.082270
11,248,60586,486401,0.124925,0.127744
11,249,98,3983,0.076212,0.074219
11,250,197,71,0.061859,0.095978
11,251,35217,237652,0.153900,0.141195
11,252,2138,45495,0.056387,0.065333
11,253,4931,125888,0.086167,0.092178
11,254,134,3731,0.054204,0.055696
11,255,26914,241572,0.069062,0.072174
11,256,185,598,0.064028,0.072424
11,257,5727,177038,0.083509,0.086137
11,258,3,1248,0.063314,0.052104
11,259,5369,480,0.048953,0.064398
11,260,7834,132828,0.099140,0.083100
11,261,1938,293065,0.068184,0.074445
11,262,3058,67960,0.071764,0.073588
11,263,64010,34223,0.067799,0.068932
11,264,18775,52329,0.109902,0.077878
11,265,64980,634099,0.139164,0.143029
11,266,23757,138501,0.098543,0.150504
11,267,4990,40605,0.098494,0.085124
11,268,3,1268,0.056478,0.074870
11,269,57409,374841,0.083989,0.093241
11,270,12894,3694,0.086065,0.073887
11,271,159844,5184,0.112543,0.054955
11,272,402,4241,0.066156,0.076248
11,273,3738,8643,0.095360,0.090557
11,274,1475,25174,0.065945,0.078104
11,275,14984,65678,0.093876,0.083421
11,276,39606,114720,0.124975,0.121335
11,277,1554,101065,0.058931,0.070813
11,278,80423,937375,0.089350,0.090475
11,279,45,348,0.063509,0.069926
11,280,60,20,0.067839,0.069897
11,281,9756,394337,0.089553,0.096016
11,282,36119,346497,0.079207,0.090483
11,283,642,14168,0.081038,0.084924
11,284,174583,359,0.093959,0.070983
11,285,3619,433848,0.077219,0.094878
11,286,88114,905989,0.121875,0.143015
11,287,791,123535,0.082472,0.127546
11,288,235,20145,0.068436,0.079260
11,289,25,133,0.057920,0.056876
11,290,231,608,0.061523,0.065823
11,291,2544,8623,0.084611,0.075883
11,292,200,12316,0.082089,0.079284
11,293,159,58086,0.064445,0.075581
11,294,922,38215,0.099519,0.090307
11,295,37667,5411,0.111911,0.116079
11,296,10185,23544,0.072632,0.073374
11,297,711,808,0.067952,0.070562
11,298,619,27251,0.085633,0.105497
11,299,1915,494,0.078905,0.070417
11,300,205,2682,0.085436,0.090425
11,301,272405,1393109,0.120268,0.126347
11,302,91403,664918,0.091002,0.102227
11,303,78588,381613,0.082338,0.086441
11,304,24567,217150,0.104679,0.092860
11,305,6838,281217,0.060919,0.075272
11,306,0,0,0.000000,0.000000
11,307,32987,11080,0.061956,0.067306
11,308,445,454,0.104425,0.090257
11,309,11450,271599,0.088007,0.097890
11,310,5084,89718,0.088827,0.124639
11,311,37507,467163,0.100917,0.100348
11,312,411,141946,0.096210,0.104261
11,313,3575,110042,0.084246,0.091229
11,314,3659,499539,0.079600,0.095741
11,315,57788,10582,0.178827,0.077886
11,316,16000,465975,0.096303,0.114021
11,317,27188,433871,0.112119,0.111316
11,318,1198,91565,0.089839,0.099903
11,319,715,101564,0.081817,0.076912
11,320,1903,2844,0.071894,0.069982
11,321,1080,1903,0.073283,0.078256
11,322,39156,97732,0.083108,0.074005
11,323,2045,3347,0.083389,0.081775
11,324,7,2466,0.039443,0.074204
11,325,222,26994,0.065595,0.080022
11,326,866,104799,0.082913,0.092887
11,327,206,94,0.084173,0.066495
11,328,20164,239262,0.092240,0.085989
11,329,40077,605099,0.101632,0.126863
11,330,90908,46965,0.067389,0.065936
11,331,32,28,0.069359,0.069903
11,332,241,446,0.089490,0.083406
11,333,10342,87327,0.099762,0.085642
11,334,10382,224840,0.094320,0.094608
11,335,231,71,0.091545,0.107001
11,336,4783,169176,0.088134,0.092670
11,337,49032,293482,0.095279,0.087714
11,338,135911,630052,0.088785,0.091224
11,339,255,181,0.073751,0.073244
11,340,167,160,0.084992,0.069548
11,341,111232,785517,0.094249,0.093883
11,342,17869,423885,0.084680,0.094697
11,343,10640,429,0.091782,0.073603
11,344,1143,129372,0.086911,0.094218
11,345,29914,225895,0.099842,0.088222
11,346,11414,22933,0.092312,0.078219
11,347,35760,18,0.067478,0.063151
11,348,926,135512,0.077487,0.088423
11,349,16303,191924,0.088285,0.088201
11,350,46,21776,0.074121,0.077527
11,351,0,0,0.000000,0.000000
11,352,18564,104533,0.076761,0.079883
11,353,32439,273947,0.071622,0.079596
11,354,35830,573908,0.066186,0.074298
11,355,7577,33718,0.076870,0.082568
11,356,11872,198475,0.102453,0.095384
11,357,27,14,0.060289,0.076329
11,358,1932,490350,0.067427,0.083949
11,359,48188,387214,0.100044,0.121203
11,360,201,11578,0.063475,0.081296
11,361,10659,57177,0.078355,0.088861
11,362,2129,142980,0.072027,0.090791
11,363,12146,5851,0.079225,0.079434
11,364,20,9,0.064453,0.070285
11,365,512,2975,0.077639,0.073936
11,366,94,5575,0.071797,0.080387
11,367,28477,352838,0.104971,0.182485
11,368,7413,678859,0.065010,0.080455
11,369,2554,277591,0.074710,0.115461
11,370,31335,211557,0.115081,0.118116
11,371,15100,520631,0.091598,0.096028
11,372,2169,12457,0.068838,0.072617
11,373,13280,178069,0.068928,0.101602
11,374,5015,120238,0.086062,0.097458
11,375,1705,3532,0.073389,0.071786
11,376,8,116,0.073547,0.074299
11,377,15167,70278,0.076642,0.086095
11,378,3187,223357,0.079956,0.108263
11,379,653,1929,0.075364,0.075637
11,380,2846,4443,0.078276,0.075365
11,381,603,3410,0.070520,0.072994
11,382,364,44175,0.096259,0.084535
11,383,21398,222995,0.091743,0.089023
11,384,1814,6713,0.071181,0.072002
11,385,72483,71610,0.104369,0.104326
11,386,8334,135605,0.115624,0.113192
11,387,447,495,0.063587,0.072247
11,388,1208,7015,0.087425,0.070224
11,389,16223,126037,0.107411,0.088266
11,390,4605,26039,0.086779,0.083500
11,391,158,11229,0.060698,0.070599
11,392,479,114579,0.089816,0.099845
11,393,17414,185118,0.070071,0.112688
11,394,36640,160575,0.113453,0.098136
11,395,3697,171139,0.071660,0.076818
11,396,169,10021,0.060418,0.070181
11,397,367,5982,0.077537,0.074434
11,398,11356,75856,0.089253,0.110762
11,399,10142,2739,0.091117,0.064031
11,400,1264,93420,0.079706,0.075688
11,401,1129,3066,0.074117,0.055244
11,402,18645,251364,0.064295,0.069669
11,403,192546,1001748,0.090267,0.102611
11,404,172,100818,0.058232,0.081572
11,405,1797,60435,0.072719,0.104344
11,406,2666,175635,0.095608,0.161375
11,407,44620,276556,0.080305,0.080958
11,408,127,411,0.062679,0.063703
11,409,10637,10987,0.117137,0.088916
11,410,796,296520,0.077751,0.083241
11,411,17112,210985,0.084815,0.123815
11,412,291266,585270,0.135737,0.104390
11,413,9993,314005,0.087144,0.095911
11,414,418,68658,0.061330,0.066394
11,415,643,1308,0.065384,0.066409
11,416,433,12115,0.061342,0.065145
11,417,667,121952,0.077791,0.072380
11,418,354,85876,0.075751,0.082890
11,419,54237,270720,0.097465,0.098163
11,420,15439,3017,0.071363,0.069770
11,421,62083,150167,0.105142,0.099273
11,422,20805,234990,0.092098,0.096472
11,423,246,3490,0.068866,0.068621
11,424,16,45,0.051651,0.058322
11,425,1673,119407,0.097883,0.074081
11,426,253,5750,0.077370,0.078671
11,427,21055,399991,0.090072,0.096892
11,428,583,3443,0.071254,0.072180
11,429,178,1127,0.100916,0.064619
11,430,65,18,0.087226,0.055013
11,431,1689,69263,0.076625,0.077196
11,432,45,11,0.049482,0.062167
11,433,213285,914060,0.112428,0.124260
11,434,2936,53587,0.092518,0.087062
11,435,205,26799,0.059334,0.084869
11,436,430,1178,0.087712,0.070996
11,437,11214,70291,0.078919,0.092243
11,438,877,315547,0.059648,0.081871
11,439,5522,95366,0.079167,0.071321
11,440,1445,639,0.055755,0.059871
11,441,1901,2433,0.066863,0.074341
11,442,153,25826,0.066700,0.095192
11,443,24155,135269,0.155486,0.119283
11,444,1539,5161,0.090789,0.077464
11,445,186,131,0.079810,0.084014
11,446,16412,84208,0.131142,0.118673
11,447,2241,84226,0.093865,0.093363
11,448,6,4,0.070841,0.074585
11,449,144,3494,0.079837,0.076619
11,450,35167,206963,0.065979,0.080725
11,451,536,181400,0.076711,0.099500
11,452,23040,125039,0.078167,0.075082
11,453,7106,168625,0.067726,0.075665
11,454,240,11169,0.059701,0.064851
11,455,85182,627386,0.113892,0.118923
11,456,34,244,0.068410,0.069836
11,457,96951,61361,0.138857,0.104499
11,458,4845,281330,0.079549,0.099735
11,459,9792,395557,0.079927,0.082254
11,460,22192,443950,0.103326,0.108795
11,461,1071,189172,0.083861,0.091923
11,462,4266,73345,0.096359,0.072085
11,463,285,165,0.070135,0.069579
11,464,3788,7073,0.071315,0.076309
11,465,58937,170266,0.075997,0.082028
11,466,12,1,0.075399,0.067383
11,467,66386,949677,0.103163,0.118090
11,468,1432,300704,0.092327,0.101860
11,469,26562,16104,0.068197,0.063797
11,470,5521,133500,0.089726,0.097207
11,471,47096,287299,0.110458,0.152954
11,472,1955,87850,0.101436,0.117018
11,473,18528,1154659,0.074968,0.122797
11,474,17152,280838,0.067775,0.086182
11,475,15441,125880,0.103559,0.123119
11,476,2908,148144,0.087111,0.081993
11,477,131,64,0.073323,0.060947
11,478,569,13620,0.065809,0.075575
11,479,5416,495442,0.079020,0.082176
11,480,107,7315,0.073554,0.079825
11,481,4741,43937,0.077299,0.079575
11,482,11,3,0.062611,0.076986
11,483,15173,76560,0.116306,0.082042
11,484,12818,130973,0.096627,0.108724
11,485,8676,7117,0.075642,0.072812
11,486,78649,487613,0.094059,0.099619
11,487,3304,51936,0.089908,0.080941
11,488,146149,1146793,0.112316,0.105363
11,489,25645,36295,0.060997,0.080412
11,490,258,313,0.065634,0.065021
11,491,647,25759,0.106881,0.069345
11,492,1,1,0.030884,0.048340
11,493,25057,63762,0.064946,0.070174
11,494,78708,433045,0.083700,0.084292
11,495,718,123473,0.064261,0.081908
11,496,10244,479716,0.126986,0.085710
11,497,1623,209804,0.076766,0.087874
11,498,928,86044,0.070964,0.090299
11,499,10918,361742,0.060993,0.084729
11,500,2547,4031,0.058863,0.067479
11,501,19787,626824,0.085722,0.092910
11,502,9762,52055,0.123884,0.090246
11,503,7571,78908,0.084516,0.086739
11,504,2,2,0.066284,0.051636
11,505,19,3,0.060354,0.068359
11,506,107742,336094,0.100883,0.065460
11,507,8291,212269,0.086892,0.097744
11,508,1904,9036,0.138205,0.069936
11,509,16128,57539,0.059629,0.063362
11,510,735,9149,0.064171,0.065493
11,511,43,3,0.076081,0.060384
12,0,18019,210764,nan,nan
12,1,18156,235307,nan,nan
12,2,19534,328139,nan,nan
12,3,22191,778784,nan,nan
12,4,18292,211162,nan,nan
12,5,19850,386875,nan,nan
12,6,18051,210924,nan,nan
12,7,39472,309630,nan,nan
12,8,33299,310196,nan,nan
12,9,20084,216085,nan,nan
12,10,2638,7389,0.099608,0.074394
12,11,1,23,0.040039,0.061301
12,12,343,108738,0.078898,0.104410
12,13,31962,691784,0.097866,0.103793
12,14,1814,51167,0.048332,0.064558
12,15,411,162,0.074955,0.074744
12,16,991,28772,0.082156,0.076169
12,17,1917,1877,0.072941,0.070381
12,18,910,1403,0.075501,0.078204
12,19,147,40,0.058928,0.055371
12,20,2326,7200,0.080726,0.071017
12,21,257,1702,0.054546,0.060263
12,22,115666,921206,0.107612,0.119839
12,23,2491,160921,0.065301,0.077135
12,24,168,2523,0.073750,0.070838
12,25,11520,487556,0.067986,0.094482
12,26,30437,61795,0.078677,0.078603
12,27,1524,21275,0.067208,0.073720
12,28,7,1,0.075126,0.081055
12,29,1292,657,0.085520,0.075684
12,30,325,2716,0.070848,0.072372
12,31,1800,1026,0.082318,0.078268
12,32,30949,1666,0.068807,0.067087
12,33,34763,254862,0.075922,0.108470
12,34,3742,42251,0.090968,0.092770
12,35,194933,1144098,0.083769,0.085150
12,36,8918,118583,0.090614,0.090680
12,37,6756,135326,0.104288,0.084915
12,38,24353,193474,0.116158,0.131819
12,39,9352,177914,0.095849,0.091002
12,40,3111,19944,0.085163,0.078567
12,41,50,622,0.060056,0.061363
12,42,57234,872794,0.081653,0.090237
12,43,5197,126787,0.056406,0.065341
12,44,1276,2226,0.073775,0.077934
12,45,2261,3031,0.063571,0.071472
12,46,49235,551678,0.099742,0.097425
12,47,58,22,0.059897,0.078314
12,48,67,21,0.056951,0.075509
12,49,95,622,0.051295,0.069645
12,50,3620,37811,0.055553,0.061630
12,51,145,62,0.062781,0.066981
12,52,9263,386798,0.061910,0.074742
12,53,6209,130467,0.090879,0.074920
12,54,203,1708,0.065419,0.067818
12,55,12276,93230,0.069612,0.074733
12,56,5983,311021,0.059084,0.072578
12,57,171,22207,0.070752,0.076795
12,58,24170,256134,0.098455,0.102854
12,59,18323,186426,0.088664,0.095281
12,60,492,960,0.110217,0.069555
12,61,4072,5586,0.069376,0.074788
12,62,182,39,0.055475,0.061624
12,63,10240,277562,0.092390,0.084955
12,64,3460,3796,0.064487,0.066490
12,65,64,6139,0.067104,0.069399
12,66,16534,465141,0.074258,0.083529
12,67,6860,154614,0.072324,0.107010
12,68,256,105,0.061910,0.062680
12,69,42,1089,0.064119,0.077575
12,70,7268,151498,0.051681,0.091225
12,71,0,0,0.000000,0.000000
12,72,27828,147753,0.098897,0.109951
12,73,2529,30363,0.084216,0.070257
12,74,8602,305977,0.094832,0.092835
12,75,46375,858396,0.113536,0.157338
12,76,1363,67478,0.079501,0.083790
12,77,648,353,0.065693,0.065756
12,78,235,33,0.070416,0.061472
12,79,231918,1691083,0.110003,0.117861
12,80,196782,792263,0.133670,0.134808
12,81,248,179,0.062435,0.063224
12,82,582,395156,0.081014,0.085096
12,83,1693,73988,0.080108,0.074941
12,84,60,1590,0.053463,0.059536
12,85,190143,746035,0.087294,0.081248
12,86,9212,190217,0.076845,0.075612
12,87,137,101,0.047084,0.068572
12,88,6393,151385,0.116126,0.082275
12,89,26079,180505,0.085706,0.081134
12,90,260,40572,0.079476,0.082060
12,91,179,79,0.065747,0.078938
12,92,11893,49349,0.066115,0.069333
12,93,3531,102915,0.080262,0.084771
12,94,329,73,0.072594,0.071727
12,95,46796,262089,0.093537,0.091114
12,96,161,205,0.067556,0.067570
12,97,7658,427584,0.079319,0.088863
12,98,3,90,0.047607,0.052482
12,99,83,8,0.064668,0.057770
12,100,1413,28359,0.078112,0.112972
12,101,25770,305517,0.086433,0.091180
12,102,2474,226722,0.062388,0.086712
12,103,7147,174635,0.098283,0.078834
12,104,513,786,0.092430,0.093385
12,105,12334,5,0.042211,0.056885
12,106,9788,403554,0.114770,0.091733
12,107,9690,169976,0.095273,0.096206
12,108,90602,739273,0.088965,0.091912
12,109,543,6680,0.044611,0.052244
12,110,440,1141,0.099567,0.078949
12,111,154,135,0.083878,0.060502
12,112,888,50510,0.069688,0.102176
12,113,14967,4665,0.063723,0.066793
12,114,178,38925,0.072662,0.076714
12,115,4455,11371,0.087531,0.089750
12,116,13171,252330,0.063693,0.078292
12,117,590,16105,0.066325,0.063720
12,118,9,5,0.054579,0.084033
12,119,98174,324145,0.074800,0.074484
12,120,46122,338748,0.063445,0.073671
12,121,17660,362304,0.076824,0.095637
12,122,1284,50786,0.089099,0.084548
12,123,49083,507035,0.084925,0.100559
12,124,414,1399,0.067920,0.066781
12,125,186,9410,0.074728,0.082642
12,126,230,422,0.073441,0.076522
12,127,15390,98114,0.073775,0.091682
12,128,140,382,0.054553,0.053127
12,129,6176,22124,0.064786,0.075105
12,130,24723,143525,0.071128,0.108489
12,131,32,312,0.077408,0.068909
12,132,5454,51244,0.063306,0.082250
12,133,706,427,0.080697,0.070903
12,134,5210,11556,0.092492,0.088577
12,135,38992,303470,0.112175,0.120813
12,136,21,0,0.085403,0.000000
12,137,171939,997737,0.109734,0.116773
12,138,26303,188161,0.097845,0.108480
12,139,8140,266988,0.087409,0.095289
12,140,3748,33587,0.093749,0.095186
12,141,43,5151,0.062438,0.059852
12,142,129549,162523,0.084396,0.085521
12,143,3437,54367,0.069008,0.072718
12,144,31210,291934,0.102152,0.093473
12,145,270,35702,0.073785,0.083878
12,146,152,717,0.067619,0.066088
12,147,196,63,0.072657,0.076187
12,148,16723,243198,0.096388,0.096467
12,149,4776,31319,0.062786,0.075239
12,150,211,67,0.078645,0.061556
12,151,120,1700,0.091113,0.066421
12,152,124,930,0.057547,0.071639
12,153,2294,82791,0.059900,0.093416
12,154,10,0,0.050366,0.000000
12,155,333,103240,0.094001,0.122134
12,156,48,295,0.082931,0.062062
12,157,391173,1507079,0.098092,0.095257
12,158,39,1549,0.059799,0.068522
12,159,224,11390,0.061607,0.099263
12,160,606,8314,0.058376,0.065543
12,161,1536,338118,0.080510,0.096530
12,162,266,8823,0.085245,0.076204
12,163,1851,56913,0.077370,0.073019
12,164,9945,4635,0.090682,0.082286
12,165,39376,197972,0.096614,0.091614
12,166,36,21,0.072086,0.058896
12,167,6843,171567,0.093902,0.104580
12,168,3217,6283,0.088366,0.079816
12,169,314,699,0.074639,0.075205
12,170,579,167437,0.069911,0.077220
12,171,192155,184,0.151461,0.066023
12,172,8145,387487,0.085650,0.092139
12,173,14211,843261,0.075460,0.079965
12,174,2038,271075,0.083091,0.078947
12,175,41281,235956,0.117458,0.113661
12,176,7118,228006,0.085864,0.071994
12,177,165,17286,0.074336,0.069558
12,178,13244,17779,0.095150,0.089675
12,179,588,2297,0.080186,0.081563
12,180,0,171370,0.000000,0.090436
12,181,2828,227078,0.077150,0.098728
12,182,2287,246474,0.067717,0.080786
12,183,1426,1117,0.122324,0.100472
12,184,445,245,0.087309,0.084041
12,185,68,44,0.056865,0.060120
12,186,17,95122,0.085650,0.079423
12,187,13371,321639,0.087682,0.099998
12,188,100592,885214,0.114084,0.124774
12,189,7824,110476,0.085758,0.126588
12,190,55071,249341,0.082984,0.074382
12,191,2197,168254,0.081647,0.080790
12,192,3282,235533,0.083931,0.080585
12,193,2780,19371,0.086151,0.086607
12,194,3273,9634,0.066679,0.066694
12,195,5480,158062,0.086267,0.090165
12,196,18378,970612,0.065466,0.127756
12,197,889,47229,0.078888,0.094806
12,198,65657,462371,0.107646,0.111611
12,199,699,116,0.070740,0.079171
12,200,1964,12121,0.066275,0.070732
12,201,2648,788714,0.077442,0.113023
12,202,36627,281320,0.098364,0.103272
12,203,82,1485,0.052090,0.061830
12,204,31265,11011,0.063028,0.065693
12,205,37010,132251,0.129808,0.135675
12,206,194543,1180101,0.107778,0.107652
12,207,103,566,0.079503,0.075219
12,208,486,523,0.062384,0.065708
12,209,428,18825,0.079422,0.091931
12,210,79,231,0.074228,0.074889
12,211,422,5375,0.066820,0.068089
12,212,69823,116234,0.137046,0.088341
12,213,20719,284328,0.107397,0.115262
12,214,211,98756,0.069363,0.093613
12,215,4221,167875,0.072065,0.092258
12,216,561,12515,0.099129,0.071330
12,217,31598,308053,0.088929,0.090831
12,218,3592,44189,0.062583,0.066440
12,219,802,164003,0.077484,0.081773
12,220,25606,29060,0.085651,0.073100
12,221,30493,406489,0.082145,0.093536
12,222,1501,51075,0.074988,0.079344
12,223,94,62,0.066248,0.059468
12,224,20,5405,0.066260,0.086536
12,225,5215,97640,0.077634,0.076092
12,226,5972,252548,0.069826,0.074346
12,227,844,1358,0.076673,0.073211
12,228,31,1,0.061126,0.067383
12,229,578,62554,0.092384,0.078226
12,230,6,1,0.041707,0.079590
12,231,10950,165439,0.072703,0.075381
12,232,21254,521880,0.058626,0.080706
12,233,30184,845143,0.068033,0.081381
12,234,6048,329669,0.084701,0.114028
12,235,2205,383,0.069607,0.074090
12,236,17265,533753,0.058978,0.070135
12,237,993,1038,0.080963,0.079998
12,238,41427,602435,0.095432,0.117357
12,239,4913,201340,0.091396,0.082966
12,240,10255,226675,0.075017,0.077337
12,241,27112,97976,0.152120,0.088203
12,242,120826,10414,0.097830,0.061066
12,243,11427,488813,0.102179,0.083509
12,244,21179,120271,0.111920,0.121968
12,245,90,891,0.081429,0.072825
12,246,135,135,0.064413,0.062548
12,247,24086,9377,0.067292,0.084790
12,248,131,73,0.062586,0.070259
12,249,1458,71205,0.070846,0.084740
12,250,106822,23009,0.154293,0.124791
12,251,305,21817,0.072963,0.081054
12,252,985,342918,0.083214,0.080535
12,253,28,162,0.062653,0.061282
12,254,215,126,0.070982,0.072059
12,255,334,22226,0.067809,0.088906
12,256,36118,145629,0.057786,0.070919
12,257,44273,298824,0.091709,0.089849
12,258,2940,18909,0.089506,0.086486
12,259,13900,254608,0.090903,0.096455
12,260,94458,295942,0.109246,0.093753
12,261,25725,16602,0.114588,0.091720
12,262,288,78659,0.078495,0.079412
12,263,730,2743,0.065216,0.064889
12,264,2462,15635,0.078568,0.081938
12,265,121040,222408,0.072053,0.077965
12,266,17688,154227,0.065572,0.069510
12,267,4269,150589,0.066016,0.081209
12,268,13237,576542,0.070821,0.098646
12,269,181716,712854,0.121867,0.118026
12,270,16,5,0.066818,0.058887
12,271,142121,82029,0.091288,0.070459
12,272,17,1515,0.049216,0.061400
12,273,69161,380724,0.117436,0.136317
12,274,108292,148813,0.133176,0.092373
12,275,6543,134641,0.079720,0.113179
12,276,145,3427,0.066818,0.068915
12,277,1760,1932,0.081912,0.069981
12,278,1,3,0.059814,0.048014
12,279,803,37842,0.074368,0.079132
12,280,409,127203,0.058850,0.068357
12,281,28409,54186,0.097655,0.080455
12,282,38616,231475,0.138793,0.097378
12,283,7497,460429,0.086341,0.082758
12,284,420,7385,0.071701,0.076810
12,285,21420,660661,0.074897,0.107460
12,286,3373,45496,0.102781,0.085846
12,287,464343,1469511,0.095004,0.085945
12,288,152,127,0.068591,0.070593
12,289,45,460,0.070388,0.074110
12,290,2709,49474,0.082120,0.083104
12,291,29498,129375,0.097576,0.115610
12,292,8907,5692,0.088838,0.075197
12,293,3731,44372,0.062246,0.072968
12,294,49,12,0.060761,0.055542
12,295,585,280,0.076448,0.081828
12,296,1564,243527,0.077590,0.097457
12,297,24,92,0.048208,0.065255
12,298,2011,72465,0.078034,0.082868
12,299,925,14537,0.070023,0.076031
12,300,198,292,0.066772,0.069234
12,301,22086,314960,0.076775,0.083950
12,302,2800,7797,0.062855,0.079515
12,303,13051,171176,0.065533,0.069942
12,304,70,52,0.060672,0.064833
12,305,1980,9343,0.107196,0.098638
12,306,305,106,0.068033,0.064197
12,307,72758,776898,0.103800,0.118824
12,308,124,50,0.061424,0.051592
12,309,604,43319,0.070166,0.078693
12,310,52925,16377,0.098095,0.068036
12,311,108,77,0.078741,0.079691
12,312,96411,984694,0.086788,0.101069
12,313,649,120884,0.083888,0.088534
12,314,4,0,0.080994,0.000000
12,315,273,105488,0.056968,0.088308
12,316,2664,188263,0.087704,0.097002
12,317,109760,103000,0.087501,0.071174
12,318,18312,131724,0.092285,0.100377
12,319,6,4261,0.089193,0.081604
12,320,45880,628671,0.106317,0.168159
12,321,57546,22453,0.079449,0.073123
12,322,2,0,0.089966,0.000000
12,323,8887,42210,0.079287,0.074227
12,324,12806,183261,0.118941,0.126723
12,325,140,23046,0.069530,0.079315
12,326,13493,35795,0.077572,0.080072
12,327,171,3709,0.060690,0.073615
12,328,63,149,0.065612,0.061716
12,329,1876,58033,0.059660,0.067379
12,330,224199,1699152,0.078857,0.081603
12,331,61,21,0.094290,0.095610
12,332,792,297,0.068437,0.095191
12,333,249,3024,0.060179,0.066372
12,334,310,8817,0.073554,0.078385
12,335,39063,525502,0.105135,0.140291
12,336,1,0,0.061768,0.000000
12,337,51,9268,0.057928,0.072930
12,338,2554,262410,0.094608,0.118270
12,339,757,58885,0.063519,0.083009
12,340,22341,247504,0.087894,0.111923
12,341,24875,71268,0.081583,0.081642
12,342,39887,228237,0.090423,0.084127
12,343,1594,716153,0.086062,0.093229
12,344,359,3531,0.066345,0.067795
12,345,15,3,0.067432,0.044352
12,346,22188,805,0.089123,0.084109
12,347,4241,2181,0.085368,0.080206
12,348,238,76252,0.081336,0.093554
12,349,12544,124693,0.054179,0.080449
12,350,1262,108715,0.088886,0.095833
12,351,11,622,0.045854,0.072159
12,352,12105,981,0.078192,0.067671
12,353,3672,63232,0.083891,0.086725
12,354,1,0,0.050049,0.000000
12,355,13604,58964,0.093085,0.079277
12,356,56141,413478,0.103147,0.091060
12,357,671,36855,0.076560,0.092784
12,358,33465,279045,0.100299,0.085997
12,359,655,21431,0.061562,0.071777
12,360,861,473,0.064371,0.063224
12,361,1234,82582,0.088302,0.090063
12,362,684,1207,0.079833,0.076916
12,363,9098,145833,0.063465,0.078500
12,364,516,1353,0.074010,0.066002
12,365,14296,298910,0.090235,0.099698
12,366,469,1611,0.066725,0.073993
12,367,7159,228917,0.059522,0.073396
12,368,119,492,0.061968,0.067408
12,369,404,82593,0.081469,0.077168
12,370,112,1078,0.077880,0.062105
12,371,24385,205690,0.109227,0.108071
12,372,762,1883,0.073624,0.076204
12,373,322,1377,0.090608,0.075960
12,374,1246,72731,0.088596,0.108314
12,375,727,14505,0.065043,0.077094
12,376,1913,2198,0.073149,0.074374
12,377,1,0,0.048828,0.000000
12,378,11549,539652,0.088582,0.112349
12,379,12,70559,0.068298,0.069330
12,380,52340,469907,0.105651,0.093384
12,381,23063,284431,0.099464,0.092970
12,382,1962,163603,0.104855,0.082816
12,383,31,5,0.068470,0.078418
12,384,18025,304549,0.114378,0.082723
12,385,0,0,0.000000,0.000000
12,386,4022,23910,0.072368,0.068382
12,387,224,18602,0.060144,0.092604
12,388,561,593,0.083115,0.092377
12,389,216,104306,0.070576,0.090592
12,390,190,2,0.056171,0.059204
12,391,3708,5832,0.079770,0.057200
12,392,1091,20498,0.078522,0.076898
12,393,50,223,0.064172,0.068427
12,394,67002,953017,0.098080,0.116384
12,395,370,245646,0.070932,0.092454
12,396,2377,163050,0.093143,0.099720
12,397,2,2280,0.098145,0.058170
12,398,9132,795546,0.075800,0.080361
12,399,130,318,0.077322,0.076563
12,400,8297,93085,0.096129,0.122467
12,401,2969,45092,0.094396,0.080099
12,402,6267,25059,0.104886,0.105583
12,403,57884,198749,0.085258,0.090342
12,404,40,140,0.071274,0.074170
12,405,1364,120411,0.071723,0.076823
12,406,94,157,0.067694,0.059960
12,407,3777,119131,0.099577,0.131505
12,408,637,2853,0.073974,0.068430
12,409,0,0,0.000000,0.000000
12,410,36931,508639,0.078881,0.092930
12,411,680,682,0.069892,0.075316
12,412,62,9352,0.060511,0.075076
12,413,3671,69514,0.086267,0.075071
12,414,216,8200,0.060715,0.070718
12,415,4453,10319,0.084960,0.086832
12,416,1111,27808,0.081391,0.074888
12,417,1067,1375,0.126829,0.107967
12,418,65,6,0.062823,0.071981
12,419,497281,214987,0.113641,0.083992
12,420,23,3988,0.071703,0.078825
12,421,82,5752,0.054273,0.077664
12,422,5767,260652,0.071917,0.084122
12,423,38977,19784,0.119537,0.090935
12,424,3,1129,0.088216,0.065166
12,425,8629,238995,0.091691,0.098626
12,426,1785,15796,0.068831,0.069074
12,427,10485,66180,0.092870,0.110000
12,428,130,18100,0.076245,0.081447
12,429,330,1670,0.064072,0.071992
12,430,36,178,0.065850,0.065304
12,431,2792,81923,0.084605,0.073600
12,432,408,185,0.064891,0.067058
12,433,1738,587,0.108966,0.098570
12,434,1140,19125,0.082259,0.078229
12,435,89935,251584,0.105080,0.089780
12,436,968,4680,0.070772,0.068568
12,437,14773,86750,0.085354,0.094615
12,438,150,71126,0.053885,0.080515
12,439,214,161,0.077463,0.068105
12,440,1509,12966,0.079951,0.077542
12,441,1581,102637,0.073957,0.082057
12,442,7472,147128,0.103382,0.118670
12,443,32207,50976,0.095644,0.088533
12,444,10898,36782,0.066924,0.067767
12,445,151,375,0.080364,0.069165
12,446,950,1352,0.073841,0.073422
12,447,17431,164843,0.066999,0.074930
12,448,17458,108218,0.086471,0.101255
12,449,149,26,0.081353,0.066669
12,450,17039,13979,0.084276,0.081582
12,451,13803,18177,0.092800,0.077733
12,452,800,73163,0.077859,0.078273
12,453,56808,394554,0.080702,0.081187
12,454,1556,186698,0.079747,0.080980
12,455,645,10102,0.080686,0.076946
12,456,195392,1280764,0.118381,0.148046
12,457,6062,36347,0.076621,0.094493
12,458,280,1221,0.117479,0.081398
12,459,104183,1022798,0.110157,0.129560
12,460,14466,239902,0.088323,0.078743
12,461,3926,475931,0.070170,0.094177
12,462,721,824,0.078713,0.076366
12,463,7,6183,0.060826,0.065477
12,464,4886,25904,0.067060,0.073344
12,465,6388,119362,0.068368,0.071566
12,466,67,2747,0.062845,0.083220
12,467,3,6,0.049316,0.068604
12,468,20913,134026,0.110476,0.151900
12,469,1224,2107,0.074858,0.075383
12,470,30586,371359,0.104873,0.103687
12,471,50522,453221,0.172236,0.211031
12,472,859,163423,0.085685,0.114190
12,473,11444,22537,0.065681,0.068296
12,474,23179,1900,0.071015,0.066375
12,475,1006,2047,0.067945,0.064191
12,476,7023,42081,0.085270,0.093410
12,477,143,67118,0.061874,0.078861
12,478,26,67,0.069538,0.077571
12,479,67689,69864,0.106240,0.068960
12,480,53637,527388,0.089468,0.087712
12,481,1802,1229744,0.056597,0.128773
12,482,5859,104794,0.069910,0.106052
12,483,1716,2996,0.079874,0.076215
12,484,96434,260074,0.095922,0.105094
12,485,1072,35907,0.077425,0.080909
12,486,4632,243897,0.087304,0.102971
12,487,36,2342,0.078749,0.087761
12,488,4274,63180,0.083649,0.072981
12,489,36123,33883,0.089872,0.090760
12,490,1136,32792,0.060645,0.073352
12,491,425,6913,0.074871,0.069295
12,492,26709,2911,0.083500,0.085227
12,493,6222,13858,0.072504,0.067464
12,494,536,5632,0.079766,0.077055
12,495,6766,367956,0.121462,0.099099
12,496,136,114,0.045990,0.054346
12,497,18814,217333,0.096503,0.097858
12,498,25528,551293,0.095589,0.098427
12,499,428,251,0.079881,0.072276
12,500,22,16860,0.060647,0.122134
12,501,183970,859943,0.093711,0.091224
12,502,12934,36354,0.069938,0.082501
12,503,47128,536005,0.102289,0.105220
12,504,9,584,0.072184,0.083022
12,505,4,0,0.069275,0.000000
12,506,293,97331,0.083267,0.104363
12,507,7405,103809,0.077770,0.072397
12,508,1451,35,0.077030,0.062563
12,509,19713,239320,0.088781,0.094121
12,510,443650,1359801,0.122277,0.106797
12,511,13828,349795,0.085842,0.126508
13,0,17791,238133,nan,nan
13,1,20074,289442,nan,nan
13,2,17733,210738,nan,nan
13,3,47277,592932,nan,nan
13,4,18364,223974,nan,nan
13,5,44026,269457,nan,nan
13,6,21628,221837,nan,nan
13,7,19759,224650,nan,nan
13,8,27444,302265,nan,nan
13,9,24640,402646,nan,nan
13,10,6,0,0.048828,0.000000
13,11,2548,294,0.117172,0.117905
13,12,91351,504814,0.090688,0.142429
13,13,20188,194279,0.068382,0.075593
13,14,620,682,0.068478,0.071353
13,15,1105,96943,0.068596,0.072355
13,16,11925,195149,0.072240,0.092104
13,17,30,12,0.084261,0.074382
13,18,34094,24297,0.079825,0.076894
13,19,882,478897,0.078570,0.111424
13,20,5005,59993,0.062155,0.072919
13,21,4693,172487,0.086641,0.076458
13,22,5032,196187,0.079810,0.100097
13,23,111399,557610,0.109909,0.128351
13,24,11,98,0.060170,0.061257
13,25,84196,56147,0.072352,0.080696
13,26,97963,583876,0.098429,0.121498
13,27,7588,140467,0.091008,0.092412
13,28,693,214071,0.080882,0.086810
13,29,94472,63323,0.102293,0.072642
13,30,53319,300155,0.128644,0.144413
13,31,4910,2894,0.084165,0.092977
13,32,8841,23333,0.070867,0.074937
13,33,1209,1357,0.073917,0.080292
13,34,648,278,0.094569,0.076626
13,35,11694,128476,0.082475,0.094349
13,36,348,149,0.080424,0.074955
13,37,768,91037,0.083230,0.093035
13,38,10520,28353,0.081018,0.075883
13,39,1232,12396,0.059314,0.058075
13,40,3,0,0.071370,0.000000
13,41,35887,1762532,0.067612,0.089439
13,42,166577,56792,0.147030,0.073014
13,43,26452,272159,0.082390,0.078349
13,44,651,541481,0.071543,0.082925
13,45,1575,22753,0.063659,0.079496
13,46,121224,634314,0.100127,0.091618
13,47,1286,145709,0.072693,0.074428
13,48,92,408,0.074781,0.067269
13,49,3538,15340,0.104777,0.099297
13,50,88,92,0.071422,0.048041
13,51,328,11668,0.069817,0.068693
13,52,11817,10095,0.085143,0.082246
13,53,1033,40279,0.079068,0.080761
13,54,25,0,0.047739,0.000000
13,55,11,1,0.062311,0.073242
13,56,1012,54328,0.070492,0.072501
13,57,2912,181618,0.070384,0.095212
13,58,396,649,0.063664,0.070785
13,59,59413,92907,0.094310,0.091366
13,60,330,2361,0.056968,0.062487
13,61,10155,21371,0.070829,0.073254
13,62,5441,62455,0.061751,0.070159
13,63,38138,98356,0.071152,0.080758
13,64,221,51883,0.071103,0.082524
13,65,2544,31622,0.058130,0.066919
13,66,9251,201913,0.050497,0.085171
13,67,1662,61267,0.038987,0.059457
13,68,540,5750,0.059895,0.075057
13,69,52411,592697,0.072179,0.088525
13,70,142057,129231,0.107728,0.089600
13,71,26107,265626,0.075534,0.104346
13,72,2120,73186,0.095659,0.085695
13,73,139,8278,0.049005,0.050959
13,74,304,1551,0.061234,0.059895
13,75,526,3166,0.067420,0.069254
13,76,132,4009,0.076104,0.071920
13,77,13683,297504,0.063568,0.071642
13,78,21356,107553,0.065739,0.076404
13,79,95,10,0.070187,0.079517
13,80,45,7017,0.050694,0.053596
13,81,462,52462,0.064538,0.070449
13,82,7535,118409,0.101722,0.107554
13,83,245,1595,0.067087,0.070347
13,84,27805,284125,0.083789,0.119621
13,85,2,0,0.067505,0.000000
13,86,149,273,0.064179,0.068249
13,87,2876,74970,0.073508,0.102461
13,88,2857,84100,0.092509,0.107648
13,89,13812,90326,0.080312,0.084030
13,90,2832,18668,0.058701,0.059504
13,91,124180,9079,0.076403,0.059386
13,92,42428,319631,0.083134,0.085461
13,93,853,16,0.075993,0.071075
13,94,1493,152408,0.076091,0.072724
13,95,730,178,0.066308,0.074558
13,96,17653,160868,0.059323,0.087206
13,97,1692,17022,0.069664,0.071807
13,98,4628,142968,0.071228,0.085792
13,99,3340,1007,0.096775,0.072620
13,100,218,87,0.060906,0.070060
13,101,1635,246262,0.073026,0.102090
13,102,6777,171909,0.119364,0.137418
13,103,863,847,0.088222,0.081199
13,104,21,1731,0.061082,0.077427
13,105,32506,192341,0.061381,0.089791
13,106,299,287,0.084418,0.063893
13,107,2420,152047,0.070059,0.111008
13,108,279,138,0.058025,0.067588
13,109,8296,112500,0.050489,0.060972
13,110,700,59547,0.068061,0.072219
13,111,3,230,0.064616,0.055384
13,112,1176,7572,0.102908,0.071874
13,113,365,1720,0.063934,0.075544
13,114,17467,448536,0.100393,0.082851
13,115,76,37118,0.082956,0.075858
13,116,22979,37101,0.110572,0.101020
13,117,10967,124811,0.086027,0.130365
13,118,493,7710,0.077996,0.069994
13,119,11010,171487,0.073543,0.075366
13,120,37,1,0.057614,0.060791
13,121,1275,191020,0.069216,0.091628
13,122,155562,146673,0.092538,0.077261
13,123,46966,602689,0.082404,0.099568
13,124,43279,105617,0.058669,0.084385
13,125,8332,35830,0.084558,0.072175
13,126,9145,210367,0.083302,0.083601
13,127,2,64,0.055786,0.053383
13,128,105,42486,0.079605,0.081172
13,129,535,1070,0.075595,0.071483
13,130,14476,14441,0.027007,0.058803
13,131,51493,230352,0.099235,0.086358
13,132,29219,132039,0.088666,0.101698
13,133,865,22077,0.077984,0.086574
13,134,28255,267025,0.070960,0.076099
13,135,31725,26700,0.095877,0.073278
13,136,7072,139827,0.161546,0.142439
13,137,6132,359325,0.072213,0.087911
13,138,9625,190192,0.091971,0.102377
13,139,290,118,0.076764,0.089225
13,140,876,15752,0.088865,0.065054
13,141,57108,835442,0.079765,0.107082
13,142,283,9789,0.067916,0.072831
13,143,25063,478889,0.066690,0.080488
13,144,166,127,0.084207,0.088865
13,145,642,651,0.078274,0.071150
13,146,169,141,0.077788,0.079843
13,147,22,13912,0.068531,0.081151
13,148,4660,116355,0.098975,0.129773
13,149,1933,75030,0.072452,0.077715
13,150,13052,246645,0.085935,0.090347
13,151,1799,12005,0.099501,0.078027
13,152,2162,116749,0.072338,0.074247
13,153,6019,2162,0.076954,0.073434
13,154,13667,51642,0.065568,0.101121
13,155,288,355,0.058822,0.069999
13,156,10139,871744,0.073939,0.105945
13,157,2586,29825,0.078487,0.075882
13,158,429,48284,0.060701,0.075776
13,159,1563,48911,0.073971,0.091288
13,160,333,100822,0.081536,0.101565
13,161,63,48,0.070688,0.058309
13,162,13317,677,0.073800,0.069993
13,163,18,135,0.073188,0.070018
13,164,324,138104,0.069665,0.075258
13,165,31765,243471,0.078020,0.083579
13,166,56671,347649,0.129399,0.143502
13,167,237,138,0.072370,0.044092
13,168,34285,310246,0.141168,0.142211
13,169,46241,408479,0.101632,0.104995
13,170,4813,4372,0.071567,0.069449
13,171,4077,96222,0.065236,0.069969
13,172,290,253,0.090046,0.095077
13,173,1268,1593,0.070847,0.082497
13,174,8966,69526,0.088682,0.100097
13,175,4561,46477,0.089867,0.082033
13,176,2384,2137,0.081639,0.075891
13,177,28694,502315,0.054138,0.064599
13,178,12916,243176,0.068676,0.080698
13,179,183,80381,0.068347,0.076370
13,180,2692,45055,0.062351,0.074178
13,181,647184,532055,0.154935,0.075176
13,182,131,704,0.070672,0.062890
13,183,9466,60953,0.101301,0.092128
13,184,1462,58874,0.093990,0.085634
13,185,443,99559,0.084475,0.096917
13,186,78190,431690,0.098972,0.089112
13,187,21808,158508,0.159571,0.179437
13,188,35870,63752,0.089784,0.094617
13,189,10523,1,0.038128,0.061035
13,190,13587,191624,0.089637,0.082033
13,191,57645,58854,0.072983,0.088516
13,192,12526,199162,0.070533,0.086042
13,193,162,13538,0.066656,0.064596
13,194,104767,113141,0.085905,0.064805
13,195,81,3736,0.064631,0.076293
13,196,3071,333198,0.067605,0.069176
13,197,8255,212544,0.080831,0.092605
13,198,63189,1272725,0.083359,0.107372
13,199,2006,9000,0.083973,0.074634
13,200,20152,23081,0.100056,0.074511
13,201,222,900,0.086885,0.077584
13,202,144,6820,0.063630,0.069447
13,203,831,6950,0.071633,0.067708
13,204,9133,88202,0.064086,0.073430
13,205,201999,478419,0.095826,0.084320
13,206,3758,12465,0.070883,0.064962
13,207,193908,129552,0.111429,0.091768
13,208,2017,73490,0.082910,0.072675
13,209,86320,761357,0.109076,0.123080
13,210,1238,38973,0.071707,0.081804
13,211,5197,4794,0.073366,0.071024
13,212,2054,386624,0.072593,0.105315
13,213,725,169934,0.072908,0.083282
13,214,48758,500096,0.086058,0.110904
13,215,4973,7709,0.088543,0.092954
13,216,3546,93250,0.124224,0.139338
13,217,6753,11364,0.099061,0.106323
13,218,22544,243144,0.078361,0.086509
13,219,832,43190,0.076897,0.093829
13,220,1341,13176,0.079719,0.072353
13,221,134,60,0.068718,0.066935
13,222,12907,243506,0.084949,0.095536
13,223,30348,190139,0.067624,0.064225
13,224,207,257,0.068328,0.072157
13,225,14255,24986,0.081816,0.087626
13,226,80,97,0.054324,0.048536
13,227,253289,727633,0.111589,0.093888
13,228,561,24170,0.077361,0.069839
13,229,0,0,0.000000,0.000000
13,230,3257,15670,0.080875,0.087203
13,231,1028,55,0.076009,0.069727
13,232,6435,13582,0.064525,0.072898
13,233,357,172173,0.068270,0.084937
13,234,12054,79692,0.065545,0.068536
13,235,9562,14225,0.074010,0.067662
13,236,1029,87703,0.075305,0.079782
13,237,671,6419,0.083875,0.075526
13,238,121141,570803,0.136941,0.118398
13,239,1916,606330,0.083128,0.092527
13,240,180,38,0.065993,0.055327
13,241,354,292,0.079995,0.089241
13,242,1361,2391,0.062252,0.065388
13,243,42094,199019,0.099307,0.105242
13,244,269,3871,0.053777,0.067478
13,245,93700,210507,0.119858,0.116541
13,246,5937,181744,0.069543,0.073718
13,247,20318,222309,0.069885,0.086901
13,248,5,73,0.081836,0.071777
13,249,481,330698,0.075625,0.094838
13,250,225,430,0.076766,0.070037
13,251,53112,330511,0.098749,0.092291
13,252,8490,94871,0.063797,0.068064
13,253,36,10,0.061517,0.074194
13,254,244,10273,0.082857,0.082993
13,255,16,189,0.062004,0.069921
13,256,655,307646,0.065155,0.086033
13,257,2219,213877,0.076500,0.100627
13,258,2585,52533,0.066522,0.134790
13,259,725,36582,0.078164,0.102788
13,260,15114,264335,0.058948,0.070825
13,261,13357,131673,0.073530,0.083077
13,262,3038,25219,0.079304,0.079864
13,263,1610,244639,0.083766,0.084628
13,264,902,17697,0.075346,0.096405
13,265,43357,645646,0.100358,0.114357
13,266,292,1620,0.069799,0.066885
13,267,567,240465,0.070100,0.091013
13,268,4200,39821,0.074345,0.089199
13,269,591,114,0.052173,0.058262
13,270,100326,633700,0.170298,0.155079
13,271,1925,48722,0.080849,0.091676
13,272,3312,62506,0.074277,0.081636
13,273,14166,24325,0.057710,0.082516
13,274,124,50,0.060561,0.072676
13,275,2139,170941,0.065473,0.102809
13,276,44,50,0.081343,0.083359
13,277,1723,94657,0.059742,0.067400
13,278,133168,1165009,0.100368,0.120584
13,279,113,30222,0.069857,0.078103
13,280,20058,195889,0.093162,0.093244
13,281,4915,141520,0.085644,0.079799
13,282,35631,21565,0.051732,0.081546
13,283,306,4732,0.075379,0.072912
13,284,219419,1026455,0.122208,0.140047
13,285,21609,164865,0.092744,0.096324
13,286,13730,269701,0.067715,0.081131
13,287,3682,5485,0.078729,0.078954
13,288,4628,12775,0.072458,0.081690
13,289,23967,140489,0.110368,0.144000
13,290,5784,163172,0.075174,0.093293
13,291,302250,1130493,0.130835,0.134952
13,292,9564,144346,0.075831,0.080530
13,293,17333,315274,0.140705,0.102328
13,294,87343,548925,0.097562,0.108791
13,295,326,73,0.059844,0.068282
13,296,1145,14725,0.075781,0.080562
13,297,6900,124837,0.064758,0.089581
13,298,2125,6038,0.084414,0.088605
13,299,6332,363215,0.071967,0.075906
13,300,1329,295394,0.073130,0.073219
13,301,23,3,0.059910,0.055420
13,302,756,361644,0.072450,0.090811
13,303,29333,134217,0.095654,0.112222
13,304,24,99854,0.075628,0.100494
13,305,1839,9192,0.077018,0.069980
13,306,187,107,0.084878,0.081700
13,307,20,43,0.041138,0.056814
13,308,68080,67852,0.099678,0.111893
13,309,9781,2687,0.084407,0.073318
13,310,12053,196867,0.079953,0.089286
13,311,134,1010,0.140357,0.066291
13,312,5174,4786,0.083187,0.089747
13,313,245,47709,0.075933,0.075241
13,314,31183,243619,0.076052,0.077715
13,315,39,23072,0.069830,0.066761
13,316,373,30003,0.084060,0.081818
13,317,66,415,0.069946,0.073985
13,318,69,11,0.066680,0.064853
13,319,33073,268539,0.164407,0.128891
13,320,60528,391166,0.062949,0.067409
13,321,3869,19419,0.056713,0.065438
13,322,45274,244233,0.098540,0.135844
13,323,807,58022,0.072972,0.128629
13,324,22831,297093,0.089600,0.088357
13,325,4539,40807,0.084135,0.075661
13,326,13229,356276,0.081301,0.081296
13,327,128,27,0.065761,0.072537
13,328,1497,27398,0.064677,0.071314
13,329,19729,204736,0.071920,0.131226
13,330,1417,46562,0.081795,0.080091
13,331,10535,128917,0.054750,0.070750
13,332,100158,1535976,0.107126,0.114334
13,333,1613,434816,0.080959,0.081981
13,334,45326,844523,0.092785,0.133847
13,335,3111,37534,0.112933,0.086505
13,336,191,89686,0.077467,0.081361
13,337,19,26,0.062192,0.059204
13,338,518,374,0.072751,0.076158
13,339,1155,58543,0.076206,0.072742
13,340,38,108,0.064421,0.071838
13,341,672,16440,0.076692,0.076296
13,342,236,1103,0.072077,0.063832
13,343,614,122,0.080684,0.064360
13,344,23475,219939,0.129479,0.092802
13,345,252,591,0.075551,0.067396
13,346,8983,232879,0.086531,0.092224
13,347,23204,71526,0.041547,0.065001
13,348,95,2741,0.072425,0.070108
13,349,1262,5772,0.062433,0.063219
13,350,101,49,0.079761,0.066287
13,351,105,28,0.064326,0.064109
13,352,1875,13901,0.064471,0.069692
13,353,3752,392434,0.091994,0.108427
13,354,676,1739,0.064536,0.067920
13,355,73445,730639,0.065837,0.080052
13,356,7065,315617,0.072144,0.078175
13,357,1176,3617,0.108113,0.091498
13,358,228,99,0.115600,0.102712
13,359,5076,14662,0.076081,0.072623
13,360,0,119,0.000000,0.077038
13,361,3,0,0.155436,0.000000
13,362,68,346,0.067738,0.074756
13,363,1380,409,0.084959,0.083279
13,364,130733,1244667,0.095045,0.110880
13,365,7073,210068,0.072232,0.093357
13,366,76176,461554,0.107858,0.126848
13,367,17429,44913,0.062984,0.060647
13,368,61700,450442,0.100470,0.121594
13,369,6364,853631,0.059858,0.085299
13,370,3328,11516,0.095542,0.099481
13,371,28742,14701,0.095849,0.063110
13,372,3,40,0.041056,0.045865
13,373,1210,2954,0.064411,0.067621
13,374,37,19548,0.052728,0.076925
13,375,41724,659,0.073603,0.082776
13,376,17253,183373,0.068833,0.065894
13,377,113,130,0.078382,0.072102
13,378,229723,943255,0.060751,0.073833
13,379,17198,238522,0.066397,0.071645
13,380,213,108355,0.073320,0.080414
13,381,18850,191681,0.076746,0.091858
13,382,363,43,0.071598,0.054673
13,383,4870,153677,0.086735,0.086016
13,384,19168,1266537,0.069917,0.125827
13,385,24346,18157,0.066537,0.071629
13,386,534,337,0.074323,0.079508
13,387,43058,309686,0.096122,0.112644
13,388,63,525,0.091456,0.068802
13,389,7029,397517,0.086407,0.097992
13,390,16635,64162,0.102703,0.080729
13,391,27153,268266,0.142027,0.117977
13,392,1148,874,0.066156,0.059801
13,393,27692,422308,0.083919,0.095021
13,394,28946,206768,0.106451,0.098311
13,395,10566,80483,0.066952,0.089436
13,396,25478,5824,0.057051,0.061677
13,397,341,500,0.070444,0.061172
13,398,9845,628784,0.088853,0.113624
13,399,1719,496047,0.069643,0.094822
13,400,2,0,0.065918,0.000000
13,401,56420,944804,0.121145,0.190967
13,402,514,556,0.080577,0.081197
13,403,4653,140541,0.067458,0.106694
13,404,68,44,0.063893,0.058971
13,405,69660,209267,0.116218,0.107222
13,406,112031,367429,0.093345,0.079631
13,407,250,7787,0.070798,0.092186
13,408,34247,5037,0.112532,0.106660
13,409,86,6421,0.084048,0.075563
13,410,8882,66037,0.062632,0.071102
13,411,198334,1004457,0.102806,0.102627
13,412,14718,153660,0.103371,0.109450
13,413,18070,22455,0.068939,0.079100
13,414,38,2,0.088681,0.060181
13,415,44539,421096,0.093700,0.082291
13,416,22309,383536,0.082519,0.120516
13,417,21839,106222,0.086190,0.092541
13,418,1282,360,0.074265,0.062786
13,419,983,44897,0.113230,0.083462
13,420,64390,242234,0.111110,0.126869
13,421,18666,251452,0.058896,0.071888
13,422,249,2204,0.072412,0.047786
13,423,3650,1123778,0.063000,0.095357
13,424,21687,94906,0.078945,0.115776
13,425,117862,1339701,0.098877,0.117531
13,426,83,33995,0.054071,0.063044
13,427,163143,673894,0.127892,0.133831
13,428,13540,586061,0.075127,0.088368
13,429,152,11724,0.075714,0.077097
13,430,3815,322570,0.078549,0.095683
13,431,64236,502880,0.085962,0.094741
13,432,357,1388,0.078752,0.068194
13,433,269,152,0.094682,0.100893
13,434,5207,2184,0.055768,0.062626
13,435,135,31718,0.081119,0.086128
13,436,1438,401,0.078819,0.062007
13,437,18541,224135,0.080560,0.085601
13,438,42212,422825,0.124886,0.100313
13,439,248,165,0.066530,0.083575
13,440,60295,242187,0.090334,0.097721
13,441,1297,1915,0.070018,0.071639
13,442,2207,31712,0.063845,0.074694
13,443,1155,3873,0.070877,0.074601
13,444,5791,412,0.089512,0.082990
13,445,5564,6114,0.082189,0.087500
13,446,8176,187210,0.079164,0.079710
13,447,1722,120999,0.072561,0.089839
13,448,14508,166882,0.063519,0.075367
13,449,253,72,0.082677,0.092634
13,450,8966,91880,0.078800,0.094550
13,451,30668,248767,0.071183,0.073232
13,452,1014,3228,0.086651,0.097434
13,453,265,310,0.105639,0.079413
13,454,11429,461295,0.080985,0.080393
13,455,6611,62527,0.070067,0.076986
13,456,1,636,0.072266,0.083356
13,457,2183,5652,0.082372,0.086974
13,458,8758,13136,0.082733,0.084593
13,459,41198,381959,0.088996,0.088205
13,460,123390,508493,0.063969,0.069896
13,461,2170,2238,0.087144,0.087513
13,462,4227,58779,0.069778,0.092764
13,463,1978,2043,0.075743,0.073878
13,464,627,283221,0.077544,0.083748
13,465,1019,105053,0.083139,0.078598
13,466,3974,2874,0.080638,0.085981
13,467,1015,378,0.074717,0.072362
13,468,16895,133354,0.086608,0.090821
13,469,35266,334362,0.098565,0.106728
13,470,45701,421113,0.079797,0.088997
13,471,4972,2866,0.088470,0.085271
13,472,1666,1363,0.071246,0.070667
13,473,50,23,0.064646,0.060579
13,474,48905,229014,0.092757,0.106898
13,475,39495,16271,0.065844,0.108919
13,476,100,133674,0.068439,0.080761
13,477,1100,11095,0.077655,0.077574
13,478,62,1,0.110324,0.044678
13,479,14266,199303,0.094767,0.093173
13,480,129,26,0.084990,0.083092
13,481,9194,146452,0.081839,0.091800
13,482,2266,147515,0.087801,0.070754
13,483,767,73647,0.068960,0.080557
13,484,7157,48600,0.100025,0.098512
13,485,36613,501984,0.107131,0.117820
13,486,101,1012,0.099861,0.061205
13,487,1108,98528,0.070626,0.073495
13,488,4193,189056,0.071056,0.088272
13,489,165,2122,0.073263,0.063498
13,490,668,9429,0.056340,0.064393
13,491,10,10186,0.056421,0.076787
13,492,810,112544,0.074555,0.098701
13,493,3344,37838,0.074846,0.075849
13,494,1051,122546,0.089311,0.101661
13,495,28524,108940,0.114842,0.092587
13,496,827,611,0.096014,0.104470
13,497,24611,334219,0.085950,0.118074
13,498,757,42014,0.063138,0.078245
13,499,16825,154596,0.083604,0.086775
13,500,63168,373300,0.094620,0.095847
13,501,3461,190799,0.081926,0.088744
13,502,69593,168061,0.102132,0.082932
13,503,19298,259154,0.102292,0.101159
13,504,3474,318026,0.071905,0.089147
13,505,6712,7537,0.081590,0.082774
13,506,1489,336,0.095014,0.096159
13,507,25870,214,0.038810,0.058423
13,508,949,264,0.078217,0.071688
13,509,7230,128921,0.070529,0.078174
13,510,32110,153379,0.151591,0.091900
13,511,141,5862,0.081541,0.078647
14,0,21248,220354,nan,nan
14,1,25862,211602,nan,nan
14,2,17824,218349,nan,nan
14,3,18617,210893,nan,nan
14,4,17953,211467,nan,nan
14,5,18190,385895,nan,nan
14,6,58939,526081,nan,nan
14,7,59273,695016,nan,nan
14,8,20063,238909,nan,nan
14,9,19859,211138,nan,nan
14,10,10565,27735,0.048852,0.067518
14,11,95472,749375,0.095306,0.114563
14,12,16843,111046,0.079175,0.100211
14,13,246,2494,0.063518,0.067891
14,14,267,20105,0.057185,0.067346
14,15,1641,244707,0.084299,0.092442
14,16,11681,16889,0.070146,0.063569
14,17,96188,1082292,0.122282,0.151265
14,18,18523,245184,0.071508,0.089553
14,19,1728,44441,0.076027,0.103465
14,20,3827,74317,0.068752,0.070348
14,21,7580,275929,0.078393,0.087566
14,22,140,13081,0.058922,0.076918
14,23,784,230,0.069682,0.070708
14,24,20425,287979,0.070845,0.090578
14,25,86022,636318,0.097436,0.098132
14,26,29839,232040,0.094921,0.093614
14,27,715,42271,0.069776,0.077867
14,28,2821,18424,0.065581,0.066502
14,29,43362,258336,0.086854,0.092107
14,30,863,752,0.092706,0.090985
14,31,1496,3943,0.046585,0.070035
14,32,14658,205766,0.065623,0.072157
14,33,3964,81077,0.055743,0.075913
14,34,111159,455620,0.087970,0.124055
14,35,124539,552945,0.095282,0.084866
14,36,88566,1032356,0.091384,0.092890
14,37,35,751,0.062674,0.066239
14,38,8832,210529,0.068577,0.075234
14,39,44564,1300055,0.092557,0.127212
14,40,27547,249675,0.068079,0.069352
14,41,200,4030,0.055608,0.067267
14,42,7063,132236,0.084063,0.093927
14,43,116989,441144,0.131974,0.142676
14,44,44043,9151,0.088841,0.084703
14,45,35,14,0.073270,0.084996
14,46,43983,259433,0.102175,0.103724
14,47,3322,3062,0.075189,0.075476
14,48,1358,213176,0.079736,0.091414
14,49,2754,2435,0.101071,0.091473
14,50,24783,80938,0.096481,0.089126
14,51,4427,31940,0.077497,0.075593
14,52,1369,89548,0.075962,0.076906
14,53,2289,3534,0.070560,0.072711
14,54,15582,236766,0.071887,0.091691
14,55,270665,1181325,0.117207,0.140524
14,56,28283,628484,0.072393,0.097269
14,57,57817,429147,0.096997,0.116097
14,58,2871,61769,0.070944,0.104737
14,59,5120,38918,0.056871,0.069626
14,60,90586,673491,0.102603,0.106113
14,61,197,1833,0.084043,0.058632
14,62,17802,650,0.053916,0.071405
14,63,149,14757,0.087170,0.074685
14,64,1540,27061,0.084141,0.076116
14,65,90,2156,0.074548,0.074335
14,66,112,9,0.074669,0.075195
14,67,2422,71558,0.059843,0.066570
14,68,2144,4854,0.081277,0.073387
14,69,23447,301642,0.089692,0.078466
14,70,13627,213296,0.124024,0.078907
14,71,251,37640,0.075222,0.113579
14,72,2938,566400,0.065226,0.080824
14,73,16731,129298,0.075458,0.085466
14,74,37106,225717,0.100385,0.099155
14,75,3254,3948,0.083459,0.072005
14,76,2154,151624,0.076867,0.073302
14,77,5007,8196,0.111581,0.097693
14,78,1007,370,0.080744,0.077800
14,79,4926,484,0.041377,0.045991
14,80,31973,182231,0.134268,0.089272
14,81,2325,18547,0.075643,0.085709
14,82,12445,217934,0.121516,0.154392
14,83,1409,228887,0.069783,0.085134
14,84,4,67,0.072998,0.062613
14,85,2377,121690,0.070247,0.090500
14,86,10236,1790,0.119476,0.096959
14,87,64732,16981,0.141356,0.122804
14,88,7925,294957,0.073552,0.088655
14,89,6007,24673,0.095403,0.089420
14,90,2159,46042,0.091439,0.074510
14,91,313,89668,0.070071,0.080422
14,92,860,32210,0.071552,0.080917
14,93,22460,184536,0.111906,0.136909
14,94,45,419281,0.061279,0.087080
14,95,103203,10645,0.058643,0.058838
14,96,30120,69587,0.062531,0.077666
14,97,474,1810,0.092893,0.078674
14,98,13452,270213,0.053328,0.081897
14,99,23,180768,0.055239,0.083526
14,100,16647,216896,0.075841,0.088049
14,101,1861,35752,0.077738,0.089260
14,102,180552,943614,0.106703,0.105973
14,103,29811,308771,0.077808,0.103198
14,104,263,84,0.072766,0.075530
14,105,4516,20211,0.061663,0.078242
14,106,1169,48213,0.071607,0.082992
14,107,195439,160106,0.133875,0.077231
14,108,132113,459437,0.113233,0.089665
14,109,5191,194241,0.068634,0.074739
14,110,78373,330160,0.101523,0.120679
14,111,12,123399,0.058390,0.132033
14,112,1973,431357,0.068299,0.079171
14,113,2504,88382,0.070409,0.089297
14,114,26110,379667,0.090937,0.109150
14,115,918,242,0.050046,0.071498
14,116,22907,12735,0.062513,0.067526
14,117,1900,22653,0.087136,0.082186
14,118,9,177,0.077365,0.062773
14,119,259,32417,0.071636,0.071480
14,120,6295,1020,0.041387,0.040882
14,121,24,345,0.033279,0.056861
14,122,31661,31915,0.078991,0.077626
14,123,473,89936,0.068881,0.085699
14,124,154273,649183,0.110102,0.127104
14,125,1418,810,0.088226,0.083348
14,126,51,1,0.079322,0.060059
14,127,310,18568,0.050262,0.072176
14,128,845,7417,0.072127,0.070983
14,129,6489,4111,0.085237,0.080205
14,130,1192,1308,0.050810,0.060904
14,131,701,47526,0.060384,0.068360
14,132,442,223,0.075547,0.072831
14,133,808,461,0.078741,0.070482
14,134,10815,397264,0.086071,0.089297
14,135,189,5580,0.061037,0.077379
14,136,4241,114334,0.075232,0.090566
14,137,6753,169654,0.079449,0.096427
14,138,4,2,0.070312,0.046631
14,139,126722,60047,0.101331,0.071985
14,140,2574,32533,0.072838,0.072747
14,141,1658,235572,0.066392,0.085528
14,142,61184,398950,0.086786,0.101728
14,143,480505,940621,0.122341,0.078509
14,144,591,4258,0.075310,0.068140
14,145,894,676,0.073903,0.073124
14,146,6509,259430,0.089619,0.080221
14,147,9792,240130,0.062432,0.077789
14,148,1983,60909,0.071940,0.097014
14,149,9068,97550,0.064900,0.072010
14,150,137089,812962,0.106181,0.114834
14,151,6686,168538,0.075124,0.083609
14,152,25977,202287,0.049172,0.086330
14,153,18262,59768,0.054627,0.068212
14,154,3666,192339,0.058492,0.071763
14,155,630,19433,0.037482,0.070989
14,156,58,27,0.078011,0.103570
14,157,1163,496,0.064939,0.063477
14,158,6361,215381,0.074327,0.094183
14,159,93555,853075,0.107476,0.112020
14,160,256086,1120709,0.118619,0.109771
14,161,5153,337245,0.076246,0.093276
14,162,56195,263451,0.079034,0.082477
14,163,4417,276539,0.039277,0.069619
14,164,925,3220,0.055180,0.077055
14,165,14688,522570,0.081824,0.106762
14,166,2886,2718,0.080934,0.073936
14,167,1491,9390,0.077252,0.065020
14,168,4846,120414,0.073898,0.094441
14,169,81522,637344,0.101749,0.117028
14,170,880,866,0.068897,0.072992
14,171,531,464946,0.073579,0.102122
14,172,26956,205137,0.078789,0.088278
14,173,402,19314,0.064980,0.083010
14,174,3,0,0.079264,0.000000
14,175,79,32084,0.068199,0.085222
14,176,6056,179284,0.089648,0.094916
14,177,5451,147873,0.075080,0.083356
14,178,2587,78499,0.075489,0.086592
14,179,61068,18636,0.075671,0.104077
14,180,33926,279594,0.096185,0.098055
14,181,2077,379,0.043781,0.043500
14,182,2191,31485,0.071047,0.077901
14,183,34054,190731,0.095344,0.085780
14,184,29533,411304,0.069907,0.082748
14,185,307,164728,0.073792,0.093118
14,186,3104,28111,0.079645,0.074103
14,187,21,35928,0.059518,0.078199
14,188,9746,161994,0.093312,0.114540
14,189,4597,134465,0.074255,0.125079
14,190,225,63,0.074427,0.075133
14,191,210,1397,0.069909,0.073353
14,192,9228,19987,0.081425,0.074048
14,193,6547,448527,0.066809,0.088677
14,194,21820,210079,0.096509,0.098742
14,195,9240,506959,0.070223,0.139688
14,196,123032,445622,0.097304,0.089415
14,197,153494,1558085,0.086126,0.087936
14,198,2102,12595,0.055973,0.069214
14,199,16191,289879,0.113619,0.139834
14,200,49,67870,0.057209,0.078459
14,201,7788,438812,0.077869,0.100087
14,202,2376,146530,0.063911,0.085689
14,203,252901,269003,0.110191,0.100885
14,204,142,11379,0.061949,0.060884
14,205,11102,84929,0.089630,0.085585
14,206,222,37739,0.079955,0.098878
14,207,33522,436061,0.093020,0.107394
14,208,219,3365,0.057807,0.069484
14,209,6266,167,0.039880,0.045156
14,210,12219,26442,0.077849,0.070888
14,211,998,2287,0.067639,0.057931
14,212,3462,278672,0.069594,0.083642
14,213,1,3,0.056152,0.049479
14,214,3924,14717,0.049545,0.076721
14,215,1755,1385,0.062442,0.054295
14,216,4429,3876,0.085386,0.080887
14,217,13306,20507,0.073064,0.101801
14,218,5,13,0.072656,0.065373
14,219,6792,8526,0.089348,0.075774
14,220,7612,87718,0.082617,0.082402
14,221,229,4653,0.072949,0.067685
14,222,1066,45440,0.090762,0.089201
14,223,8078,4920,0.045816,0.063449
14,224,4341,68072,0.073442,0.090481
14,225,16479,189923,0.088665,0.094308
14,226,7470,18540,0.081043,0.064725
14,227,14816,96059,0.068100,0.089875
14,228,504,719548,0.066088,0.074711
14,229,20846,390099,0.076481,0.087747
14,230,49289,482096,0.100811,0.086873
14,231,1463,150863,0.061625,0.075050
14,232,26047,148390,0.089093,0.104931
14,233,1822,136772,0.084875,0.093644
14,234,448,155,0.068126,0.070227
14,235,8959,17317,0.077671,0.073255
14,236,5,312289,0.056006,0.075428
14,237,468,7466,0.071838,0.074497
14,238,492,454736,0.074497,0.081554
14,239,11458,748821,0.054445,0.088439
14,240,25604,189982,0.080795,0.092685
14,241,45,20309,0.068009,0.072128
14,242,62569,174188,0.096755,0.089211
14,243,1181,88910,0.073463,0.087724
14,244,0,0,0.000000,0.000000
14,245,840,5464,0.045685,0.116205
14,246,82542,685389,0.093834,0.107313
14,247,869,121258,0.060978,0.081258
14,248,970,173401,0.066326,0.080696
14,249,48924,193139,0.092062,0.107523
14,250,9,841,0.055501,0.069862
14,251,45756,336886,0.084962,0.091279
14,252,9187,69546,0.072126,0.091039
14,253,10,3275,0.062488,0.065323
14,254,2150,122203,0.066934,0.074408
14,255,298,1053,0.086819,0.070900
14,256,27834,168877,0.112705,0.083252
14,257,13525,98760,0.078915,0.088854
14,258,4735,24801,0.079355,0.087325
14,259,15275,186393,0.084142,0.094289
14,260,7869,118035,0.072105,0.080006
14,261,26786,150781,0.087078,0.086355
14,262,154,27280,0.068677,0.075149
14,263,1036,490,0.073896,0.069598
14,264,1137,226436,0.062758,0.072944
14,265,169,57,0.063566,0.066025
14,266,1945,75646,0.083041,0.103800
14,267,1281,178,0.078673,0.071983
14,268,33619,27322,0.069735,0.067908
14,269,6185,226584,0.063738,0.073879
14,270,4127,18691,0.101714,0.080134
14,271,223,61564,0.083198,0.094470
14,272,195911,152907,0.109469,0.091073
14,273,9726,94253,0.083333,0.089220
14,274,68,24047,0.061639,0.077655
14,275,99,27,0.084348,0.071370
14,276,182,372,0.071987,0.075735
14,277,0,41,0.000000,0.058975
14,278,20993,104259,0.080588,0.099604
14,279,14441,969,0.055929,0.072318
14,280,862,59165,0.070888,0.083424
14,281,2,0,0.090576,0.000000
14,282,1163,1028,0.076007,0.080639
14,283,77,15752,0.052389,0.098527
14,284,6029,64762,0.065470,0.069341
14,285,101621,138210,0.089117,0.109632
14,286,18049,109441,0.063356,0.072370
14,287,2193,88019,0.066273,0.077261
14,288,9464,129687,0.081371,0.096564
14,289,42099,290881,0.081450,0.086753
14,290,1791,6077,0.059255,0.070641
14,291,2533,329609,0.074470,0.089866
14,292,1170,835283,0.058877,0.090934
14,293,1549,158629,0.072407,0.086268
14,294,2923,99117,0.063782,0.089436
14,295,5,0,0.052979,0.000000
14,296,123401,959590,0.114404,0.132123
14,297,8625,20648,0.074345,0.072152
14,298,2936,228269,0.073503,0.112352
14,299,2486,244208,0.079130,0.093594
14,300,19276,92506,0.081575,0.093571
14,301,1857,362,0.075805,0.092489
14,302,81077,194551,0.077718,0.079817
14,303,41054,348999,0.095672,0.109297
14,304,172806,170658,0.085175,0.081775
14,305,2479,228825,0.064272,0.093309
14,306,656,8566,0.065718,0.077641
14,307,14636,132941,0.093764,0.089865
14,308,12946,452840,0.058871,0.084949
14,309,4391,815,0.074920,0.068690
14,310,95,38887,0.076545,0.095507
14,311,7995,69992,0.064191,0.074404
14,312,18262,266790,0.083744,0.099226
14,313,56,649,0.057053,0.074351
14,314,11099,239983,0.081015,0.090958
14,315,237,7104,0.073956,0.059558
14,316,2991,372537,0.071471,0.091329
14,317,18884,146804,0.121148,0.132314
14,318,17202,121691,0.097985,0.095324
14,319,771,29756,0.052166,0.074694
14,320,10191,92592,0.087874,0.103127
14,321,1373,98767,0.076725,0.082555
14,322,7327,13415,0.075811,0.084364
14,323,2704,107310,0.073643,0.080294
14,324,304,8336,0.077039,0.079776
14,325,129,656,0.077138,0.069741
14,326,32865,430231,0.083790,0.089894
14,327,1264,30841,0.065574,0.078420
14,328,1820,9336,0.065108,0.079354
14,329,186,46832,0.074349,0.084149
14,330,1451,119693,0.057230,0.066829
14,331,2496,336148,0.056394,0.080132
14,332,3638,10067,0.096465,0.110025
14,333,716,1070,0.073228,0.073302
14,334,5831,276383,0.071676,0.090337
14,335,59993,521922,0.075725,0.091221
14,336,1081,17109,0.073476,0.078361
14,337,844,2864,0.066774,0.052978
14,338,1495,21452,0.057267,0.071398
14,339,955,4959,0.090525,0.079938
14,340,25497,370958,0.088904,0.125147
14,341,7676,150,0.055981,0.064438
14,342,18994,333752,0.073711,0.088100
14,343,3793,6827,0.050628,0.062849
14,344,3561,71405,0.060711,0.065162
14,345,1076,205887,0.063229,0.080350
14,346,65411,349992,0.100511,0.133893
14,347,1673,83371,0.059846,0.077290
14,348,144,560,0.057579,0.067245
14,349,4360,143300,0.107969,0.129142
14,350,237,31099,0.074983,0.069160
14,351,447,15990,0.076910,0.083888
14,352,15369,141501,0.080489,0.086256
14,353,10554,126457,0.060108,0.070475
14,354,19551,198031,0.127855,0.084494
14,355,961,200,0.079905,0.069340
14,356,3364,51989,0.087587,0.088953
14,357,1594,17,0.053971,0.040211
14,358,57,387,0.037948,0.060333
14,359,916,235384,0.075040,0.096294
14,360,44281,9873,0.060110,0.078038
14,361,0,0,0.000000,0.000000
14,362,256,1713,0.059540,0.064462
14,363,8588,69804,0.097426,0.127384
14,364,1885,91266,0.081130,0.107955
14,365,3539,442,0.066924,0.086580
14,366,84,30,0.075797,0.067057
14,367,11836,61378,0.096907,0.090863
14,368,6060,68892,0.087077,0.107857
14,369,60800,370800,0.099540,0.107277
14,370,333,33811,0.075830,0.091576
14,371,20572,105630,0.098747,0.104167
14,372,7,19,0.083915,0.065147
14,373,53,138040,0.054621,0.105621
14,374,332,9273,0.075307,0.070222
14,375,2851,180238,0.080662,0.089022
14,376,31614,247442,0.080025,0.086957
14,377,176,612,0.083242,0.094176
14,378,5,103,0.062354,0.071291
14,379,364,247798,0.066832,0.134282
14,380,13372,132518,0.097510,0.092288
14,381,16273,215600,0.076110,0.088648
14,382,1117,33467,0.072087,0.098321
14,383,1543,1469,0.080549,0.081031
14,384,20,1,0.039221,0.054932
14,385,2323,256758,0.074272,0.101376
14,386,12386,4503,0.101282,0.072027
14,387,24,54,0.077189,0.065898
14,388,11672,13173,0.091153,0.061582
14,389,3319,22383,0.074597,0.070166
14,390,972,665579,0.071995,0.083015
14,391,1557,98721,0.065970,0.074600
14,392,7584,519408,0.075369,0.101202
14,393,22524,84449,0.081913,0.088194
14,394,73,718,0.067299,0.064458
14,395,10251,48433,0.118298,0.109887
14,396,93312,27604,0.072254,0.105099
14,397,10,32,0.051868,0.071854
14,398,4257,9303,0.052059,0.070586
14,399,125294,541951,0.105036,0.095873
14,400,74,14744,0.056331,0.072438
14,401,3162,3930,0.077666,0.074415
14,402,186,818,0.093251,0.071437
14,403,2897,248418,0.077127,0.095074
14,404,9258,247896,0.054756,0.065312
14,405,976,1440,0.079919,0.066521
14,406,346,590,0.070912,0.060239
14,407,1211,78663,0.072502,0.085433
14,408,1877,73900,0.098695,0.115600
14,409,677,339,0.083130,0.079563
14,410,418,2693,0.071606,0.079957
14,411,276,206,0.087071,0.067791
14,412,13,5289,0.056885,0.068632
14,413,218,188789,0.059421,0.075879
14,414,971,74252,0.067481,0.087442
14,415,628,260517,0.050866,0.085016
14,416,22033,103732,0.080419,0.108359
14,417,14401,194880,0.071882,0.079644
14,418,6883,874,0.054795,0.062231
14,419,8,0,0.082642,0.000000
14,420,875,23404,0.061967,0.084448
14,421,354,2581,0.069985,0.064691
14,422,39432,296876,0.081068,0.094656
14,423,3177,166315,0.067162,0.081442
14,424,3932,150221,0.056150,0.071461
14,425,54558,247828,0.097560,0.126277
14,426,377,139,0.073495,0.072515
14,427,15606,2866,0.073367,0.070929
14,428,7785,129357,0.076999,0.092188
14,429,185,422,0.079150,0.099267
14,430,11207,182441,0.085061,0.084179
14,431,242792,283348,0.244155,0.099820
14,432,783,843,0.068115,0.066779
14,433,18373,350805,0.081450,0.100281
14,434,55821,258688,0.084893,0.093325
14,435,56,1840,0.061707,0.071993
14,436,765,2490,0.077658,0.066130
14,437,45085,196110,0.097122,0.102380
14,438,52404,135141,0.066093,0.084408
14,439,14191,171250,0.092352,0.086013
14,440,344,1360,0.083717,0.087505
14,441,8816,136696,0.076825,0.088181
14,442,1016,35730,0.078030,0.082184
14,443,1813,6583,0.106974,0.072627
14,444,77,4,0.067638,0.073792
14,445,54473,64755,0.071941,0.129071
14,446,372,17328,0.057806,0.061095
14,447,26,448,0.073205,0.071301
14,448,4850,388867,0.064479,0.085638
14,449,1916,56025,0.091507,0.092035
14,450,5613,36267,0.074095,0.081000
14,451,648,1290,0.077181,0.067100
14,452,270666,603364,0.131311,0.115510
14,453,10961,85481,0.054975,0.068283
14,454,7235,99528,0.075650,0.085204
14,455,529,894,0.069798,0.072510
14,456,4321,2917,0.080917,0.079345
14,457,3856,77906,0.097878,0.109295
14,458,21686,224842,0.068289,0.088298
14,459,191,74385,0.071701,0.103296
14,460,17,292,0.060992,0.067040
14,461,589,18841,0.072634,0.071315
14,462,138677,1098405,0.117663,0.121381
14,463,117,313937,0.077221,0.114329
14,464,90,32876,0.066739,0.086094
14,465,851,70,0.039115,0.058360
14,466,2296,827,0.050283,0.066296
14,467,2435,436,0.056944,0.053562
14,468,203,1356,0.076036,0.079117
14,469,1654,1981,0.074432,0.073008
14,470,2758,2612,0.068061,0.074842
14,471,144589,803360,0.115829,0.123162
14,472,47279,153359,0.106784,0.087615
14,473,4,38,0.050293,0.084055
14,474,452,134025,0.080838,0.088523
14,475,146344,359767,0.067469,0.074827
14,476,41474,257664,0.087999,0.086479
14,477,3877,414738,0.061320,0.074245
14,478,1236,853,0.078496,0.082096
14,479,21,8,0.062558,0.059265
14,480,13129,349468,0.097838,0.085488
14,481,6,164,0.048950,0.068699
14,482,4599,15150,0.096529,0.070826
14,483,0,1,0.000000,0.058594
14,484,25597,377694,0.090166,0.092650
14,485,328,46723,0.069205,0.081425
14,486,28212,194660,0.089576,0.086510
14,487,127469,1006791,0.078205,0.096020
14,488,44288,0,0.080213,0.000000
14,489,53513,2035,0.079758,0.072980
14,490,9958,1731659,0.072337,0.175504
14,491,40238,3377,0.065493,0.068559
14,492,10471,143476,0.094870,0.081617
14,493,9882,853193,0.086408,0.152507
14,494,4244,62476,0.079837,0.086576
14,495,22841,112571,0.097768,0.081555
14,496,16648,110904,0.113088,0.105832
14,497,2541,2853,0.071379,0.068484
14,498,176,1267,0.053942,0.075033
14,499,1864,121302,0.071332,0.090315
14,500,16116,103941,0.103340,0.103552
14,501,398,22138,0.061242,0.075772
14,502,36,283,0.053647,0.069308
14,503,121,10,0.082628,0.052856
14,504,4909,261268,0.058824,0.073171
14,505,247,9,0.070083,0.069336
14,506,580,86515,0.053361,0.077143
14,507,462,5213,0.073464,0.086889
14,508,20070,216545,0.076618,0.099180
14,509,1169,121976,0.065924,0.085018
14,510,5393,98707,0.068726,0.089793
14,511,1253,45146,0.084248,0.085509
15,0,27415,829060,nan,nan
15,1,29468,490627,nan,nan
15,2,29222,335295,nan,nan
15,3,23927,613583,nan,nan
15,4,23074,624222,nan,nan
15,5,22714,263490,nan,nan
15,6,34985,312981,nan,nan
15,7,17795,233065,nan,nan
15,8,35014,469172,nan,nan
15,9,19535,346098,nan,nan
15,10,645,100925,0.067973,0.094377
15,11,2125,8986,0.072514,0.070736
15,12,937,49117,0.063043,0.071305
15,13,1006,118797,0.084218,0.089012
15,14,9,5,0.058268,0.062451
15,15,64572,117975,0.109277,0.109817
15,16,2281,2724,0.069094,0.065842
15,17,4697,353182,0.073310,0.081398
15,18,9617,111953,0.099350,0.095124
15,19,17076,97795,0.133820,0.122010
15,20,19273,702828,0.093230,0.101240
15,21,40537,330030,0.152323,0.126825
15,22,106788,1024438,0.115110,0.114939
15,23,5814,173676,0.083687,0.092815
15,24,49364,190865,0.114051,0.120153
15,25,31232,14488,0.056837,0.067534
15,26,1904,11676,0.073272,0.068859
15,27,56512,184415,0.088589,0.075547
15,28,14629,594,0.095983,0.078998
15,29,33,11,0.059875,0.058461
15,30,46525,369744,0.128162,0.116963
15,31,96,14,0.060240,0.051339
15,32,103,601,0.059158,0.066309
15,33,23446,804277,0.079266,0.090525
15,34,919,87370,0.066616,0.082483
15,35,33029,140870,0.077876,0.080052
15,36,9372,109547,0.105095,0.080647
15,37,24266,381806,0.068881,0.102595
15,38,19685,70273,0.084239,0.079364
15,39,194,15488,0.087482,0.121597
15,40,1307,405239,0.077308,0.076636
15,41,757,605,0.086743,0.078321
15,42,338,9122,0.099686,0.067037
15,43,24172,191627,0.106859,0.120060
15,44,1808,116596,0.082035,0.089582
15,45,44336,164008,0.097241,0.080897
15,46,1138,317,0.079260,0.072331
15,47,58,552,0.079443,0.074228
15,48,8354,301678,0.067094,0.072263
15,49,36323,104541,0.100968,0.084562
15,50,695,14214,0.067155,0.075227
15,51,571,86,0.050869,0.059235
15,52,32675,430103,0.090794,0.096407
15,53,287,4297,0.048633,0.050389
15,54,32255,298019,0.103309,0.097255
15,55,2702,30609,0.079814,0.082577
15,56,109,15737,0.064076,0.062383
15,57,407,477,0.075255,0.066665
15,58,54924,370458,0.111352,0.129738
15,59,3124,32456,0.082810,0.080173
15,60,1279,20500,0.069002,0.075007
15,61,5477,108300,0.054502,0.070358
15,62,332345,48058,0.086062,0.070159
15,63,7072,51427,0.087937,0.085250
15,64,4311,94763,0.069240,0.105835
15,65,5431,181730,0.072093,0.085098
15,66,5871,26057,0.080578,0.072044
15,67,11276,196158,0.084364,0.094383
15,68,122,19435,0.061345,0.073276
15,69,132802,567468,0.102452,0.120453
15,70,1138,44729,0.061463,0.081513
15,71,11120,769505,0.076535,0.104710
15,72,78034,101099,0.115354,0.093196
15,73,73682,572204,0.099601,0.103320
15,74,7493,200231,0.103384,0.088518
15,75,199,29,0.060263,0.057297
15,76,220,25,0.052623,0.054531
15,77,3738,29772,0.090127,0.086946
15,78,97,6953,0.044203,0.046382
15,79,14046,144300,0.093552,0.098850
15,80,56931,388545,0.123442,0.129775
15,81,4161,2747,0.055987,0.077140
15,82,13115,86167,0.127118,0.135790
15,83,490,16226,0.059417,0.055825
15,84,48,50,0.049205,0.058511
15,85,1,1773,0.047363,0.045163
15,86,2508,4978,0.078818,0.080345
15,87,8923,272989,0.076425,0.085830
15,88,6020,63191,0.077125,0.075829
15,89,23308,280276,0.078818,0.085999
15,90,17746,5498,0.062980,0.061673
15,91,6594,149361,0.097552,0.110132
15,92,5626,116560,0.078484,0.082184
15,93,6756,236147,0.073339,0.096785
15,94,41824,13964,0.078275,0.080746
15,95,723,13051,0.074714,0.078751
15,96,66678,179504,0.085987,0.084611
15,97,471,29292,0.079120,0.091345
15,98,10006,133985,0.070756,0.081467
15,99,13663,180895,0.084295,0.094448
15,100,1482,56113,0.062895,0.078576
15,101,198590,1271516,0.117816,0.111878
15,102,41,48180,0.045098,0.056254
15,103,4993,102938,0.070762,0.101200
15,104,59363,465238,0.110206,0.117800
15,105,6749,131288,0.122903,0.120471
15,106,1614,22991,0.087664,0.086357
15,107,15064,6612,0.029438,0.074951
15,108,3714,141814,0.083125,0.083778
15,109,3621,139581,0.078084,0.087106
15,110,9866,188548,0.081963,0.095025
15,111,5903,110144,0.074617,0.089988
15,112,1827,81998,0.080403,0.096835
15,113,14496,476,0.072830,0.061628
15,114,25,316,0.066213,0.072285
15,115,73361,426939,0.137370,0.114862
15,116,328,193,0.071991,0.068129
15,117,388,113269,0.065139,0.071031
15,118,22746,110202,0.076123,0.090679
15,119,48963,175005,0.113435,0.098566
15,120,99347,657034,0.087917,0.097556
15,121,6104,27971,0.060211,0.074246
15,122,14564,55276,0.087322,0.083070
15,123,565,70304,0.064885,0.078250
15,124,6699,171687,0.078655,0.097147
15,125,115467,40396,0.121836,0.081045
15,126,30,93,0.062256,0.070118
15,127,2720,3199,0.098839,0.073995
15,128,52091,305470,0.102036,0.113567
15,129,1902,290206,0.066742,0.091574
15,130,16379,170780,0.092231,0.101143
15,131,70310,500310,0.108732,0.128228
15,132,4334,67310,0.102677,0.111517
15,133,6624,169901,0.080045,0.088979
15,134,4421,59908,0.092377,0.096656
15,135,26285,250129,0.105720,0.110640
15,136,7350,127875,0.068041,0.095463
15,137,19704,149185,0.097637,0.099976
15,138,302,16312,0.071552,0.071666
15,139,974,6437,0.087865,0.092757
15,140,34081,549050,0.118493,0.088321
15,141,37251,6381,0.162891,0.111059
15,142,1576,80504,0.074454,0.076828
15,143,8,337,0.050812,0.065760
15,144,37592,347310,0.086795,0.088803
15,145,253,14970,0.078343,0.067197
15,146,10,0,0.064185,0.000000
15,147,37582,85228,0.085800,0.068416
15,148,1265,136214,0.070867,0.077249
15,149,323,56413,0.078374,0.081978
15,150,776,4923,0.071548,0.073983
15,151,700,1342,0.050223,0.054395
15,152,33654,274008,0.153366,0.147816
15,153,106,298,0.068765,0.075713
15,154,224,2755,0.088547,0.074453
15,155,32901,95670,0.088000,0.090984
15,156,21,0,0.051095,0.000000
15,157,434,199,0.076036,0.072298
15,158,23013,191405,0.106097,0.110300
15,159,13732,21872,0.102228,0.089490
15,160,964,18825,0.070439,0.075896
15,161,21872,98173,0.063295,0.102804
15,162,145,5764,0.051860,0.072678
15,163,1697,3983,0.083546,0.070309
15,164,25792,283286,0.099252,0.105901
15,165,8332,81867,0.070327,0.079626
15,166,68360,161382,0.105031,0.092681
15,167,273148,1068307,0.102761,0.106552
15,168,14874,150961,0.079465,0.098408
15,169,18374,206716,0.043252,0.089126
15,170,80832,157201,0.090188,0.078362
15,171,12932,1103,0.105863,0.084371
15,172,36681,4261,0.073311,0.070181
15,173,18954,129981,0.114925,0.124567
15,174,141194,1005043,0.113214,0.110661
15,175,22989,451153,0.075280,0.140531
15,176,23,49142,0.064527,0.063722
15,177,215451,365188,0.115107,0.075006
15,178,1857,117156,0.079122,0.081999
15,179,28307,260343,0.097711,0.089037
15,180,18215,384985,0.125040,0.093906
15,181,31,9,0.070301,0.076090
15,182,239,7114,0.069407,0.049859
15,183,11915,325561,0.059739,0.111538
15,184,3975,5144,0.087955,0.085081
15,185,13001,70914,0.117326,0.118394
15,186,6036,471206,0.071888,0.117464
15,187,8435,1931,0.046156,0.044237
15,188,6737,283774,0.075430,0.081108
15,189,10679,101077,0.093598,0.085311
15,190,7228,19200,0.070653,0.076270
15,191,3602,419638,0.072415,0.085650
15,192,23,188,0.076437,0.060668
15,193,25362,126736,0.098709,0.078475
15,194,6270,121405,0.084131,0.094235
15,195,9739,148460,0.082904,0.074833
15,196,5384,123849,0.105143,0.076172
15,197,7458,148637,0.078354,0.087088
15,198,1013,80889,0.094687,0.097190
15,199,32975,149992,0.103154,0.136980
15,200,788,14749,0.071103,0.071434
15,201,1218,34223,0.059034,0.068334
15,202,66627,540693,0.073430,0.093632
15,203,156,2297,0.061615,0.062370
15,204,1152,122775,0.082482,0.094464
15,205,139,35624,0.068834,0.070547
15,206,17210,225669,0.095879,0.099278
15,207,23261,169943,0.099313,0.104962
15,208,7792,115511,0.086430,0.110098
15,209,2299,725,0.060306,0.066245
15,210,9970,111543,0.103676,0.099917
15,211,14435,237132,0.073298,0.085992
15,212,2033,55855,0.074519,0.089465
15,213,10074,17115,0.077366,0.074751
15,214,508,18551,0.063680,0.071420
15,215,1040,4909,0.071838,0.108690
15,216,2117,4773,0.097017,0.110009
15,217,67230,1051375,0.099916,0.118873
15,218,9995,210515,0.069495,0.079470
15,219,1015,1174,0.077090,0.073190
15,220,364,13988,0.080328,0.073418
15,221,29618,232806,0.080933,0.132433
15,222,140,363,0.070579,0.065514
15,223,1498,37231,0.082912,0.083724
15,224,28557,660206,0.072100,0.082107
15,225,23,991,0.070960,0.068455
15,226,12159,316079,0.069804,0.083078
15,227,8193,240890,0.078863,0.102178
15,228,32040,251465,0.241262,0.082664
15,229,12,206,0.049067,0.070838
15,230,1637,153677,0.083681,0.091137
15,231,21838,68718,0.064171,0.065211
15,232,1225,341964,0.073767,0.091536
15,233,1421,31361,0.065443,0.072335
15,234,19383,53166,0.074859,0.070275
15,235,45288,176465,0.110654,0.117759
15,236,14651,330250,0.028701,0.094919
15,237,67136,155486,0.099385,0.097332
15,238,4623,338942,0.076118,0.095574
15,239,2293,290432,0.071828,0.078067
15,240,1511,83544,0.081762,0.086471
15,241,72170,446148,0.098155,0.085458
15,242,19256,151870,0.096143,0.089197
15,243,1440,992,0.050517,0.065427
15,244,75706,637528,0.107076,0.119072
15,245,1047,100924,0.080696,0.105285
15,246,3719,238926,0.083619,0.142792
15,247,90784,709948,0.064619,0.073505
15,248,22952,93829,0.108158,0.111960
15,249,89616,865779,0.102542,0.118186
15,250,19625,136057,0.105638,0.113074
15,251,1573,20735,0.081131,0.069977
15,252,1070,6819,0.075836,0.068891
15,253,4244,8606,0.093042,0.114060
15,254,480,160281,0.098434,0.117277
15,255,32373,152918,0.081304,0.096008
15,256,42288,90834,0.164923,0.078244
15,257,5914,8974,0.040321,0.092612
15,258,9998,1027416,0.071478,0.144079
15,259,18022,132956,0.105349,0.084435
15,260,7715,130316,0.104611,0.120083
15,261,6113,98952,0.086552,0.111718
15,262,22629,130754,0.130149,0.106949
15,263,4272,7803,0.098041,0.098714
15,264,4624,112420,0.074603,0.079904
15,265,5065,183071,0.081238,0.089403
15,266,6370,10932,0.084242,0.077569
15,267,7256,108022,0.092674,0.087174
15,268,235,14288,0.063601,0.078203
15,269,2226,91655,0.062534,0.080648
15,270,40926,9947,0.109858,0.089698
15,271,3372,18904,0.065015,0.065809
15,272,93759,384939,0.119023,0.122131
15,273,20344,224802,0.075790,0.088517
15,274,1014,12421,0.067425,0.068519
15,275,407,2074,0.073392,0.073009
15,276,164135,212005,0.114468,0.085327
15,277,158,42101,0.060959,0.081278
15,278,7660,488405,0.084998,0.091071
15,279,7785,339215,0.073023,0.082853
15,280,18885,130637,0.074273,0.083215
15,281,2929,1906,0.105107,0.089582
15,282,8743,257306,0.088750,0.092238
15,283,7279,972,0.056088,0.065067
15,284,4919,59174,0.065686,0.080414
15,285,173405,678434,0.125586,0.121417
15,286,4349,61940,0.070954,0.074949
15,287,174,32198,0.077573,0.083268
15,288,64238,307211,0.096301,0.089263
15,289,275,30760,0.050444,0.056066
15,290,8458,119588,0.103282,0.083359
15,291,68975,321543,0.084847,0.089214
15,292,45793,261257,0.120237,0.107840
15,293,476,39042,0.081250,0.080745
15,294,11714,111020,0.103346,0.110703
15,295,17853,4395,0.081043,0.083060
15,296,5293,232910,0.071937,0.078542
15,297,205,1634,0.066537,0.079918
15,298,2812,278131,0.083359,0.101471
15,299,2035,213495,0.079771,0.085715
15,300,8885,128988,0.075788,0.099488
15,301,5100,217354,0.088382,0.095884
15,302,105,40171,0.059466,0.078077
15,303,17168,523691,0.104696,0.123814
15,304,85345,356254,0.100902,0.093188
15,305,2749,3582,0.114921,0.111003
15,306,17385,179881,0.090404,0.098672
15,307,720,365731,0.070995,0.079020
15,308,86,1938,0.066066,0.079508
15,309,12937,5112,0.101432,0.085103
15,310,1296,17976,0.085847,0.091012
15,311,16,55,0.040634,0.059157
15,312,20578,68412,0.095285,0.092187
15,313,8728,332194,0.077363,0.082277
15,314,3890,148262,0.075170,0.113136
15,315,15819,82091,0.097720,0.086813
15,316,138751,863338,0.106711,0.102581
15,317,645,902,0.068514,0.069761
15,318,6620,44857,0.111919,0.103408
15,319,1364,47614,0.078256,0.093691
15,320,1624,1184,0.071120,0.056501
15,321,14536,625372,0.078715,0.096845
15,322,8646,6,0.052994,0.057048
15,323,196,37405,0.079412,0.070544
15,324,18713,112592,0.079552,0.079556
15,325,12446,9831,0.071488,0.068069
15,326,202799,112098,0.121158,0.076718
15,327,6847,231299,0.071130,0.088574
15,328,2745,95439,0.072472,0.103855
15,329,23199,129982,0.100939,0.106954
15,330,7782,127200,0.070583,0.078368
15,331,18404,177950,0.090401,0.098734
15,332,9601,249115,0.075521,0.085388
15,333,3354,311539,0.077329,0.096128
15,334,11030,15608,0.104281,0.089067
15,335,17526,244747,0.086087,0.151587
15,336,3717,309853,0.076350,0.085221
15,337,587,29008,0.060604,0.075473
15,338,60550,125686,0.115209,0.106793
15,339,582,2618,0.062602,0.066354
15,340,2089,16510,0.072117,0.075399
15,341,59809,141122,0.106964,0.105942
15,342,6355,54146,0.108122,0.117936
15,343,33080,226277,0.079862,0.106128
15,344,18109,20226,0.095936,0.079722
15,345,2143,44902,0.057922,0.062324
15,346,7216,8620,0.074726,0.070469
15,347,2684,419163,0.075969,0.090027
15,348,22560,344155,0.075672,0.090004
15,349,1059,138430,0.079280,0.076851
15,350,6055,206096,0.095396,0.121700
15,351,10681,71592,0.097965,0.092495
15,352,2165,5,0.071040,0.064062
15,353,2699,243601,0.077431,0.090398
15,354,10603,153762,0.081520,0.104462
15,355,68,63,0.056528,0.049557
15,356,1899,12238,0.086205,0.077332
15,357,7500,347990,0.079471,0.093084
15,358,6695,91881,0.071764,0.085002
15,359,164,152,0.068010,0.067629
15,360,1723,218482,0.075030,0.087732
15,361,49093,124099,0.079950,0.111535
15,362,38163,56686,0.084478,0.059013
15,363,11139,4364,0.046591,0.106131
15,364,6294,178269,0.081981,0.097613
15,365,78319,510576,0.118758,0.125917
15,366,14851,150172,0.069972,0.072606
15,367,215,108632,0.062162,0.072027
15,368,18563,257015,0.083736,0.089804
15,369,14580,77903,0.083360,0.079337
15,370,9396,281565,0.084514,0.083544
15,371,13514,122309,0.085825,0.087561
15,372,93162,79536,0.081443,0.072645
15,373,1299,382242,0.072661,0.098133
15,374,74,5444,0.066363,0.071378
15,375,5994,35976,0.097366,0.131477
15,376,23298,62173,0.130742,0.090077
15,377,23033,134306,0.094322,0.157143
15,378,14790,284248,0.085311,0.080953
15,379,1952,274446,0.068450,0.094745
15,380,1028,110948,0.078609,0.078653
15,381,2494,25624,0.067402,0.064247
15,382,42,10112,0.071353,0.079765
15,383,11727,129388,0.101792,0.090236
15,384,31025,399979,0.072172,0.080260
15,385,98,18,0.076279,0.072761
15,386,6,166,0.094604,0.054198
15,387,742,69666,0.060469,0.080781
15,388,9716,143663,0.094829,0.083879
15,389,14145,104808,0.076311,0.084797
15,390,64606,178087,0.082238,0.117124
15,391,3061,10400,0.068163,0.062912
15,392,38353,491164,0.080085,0.098060
15,393,5391,36041,0.075891,0.087383
15,394,8891,172728,0.068789,0.143255
15,395,349,38324,0.058326,0.079255
15,396,3548,55489,0.090868,0.089640
15,397,9664,296470,0.061248,0.071217
15,398,41149,448330,0.083272,0.112441
15,399,153,25809,0.057701,0.057803
15,400,4100,121591,0.086663,0.100215
15,401,486,86,0.063034,0.065305
15,402,55103,786160,0.098775,0.124729
15,403,345,131,0.082557,0.088036
15,404,115,5402,0.070272,0.059653
15,405,1381,1354,0.091956,0.086563
15,406,0,0,0.000000,0.000000
15,407,1,23321,0.043213,0.061833
15,408,11961,158139,0.091016,0.113538
15,409,28756,239066,0.090848,0.100747
15,410,54,1398,0.051288,0.042607
15,411,6983,148940,0.074185,0.092687
15,412,17154,168964,0.087165,0.132732
15,413,197,107,0.080994,0.074287
15,414,183,549,0.085201,0.074924
15,415,12702,120589,0.093676,0.110224
15,416,242,226,0.070924,0.067719
15,417,11503,447295,0.084460,0.090016
15,418,4694,41029,0.075354,0.081368
15,419,7884,234445,0.086924,0.127628
15,420,261,229,0.073614,0.072662
15,421,84,101,0.062919,0.057685
15,422,3483,50037,0.082760,0.118911
15,423,3982,14236,0.110108,0.070794
15,424,342,564,0.071179,0.057525
15,425,62298,279299,0.089613,0.086429
15,426,36,144,0.059658,0.074290
15,427,20975,144,0.080077,0.086639
15,428,18463,125492,0.081786,0.093603
15,429,3138,73696,0.087113,0.092510
15,430,28652,5372,0.105133,0.101956
15,431,24197,8379,0.062571,0.087923
15,432,214966,467558,0.106591,0.091084
15,433,608,1411,0.076345,0.074531
15,434,20953,251090,0.077874,0.086080
15,435,20745,345889,0.104142,0.111338
15,436,0,176,0.000000,0.056023
15,437,120,136271,0.090096,0.115750
15,438,60,36711,0.063841,0.101506
15,439,5978,26132,0.086871,0.081527
15,440,100711,196704,0.096530,0.085459
15,441,18290,182747,0.114511,0.089639
15,442,8209,1623,0.092333,0.062883
15,443,1076,88879,0.061144,0.086937
15,444,8365,135964,0.082334,0.114343
15,445,1831,9258,0.069331,0.067402
15,446,62218,296877,0.088902,0.083612
15,447,1711,65259,0.081138,0.090208
15,448,13035,100691,0.094942,0.106114
15,449,785,20289,0.071358,0.088047
15,450,28002,127894,0.054662,0.058315
15,451,32,52,0.067291,0.057077
15,452,1035,429,0.070718,0.065551
15,453,6711,8511,0.074452,0.071975
15,454,6762,45388,0.100189,0.082688
15,455,11909,133559,0.090626,0.090610
15,456,586,253747,0.076966,0.087824
15,457,1958,85487,0.076312,0.085444
15,458,36219,487382,0.089467,0.100380
15,459,13968,160546,0.082476,0.087138
15,460,11397,176951,0.095262,0.101477
15,461,2837,24545,0.082685,0.101493
15,462,2195,28015,0.066225,0.071048
15,463,200,225003,0.069696,0.113883
15,464,12184,62774,0.074977,0.090972
15,465,2876,26215,0.080605,0.085600
15,466,31556,210607,0.098412,0.083514
15,467,9,0,0.063314,0.000000
15,468,34904,223300,0.140757,0.142562
15,469,58271,435920,0.090097,0.115386
15,470,38350,251577,0.097685,0.092866
15,471,15083,178887,0.096269,0.124437
15,472,22305,115549,0.057981,0.080867
15,473,439557,367874,0.117484,0.076457
15,474,22457,113815,0.129955,0.116596
15,475,3528,146806,0.082785,0.081037
15,476,191,767,0.083381,0.078338
15,477,45053,278820,0.126935,0.090728
15,478,68122,735149,0.091937,0.121825
15,479,1959,18398,0.073422,0.082202
15,480,3206,180,0.079657,0.080773
15,481,99456,138842,0.064279,0.062967
15,482,166,77832,0.061142,0.084038
15,483,39,239,0.069392,0.071286
15,484,10475,143322,0.092522,0.119257
15,485,3135,86779,0.060131,0.081555
15,486,5139,141671,0.086070,0.093888
15,487,1849,200523,0.077622,0.077350
15,488,6920,406714,0.085409,0.095247
15,489,10081,161019,0.121590,0.090255
15,490,694,5419,0.120768,0.063961
15,491,74,108,0.057201,0.065256
15,492,1431,158514,0.087502,0.102239
15,493,1848,425855,0.069650,0.078315
15,494,5428,73670,0.084398,0.086112
15,495,31995,396936,0.122231,0.119515
15,496,1193,351,0.072818,0.073754
15,497,8203,116168,0.075876,0.077710
15,498,773,8172,0.079281,0.079235
15,499,20784,294711,0.076600,0.085269
15,500,32575,80425,0.089737,0.109633
15,501,2099,37955,0.056748,0.071228
15,502,948,261,0.087883,0.081049
15,503,210,21619,0.080671,0.076152
15,504,5724,224,0.078372,0.075926
15,505,479,24558,0.080144,0.097400
15,506,164,10796,0.067768,0.081433
15,507,114265,810426,0.148015,0.136304
15,508,6363,150212,0.084806,0.138942
15,509,131,10290,0.073354,0.059173
15,510,8617,24705,0.094589,0.086348
15,511,536,2907,0.064099,0.057357
16,0,24594,339716,nan,nan
16,1,17736,210738,nan,nan
16,2,17914,272801,nan,nan
16,3,26922,473907,nan,nan
16,4,27706,414735,nan,nan
16,5,23341,239524,nan,nan
16,6,18035,210904,nan,nan
16,7,32927,436935,nan,nan
16,8,18526,220256,nan,nan
16,9,18592,371458,nan,nan
16,10,272761,1028046,0.134918,0.139400
16,11,1617,22787,0.059344,0.069624
16,12,11098,115666,0.093162,0.076677
16,13,1420,6417,0.071277,0.076191
16,14,155,144,0.061257,0.065525
16,15,49502,74511,0.051055,0.094773
16,16,2342,24259,0.071418,0.076696
16,17,15026,2035,0.062360,0.070238
16,18,2994,18055,0.071209,0.073581
16,19,767,2656,0.077802,0.080380
16,20,523,4313,0.066841,0.065916
16,21,428,3912,0.080605,0.078998
16,22,1147,67134,0.073299,0.080393
16,23,290,725,0.080230,0.062406
16,24,16837,112052,0.092956,0.078805
16,25,30,1579,0.054297,0.072876
16,26,3986,56668,0.077417,0.082897
16,27,742,33971,0.074373,0.079838
16,28,11784,124817,0.065369,0.072111
16,29,55,52,0.159439,0.070721
16,30,1069,205047,0.072892,0.083530
16,31,246,76,0.057713,0.054161
16,32,0,0,0.000000,0.000000
16,33,6167,377465,0.077920,0.082912
16,34,547,22893,0.094066,0.098135
16,35,71751,637763,0.135462,0.168311
16,36,3,82,0.057699,0.066555
16,37,602,82523,0.057128,0.068574
16,38,3755,230137,0.080631,0.086640
16,39,18153,258029,0.081287,0.088342
16,40,2138,20227,0.081361,0.062062
16,41,720,3226,0.123704,0.081511
16,42,20635,164974,0.076609,0.070684
16,43,8918,72059,0.088507,0.078749
16,44,19666,154500,0.159911,0.134328
16,45,27042,820,0.053478,0.057703
16,46,7322,5062,0.094632,0.086906
16,47,1632,2132,0.065138,0.071934
16,48,26305,1264056,0.079830,0.098531
16,49,83,1951,0.055338,0.069041
16,50,69884,714970,0.095811,0.128094
16,51,23907,146178,0.106622,0.156526
16,52,47208,425779,0.135414,0.113857
16,53,7542,266075,0.091676,0.099593
16,54,786,33004,0.070189,0.072458
16,55,945,19546,0.054595,0.068874
16,56,31713,7732,0.054253,0.088410
16,57,620,569,0.067816,0.066862
16,58,186345,146025,0.143063,0.103716
16,59,4100,5231,0.063007,0.077120
16,60,262,55331,0.080399,0.065451
16,61,29237,433340,0.085801,0.090232
16,62,23047,227549,0.053616,0.083921
16,63,26,2413,0.054293,0.061903
16,64,563,8620,0.097750,0.075525
16,65,1640,39959,0.068266,0.081523
16,66,6254,55305,0.053913,0.059043
16,67,196,5232,0.074399,0.070543
16,68,558,63498,0.054417,0.069174
16,69,30161,49712,0.167406,0.122756
16,70,1023,225133,0.072502,0.088390
16,71,437,19952,0.058024,0.064636
16,72,5300,133291,0.069370,0.074390
16,73,2838,3689,0.061314,0.064145
16,74,101039,496759,0.144210,0.147730
16,75,20370,153995,0.086936,0.083285
16,76,16874,411628,0.089326,0.093073
16,77,30567,333611,0.167348,0.218887
16,78,3985,115249,0.064437,0.076315
16,79,77,8528,0.064360,0.075130
16,80,1230,179119,0.083154,0.079534
16,81,28717,63877,0.035321,0.069045
16,82,211,4074,0.058984,0.074094
16,83,4469,1275,0.086132,0.084828
16,84,445,773,0.072073,0.065483
16,85,87387,601294,0.105043,0.103742
16,86,9908,262057,0.083074,0.083745
16,87,1322,18070,0.063301,0.069417
16,88,81151,620646,0.136845,0.164192
16,89,18201,439210,0.082030,0.095950
16,90,5238,367125,0.081399,0.096865
16,91,1096,485,0.083464,0.075115
16,92,157,91212,0.063352,0.073070
16,93,7910,71978,0.068036,0.071062
16,94,13032,350382,0.086524,0.085726
16,95,1939,1662,0.087782,0.085915
16,96,23969,92731,0.139672,0.151868
16,97,1347,50600,0.072752,0.100719
16,98,18412,132738,0.105288,0.145380
16,99,20022,301709,0.086342,0.086981
16,100,22066,83204,0.091591,0.083739
16,101,156737,690373,0.099984,0.110507
16,102,117050,109742,0.129037,0.102701
16,103,191,18920,0.076699,0.092124
16,104,57324,522979,0.089431,0.091733
16,105,2701,184174,0.056086,0.099258
16,106,17543,132217,0.093684,0.082892
16,107,375,392,0.097757,0.076583
16,108,30685,469059,0.083046,0.093621
16,109,163,26,0.042316,0.054753
16,110,22790,2768,0.075617,0.065260
16,111,814,236178,0.076992,0.146826
16,112,40030,455780,0.095750,0.115998
16,113,2491,71275,0.073861,0.074980
16,114,16,130,0.081390,0.067420
16,115,7807,146431,0.081961,0.085657
16,116,2482,62429,0.084773,0.065919
16,117,244,187260,0.065895,0.072901
16,118,14973,204320,0.089658,0.081941
16,119,23,6,0.060961,0.059937
16,120,26251,384727,0.096583,0.165701
16,121,227,138,0.083905,0.074167
16,122,181,2147,0.066834,0.070568
16,123,4863,93083,0.092289,0.084810
16,124,8381,144434,0.086984,0.083157
16,125,8791,337791,0.081000,0.097137
16,126,1366,75190,0.085500,0.093386
16,127,12,1,0.083354,0.043701
16,128,6263,18538,0.102819,0.094720
16,129,4603,413,0.078558,0.076963
16,130,4640,6894,0.085697,0.075923
16,131,45304,96420,0.075041,0.069464
16,132,851,12794,0.086517,0.077495
16,133,9719,134024,0.065806,0.077123
16,134,6302,287671,0.047683,0.091155
16,135,13945,892775,0.092827,0.100077
16,136,20735,461637,0.071162,0.075861
16,137,5830,130038,0.074624,0.072782
16,138,499,6014,0.064484,0.073407
16,139,46152,257533,0.111624,0.110583
16,140,1909,3486,0.079645,0.079989
16,141,88021,713321,0.101860,0.102344
16,142,7763,201283,0.087032,0.105516
16,143,10694,80424,0.102539,0.116373
16,144,2706,1301,0.077237,0.074767
16,145,414,80,0.046553,0.056093
16,146,9941,264625,0.107168,0.141955
16,147,5050,127454,0.077988,0.080426
16,148,0,966,0.000000,0.054060
16,149,4738,52457,0.084857,0.081589
16,150,29988,237917,0.089455,0.089449
16,151,175,32332,0.072134,0.075727
16,152,67471,180857,0.083343,0.120203
16,153,28957,107111,0.061260,0.073621
16,154,449,265094,0.088606,0.094372
16,155,18684,277015,0.091114,0.088225
16,156,10,6539,0.040955,0.069461
16,157,84717,672260,0.121484,0.137955
16,158,3089,7394,0.071390,0.074054
16,159,189,23824,0.065006,0.075984
16,160,19361,81853,0.056051,0.089028
16,161,55126,275088,0.059959,0.089098
16,162,163,1977,0.067706,0.069497
16,163,73880,9518,0.058318,0.077754
16,164,1055,714,0.078047,0.075571
16,165,53,106,0.070430,0.089740
16,166,63917,421042,0.118418,0.143350
16,167,324,5002,0.090757,0.072331
16,168,9472,304241,0.086163,0.098335
16,169,3355,98994,0.065924,0.074930
16,170,22075,380827,0.077518,0.083663
16,171,17581,183999,0.084896,0.105865
16,172,4009,197012,0.079883,0.084945
16,173,185871,301107,0.109950,0.088090
16,174,4821,559321,0.076312,0.109874
16,175,2028,90977,0.082714,0.088860
16,176,3583,203109,0.071041,0.087353
16,177,26,6845,0.060373,0.071269
16,178,18077,240408,0.084283,0.086249
16,179,31860,3259,0.121077,0.087541
16,180,5356,83737,0.137612,0.112386
16,181,145,1681,0.061182,0.066936
16,182,54128,456300,0.091745,0.107391
16,183,261,898,0.059567,0.071803
16,184,4,664,0.201294,0.058332
16,185,7476,65088,0.068623,0.072947
16,186,238,38409,0.076955,0.110009
16,187,13890,62872,0.093750,0.107318
16,188,2534,165674,0.079681,0.083140
16,189,8421,129270,0.081786,0.111695
16,190,460,266,0.077382,0.071879
16,191,18942,116575,0.096723,0.099388
16,192,1006,207852,0.083227,0.112665
16,193,33127,227723,0.087547,0.079386
16,194,63,18,0.094686,0.097439
16,195,3418,2815,0.080787,0.081043
16,196,6623,145288,0.068234,0.079568
16,197,24201,302329,0.085826,0.084441
16,198,237,10976,0.076132,0.068355
16,199,73397,417243,0.086620,0.079500
16,200,6038,47645,0.080544,0.073534
16,201,7881,118092,0.083832,0.085015
16,202,2480,26908,0.095614,0.082662
16,203,3880,118016,0.079346,0.084849
16,204,321496,1727973,0.110342,0.114363
16,205,1889,142004,0.066265,0.076201
16,206,399418,1216285,0.094949,0.083329
16,207,12,65,0.065287,0.070974
16,208,190,79,0.092154,0.085242
16,209,17,484,0.054163,0.066223
16,210,7101,1824,0.057045,0.062296
16,211,7416,153131,0.079847,0.085084
16,212,2240,30123,0.092191,0.071105
16,213,36461,178080,0.098763,0.100918
16,214,54,8,0.056496,0.060120
16,215,4502,55738,0.071864,0.068980
16,216,729,44948,0.062039,0.068268
16,217,4092,96944,0.088559,0.085531
16,218,12045,134547,0.116712,0.116786
16,219,145,487,0.058208,0.063295
16,220,353,25209,0.069916,0.076194
16,221,18784,61928,0.090195,0.090930
16,222,28999,190163,0.113708,0.122417
16,223,171,11584,0.068312,0.072114
16,224,43665,463833,0.072521,0.089015
16,225,63113,291079,0.087508,0.087984
16,226,85,334,0.072630,0.072964
16,227,5408,2438,0.091827,0.080534
16,228,7066,251397,0.083601,0.091561
16,229,54,27471,0.069223,0.072231
16,230,88,1994,0.062575,0.057556
16,231,68,256,0.095285,0.067251
16,232,119,1063,0.060132,0.074437
16,233,6987,32137,0.063068,0.069932
16,234,9972,290922,0.089895,0.080337
16,235,37966,405262,0.111950,0.125699
16,236,402,105674,0.066423,0.068442
16,237,1431,48167,0.084490,0.071023
16,238,24417,173490,0.068696,0.073982
16,239,5134,74392,0.075171,0.076498
16,240,10011,118155,0.109461,0.117240
16,241,10164,11668,0.095580,0.089206
16,242,60749,209855,0.148164,0.130690
16,243,300,3375,0.073505,0.071177
16,244,60,24079,0.078434,0.089663
16,245,3376,63008,0.071797,0.085507
16,246,111547,550048,0.112620,0.156635
16,247,14255,97171,0.089540,0.092029
16,248,4525,173250,0.083142,0.083446
16,249,41694,115984,0.080955,0.077018
16,250,14158,625538,0.069525,0.082331
16,251,12001,656,0.111719,0.112168
16,252,464,4320,0.067788,0.075898
16,253,6,804,0.049194,0.059198
16,254,2197,8289,0.076853,0.105971
16,255,10,165,0.058521,0.060391
16,256,17435,297846,0.086814,0.085033
16,257,3387,237764,0.079982,0.090756
16,258,29804,166792,0.087184,0.087226
16,259,20017,227073,0.086825,0.087570
16,260,92,1054,0.057134,0.067394
16,261,1569,122360,0.084579,0.084523
16,262,57151,231891,0.066733,0.069031
16,263,1654,10354,0.076351,0.071869
16,264,199,14852,0.066303,0.069187
16,265,653,542,0.063387,0.069067
16,266,18589,135878,0.182285,0.092880
16,267,2161,184869,0.074560,0.071261
16,268,21210,15307,0.035146,0.087307
16,269,8054,269226,0.083054,0.084743
16,270,39,1308,0.065270,0.069300
16,271,18877,113133,0.047749,0.067509
16,272,333,118,0.068788,0.072485
16,273,1930,162461,0.067318,0.073170
16,274,426,139369,0.058488,0.076682
16,275,569,179,0.095778,0.089935
16,276,21808,353633,0.090617,0.091344
16,277,60,41,0.061483,0.062959
16,278,48327,350449,0.098762,0.097384
16,279,2929,224316,0.078122,0.092363
16,280,80334,510565,0.105789,0.119033
16,281,277,13355,0.091970,0.100168
16,282,17790,314177,0.099791,0.088669
16,283,3365,40492,0.095302,0.112808
16,284,69902,673774,0.104659,0.107629
16,285,298,54524,0.085055,0.122725
16,286,9493,222883,0.091617,0.090337
16,287,220,128,0.070279,0.075197
16,288,41,29,0.064212,0.062142
16,289,756,312,0.072854,0.067235
16,290,8206,291909,0.086576,0.112002
16,291,48270,4203,0.072668,0.076895
16,292,14051,594877,0.079181,0.100203
16,293,25669,389007,0.096166,0.097582
16,294,0,0,0.000000,0.000000
16,295,14028,184585,0.086836,0.088223
16,296,482,51606,0.064888,0.070860
16,297,316,1256,0.070399,0.096981
16,298,2625,113441,0.067220,0.076496
16,299,2949,55993,0.080712,0.082065
16,300,10019,56553,0.108831,0.095036
16,301,10140,308039,0.087367,0.079388
16,302,285,67059,0.067390,0.075398
16,303,35051,270989,0.093081,0.094792
16,304,9801,147875,0.103259,0.118416
16,305,879,9060,0.066483,0.067174
16,306,6,0,0.038961,0.000000
16,307,2553,66860,0.082650,0.113053
16,308,4,405,0.058929,0.064255
16,309,24187,307115,0.092064,0.101429
16,310,26259,379135,0.089738,0.094238
16,311,4456,14276,0.102307,0.111053
16,312,94,297,0.057582,0.070343
16,313,26559,538766,0.094243,0.092084
16,314,15351,187774,0.091835,0.092050
16,315,2346,46351,0.085919,0.097744
16,316,105429,420397,0.088547,0.079145
16,317,248,525,0.061579,0.064074
16,318,7,501,0.082171,0.066874
16,319,1269,5711,0.072608,0.074957
16,320,18096,270331,0.088066,0.089251
16,321,7335,136890,0.088809,0.085482
16,322,329,7452,0.067809,0.091110
16,323,21304,154733,0.073243,0.077942
16,324,140897,51,0.109751,0.051743
16,325,12,26,0.061727,0.056359
16,326,7266,280953,0.072630,0.093737
16,327,1148,34,0.067363,0.063871
16,328,6098,10374,0.100502,0.063465
16,329,444,34885,0.067623,0.071578
16,330,63922,663865,0.089042,0.098953
16,331,3451,6120,0.122011,0.105930
16,332,134822,788143,0.106634,0.118076
16,333,940,11568,0.065081,0.061471
16,334,40,16,0.061365,0.072311
16,335,176281,848526,0.076689,0.081530
16,336,2092,41452,0.088426,0.081935
16,337,19099,260617,0.077875,0.078598
16,338,10,254,0.058203,0.070253
16,339,6549,2319,0.089569,0.093603
16,340,24994,303458,0.093235,0.085556
16,341,183,913,0.073092,0.076488
16,342,13360,370154,0.088274,0.097862
16,343,9859,158329,0.083602,0.084911
16,344,9693,68078,0.087647,0.084317
16,345,3191,392622,0.077101,0.093146
16,346,11424,90486,0.070820,0.076004
16,347,39161,133188,0.087229,0.093577
16,348,7,0,0.051235,0.000000
16,349,4022,130873,0.067532,0.078468
16,350,24910,388695,0.087538,0.093260
16,351,48123,77985,0.063775,0.080856
16,352,10536,272040,0.087868,0.091456
16,353,211403,1215855,0.120135,0.122976
16,354,19905,173360,0.102236,0.098158
16,355,4225,134728,0.089567,0.107794
16,356,877,65899,0.062336,0.069563
16,357,6237,187793,0.085431,0.088776
16,358,1067,157101,0.073393,0.085819
16,359,2326,1619,0.102670,0.091421
16,360,7245,57916,0.026878,0.072790
16,361,5754,65928,0.082180,0.089463
16,362,8930,182244,0.078376,0.080595
16,363,16346,109296,0.037730,0.074003
16,364,31,2,0.160322,0.094482
16,365,19661,168436,0.072927,0.085663
16,366,28,2,0.090184,0.067383
16,367,22355,303564,0.078016,0.082171
16,368,6542,337398,0.074030,0.097809
16,369,0,0,0.000000,0.000000
16,370,10676,251716,0.087815,0.092709
16,371,411,63742,0.059839,0.077464
16,372,4519,21474,0.063703,0.073290
16,373,9262,251879,0.078633,0.090143
16,374,25057,445878,0.091939,0.097804
16,375,2329,18377,0.057586,0.061566
16,376,71136,334673,0.106392,0.120831
16,377,18954,293485,0.086452,0.089032
16,378,3251,49167,0.093959,0.105969
16,379,13198,3202,0.106580,0.102136
16,380,12867,36027,0.072170,0.077842
16,381,32013,289279,0.068928,0.079891
16,382,6934,101160,0.074577,0.078764
16,383,516,293495,0.073427,0.094507
16,384,482,1627,0.082235,0.069373
16,385,8652,115215,0.077889,0.082152
16,386,4856,39126,0.073952,0.069366
16,387,7377,4759,0.110052,0.087401
16,388,2476,57568,0.089018,0.077656
16,389,8692,143399,0.065706,0.072812
16,390,67786,418186,0.148336,0.173459
16,391,55947,383316,0.090883,0.115778
16,392,181,4965,0.063119,0.068954
16,393,74,621,0.073546,0.068743
16,394,27,1,0.061529,0.061768
16,395,1695,64642,0.062563,0.074620
16,396,67,245,0.049799,0.059415
16,397,14759,230613,0.081879,0.085963
16,398,4999,666679,0.070193,0.105506
16,399,4797,244358,0.077429,0.110028
16,400,7605,19106,0.110429,0.080288
16,401,29,2287,0.054780,0.064939
16,402,624,23338,0.060302,0.062831
16,403,722,40304,0.064439,0.079860
16,404,15095,465018,0.081444,0.110236
16,405,2711,5552,0.074493,0.070296
16,406,479841,475982,0.102952,0.075869
16,407,27202,2829,0.128303,0.119692
16,408,10,1174,0.145801,0.073651
16,409,8017,97440,0.096768,0.092341
16,410,2648,71859,0.069158,0.076016
16,411,5864,63770,0.091885,0.083626
16,412,705,9587,0.060219,0.069097
16,413,90,661,0.051076,0.066875
16,414,42107,174708,0.065672,0.080578
16,415,2318,16889,0.086133,0.085566
16,416,7075,73773,0.083243,0.088530
16,417,27201,129829,0.118345,0.139564
16,418,3388,11770,0.075953,0.069794
16,419,948,338050,0.041651,0.078320
16,420,11734,137160,0.103388,0.077901
16,421,282,44407,0.092101,0.087075
16,422,1785,13155,0.084684,0.082005
16,423,4,11,0.046509,0.050692
16,424,34263,4059,0.120862,0.104736
16,425,2862,58049,0.071336,0.080147
16,426,270,1434,0.060933,0.066483
16,427,10324,1517,0.074550,0.076395
16,428,130,88,0.063810,0.061143
16,429,9569,277703,0.088661,0.098971
16,430,4461,282929,0.076558,0.086976
16,431,13949,227439,0.100621,0.114922
16,432,68894,447273,0.093472,0.091495
16,433,2485,168960,0.069530,0.075782
16,434,9026,84400,0.085048,0.084097
16,435,22548,311289,0.050847,0.079233
16,436,234648,588131,0.113971,0.116307
16,437,155074,715819,0.085901,0.084256
16,438,158772,320843,0.160517,0.101148
16,439,28263,257975,0.139650,0.087949
16,440,419,76,0.095402,0.072368
16,441,85218,305541,0.080234,0.085146
16,442,93,85,0.051377,0.072274
16,443,1,0,0.054199,0.000000
16,444,3605,1794,0.091215,0.078998
16,445,4916,7487,0.075625,0.074626
16,446,4933,136583,0.084141,0.082386
16,447,33637,145116,0.103038,0.108718
16,448,67262,400,0.083340,0.065335
16,449,659,100257,0.089343,0.121389
16,450,136,13,0.058292,0.062763
16,451,3440,135126,0.104818,0.105123
16,452,26255,362719,0.089191,0.097836
16,453,5903,126448,0.087990,0.087975
16,454,2500,68,0.086252,0.076089
16,455,18389,240407,0.083100,0.088699
16,456,537,1761,0.066523,0.061994
16,457,12634,36589,0.066133,0.069180
16,458,3256,23801,0.102475,0.100326
16,459,8411,339331,0.086340,0.083848
16,460,11948,147570,0.082259,0.092483
16,461,75756,521772,0.104275,0.109584
16,462,444,19623,0.106604,0.109230
16,463,2329,5188,0.087996,0.083276
16,464,2265,118542,0.082200,0.087155
16,465,79,3163,0.084267,0.071126
16,466,32570,1227,0.087100,0.070371
16,467,93,44,0.074127,0.066772
16,468,6415,389763,0.080595,0.092604
16,469,4740,64467,0.099770,0.108563
16,470,8787,317137,0.085196,0.090674
16,471,84985,486977,0.066206,0.072801
16,472,30957,283780,0.090547,0.092996
16,473,5913,5152,0.091270,0.081123
16,474,62,23346,0.077918,0.079719
16,475,3479,37810,0.114014,0.112705
16,476,28395,388390,0.095570,0.082060
16,477,48387,234124,0.108321,0.124244
16,478,740,4811,0.069835,0.092665
16,479,31939,336172,0.094236,0.101686
16,480,98736,217602,0.122725,0.092176
16,481,2585,39679,0.076855,0.093971
16,482,16489,40242,0.113096,0.083959
16,483,619,12564,0.101353,0.077720
16,484,4007,85226,0.100816,0.089890
16,485,5749,310988,0.063567,0.085743
16,486,1334,9777,0.079092,0.081124
16,487,22616,464606,0.093812,0.088698
16,488,136,227,0.067355,0.067613
16,489,2852,5327,0.102433,0.088148
16,490,70,261,0.068354,0.062612
16,491,595,778,0.065318,0.066013
16,492,13571,245897,0.088586,0.097874
16,493,2216,34703,0.076868,0.081507
16,494,65386,176161,0.092095,0.091969
16,495,402,19787,0.080916,0.076779
16,496,14,10658,0.063407,0.074221
16,497,121,23,0.070959,0.066289
16,498,770,834592,0.065310,0.124543
16,499,28956,232480,0.099586,0.106473
16,500,51723,229008,0.111961,0.126505
16,501,27999,559737,0.094542,0.113900
16,502,47860,520660,0.127200,0.152820
16,503,20098,190034,0.089317,0.086254
16,504,5405,98995,0.101201,0.117945
16,505,2815,85508,0.068112,0.081587
16,506,334,2372,0.062602,0.061227
16,507,4164,3881,0.092497,0.081376
16,508,14126,258652,0.096376,0.086780
16,509,22573,310542,0.085628,0.101043
16,510,198,15083,0.057289,0.069491
16,511,156811,9383,0.101550,0.065650
17,0,17759,210745,nan,nan
17,1,17745,210739,nan,nan
17,2,22573,222350,nan,nan
17,3,128961,866156,nan,nan
17,4,17906,216285,nan,nan
17,5,38772,370284,nan,nan
17,6,22656,264017,nan,nan
17,7,21193,422034,nan,nan
17,8,18618,249172,nan,nan
17,9,19176,446799,nan,nan
17,10,14988,96881,0.099920,0.101054
17,11,2990,360097,0.077466,0.090801
17,12,10804,141270,0.074436,0.080983
17,13,2,2424,0.080078,0.074127
17,14,8217,48925,0.101186,0.090132
17,15,25066,6235,0.080227,0.074573
17,16,14481,84778,0.103071,0.078985
17,17,9896,245430,0.065483,0.074173
17,18,351,3946,0.061726,0.064656
17,19,10006,122202,0.078090,0.082274
17,20,274,877,0.078863,0.063497
17,21,39487,224575,0.081227,0.139003
17,22,3853,17219,0.087326,0.057205
17,23,249,13921,0.052411,0.102833
17,24,35122,342299,0.082317,0.086552
17,25,11395,71816,0.113761,0.138238
17,26,10491,65009,0.073588,0.086675
17,27,5161,25034,0.073799,0.069080
17,28,60198,663234,0.153462,0.177423
17,29,18738,77092,0.083797,0.084414
17,30,16,31,0.055420,0.053132
17,31,41254,349530,0.070549,0.104193
17,32,5,1,0.076270,0.037598
17,33,76301,529577,0.125061,0.138853
17,34,25480,198131,0.082221,0.080437
17,35,25115,161507,0.088085,0.087105
17,36,1033,387,0.062861,0.075462
17,37,34199,636022,0.088288,0.102263
17,38,5348,138198,0.111045,0.147418
17,39,4862,88383,0.079127,0.078913
17,40,182,406,0.063288,0.064701
17,41,16914,132134,0.091358,0.081820
17,42,403,6114,0.068660,0.063297
17,43,12610,580790,0.074694,0.083047
17,44,1596,441,0.046411,0.047005
17,45,264,14,0.058244,0.054923
17,46,458731,446807,0.135462,0.088786
17,47,8714,457477,0.099495,0.083141
17,48,56489,192285,0.143907,0.120834
17,49,158,491,0.055702,0.055815
17,50,1230,2075,0.089066,0.074261
17,51,121377,576267,0.101230,0.113384
17,52,31,40150,0.051675,0.056549
17,53,202,852,0.067162,0.068398
17,54,18361,408128,0.091387,0.092633
17,55,26907,320823,0.073187,0.094331
17,56,219,41,0.076049,0.074338
17,57,5162,116928,0.067618,0.074662
17,58,963,4610,0.081983,0.068599
17,59,4220,148467,0.097577,0.096326
17,60,6,429,0.061198,0.069889
17,61,2105,3827,0.076048,0.072886
17,62,31669,178580,0.085146,0.096418
17,63,12926,296217,0.088573,0.084304
17,64,13545,190830,0.087706,0.077980
17,65,9915,359626,0.090701,0.081847
17,66,10718,176827,0.085411,0.089000
17,67,521,27,0.065634,0.073595
17,68,11007,67002,0.079928,0.077729
17,69,2009,57389,0.053914,0.063626
17,70,9612,213931,0.097545,0.083328
17,71,183,644,0.061407,0.070260
17,72,15598,28137,0.104507,0.089287
17,73,934,285381,0.089707,0.148388
17,74,10462,196911,0.067696,0.077670
17,75,21028,253639,0.085119,0.085972
17,76,56379,187761,0.097832,0.100139
17,77,23118,321237,0.077542,0.081379
17,78,441,46868,0.055758,0.060294
17,79,4822,174752,0.084764,0.085593
17,80,1412,15124,0.069453,0.070065
17,81,218,1248,0.066459,0.069228
17,82,329,1610,0.095780,0.084137
17,83,216,29,0.071296,0.087444
17,84,16852,278771,0.096067,0.103747
17,85,278,277,0.077512,0.073474
17,86,5985,13581,0.099543,0.093188
17,87,16656,133191,0.095450,0.099007
17,88,214,831,0.057516,0.056017
17,89,167055,132608,0.145782,0.098490
17,90,7771,38657,0.107711,0.097495
17,91,1633,45935,0.067036,0.068859
17,92,15979,137021,0.095685,0.100898
17,93,177,62,0.088153,0.089418
17,94,2,0,0.050903,0.000000
17,95,81983,29026,0.099263,0.066673
17,96,2489,75227,0.076073,0.075293
17,97,4372,6360,0.061098,0.068775
17,98,41246,115999,0.054308,0.109600
17,99,14683,515247,0.075660,0.084140
17,100,28602,229988,0.082231,0.107204
17,101,25120,217588,0.090396,0.101500
17,102,27645,506429,0.084839,0.132751
17,103,196457,680825,0.110681,0.104831
17,104,192,19,0.073525,0.064415
17,105,220841,240510,0.063746,0.061060
17,106,161472,220117,0.096541,0.089740
17,107,63,14,0.063151,0.072649
17,108,39389,355493,0.098579,0.092219
17,109,9796,206248,0.069463,0.087341
17,110,9205,79719,0.068897,0.090729
17,111,42708,298474,0.080324,0.078529
17,112,6446,435587,0.062992,0.094491
17,113,15447,127005,0.027207,0.089526
17,114,1911,415354,0.068702,0.091359
17,115,307,4361,0.067881,0.073177
17,116,9754,23949,0.075289,0.069376
17,117,260,479024,0.065271,0.103037
17,118,162,159,0.079477,0.071251
17,119,466,15423,0.068925,0.070574
17,120,5178,133376,0.074652,0.079795
17,121,1802,30289,0.076414,0.078047
17,122,20047,107905,0.134194,0.143058
17,123,17491,175559,0.086426,0.093040
17,124,99115,268360,0.122016,0.095208
17,125,10274,207002,0.088505,0.083295
17,126,20514,232559,0.084785,0.079489
17,127,147228,194471,0.091188,0.081171
17,128,1004,18463,0.073274,0.069952
17,129,8511,179570,0.141627,0.112489
17,130,43527,99736,0.070241,0.094266
17,131,21748,34674,0.085034,0.118417
17,132,19043,361721,0.096850,0.096895
17,133,500,19018,0.083845,0.089038
17,134,2657,24213,0.062972,0.069547
17,135,32,299,0.065277,0.065756
17,136,7195,88061,0.077115,0.082240
17,137,1619,4032,0.073830,0.066651
17,138,4738,380134,0.088003,0.093147
17,139,265,15298,0.067147,0.090403
17,140,2146,41003,0.075726,0.076328
17,141,121,104,0.073399,0.064439
17,142,30284,132333,0.072310,0.093267
17,143,21479,285643,0.100783,0.141137
17,144,88810,64047,0.107805,0.093491
17,145,21204,538787,0.084384,0.147583
17,146,9318,439174,0.084308,0.090392
17,147,9025,80774,0.084054,0.082826
17,148,6117,20886,0.079114,0.075232
17,149,4728,58163,0.081659,0.067386
17,150,8,348,0.063049,0.071079
17,151,23726,73153,0.056022,0.055860
17,152,24892,536636,0.117723,0.087015
17,153,16846,144058,0.075719,0.077829
17,154,195,5488,0.066206,0.070978
17,155,1777,13204,0.077798,0.081659
17,156,1509,5915,0.070670,0.070575
17,157,23220,23603,0.081518,0.076994
17,158,463,18002,0.073514,0.080841
17,159,69957,436481,0.089920,0.105595
17,160,50179,581602,0.067076,0.082979
17,161,4607,23738,0.082330,0.075124
17,162,2238,51978,0.075656,0.079321
17,163,2496,100325,0.071103,0.082024
17,164,3852,131294,0.088248,0.082163
17,165,2966,1019,0.081686,0.063705
17,166,1300,90964,0.066715,0.083963
17,167,58120,298775,0.109480,0.122156
17,168,780,32342,0.097615,0.114544
17,169,2466,186756,0.084787,0.112642
17,170,1141,22267,0.064925,0.073131
17,171,3406,15094,0.068182,0.066182
17,172,9271,244639,0.112000,0.074679
17,173,28603,386766,0.117622,0.121964
17,174,3445,181765,0.088718,0.109800
17,175,1093,1112,0.085339,0.078477
17,176,2430,84918,0.108843,0.092432
17,177,22289,257398,0.080212,0.090309
17,178,15179,144564,0.025946,0.082807
17,179,783,500877,0.069093,0.076282
17,180,14243,24016,0.073497,0.066102
17,181,1748,3059,0.075765,0.061080
17,182,73344,351821,0.075792,0.076523
17,183,30414,19436,0.067240,0.069656
17,184,4610,86477,0.071561,0.081886
17,185,1277,47951,0.074049,0.086217
17,186,7118,175974,0.089889,0.107145
17,187,3619,130222,0.078557,0.093069
17,188,5399,127843,0.091226,0.088377
17,189,2109,14664,0.088796,0.101590
17,190,0,6,0.000000,0.045451
17,191,9845,55373,0.070245,0.075796
17,192,9425,139189,0.074211,0.081508
17,193,7997,11917,0.095020,0.087998
17,194,17133,150849,0.172736,0.084957
17,195,103384,43556,0.141195,0.085366
17,196,55074,622402,0.083390,0.122940
17,197,998,19004,0.076626,0.075557
17,198,28001,170386,0.094972,0.084839
17,199,9498,281310,0.088423,0.083382
17,200,8980,163582,0.118366,0.087151
17,201,2694,206354,0.078952,0.078964
17,202,6107,20465,0.076885,0.077071
17,203,5627,105685,0.070635,0.103784
17,204,21695,264787,0.095748,0.113284
17,205,5660,293245,0.082532,0.088039
17,206,29,13833,0.052675,0.065066
17,207,7990,31786,0.104638,0.095935
17,208,19349,322710,0.087715,0.095484
17,209,64468,274518,0.080899,0.086942
17,210,43635,725353,0.085401,0.088793
17,211,106211,228307,0.139776,0.135141
17,212,53320,299720,0.094809,0.110283
17,213,5,4344,0.056299,0.072564
17,214,1602,7091,0.075262,0.071616
17,215,2900,4376,0.072391,0.067670
17,216,69904,281151,0.136318,0.133612
17,217,138,36,0.052749,0.056342
17,218,45,1220,0.066102,0.074502
17,219,650,219815,0.078293,0.093208
17,220,1905,69412,0.077203,0.086160
17,221,4874,258511,0.078443,0.083541
17,222,2785,117238,0.068687,0.075047
17,223,934,407144,0.067572,0.071540
17,224,9521,103266,0.068929,0.075272
17,225,335,196,0.078611,0.072763
17,226,14679,182583,0.098058,0.118075
17,227,1981,70992,0.069324,0.099236
17,228,458,1147,0.079594,0.059018
17,229,75732,241855,0.119820,0.111735
17,230,8008,203450,0.077041,0.117861
17,231,11667,76497,0.077065,0.073901
17,232,214,27,0.070933,0.069155
17,233,776,45907,0.087522,0.095279
17,234,3155,292774,0.077897,0.083028
17,235,60,32580,0.057117,0.063616
17,236,3656,60512,0.083647,0.115872
17,237,13711,72174,0.063715,0.065889
17,238,54336,79966,0.068368,0.064670
17,239,18889,170090,0.079078,0.090122
17,240,15096,88427,0.095424,0.090890
17,241,5537,32453,0.085252,0.080396
17,242,12571,48168,0.086458,0.106021
17,243,19633,233610,0.061466,0.070829
17,244,52,21,0.072275,0.077834
17,245,2648,68035,0.086285,0.071446
17,246,60348,71723,0.070507,0.076596
17,247,1202,1439,0.086286,0.080351
17,248,602,116768,0.079096,0.074517
17,249,2668,4300,0.093054,0.075306
17,250,7971,91882,0.095672,0.110071
17,251,300,12000,0.058439,0.092688
17,252,88,20574,0.063607,0.070599
17,253,6953,180903,0.084328,0.093892
17,254,38363,413544,0.095934,0.118207
17,255,992,5510,0.093026,0.079950
17,256,6083,197526,0.067324,0.102139
17,257,22780,93793,0.074345,0.093039
17,258,558,2192,0.060735,0.066363
17,259,19167,171365,0.103472,0.098101
17,260,0,0,0.000000,0.000000
17,261,23670,387376,0.102801,0.089582
17,262,8566,36997,0.080154,0.074951
17,263,6855,3828,0.101583,0.091702
17,264,2248,126176,0.080201,0.087401
17,265,10040,22942,0.069019,0.073499
17,266,6906,205416,0.089443,0.084392
17,267,10066,5308,0.053007,0.062211
17,268,1,138792,0.055176,0.091464
17,269,21351,383606,0.110111,0.099529
17,270,76271,222546,0.113573,0.113725
17,271,167,272,0.065569,0.063477
17,272,8371,2110,0.083318,0.074510
17,273,16296,697584,0.093870,0.153723
17,274,57074,116942,0.098866,0.097613
17,275,99,4161,0.066604,0.075011
17,276,23300,336988,0.107754,0.138923
17,277,34513,3950,0.066792,0.066463
17,278,604,27,0.064991,0.052554
17,279,5390,293596,0.080587,0.089195
17,280,12294,193672,0.087301,0.090753
17,281,423,57021,0.080242,0.072567
17,282,7351,134905,0.077464,0.078126
17,283,102448,4416,0.088922,0.044185
17,284,1349,2289,0.079735,0.082326
17,285,7355,115126,0.104212,0.106723
17,286,327,475,0.080498,0.093857
17,287,61079,204513,0.088491,0.075785
17,288,34132,1526,0.057153,0.066391
17,289,43704,627834,0.088780,0.096707
17,290,13056,155375,0.096494,0.110946
17,291,7206,103423,0.086879,0.080407
17,292,17,12,0.069178,0.065491
17,293,115,44090,0.085271,0.078467
17,294,13320,202,0.057177,0.059851
17,295,22163,44660,0.078812,0.090949
17,296,8588,144748,0.085826,0.079468
17,297,7735,156066,0.093947,0.107109
17,298,4541,123716,0.089126,0.111479
17,299,254852,778090,0.121954,0.088837
17,300,27172,116327,0.063947,0.057237
17,301,11329,5898,0.092207,0.085957
17,302,113638,695720,0.096838,0.100961
17,303,49164,307677,0.108236,0.109614
17,304,2821,1957,0.063414,0.068228
17,305,93,1130,0.064811,0.067812
17,306,11480,23794,0.107944,0.109661
17,307,145,249382,0.067028,0.069686
17,308,19698,256041,0.100054,0.096178
17,309,29160,269731,0.114037,0.113281
17,310,3210,24588,0.066521,0.079153
17,311,7624,117399,0.073003,0.085287
17,312,674,7455,0.086866,0.068710
17,313,46672,364738,0.134847,0.132873
17,314,11569,221692,0.062785,0.120552
17,315,11466,130365,0.105777,0.113874
17,316,364,1013,0.064298,0.067862
17,317,7132,123110,0.083951,0.084493
17,318,5245,134689,0.063074,0.083349
17,319,18774,113564,0.082278,0.081727
17,320,5628,138518,0.064719,0.073850
17,321,4129,8263,0.078347,0.078299
17,322,25260,282968,0.157067,0.082868
17,323,8957,93305,0.095838,0.096000
17,324,25762,240048,0.076306,0.084136
17,325,6770,235801,0.084197,0.089748
17,326,17954,138924,0.106418,0.110396
17,327,37578,275340,0.083769,0.081161
17,328,4149,16024,0.072777,0.071556
17,329,569,21572,0.045329,0.052266
17,330,577,71140,0.084339,0.102361
17,331,54913,407506,0.082692,0.096088
17,332,5135,81604,0.099028,0.094517
17,333,7278,86158,0.084634,0.099016
17,334,9538,238345,0.078445,0.084957
17,335,3468,83280,0.121609,0.114746
17,336,9192,193146,0.084324,0.090285
17,337,2313,72434,0.102184,0.114417
17,338,1244,916,0.071547,0.067436
17,339,98,1723,0.067233,0.071678
17,340,152,4785,0.066974,0.069370
17,341,239,550,0.077567,0.079923
17,342,73710,159242,0.071749,0.129079
17,343,2435,37041,0.081918,0.076037
17,344,49982,865094,0.075379,0.089216
17,345,290,1329,0.078874,0.066173
17,346,4290,45089,0.078874,0.084330
17,347,768,8353,0.057110,0.067753
17,348,24026,268992,0.151254,0.149292
17,349,835,75122,0.074172,0.083006
17,350,4422,86935,0.073864,0.078192
17,351,890,22742,0.073288,0.075106
17,352,144028,803657,0.105880,0.111389
17,353,75249,67672,0.117602,0.097553
17,354,1895,202454,0.070218,0.075603
17,355,34239,338230,0.121597,0.117402
17,356,24932,388812,0.075670,0.082383
17,357,21538,237890,0.091755,0.088286
17,358,3982,26269,0.071906,0.080620
17,359,7053,146184,0.085314,0.085606
17,360,585,6701,0.069978,0.071364
17,361,34378,271292,0.089544,0.084126
17,362,594,5868,0.071840,0.086673
17,363,14913,106747,0.093892,0.094792
17,364,22066,322472,0.092514,0.084013
17,365,416,129,0.070393,0.061965
17,366,78131,31557,0.094133,0.088938
17,367,4811,40704,0.078160,0.088576
17,368,4497,35997,0.097833,0.093664
17,369,669,42311,0.083006,0.079869
17,370,23160,227309,0.098288,0.102816
17,371,8878,159399,0.079228,0.100096
17,372,1164,76305,0.077654,0.073266
17,373,1679,229294,0.077880,0.070195
17,374,1594,2636,0.047087,0.049259
17,375,14606,301526,0.103116,0.101721
17,376,559,95629,0.059866,0.068219
17,377,43256,42352,0.064719,0.073699
17,378,7359,127145,0.067333,0.078454
17,379,434,46214,0.056052,0.072326
17,380,1441,19343,0.070757,0.068972
17,381,50517,215135,0.075392,0.103122
17,382,29571,2733,0.113048,0.105649
17,383,17195,187902,0.096200,0.120394
17,384,381,8974,0.087769,0.093954
17,385,1452,514563,0.071749,0.112326
17,386,256512,578813,0.094178,0.085635
17,387,15782,839,0.096935,0.109285
17,388,2302,20683,0.066414,0.065458
17,389,41323,118184,0.104995,0.083635
17,390,1969,141601,0.080279,0.089642
17,391,2798,20553,0.084768,0.076650
17,392,1901,288459,0.093692,0.091698
17,393,11972,137894,0.083619,0.091147
17,394,12826,243863,0.084634,0.079493
17,395,70377,668906,0.147430,0.168523
17,396,18322,280821,0.080409,0.141031
17,397,83278,264125,0.090729,0.101087
17,398,8662,141126,0.086554,0.085385
17,399,28507,109981,0.100597,0.095133
17,400,46219,476143,0.114890,0.106646
17,401,481,165,0.056376,0.056780
17,402,1323,1000,0.078894,0.070779
17,403,20173,60580,0.070754,0.073141
17,404,539,62859,0.080696,0.119983
17,405,13568,107032,0.100309,0.079728
17,406,4427,64348,0.088491,0.121626
17,407,143,1811,0.068252,0.074559
17,408,8485,204879,0.093347,0.092804
17,409,1046,115809,0.072892,0.081815
17,410,318,13802,0.074456,0.075661
17,411,66,2,0.075208,0.054077
17,412,139,57462,0.067622,0.081018
17,413,63352,519678,0.096309,0.103191
17,414,485,110041,0.082002,0.097718
17,415,2752,60949,0.065727,0.078257
17,416,4,52476,0.062378,0.091664
17,417,671,12027,0.080227,0.073546
17,418,16354,132245,0.109239,0.104850
17,419,13303,2996,0.099533,0.075521
17,420,11186,170138,0.093664,0.101936
17,421,8,156,0.065857,0.066688
17,422,4916,45779,0.086533,0.092646
17,423,17262,281227,0.077375,0.087931
17,424,34959,366492,0.082936,0.088469
17,425,779,227332,0.081062,0.081160
17,426,19586,411867,0.091104,0.095233
17,427,15317,101100,0.117165,0.088027
17,428,9187,34732,0.067450,0.079252
17,429,3239,291894,0.081221,0.092972
17,430,16794,239214,0.088079,0.083281
17,431,9210,127777,0.092747,0.098155
17,432,3199,28287,0.074931,0.088631
17,433,12,7,0.057780,0.057495
17,434,2368,144518,0.079702,0.085298
17,435,173,152,0.077853,0.070597
17,436,53960,399238,0.126807,0.131203
17,437,47396,307910,0.077064,0.075014
17,438,1435,5,0.065759,0.073438
17,439,5761,447540,0.106327,0.087378
17,440,14920,396325,0.080591,0.088397
17,441,1259,23090,0.075097,0.073770
17,442,6212,142705,0.110305,0.095896
17,443,2751,32863,0.080335,0.088680
17,444,9892,123344,0.085721,0.075616
17,445,10991,698462,0.097301,0.105898
17,446,1999,109645,0.065880,0.082591
17,447,6,10700,0.053019,0.072461
17,448,61272,570658,0.094556,0.118957
17,449,182,1707,0.051575,0.054492
17,450,42041,102873,0.118632,0.116434
17,451,46344,150604,0.102791,0.100461
17,452,693,288130,0.051571,0.099323
17,453,78,2128,0.089545,0.071743
17,454,37477,456797,0.137332,0.141596
17,455,6219,162109,0.155810,0.141878
17,456,6,11,0.068115,0.082386
17,457,17129,126972,0.099456,0.092230
17,458,9777,171456,0.128088,0.127668
17,459,10599,22536,0.086063,0.079596
17,460,78172,347388,0.101094,0.109730
17,461,567,1901,0.085624,0.080324
17,462,7504,194511,0.092317,0.084673
17,463,8803,98281,0.086595,0.090959
17,464,46194,867069,0.093585,0.146122
17,465,217,263,0.076612,0.066974
17,466,6272,140376,0.093761,0.090029
17,467,128795,88066,0.100709,0.072595
17,468,15937,33770,0.066699,0.068694
17,469,95,6061,0.067416,0.073257
17,470,10,1477,0.047656,0.069191
17,471,2585,2449,0.067308,0.070801
17,472,141799,953206,0.114275,0.115675
17,473,32429,252733,0.077860,0.074222
17,474,1399,170906,0.086143,0.090231
17,475,0,0,0.000000,0.000000
17,476,5031,104981,0.088475,0.099003
17,477,38769,1009138,0.075384,0.100548
17,478,77,298,0.060869,0.066849
17,479,24959,307348,0.093525,0.111511
17,480,4422,385674,0.080833,0.108234
17,481,28260,261709,0.058171,0.087794
17,482,53181,396266,0.105690,0.107343
17,483,2525,75403,0.090220,0.089220
17,484,55816,459281,0.088495,0.115295
17,485,15,0,0.051676,0.000000
17,486,2728,143873,0.102863,0.075774
17,487,232859,777036,0.150162,0.138381
17,488,13543,94687,0.075771,0.083625
17,489,12,4,0.046254,0.118591
17,490,34288,287232,0.086922,0.099274
17,491,2283,94987,0.086372,0.099397
17,492,807,176699,0.061426,0.077853
17,493,15675,1699,0.122676,0.081815
17,494,2,126,0.044800,0.055223
17,495,644,15273,0.066089,0.064860
17,496,12033,174641,0.093933,0.094345
17,497,4345,29544,0.081830,0.074725
17,498,1314,24238,0.089975,0.089109
17,499,9955,102433,0.074609,0.085229
17,500,23107,143793,0.092915,0.099726
17,501,3139,47760,0.102503,0.084191
17,502,8908,71744,0.062879,0.071953
17,503,1217,244913,0.063238,0.069068
17,504,28192,295266,0.092564,0.084126
17,505,9298,155749,0.086425,0.108685
17,506,5746,120286,0.088168,0.088480
17,507,21052,208513,0.081740,0.100828
17,508,290,16836,0.066228,0.076925
17,509,18554,195948,0.120672,0.109004
17,510,44394,466413,0.090425,0.096912
17,511,33228,192961,0.093329,0.096571
18,0,35976,361273,nan,nan
18,1,24695,325199,nan,nan
18,2,32619,447779,nan,nan
18,3,28911,340053,nan,nan
18,4,24903,213838,nan,nan
18,5,18993,272860,nan,nan
18,6,20962,322793,nan,nan
18,7,24033,302864,nan,nan
18,8,39403,412397,nan,nan
18,9,21231,211186,nan,nan
18,10,84552,385085,0.096301,0.084454
18,11,8067,44031,0.103795,0.106064
18,12,7753,192448,0.085143,0.105437
18,13,52709,226412,0.076723,0.115521
18,14,2753,3726,0.097387,0.097380
18,15,5288,225163,0.080903,0.092425
18,16,4,286,0.048401,0.065382
18,17,152,2452,0.056005,0.058901
18,18,24017,188001,0.104958,0.108060
18,19,7657,188305,0.092371,0.089969
18,20,22296,83600,0.099374,0.096017
18,21,1154,40343,0.079236,0.083988
18,22,959,6258,0.133361,0.116689
18,23,7500,206107,0.081229,0.091341
18,24,8391,71888,0.081040,0.081247
18,25,143,491,0.072759,0.077326
18,26,3865,70731,0.075570,0.083572
18,27,8833,93478,0.091331,0.096154
18,28,43172,348410,0.078722,0.085069
18,29,7395,82030,0.104484,0.103629
18,30,2963,202976,0.077641,0.086975
18,31,15740,94984,0.082886,0.109682
18,32,25,667,0.055786,0.052174
18,33,22746,102831,0.096177,0.078154
18,34,46446,85973,0.083065,0.084370
18,35,1120,6973,0.090147,0.087835
18,36,56087,319168,0.100552,0.105575
18,37,4550,131932,0.082192,0.094075
18,38,15670,212188,0.038234,0.086639
18,39,4014,3732,0.081007,0.078045
18,40,756,11127,0.089444,0.110351
18,41,3848,9431,0.066983,0.067224
18,42,71539,500993,0.092960,0.105551
18,43,9559,310843,0.083136,0.081873
18,44,25434,259419,0.078858,0.093264
18,45,13420,147521,0.099549,0.120056
18,46,31911,82803,0.092027,0.086272
18,47,29053,127747,0.133376,0.129945
18,48,9611,87694,0.092310,0.083583
18,49,95975,433149,0.126319,0.114685
18,50,45812,230714,0.092546,0.091257
18,51,13910,359414,0.088821,0.100084
18,52,3025,114502,0.101309,0.083777
18,53,4727,86635,0.125494,0.118206
18,54,29188,177210,0.095640,0.099588
18,55,79240,548175,0.102454,0.125055
18,56,10962,16523,0.081148,0.072505
18,57,158,182,0.072407,0.072368
18,58,47500,34981,0.078303,0.070999
18,59,5343,15668,0.086056,0.078147
18,60,1404,24045,0.073987,0.088067
18,61,5398,192574,0.074113,0.083596
18,62,17337,86591,0.070071,0.087168
18,63,19514,150196,0.100085,0.099869
18,64,25236,14779,0.070322,0.072770
18,65,9736,566644,0.076915,0.104923
18,66,407,3019,0.073461,0.080767
18,67,52,42,0.072830,0.063302
18,68,565,27509,0.067902,0.077000
18,69,26081,181199,0.109442,0.126377
18,70,5170,97907,0.078076,0.086454
18,71,17683,72790,0.090207,0.093550
18,72,94,150,0.069954,0.068895
18,73,53224,165522,0.125052,0.096603
18,74,47618,150339,0.148738,0.148411
18,75,6559,1483,0.085244,0.073880
18,76,13255,170254,0.084805,0.088885
18,77,24112,141550,0.083004,0.080426
18,78,13827,255517,0.085469,0.085124
18,79,9676,248484,0.074189,0.079013
18,80,6732,123639,0.083293,0.090361
18,81,1171,57811,0.077058,0.085965
18,82,4068,5861,0.097815,0.092555
18,83,11265,324802,0.095760,0.116810
18,84,44,4364,0.061890,0.065064
18,85,25650,21251,0.124911,0.083329
18,86,7908,67555,0.092777,0.114238
18,87,4190,152480,0.080028,0.079246
18,88,5334,159669,0.083560,0.085611
18,89,20122,348200,0.078943,0.090862
18,90,793,1952,0.084603,0.070012
18,91,7657,29850,0.100382,0.096596
18,92,32,10098,0.050766,0.061662
18,93,14497,398805,0.089081,0.114099
18,94,24878,116073,0.132981,0.131874
18,95,1594,2140,0.082714,0.081761
18,96,2669,1681,0.090186,0.087494
18,97,19118,457455,0.084036,0.093633
18,98,1882,30963,0.070008,0.073401
18,99,5186,158544,0.080288,0.082294
18,100,40329,305162,0.087764,0.104918
18,101,6293,36133,0.070746,0.079918
18,102,35939,273243,0.095498,0.132731
18,103,768,6973,0.058433,0.065211
18,104,5353,7888,0.120404,0.098352
18,105,17825,156388,0.034513,0.089876
18,106,3,1743,0.043620,0.062739
18,107,8410,198943,0.082665,0.086586
18,108,0,2428,0.000000,0.057666
18,109,1900,13222,0.072240,0.074432
18,110,95142,535633,0.130916,0.138509
18,111,44054,305463,0.087647,0.091755
18,112,46789,250844,0.081093,0.079422
18,113,58725,217647,0.111193,0.129550
18,114,13406,311935,0.083280,0.095393
18,115,3331,75404,0.099812,0.113266
18,116,2777,196656,0.080503,0.088501
18,117,3457,159572,0.084044,0.089664
18,118,117041,679615,0.128878,0.141716
18,119,78660,129294,0.089156,0.090267
18,120,42764,455357,0.089010,0.091434
18,121,4337,127083,0.100300,0.093293
18,122,2336,156112,0.077109,0.084293
18,123,110,4574,0.082597,0.078581
18,124,10382,322125,0.072775,0.085059
18,125,19158,80647,0.103775,0.111172
18,126,5340,41615,0.072093,0.077638
18,127,1213,6755,0.076643,0.072541
18,128,144,813,0.058636,0.059980
18,129,1559,219617,0.067216,0.094958
18,130,51497,298851,0.076246,0.102697
18,131,3326,50567,0.067811,0.075469
18,132,7,15623,0.063302,0.068730
18,133,18669,93785,0.141966,0.137725
18,134,1163,97976,0.087529,0.088333
18,135,3410,91308,0.083475,0.116175
18,136,5308,89822,0.102899,0.102656
18,137,3894,31884,0.089666,0.098062
18,138,926,66374,0.055818,0.070182
18,139,64794,121504,0.108103,0.098420
18,140,27160,46736,0.087990,0.073657
18,141,4845,3944,0.118415,0.093051
18,142,10627,163986,0.081797,0.086322
18,143,5143,21424,0.070263,0.069096
18,144,149986,467808,0.115760,0.089512
18,145,35377,121138,0.080972,0.098206
18,146,37193,161079,0.084679,0.087236
18,147,1767,822,0.090494,0.081463
18,148,13113,683596,0.078169,0.088869
18,149,992,22687,0.072091,0.078210
18,150,95166,140291,0.094071,0.079146
18,151,117369,450025,0.104371,0.096795
18,152,32118,193873,0.063784,0.124221
18,153,12419,107253,0.100132,0.101599
18,154,13292,211190,0.088581,0.092414
18,155,2590,180261,0.112733,0.089760
18,156,6191,189108,0.116166,0.168529
18,157,83638,365338,0.107552,0.106020
18,158,9737,108298,0.079045,0.073315
18,159,2806,75515,0.082041,0.088010
18,160,747,556,0.060802,0.063533
18,161,4858,195826,0.076107,0.087568
18,162,5555,266419,0.083412,0.089848
18,163,4328,271287,0.083252,0.086796
18,164,485,2526,0.066460,0.067519
18,165,42997,348794,0.092397,0.089492
18,166,4390,152633,0.081591,0.110113
18,167,39289,526717,0.078884,0.082622
18,168,88876,282174,0.110488,0.114732
18,169,8618,309421,0.084692,0.096190
18,170,245,46,0.089300,0.075461
18,171,3453,6710,0.161276,0.068630
18,172,5277,184093,0.085326,0.092902
18,173,135046,622083,0.117321,0.110997
18,174,14746,95954,0.098489,0.098680
18,175,1978,69354,0.074236,0.082498
18,176,3045,356,0.080075,0.061921
18,177,124,4488,0.059384,0.061366
18,178,14914,236889,0.098470,0.094310
18,179,3272,64049,0.083890,0.085736
18,180,14486,69076,0.191009,0.079327
18,181,99720,285861,0.107473,0.113394
18,182,29281,8980,0.048980,0.073212
18,183,570,42869,0.061999,0.065082
18,184,5944,130031,0.077926,0.082678
18,185,5568,221936,0.084408,0.091367
18,186,1494,31880,0.075320,0.088915
18,187,5796,14427,0.108675,0.101842
18,188,11,1,0.055309,0.048584
18,189,13120,560297,0.071971,0.084267
18,190,5631,126947,0.077494,0.079004
18,191,17904,109981,0.037194,0.084904
18,192,715,123130,0.074480,0.086295
18,193,5615,181069,0.077016,0.091464
18,194,7076,90458,0.087149,0.099394
18,195,37416,233242,0.088059,0.107518
18,196,728,23279,0.074289,0.108638
18,197,11421,90206,0.090930,0.108831
18,198,25234,128390,0.084793,0.087392
18,199,4036,337411,0.075824,0.087515
18,200,6571,8372,0.080895,0.107176
18,201,40062,192875,0.096401,0.091304
18,202,23616,102019,0.081266,0.089672
18,203,14118,43838,0.071406,0.139632
18,204,14833,181552,0.060531,0.098616
18,205,213,33796,0.047397,0.062736
18,206,148,909,0.068800,0.078615
18,207,6495,149232,0.075044,0.093850
18,208,12021,231088,0.080311,0.091804
18,209,10825,186607,0.086237,0.086857
18,210,137955,89255,0.146771,0.078245
18,211,8340,118215,0.093890,0.083510
18,212,12061,206183,0.104464,0.099766
18,213,37990,51290,0.068711,0.076392
18,214,4744,76803,0.090827,0.082431
18,215,172,1071,0.070409,0.064929
18,216,1500,87450,0.082632,0.085404
18,217,9666,219446,0.090461,0.090328
18,218,83371,50925,0.091465,0.068047
18,219,25477,134237,0.130508,0.085907
18,220,15462,4849,0.085834,0.084824
18,221,6003,278587,0.083097,0.083495
18,222,39383,335905,0.103482,0.107016
18,223,38,1634,0.048957,0.061248
18,224,32486,268006,0.116932,0.128415
18,225,15760,262653,0.090084,0.081819
18,226,5028,391743,0.068309,0.085174
18,227,29469,66042,0.074355,0.078449
18,228,1727,18934,0.080665,0.096455
18,229,55928,227969,0.109277,0.097836
18,230,2718,64622,0.075103,0.082282
18,231,609,183232,0.067900,0.111068
18,232,465,6098,0.080197,0.080084
18,233,17261,79780,0.083271,0.094041
18,234,4464,163072,0.075631,0.081301
18,235,60477,106879,0.100030,0.088365
18,236,32239,178990,0.079916,0.097119
18,237,45488,230755,0.116593,0.084008
18,238,64797,237274,0.067711,0.090658
18,239,7118,93021,0.091844,0.103203
18,240,20685,69529,0.094536,0.095329
18,241,17199,320229,0.090751,0.102439
18,242,27427,73200,0.083452,0.088171
18,243,6276,231022,0.085305,0.100356
18,244,12065,78608,0.074377,0.075884
18,245,11882,156663,0.079647,0.088566
18,246,1283,1047,0.082689,0.071067
18,247,14951,121143,0.089876,0.091317
18,248,51101,186693,0.104516,0.101325
18,249,166281,892410,0.130858,0.100049
18,250,5576,153991,0.081649,0.091101
18,251,1354,8446,0.071048,0.068537
18,252,5295,65046,0.130328,0.127564
18,253,5060,23036,0.086337,0.068716
18,254,19561,138206,0.076349,0.084351
18,255,75251,580988,0.090469,0.097974
18,256,18868,256559,0.083300,0.119308
18,257,1056,2398,0.076054,0.083859
18,258,84,86,0.074565,0.072791
18,259,33910,279077,0.065764,0.111389
18,260,36875,100499,0.125844,0.122605
18,261,46676,55671,0.075266,0.066893
18,262,1790,267244,0.076417,0.090961
18,263,27415,82353,0.081892,0.110283
18,264,1566,187,0.061934,0.068474
18,265,934,520,0.067305,0.076597
18,266,2836,152168,0.078971,0.092008
18,267,33885,230397,0.081183,0.084470
18,268,61879,6227,0.139349,0.110544
18,269,131979,484937,0.111169,0.112696
18,270,12335,78399,0.105895,0.107335
18,271,45966,226653,0.094331,0.096238
18,272,1031,333,0.086698,0.077019
18,273,20083,116862,0.102906,0.126645
18,274,1849,68325,0.103650,0.110352
18,275,12529,149531,0.081595,0.099175
18,276,16001,558049,0.087607,0.093067
18,277,4272,70228,0.071229,0.081050
18,278,10931,54522,0.082582,0.088070
18,279,2848,13207,0.077311,0.082791
18,280,8507,54057,0.088932,0.112843
18,281,12062,75327,0.091012,0.096824
18,282,89262,293786,0.146879,0.099582
18,283,12660,98768,0.086576,0.090809
18,284,4,2272,0.053101,0.059044
18,285,46000,365032,0.124517,0.119389
18,286,3565,391684,0.081321,0.095750
18,287,31359,215242,0.093929,0.111835
18,288,5545,278710,0.092339,0.091015
18,289,8591,208306,0.076503,0.106869
18,290,16982,174712,0.094892,0.089601
18,291,3600,54516,0.074529,0.092100
18,292,181,11984,0.080365,0.105657
18,293,15370,464089,0.093017,0.128427
18,294,17740,85847,0.095319,0.096260
18,295,6488,12865,0.112159,0.075344
18,296,6308,94126,0.083510,0.088418
18,297,7476,402052,0.083182,0.096069
18,298,7738,37580,0.069092,0.074329
18,299,29947,541859,0.075739,0.112575
18,300,9706,172626,0.127550,0.146892
18,301,10958,38827,0.091667,0.090648
18,302,7039,238228,0.084582,0.093637
18,303,4649,5376,0.095924,0.097735
18,304,20785,414991,0.083401,0.089647
18,305,15743,72967,0.109649,0.103741
18,306,28035,114135,0.105408,0.105137
18,307,6276,253515,0.080020,0.089957
18,308,3525,44818,0.089199,0.108801
18,309,6808,131428,0.085364,0.104132
18,310,392,29972,0.063606,0.083295
18,311,0,6,0.000000,0.061401
18,312,14867,167975,0.099615,0.083768
18,313,44964,85233,0.117945,0.121392
18,314,133574,477457,0.112370,0.116844
18,315,1366,6370,0.068783,0.072259
18,316,8228,129313,0.084392,0.086855
18,317,23960,93463,0.097480,0.095375
18,318,5460,136524,0.089087,0.082602
18,319,14639,974,0.074556,0.072613
18,320,7496,54826,0.090463,0.085407
18,321,17733,358834,0.129324,0.093213
18,322,13546,79305,0.087064,0.081771
18,323,8058,135696,0.082739,0.082808
18,324,51639,223162,0.086395,0.088327
18,325,13633,101495,0.078341,0.091070
18,326,2641,158530,0.085439,0.100984
18,327,86526,367666,0.103780,0.111101
18,328,4041,108151,0.089624,0.082020
18,329,47492,269767,0.078262,0.103867
18,330,3549,80677,0.072961,0.101193
18,331,2157,50160,0.089535,0.091459
18,332,4606,249638,0.078187,0.088928
18,333,11074,163141,0.087975,0.086767
18,334,3653,53013,0.085792,0.096370
18,335,96795,388679,0.097490,0.096412
18,336,5896,206833,0.093804,0.097657
18,337,38006,154469,0.085904,0.091393
18,338,112424,385844,0.119327,0.122696
18,339,2324,113882,0.085106,0.086123
18,340,8958,62668,0.087747,0.098584
18,341,5679,10661,0.135464,0.124222
18,342,1691,29045,0.068877,0.071766
18,343,163874,399451,0.127228,0.124203
18,344,23815,323971,0.086847,0.089604
18,345,35772,180131,0.096861,0.079116
18,346,1755,305705,0.066345,0.079711
18,347,7068,52995,0.084758,0.089785
18,348,5453,62439,0.086564,0.094230
18,349,1828,99062,0.071527,0.085441
18,350,33897,193759,0.095969,0.095802
18,351,10497,103009,0.086311,0.084807
18,352,4521,1630,0.081657,0.072790
18,353,1,120,0.039307,0.056934
18,354,10669,151572,0.104116,0.085484
18,355,155,166,0.061825,0.059298
18,356,6575,9822,0.104745,0.100528
18,357,14111,162285,0.100859,0.122450
18,358,30598,108434,0.098841,0.093409
18,359,14918,150007,0.109731,0.114561
18,360,2151,852,0.079792,0.074873
18,361,4880,2743,0.090784,0.082500
18,362,12605,1210,0.087026,0.075878
18,363,11124,736,0.127671,0.107493
18,364,7595,104748,0.091578,0.093291
18,365,2885,1343,0.087767,0.084118
18,366,20,26103,0.051416,0.061091
18,367,1398,113861,0.071809,0.088159
18,368,47580,222312,0.098724,0.101340
18,369,877,21310,0.079259,0.086396
18,370,28721,227319,0.086552,0.090780
18,371,21,38,0.056617,0.076339
18,372,11262,59347,0.070933,0.075903
18,373,5883,54024,0.087552,0.094570
18,374,518,42997,0.058364,0.061639
18,375,3706,62754,0.077466,0.087409
18,376,8980,177557,0.078028,0.090293
18,377,31018,113150,0.078015,0.092626
18,378,61563,341498,0.106088,0.110810
18,379,9431,74614,0.091417,0.084844
18,380,1209,239962,0.074935,0.090573
18,381,4,0,0.057892,0.000000
18,382,4853,117041,0.115966,0.107248
18,383,34723,142747,0.093517,0.092918
18,384,10396,323191,0.088906,0.091627
18,385,2796,319314,0.082041,0.088051
18,386,920,50478,0.055711,0.064755
18,387,106243,675137,0.111213,0.118532
18,388,10195,133356,0.104190,0.087687
18,389,58597,177306,0.104392,0.101129
18,390,9780,129858,0.079629,0.089023
18,391,90707,632458,0.105461,0.103017
18,392,13493,125253,0.090161,0.085457
18,393,47621,336716,0.079448,0.089322
18,394,20344,94210,0.075590,0.085080
18,395,18852,336034,0.087541,0.093051
18,396,4189,140462,0.087631,0.088731
18,397,10317,72757,0.091210,0.081386
18,398,975,9648,0.073957,0.075656
18,399,4955,285925,0.085518,0.103091
18,400,439,312,0.051364,0.055638
18,401,14603,293759,0.081292,0.091062
18,402,26203,204370,0.127332,0.114675
18,403,2417,9443,0.095894,0.084381
18,404,6269,19434,0.090057,0.081195
18,405,35966,142256,0.106052,0.087325
18,406,11781,67060,0.095330,0.117949
18,407,10396,258445,0.085759,0.087232
18,408,2348,21702,0.092155,0.093059
18,409,7829,62286,0.097142,0.105183
18,410,13632,143899,0.077460,0.110937
18,411,1483,177772,0.083913,0.095707
18,412,63144,570233,0.180375,0.166511
18,413,3268,199,0.074035,0.065208
18,414,54606,6891,0.091418,0.097988
18,415,6022,131121,0.085388,0.081879
18,416,38553,76977,0.078570,0.075900
18,417,2192,123620,0.076165,0.085762
18,418,1005,16881,0.068616,0.075326
18,419,5397,116250,0.087510,0.082075
18,420,21366,23856,0.081474,0.085803
18,421,1993,23134,0.086595,0.084172
18,422,20594,41293,0.092005,0.111820
18,423,4562,47535,0.089806,0.096026
18,424,8124,162522,0.086348,0.092284
18,425,4116,939159,0.065762,0.088489
18,426,3875,29680,0.075261,0.092123
18,427,6721,124016,0.084538,0.103935
18,428,33415,116353,0.113722,0.087617
18,429,56014,494432,0.081090,0.096116
18,430,13507,353183,0.084194,0.097524
18,431,31778,116911,0.112728,0.101081
18,432,7681,147529,0.100828,0.086340
18,433,3131,11986,0.065402,0.078147
18,434,20362,181625,0.120912,0.130325
18,435,6844,249170,0.069712,0.088888
18,436,16921,121244,0.089175,0.085279
18,437,12836,113891,0.094027,0.090762
18,438,849,9147,0.068088,0.077796
18,439,37549,142658,0.076885,0.087477
18,440,59702,561786,0.095229,0.129161
18,441,17198,105945,0.093302,0.094435
18,442,1904,6334,0.098240,0.101042
18,443,3104,105636,0.102869,0.109520
18,444,8152,45141,0.081230,0.095126
18,445,41665,150609,0.098973,0.089691
18,446,11667,249019,0.089274,0.093337
18,447,435,23878,0.073731,0.078525
18,448,74040,382238,0.152527,0.140050
18,449,9374,325621,0.090178,0.106549
18,450,14781,260454,0.088457,0.098418
18,451,4568,39086,0.088652,0.097924
18,452,16115,152831,0.125759,0.087074
18,453,2915,158452,0.076153,0.089560
18,454,970,2938,0.115011,0.121829
18,455,3198,198741,0.082562,0.092018
18,456,14071,222691,0.086904,0.089445
18,457,6069,127563,0.073175,0.085041
18,458,4526,62824,0.092985,0.095683
18,459,37952,327516,0.090373,0.091857
18,460,8249,616,0.080718,0.071215
18,461,65584,9009,0.119018,0.072843
18,462,7373,207193,0.093138,0.098416
18,463,3781,85611,0.082532,0.085521
18,464,15272,211089,0.081453,0.088345
18,465,43192,218984,0.085735,0.113298
18,466,4894,363511,0.074826,0.091126
18,467,3893,79926,0.080266,0.085029
18,468,5559,101271,0.100695,0.098975
18,469,670,4617,0.070194,0.073032
18,470,91334,202065,0.089248,0.091788
18,471,9456,144651,0.088169,0.090720
18,472,38385,245382,0.091386,0.107307
18,473,79613,382006,0.125122,0.122943
18,474,32255,236067,0.094024,0.102153
18,475,1627,7839,0.076064,0.077269
18,476,4019,128116,0.074413,0.085125
18,477,4062,121411,0.093269,0.121441
18,478,40338,257130,0.093419,0.093967
18,479,10148,151740,0.093406,0.110533
18,480,19586,214849,0.065198,0.107515
18,481,57582,1287515,0.095467,0.148008
18,482,31384,332513,0.089973,0.088651
18,483,13569,234498,0.081163,0.091168
18,484,14064,186604,0.111460,0.104344
18,485,6789,204677,0.076192,0.087160
18,486,8253,106367,0.086470,0.086302
18,487,21880,22165,0.056471,0.075391
18,488,17772,136067,0.084709,0.098448
18,489,114580,587689,0.110338,0.108846
18,490,24098,38098,0.105524,0.101867
18,491,12208,336756,0.086196,0.097440
18,492,6621,107906,0.086547,0.084893
18,493,3334,1784,0.088525,0.084577
18,494,24466,146294,0.083495,0.083617
18,495,3991,263770,0.086590,0.099093
18,496,4845,5287,0.100369,0.102640
18,497,30672,158702,0.107519,0.110075
18,498,26176,274234,0.120505,0.121977
18,499,213,2540,0.054210,0.067180
18,500,6777,129005,0.077045,0.089149
18,501,61320,80077,0.079769,0.076006
18,502,3304,21397,0.067548,0.063923
18,503,64,281,0.043797,0.054150
18,504,39921,600938,0.093232,0.137438
18,505,20131,98045,0.083734,0.079256
18,506,101,3139,0.075763,0.075643
18,507,129,540,0.056544,0.064841
18,508,9100,318963,0.077412,0.093952
18,509,7315,182030,0.092332,0.078041
18,510,4726,55736,0.060192,0.067150
18,511,22002,227280,0.089258,0.096156
19,0,27431,311306,nan,nan
19,1,25050,408298,nan,nan
19,2,52559,283930,nan,nan
19,3,50024,343264,nan,nan
19,4,53555,254574,nan,nan
19,5,18293,211061,nan,nan
19,6,21983,218903,nan,nan
19,7,23189,247520,nan,nan
19,8,19356,227388,nan,nan
19,9,81338,351979,nan,nan
19,10,6964,424638,0.079324,0.089639
19,11,39292,242281,0.071710,0.081087
19,12,20229,419997,0.092046,0.080305
19,13,354,148,0.062906,0.068919
19,14,21314,92339,0.053458,0.073305
19,15,7075,140065,0.088225,0.079140
19,16,3409,13660,0.079616,0.083261
19,17,63030,14625,0.087135,0.116578
19,18,2683,898,0.069754,0.069288
19,19,51112,359926,0.122296,0.119257
19,20,1911,34624,0.065250,0.087734
19,21,77222,504757,0.082889,0.106222
19,22,10658,62201,0.079698,0.078346
19,23,22260,134016,0.106357,0.154361
19,24,4403,65094,0.097260,0.103086
19,25,22684,180101,0.090089,0.084383
19,26,2562,35745,0.077119,0.079207
19,27,7162,64398,0.129417,0.133262
19,28,68729,594015,0.102059,0.110150
19,29,1504,14027,0.085009,0.094415
19,30,10672,331950,0.077895,0.086185
19,31,5033,245189,0.074817,0.083864
19,32,413,55924,0.048645,0.066523
19,33,6621,177052,0.075237,0.084032
19,34,3712,134948,0.061522,0.081347
19,35,50,11,0.057910,0.062833
19,36,25934,368248,0.076411,0.085421
19,37,5130,114120,0.075161,0.104555
19,38,10463,125858,0.078572,0.092046
19,39,22850,202152,0.129342,0.128866
19,40,62801,272275,0.094163,0.112766
19,41,1639,4592,0.062277,0.054470
19,42,1063,75338,0.082315,0.102915
19,43,79403,307589,0.085839,0.106786
19,44,12908,28447,0.076407,0.086738
19,45,157,74852,0.067249,0.082677
19,46,59204,174593,0.117111,0.110058
19,47,10680,206425,0.081880,0.081688
19,48,30610,99390,0.093058,0.088075
19,49,16797,103449,0.103908,0.093110
19,50,33468,352554,0.157719,0.231271
19,51,2703,23840,0.087648,0.092837
19,52,10084,15676,0.080593,0.075104
19,53,4640,107465,0.070812,0.089371
19,54,9026,391526,0.073201,0.092840
19,55,3731,567342,0.081986,0.120535
19,56,5029,79635,0.083571,0.085011
19,57,9907,78709,0.089164,0.097529
19,58,19677,110420,0.103490,0.140323
19,59,35535,88040,0.144645,0.109505
19,60,110,332,0.072223,0.065305
19,61,11666,167743,0.102536,0.127777
19,62,1420,4141,0.064933,0.069371
19,63,2183,306398,0.063687,0.108971
19,64,923,102617,0.078242,0.085922
19,65,120453,451969,0.120867,0.130406
19,66,4390,50565,0.080767,0.095032
19,67,4621,8220,0.060912,0.073611
19,68,37135,105785,0.188958,0.115762
19,69,60781,25278,0.126307,0.075685
19,70,4961,72139,0.074154,0.084813
19,71,13649,103689,0.111535,0.129781
19,72,6046,126433,0.080110,0.083846
19,73,6907,415270,0.084845,0.160692
19,74,19596,56084,0.097891,0.093922
19,75,4566,83261,0.083994,0.083938
19,76,9,0,0.064209,0.000000
19,77,16,0,0.044571,0.000000
19,78,8063,65652,0.075208,0.078636
19,79,287,7216,0.060708,0.072093
19,80,4963,11806,0.058750,0.067255
19,81,4714,142283,0.078451,0.084961
19,82,21566,168198,0.082757,0.083506
19,83,16847,92588,0.074485,0.084955
19,84,19825,146965,0.075193,0.091651
19,85,40348,374734,0.075953,0.092633
19,86,2290,462,0.085446,0.084497
19,87,30256,103211,0.069649,0.078817
19,88,103507,547548,0.105547,0.109276
19,89,31684,22512,0.059028,0.066035
19,90,18102,253311,0.084170,0.090237
19,91,26955,289888,0.084169,0.087487
19,92,14967,96397,0.110774,0.106858
19,93,10132,61086,0.092014,0.114866
19,94,5446,4452,0.084525,0.095014
19,95,110336,656779,0.093326,0.107213
19,96,16874,279640,0.084725,0.086898
19,97,23413,14135,0.066725,0.061570
19,98,8508,445886,0.074992,0.086237
19,99,10578,133827,0.088339,0.099079
19,100,51126,33705,0.075107,0.044910
19,101,66541,422023,0.077417,0.092230
19,102,19925,171565,0.089218,0.083381
19,103,121,5563,0.058640,0.071440
19,104,19235,79226,0.069095,0.098763
19,105,617,187706,0.089114,0.120602
19,106,13342,325554,0.098870,0.129658
19,107,97987,1014085,0.106833,0.122124
19,108,4431,4835,0.098251,0.072038
19,109,139004,487412,0.112341,0.126570
19,110,45,2,0.040462,0.058105
19,111,12469,213339,0.078504,0.087128
19,112,16050,96151,0.299703,0.084023
19,113,10669,123288,0.083364,0.103488
19,114,2519,64832,0.072478,0.090790
19,115,3974,8743,0.067916,0.070964
19,116,4956,91917,0.078613,0.122610
19,117,6730,156389,0.076793,0.081501
19,118,3084,301098,0.072085,0.083957
19,119,45178,158823,0.094966,0.190997
19,120,12739,165845,0.101103,0.080993
19,121,997,607,0.079098,0.086529
19,122,9458,70422,0.086761,0.096897
19,123,29215,146256,0.078626,0.079126
19,124,7785,162115,0.075141,0.082386
19,125,21663,132308,0.103810,0.119923
19,126,358,5453,0.058147,0.070092
19,127,32154,243306,0.080792,0.085707
19,128,17567,187815,0.080274,0.077384
19,129,13024,84374,0.075934,0.084921
19,130,2698,571,0.064017,0.068811
19,131,15853,107858,0.088055,0.081126
19,132,54644,377995,0.161612,0.131022
19,133,837,20750,0.085574,0.087938
19,134,13161,291359,0.090298,0.105924
19,135,139,119635,0.073407,0.091698
19,136,2333,10972,0.081653,0.083387
19,137,21241,73507,0.067301,0.084618
19,138,20597,316769,0.072218,0.088222
19,139,2640,156095,0.092956,0.109315
19,140,164,137,0.073165,0.067213
19,141,3438,3446,0.074887,0.074135
19,142,20444,222323,0.072983,0.092667
19,143,30853,21473,0.041320,0.036854
19,144,46673,293416,0.078262,0.096439
19,145,22839,131051,0.143621,0.125867
19,146,7155,385850,0.074971,0.078637
19,147,1815,52695,0.073500,0.080199
19,148,6057,37474,0.090125,0.098964
19,149,31004,286096,0.065441,0.083752
19,150,14358,113485,0.116795,0.122992
19,151,7023,25816,0.076224,0.074355
19,152,19463,316066,0.083765,0.092908
19,153,14852,94751,0.091824,0.085039
19,154,23477,157406,0.081400,0.079902
19,155,2238,2211,0.084030,0.088268
19,156,14887,232084,0.076812,0.083010
19,157,21493,1915,0.043653,0.056806
19,158,3178,79053,0.074645,0.079620
19,159,6399,169365,0.073453,0.083095
19,160,24708,264353,0.079170,0.102833
19,161,9776,89358,0.078942,0.109387
19,162,7013,85071,0.095087,0.106209
19,163,8964,207946,0.087959,0.098579
19,164,38862,291343,0.109107,0.106604
19,165,3404,4195,0.066700,0.073929
19,166,335,601,0.061121,0.066831
19,167,1573,1081,0.073967,0.061038
19,168,43361,184680,0.117355,0.137856
19,169,422,23394,0.071140,0.079434
19,170,22232,253719,0.084440,0.107983
19,171,2522,16879,0.086428,0.077130
19,172,39407,343588,0.089239,0.088172
19,173,54735,219755,0.084745,0.100364
19,174,28345,368309,0.081582,0.082868
19,175,3001,72501,0.071994,0.083647
19,176,84448,402427,0.194674,0.182898
19,177,3010,117575,0.083708,0.090959
19,178,126968,862051,0.075202,0.095691
19,179,189,3217,0.064319,0.070752
19,180,8712,67838,0.071425,0.097616
19,181,10394,96263,0.085739,0.082482
19,182,6551,77064,0.085995,0.104858
19,183,1236,48632,0.081268,0.081509
19,184,50554,336871,0.061176,0.077540
19,185,89762,5087,0.070906,0.032973
19,186,2660,57821,0.084277,0.079128
19,187,6177,486332,0.079662,0.094847
19,188,10399,93137,0.092414,0.103549
19,189,52107,374870,0.091228,0.111386
19,190,16383,132099,0.074148,0.079109
19,191,4342,100898,0.077891,0.085542
19,192,7399,166445,0.100675,0.095691
19,193,4368,6142,0.060635,0.074793
19,194,17503,11748,0.068473,0.065970
19,195,52750,236500,0.130319,0.136322
19,196,38511,290115,0.094066,0.097333
19,197,3447,318771,0.073160,0.093432
19,198,13250,227093,0.087214,0.089352
19,199,4549,143686,0.075580,0.083995
19,200,36228,391214,0.075901,0.097167
19,201,168,86,0.061184,0.076589
19,202,14564,376865,0.076170,0.090433
19,203,5,156,0.045361,0.059285
19,204,676537,306201,0.165768,0.086330
19,205,768,6652,0.071559,0.076766
19,206,237,17330,0.079009,0.092031
19,207,1968,144626,0.078519,0.085595
19,208,1150,32115,0.063956,0.064824
19,209,5627,157715,0.089052,0.082946
19,210,30866,225486,0.080910,0.087670
19,211,331,243214,0.065004,0.074818
19,212,625,122483,0.063530,0.089000
19,213,265,3284,0.087903,0.086997
19,214,31451,174934,0.131113,0.104882
19,215,22967,217327,0.089560,0.087399
19,216,3244,7686,0.081446,0.082783
19,217,19270,353251,0.082029,0.085164
19,218,38588,241620,0.091506,0.104673
19,219,3376,195567,0.076883,0.085755
19,220,17808,295680,0.098149,0.087526
19,221,892,61006,0.080210,0.081279
19,222,16549,82469,0.076111,0.089376
19,223,38029,208231,0.111961,0.101426
19,224,110,1189,0.064836,0.075505
19,225,4455,83694,0.091099,0.148196
19,226,5152,408205,0.072910,0.084671
19,227,200,12795,0.063064,0.060283
19,228,7073,247808,0.082557,0.087673
19,229,3717,25131,0.085457,0.086949
19,230,34124,48306,0.102157,0.093116
19,231,19293,151453,0.080799,0.077585
19,232,1945,152681,0.073444,0.090721
19,233,1751,1146,0.085983,0.085138
19,234,106487,501345,0.131139,0.157946
19,235,1428,55287,0.078319,0.087611
19,236,36577,146425,0.150589,0.148823
19,237,13342,115606,0.074318,0.098807
19,238,46241,65609,0.065456,0.058200
19,239,864,144120,0.060427,0.069559
19,240,9584,158060,0.074573,0.102093
19,241,15586,203115,0.082937,0.082621
19,242,10,635,0.064551,0.058313
19,243,3109,616251,0.062232,0.079807
19,244,3853,2345,0.100701,0.102351
19,245,2512,4040,0.073009,0.069782
19,246,11508,2283,0.093807,0.081509
19,247,50,18269,0.062124,0.080747
19,248,14928,142052,0.107908,0.116872
19,249,7814,50724,0.079395,0.088811
19,250,20961,184031,0.082480,0.091152
19,251,19508,383345,0.081889,0.139502
19,252,2448,28484,0.065172,0.075056
19,253,67283,436307,0.086872,0.088527
19,254,13213,184689,0.082619,0.085268
19,255,1738,27437,0.071309,0.074054
19,256,2568,283381,0.072973,0.097740
19,257,23478,303023,0.085299,0.087844
19,258,5465,203166,0.075091,0.086103
19,259,3,4010,0.070475,0.081860
19,260,68908,480842,0.083151,0.105983
19,261,6184,282486,0.075340,0.084114
19,262,481,133,0.079587,0.084234
19,263,11924,233544,0.076589,0.083053
19,264,8057,60341,0.088721,0.089105
19,265,103,690,0.044869,0.062723
19,266,3790,610215,0.057815,0.074464
19,267,8585,100884,0.083352,0.083945
19,268,52,95,0.053307,0.058183
19,269,13557,46521,0.081181,0.070751
19,270,28632,107045,0.075062,0.072505
19,271,9576,110064,0.096805,0.113470
19,272,913,4681,0.057940,0.072645
19,273,34479,202174,0.072366,0.081091
19,274,8075,150842,0.080270,0.087065
19,275,2910,206,0.060518,0.066007
19,276,326,316,0.079480,0.088698
19,277,402,74,0.072909,0.074166
19,278,6642,300065,0.068682,0.087398
19,279,3636,319428,0.078183,0.086247
19,280,1434,34161,0.071196,0.079460
19,281,93703,679682,0.137889,0.142959
19,282,2781,58134,0.073007,0.122771
19,283,4368,175297,0.085166,0.112182
19,284,182,8704,0.053582,0.061113
19,285,49138,299373,0.094299,0.094844
19,286,27,489,0.063323,0.055108
19,287,11096,103659,0.083981,0.087687
19,288,52435,102481,0.094571,0.097706
19,289,11109,240056,0.081941,0.080064
19,290,3168,65688,0.082667,0.082440
19,291,32866,350929,0.083741,0.098649
19,292,16355,178840,0.095708,0.106601
19,293,4574,69761,0.084789,0.080613
19,294,17944,265390,0.085006,0.096165
19,295,14507,89181,0.094630,0.087973
19,296,4169,184862,0.069543,0.084981
19,297,49071,143223,0.098981,0.079585
19,298,30528,148424,0.098194,0.114210
19,299,26101,135565,0.083862,0.086565
19,300,4498,172991,0.077740,0.082492
19,301,9155,62955,0.087848,0.081960
19,302,53992,200461,0.087471,0.101796
19,303,2294,98471,0.066232,0.090956
19,304,8323,111434,0.090789,0.113373
19,305,3206,190081,0.077731,0.082633
19,306,16483,48931,0.068019,0.074253
19,307,12139,113582,0.082807,0.087803
19,308,41097,378376,0.085654,0.087574
19,309,2055,2365,0.074555,0.074381
19,310,3549,54383,0.062294,0.070193
19,311,588,768,0.073570,0.073541
19,312,21564,99886,0.081090,0.080859
19,313,187,333,0.060516,0.069579
19,314,20002,89917,0.108010,0.122714
19,315,46766,225149,0.089434,0.098678
19,316,9989,99540,0.099236,0.125390
19,317,111,32,0.089549,0.086487
19,318,4791,19396,0.085266,0.099951
19,319,707,18493,0.092665,0.058200
19,320,90237,397845,0.124336,0.119960
19,321,1740,28045,0.087327,0.075453
19,322,40638,320881,0.091489,0.110170
19,323,37782,269904,0.077287,0.085143
19,324,21284,389418,0.046963,0.098344
19,325,144289,197585,0.107139,0.085500
19,326,20787,373773,0.067529,0.123763
19,327,320,24913,0.062577,0.081060
19,328,1032,42891,0.074650,0.131501
19,329,6138,144437,0.106325,0.153495
19,330,4937,4612,0.084880,0.095287
19,331,7186,297403,0.088663,0.084269
19,332,9049,128113,0.075040,0.082048
19,333,6305,208104,0.082296,0.084249
19,334,2708,19195,0.089539,0.100243
19,335,24500,305366,0.084160,0.083026
19,336,12080,134342,0.083555,0.088580
19,337,4852,65101,0.070255,0.087102
19,338,1779,114954,0.085560,0.086598
19,339,0,160,0.000000,0.057899
19,340,6421,70056,0.107846,0.086918
19,341,34496,208169,0.085351,0.083286
19,342,33375,362380,0.078181,0.081521
19,343,67409,80895,0.074614,0.068906
19,344,6290,144365,0.090743,0.088111
19,345,29103,1131,0.058014,0.070212
19,346,827,119872,0.066654,0.106146
19,347,5438,161485,0.073004,0.085450
19,348,14850,256220,0.085363,0.084423
19,349,115022,1143346,0.088811,0.101552
19,350,88868,679071,0.121531,0.157667
19,351,9780,121543,0.071031,0.092067
19,352,8958,150293,0.062978,0.094789
19,353,34009,193340,0.075518,0.097501
19,354,48481,4987,0.140572,0.123757
19,355,2831,203620,0.090370,0.122713
19,356,18670,162643,0.055820,0.068618
19,357,36336,108851,0.070494,0.081424
19,358,8945,15881,0.071563,0.069774
19,359,22264,208897,0.091602,0.105717
19,360,10219,149249,0.087214,0.100031
19,361,2708,86254,0.092345,0.118871
19,362,1889,250997,0.072496,0.131117
19,363,86128,92601,0.085052,0.089478
19,364,13465,659016,0.080676,0.103708
19,365,10937,20900,0.082617,0.076059
19,366,675,18767,0.082568,0.089628
19,367,20366,306623,0.079360,0.093804
19,368,50785,329260,0.111939,0.100071
19,369,48037,213652,0.097734,0.109429
19,370,59,7151,0.047831,0.059989
19,371,3882,65991,0.076165,0.093582
19,372,1299,72307,0.072573,0.080898
19,373,9329,76697,0.083161,0.097024
19,374,18718,433957,0.037967,0.093603
19,375,3652,47098,0.102929,0.106359
19,376,51762,220059,0.093924,0.109186
19,377,43971,4141,0.072710,0.075775
19,378,11719,249088,0.082626,0.102589
19,379,4370,180401,0.079832,0.089950
19,380,1615,120511,0.068595,0.085305
19,381,63,5,0.051089,0.063916
19,382,22378,216945,0.098275,0.104253
19,383,12186,91678,0.083814,0.111749
19,384,1763,13898,0.067463,0.097018
19,385,21099,257833,0.085433,0.078638
19,386,5253,45487,0.084148,0.094383
19,387,1873,8826,0.088131,0.075508
19,388,11087,719349,0.074048,0.106225
19,389,1785,51930,0.079057,0.081556
19,390,753,10017,0.091007,0.098781
19,391,399,106,0.103250,0.085303
19,392,3356,21019,0.077776,0.080614
19,393,10198,197618,0.081960,0.088031
19,394,305,44086,0.073805,0.100499
19,395,268,79,0.092197,0.079883
19,396,257,15979,0.053824,0.064433
19,397,615,14423,0.070273,0.080906
19,398,48547,488302,0.089848,0.092873
19,399,37641,774818,0.085070,0.111706
19,400,916,18048,0.059140,0.069058
19,401,6188,109027,0.080779,0.080387
19,402,21851,407087,0.078625,0.094197
19,403,13669,164021,0.097265,0.084228
19,404,7907,351770,0.077290,0.087810
19,405,3194,159349,0.075054,0.088906
19,406,95173,748940,0.095674,0.112070
19,407,5556,187315,0.092503,0.083037
19,408,96450,257403,0.083891,0.085777
19,409,73150,298876,0.092344,0.098200
19,410,1171,50542,0.069417,0.057929
19,411,7220,7010,0.079748,0.073721
19,412,646,788,0.062801,0.083806
19,413,25134,5357,0.041923,0.069323
19,414,1695,1911,0.066354,0.071925
19,415,3801,146896,0.082448,0.083427
19,416,27981,179646,0.078293,0.109857
19,417,21669,133221,0.125419,0.153934
19,418,32562,156552,0.089412,0.095703
19,419,12814,2233,0.077487,0.107158
19,420,6465,15873,0.089004,0.093988
19,421,70233,122421,0.081208,0.119201
19,422,7356,94031,0.088887,0.079093
19,423,114846,239116,0.088394,0.090469
19,424,9845,161432,0.084780,0.095971
19,425,7908,1294,0.062369,0.068771
19,426,37910,266859,0.083407,0.083921
19,427,12007,125016,0.095273,0.109602
19,428,28009,17147,0.115729,0.087933
19,429,255,109661,0.069695,0.087719
19,430,1935,48415,0.088093,0.093646
19,431,14102,106032,0.079887,0.083704
19,432,5549,37550,0.094287,0.100547
19,433,3497,98990,0.077369,0.081886
19,434,4024,366412,0.071926,0.097573
19,435,693,836,0.082820,0.070059
19,436,2024,23968,0.072773,0.108415
19,437,226,1205,0.061217,0.068561
19,438,669,20852,0.046933,0.056324
19,439,3757,133560,0.075519,0.088827
19,440,3067,357,0.083182,0.068828
19,441,185,4,0.061184,0.057190
19,442,3820,59243,0.073292,0.085126
19,443,16799,294303,0.091623,0.091633
19,444,9982,86920,0.102867,0.108517
19,445,93870,197944,0.148704,0.122042
19,446,34,217,0.057861,0.062596
19,447,12875,193173,0.072498,0.083092
19,448,7871,171517,0.070443,0.081035
19,449,1930,43348,0.065743,0.077017
19,450,120,25715,0.059693,0.076555
19,451,41478,13100,0.054741,0.054890
19,452,3246,1317,0.083041,0.087822
19,453,1227,183278,0.076500,0.090083
19,454,6378,1757,0.085950,0.084558
19,455,546,19348,0.071616,0.084935
19,456,8665,80257,0.094036,0.133169
19,457,307,775,0.077793,0.078303
19,458,1155,194558,0.079408,0.090866
19,459,14833,146405,0.072506,0.086659
19,460,299,4270,0.056392,0.061952
19,461,52320,263628,0.096924,0.091325
19,462,392,16048,0.070817,0.075557
19,463,494,980,0.073776,0.071785
19,464,58,14,0.081659,0.077916
19,465,575,129,0.073858,0.066501
19,466,20270,438249,0.091249,0.090887
19,467,4479,2340,0.094582,0.086716
19,468,54834,553739,0.096472,0.096792
19,469,4582,82287,0.106513,0.133874
19,470,41749,118703,0.118122,0.189758
19,471,2951,51479,0.081415,0.091274
19,472,29075,291531,0.153785,0.208005
19,473,32514,222422,0.080362,0.089273
19,474,2931,141901,0.074679,0.086684
19,475,2701,162756,0.068389,0.078308
19,476,678,10041,0.061467,0.042762
19,477,7187,123123,0.078578,0.084052
19,478,26070,134342,0.114568,0.135405
19,479,79032,577827,0.100283,0.119045
19,480,147,718,0.094191,0.072644
19,481,302,219,0.068885,0.074743
19,482,33181,265343,0.091164,0.084869
19,483,5373,62317,0.067143,0.095287
19,484,1,0,0.039062,0.000000
19,485,6853,99664,0.108640,0.117203
19,486,20083,216697,0.091656,0.107608
19,487,14276,339661,0.082120,0.088364
19,488,16676,114207,0.085825,0.082236
19,489,18560,115992,0.191341,0.083326
19,490,97937,486298,0.086596,0.093178
19,491,2286,109254,0.074217,0.087946
19,492,31432,214870,0.152641,0.165284
19,493,35851,292409,0.117873,0.098614
19,494,8452,142284,0.095068,0.072761
19,495,3671,35502,0.098849,0.085343
19,496,12405,269453,0.080109,0.089420
19,497,1027,13270,0.077315,0.082313
19,498,6102,265947,0.071137,0.084834
19,499,342,8916,0.072474,0.102438
19,500,65085,25833,0.169463,0.059602
19,501,4052,32210,0.079441,0.084654
19,502,15545,296983,0.069188,0.091772
19,503,53802,333238,0.084790,0.102215
19,504,11,1,0.065319,0.064453
19,505,46883,241329,0.077344,0.077607
19,506,10000,159226,0.086087,0.082366
19,507,13936,208859,0.080581,0.089545
19,508,5797,67971,0.123752,0.074202
19,509,6332,221659,0.098695,0.136100
19,510,1899,210548,0.084340,0.087901
19,511,55070,354173,0.071784,0.092957
20,0,17762,210753,nan,nan
20,1,90297,621001,nan,nan
20,2,28449,339863,nan,nan
20,3,18931,239108,nan,nan
20,4,46073,500749,nan,nan
20,5,106240,819398,nan,nan
20,6,18115,210760,nan,nan
20,7,23934,220243,nan,nan
20,8,24395,279095,nan,nan
20,9,19041,221809,nan,nan
20,10,119121,304568,0.068807,0.070230
20,11,3911,90093,0.086541,0.091232
20,12,2280,805,0.075859,0.072718
20,13,27950,59527,0.088714,0.079609
20,14,6903,354171,0.082070,0.084434
20,15,17501,586668,0.092885,0.102016
20,16,360,407,0.073246,0.073995
20,17,57297,68465,0.110861,0.078995
20,18,117816,649811,0.104900,0.105714
20,19,42,15202,0.064657,0.069919
20,20,409,440,0.075466,0.078530
20,21,1,14,0.049561,0.065133
20,22,2664,111508,0.093760,0.118204
20,23,1017,16342,0.058410,0.070935
20,24,24484,318691,0.072021,0.076174
20,25,15566,21741,0.082377,0.077228
20,26,13195,457862,0.095546,0.092066
20,27,7137,39047,0.093048,0.078155
20,28,27812,165729,0.175350,0.141486
20,29,12303,106529,0.093971,0.107158
20,30,18073,137790,0.093506,0.082231
20,31,569,289,0.072823,0.072946
20,32,9486,165108,0.095292,0.081630
20,33,1058,117529,0.104295,0.099118
20,34,4,97,0.066711,0.063159
20,35,81,3847,0.089530,0.073233
20,36,3710,312,0.081735,0.085577
20,37,18959,1513,0.085154,0.075695
20,38,4976,17369,0.053377,0.057448
20,39,349869,1037404,0.154004,0.126904
20,40,2810,9681,0.085535,0.087368
20,41,2596,100,0.078412,0.074495
20,42,33713,304424,0.100053,0.106358
20,43,80626,115993,0.087437,0.082684
20,44,18979,269109,0.063196,0.069641
20,45,20916,352088,0.095897,0.094221
20,46,2395,431376,0.055930,0.096435
20,47,16248,38124,0.066806,0.071254
20,48,390,159,0.072603,0.075879
20,49,9098,1269,0.089225,0.094104
20,50,21695,1315,0.119629,0.100823
20,51,62883,575358,0.091489,0.101219
20,52,86756,553515,0.107053,0.122648
20,53,59,9,0.103021,0.085639
20,54,650,107290,0.069218,0.082662
20,55,277,53,0.070230,0.064951
20,56,12753,77629,0.090314,0.087109
20,57,217648,830959,0.105212,0.119856
20,58,13858,116,0.055931,0.050564
20,59,4157,42895,0.069589,0.082704
20,60,3653,5274,0.083256,0.074416
20,61,172,152,0.069159,0.071221
20,62,7002,82063,0.093569,0.091777
20,63,8156,117110,0.082535,0.095275
20,64,11137,368788,0.083387,0.083467
20,65,1913,253,0.080864,0.079529
20,66,93,22053,0.068031,0.084335
20,67,107482,71408,0.080339,0.072517
20,68,30118,384241,0.088334,0.090112
20,69,23668,276457,0.087892,0.095609
20,70,23,851,0.061577,0.070654
20,71,79548,752943,0.099808,0.113099
20,72,383,203,0.070111,0.070242
20,73,34,57206,0.071354,0.080431
20,74,9641,102743,0.093617,0.096421
20,75,33628,210486,0.082297,0.086648
20,76,26332,522507,0.081642,0.086356
20,77,701,440,0.105857,0.100072
20,78,30705,527425,0.092800,0.104250
20,79,10695,1348,0.095377,0.093016
20,80,1237,148217,0.072804,0.086478
20,81,452,307,0.080915,0.075669
20,82,1759,16824,0.094119,0.077529
20,83,498,2351,0.062231,0.070986
20,84,505,106,0.061525,0.071045
20,85,6529,466,0.077492,0.077092
20,86,91221,337607,0.090240,0.109627
20,87,12674,157231,0.086388,0.085378
20,88,720,396,0.085404,0.082646
20,89,62942,585419,0.111605,0.145959
20,90,1286,600,0.088471,0.079245
20,91,15598,144077,0.078071,0.076416
20,92,3067,57643,0.076275,0.089247
20,93,1741,3466,0.073326,0.077061
20,94,47677,404831,0.083802,0.090151
20,95,5037,104575,0.072335,0.078488
20,96,8499,257571,0.090252,0.092173
20,97,4410,452406,0.085528,0.087299
20,98,4237,9747,0.084280,0.080612
20,99,2861,146772,0.077862,0.083374
20,100,2116,27932,0.071695,0.077493
20,101,16549,152404,0.116464,0.089294
20,102,21809,237501,0.083916,0.080850
20,103,12826,24453,0.080128,0.074756
20,104,24629,459862,0.115563,0.149454
20,105,12131,270825,0.076544,0.088413
20,106,18,27,0.077555,0.072347
20,107,4291,24162,0.108033,0.079800
20,108,14469,4441,0.066172,0.077236
20,109,3447,190911,0.065242,0.069310
20,110,4474,45823,0.081469,0.078521
20,111,366,222,0.149779,0.112855
20,112,22826,455363,0.090295,0.098481
20,113,136144,270762,0.080136,0.078153
20,114,753,2560,0.082012,0.062583
20,115,89,11659,0.068935,0.080345
20,116,99036,82187,0.071449,0.077319
20,117,94234,1235315,0.087637,0.121692
20,118,34694,174175,0.107428,0.090361
20,119,10843,80468,0.100422,0.158364
20,120,39258,277585,0.081045,0.080751
20,121,25418,227386,0.086111,0.082467
20,122,52647,61481,0.084626,0.084456
20,123,45088,137350,0.097960,0.099172
20,124,1456,838,0.081947,0.077657
20,125,443,10485,0.110660,0.087903
20,126,5492,51835,0.085792,0.076502
20,127,3089,102979,0.082960,0.097879
20,128,497,716,0.076849,0.074878
20,129,7511,97104,0.086666,0.091124
20,130,3931,80115,0.061679,0.070025
20,131,2611,181508,0.076700,0.086680
20,132,20767,227310,0.086721,0.095833
20,133,26133,76147,0.148963,0.120613
20,134,2,83,0.057373,0.059917
20,135,9398,34644,0.065777,0.070787
20,136,582,182,0.087886,0.130109
20,137,76,16,0.109006,0.084473
20,138,26425,203108,0.090813,0.094208
20,139,9025,22453,0.126451,0.074151
20,140,276,5888,0.061086,0.067954
20,141,421,85612,0.083451,0.096048
20,142,12497,81650,0.071133,0.072411
20,143,2745,1396,0.074612,0.074186
20,144,17064,4194,0.080255,0.076412
20,145,43,28,0.061728,0.064087
20,146,1394,327690,0.068669,0.085758
20,147,17705,136582,0.109283,0.152391
20,148,51978,548708,0.086399,0.093539
20,149,49234,322523,0.051742,0.094946
20,150,175839,542048,0.102173,0.109436
20,151,34,141,0.063132,0.067992
20,152,80,208,0.081229,0.075544
20,153,11511,174486,0.072261,0.081398
20,154,4806,302028,0.078399,0.091022
20,155,137665,24064,0.103956,0.077369
20,156,436,174,0.080081,0.072111
20,157,96,20,0.077883,0.071765
20,158,1369,43511,0.072431,0.086452
20,159,11803,189935,0.088065,0.089092
20,160,861,8157,0.073538,0.070130
20,161,13296,137813,0.095530,0.082891
20,162,14131,190925,0.073811,0.089356
20,163,170,32,0.081302,0.075394
20,164,92300,351079,0.094062,0.094363
20,165,48536,110727,0.061400,0.066022
20,166,247,70,0.065522,0.075453
20,167,7987,133285,0.098770,0.114470
20,168,18702,90106,0.099717,0.078702
20,169,184,6595,0.081758,0.082510
20,170,23094,295360,0.067861,0.080931
20,171,3323,56389,0.100794,0.082633
20,172,41661,4573,0.319723,0.070380
20,173,63,0,0.071723,0.000000
20,174,5794,66353,0.084199,0.087770
20,175,79471,369604,0.089580,0.098047
20,176,2317,81784,0.067358,0.082645
20,177,1421,1513,0.088086,0.085831
20,178,298,48427,0.060752,0.073554
20,179,7384,2426,0.061981,0.062123
20,180,440,312371,0.064607,0.076111
20,181,386,504,0.083593,0.068095
20,182,9355,156440,0.100574,0.110183
20,183,4002,118261,0.068599,0.084633
20,184,167709,1189806,0.119548,0.118064
20,185,4518,281843,0.082817,0.101800
20,186,33823,46610,0.069915,0.112407
20,187,16592,109483,0.071129,0.123545
20,188,442,347,0.067470,0.066483
20,189,4674,236966,0.078956,0.137144
20,190,224856,1557711,0.130870,0.123049
20,191,12576,143243,0.101150,0.114788
20,192,15650,125677,0.085285,0.090866
20,193,6117,30375,0.087945,0.077550
20,194,28334,307870,0.087921,0.086408
20,195,4390,175867,0.086418,0.098351
20,196,10793,80046,0.088945,0.088299
20,197,2017,93750,0.077464,0.123844
20,198,2163,179168,0.100542,0.137780
20,199,10499,171667,0.082459,0.091152
20,200,33828,435280,0.093686,0.089576
20,201,1,0,0.093750,0.000000
20,202,503,182,0.082727,0.070903
20,203,210,1183,0.071191,0.066787
20,204,80,90740,0.068185,0.100309
20,205,3617,81361,0.086558,0.089230
20,206,28350,242832,0.097906,0.092929
20,207,4056,52103,0.071967,0.081847
20,208,461,338,0.066176,0.064928
20,209,6430,91966,0.063055,0.072887
20,210,984,83681,0.090764,0.076089
20,211,12219,149857,0.099563,0.108093
20,212,29221,191331,0.141748,0.139097
20,213,51129,333900,0.112876,0.123978
20,214,8747,465049,0.083293,0.121978
20,215,765,22605,0.089566,0.081563
20,216,28658,173283,0.104157,0.097816
20,217,177,21992,0.084090,0.083388
20,218,2588,4695,0.093765,0.103585
20,219,3219,144352,0.086550,0.087589
20,220,2442,21783,0.075224,0.075460
20,221,58,2150,0.068791,0.066204
20,222,38566,151902,0.085024,0.144795
20,223,10242,110717,0.084266,0.088279
20,224,177,5,0.064153,0.034692
20,225,5748,146374,0.089086,0.082938
20,226,564,100858,0.065309,0.068048
20,227,15133,253354,0.079729,0.083901
20,228,1252,16171,0.074803,0.080479
20,229,2036,591,0.077659,0.073894
20,230,359,448,0.079905,0.092757
20,231,46346,53317,0.095390,0.086578
20,232,16600,183352,0.103915,0.131204
20,233,87,103,0.033934,0.053684
20,234,6515,10836,0.109124,0.086836
20,235,9324,101227,0.103664,0.089097
20,236,868,1315,0.074459,0.070781
20,237,1451,11716,0.085055,0.071504
20,238,65784,582728,0.069975,0.078311
20,239,1253,181045,0.067463,0.088006
20,240,2147,41417,0.064118,0.073810
20,241,883,136,0.078839,0.067358
20,242,35946,170602,0.062103,0.082844
20,243,86656,570174,0.089103,0.092018
20,244,15301,98568,0.069293,0.075212
20,245,119004,74977,0.077829,0.072643
20,246,11176,323623,0.085175,0.088439
20,247,2282,186494,0.079390,0.088287
20,248,2309,48150,0.081442,0.081365
20,249,576,25629,0.074733,0.080988
20,250,22358,469558,0.089822,0.096377
20,251,8354,182357,0.090767,0.091648
20,252,85,47,0.081303,0.066302
20,253,9,0,0.063232,0.000000
20,254,1230,83246,0.076017,0.097704
20,255,82176,84644,0.102065,0.106964
20,256,4499,104275,0.090829,0.084741
20,257,302914,288541,0.156878,0.083628
20,258,15519,97400,0.095588,0.083095
20,259,14863,359896,0.087665,0.084578
20,260,4066,693154,0.083526,0.115440
20,261,44,253,0.063984,0.074556
20,262,168,18738,0.067590,0.077292
20,263,20230,189166,0.078770,0.077596
20,264,8832,340276,0.078373,0.085457
20,265,221,1151,0.093446,0.072648
20,266,2368,361,0.090789,0.079884
20,267,414,128285,0.077544,0.103035
20,268,266,1289,0.074579,0.071945
20,269,27727,425031,0.094142,0.087517
20,270,22972,802,0.080453,0.073137
20,271,794,242,0.075815,0.068708
20,272,2,0,0.064209,0.000000
20,273,5745,79567,0.068024,0.073004
20,274,2471,101684,0.079343,0.079474
20,275,6,0,0.122111,0.000000
20,276,40,55121,0.066730,0.086427
20,277,371,162593,0.059249,0.079125
20,278,64,74442,0.084364,0.072072
20,279,8897,31177,0.072286,0.069438
20,280,12863,76278,0.062840,0.095367
20,281,13586,213057,0.095786,0.115381
20,282,50491,488179,0.097747,0.123298
20,283,65,1050,0.046252,0.078561
20,284,18372,243522,0.090247,0.083488
20,285,252576,804462,0.122465,0.100395
20,286,60,8,0.065149,0.063324
20,287,9755,177173,0.111646,0.091168
20,288,3803,42023,0.099668,0.129722
20,289,5565,189997,0.083188,0.090629
20,290,5184,190108,0.072903,0.082733
20,291,32081,91192,0.062653,0.075966
20,292,669,52779,0.076277,0.090674
20,293,2174,62758,0.082571,0.085725
20,294,195,30954,0.057499,0.075373
20,295,11078,270254,0.084339,0.093146
20,296,40508,337172,0.086346,0.088627
20,297,55610,419612,0.139656,0.157800
20,298,13510,372498,0.096836,0.078039
20,299,77414,410783,0.105125,0.089116
20,300,322,225953,0.082287,0.113080
20,301,4343,29354,0.087779,0.087748
20,302,38347,882064,0.085664,0.090030
20,303,1414,179227,0.072916,0.091878
20,304,39735,130897,0.074518,0.079509
20,305,8355,93663,0.098216,0.079839
20,306,36813,104198,0.061141,0.065141
20,307,1732,155612,0.074396,0.085441
20,308,3716,265285,0.084760,0.085117
20,309,57463,47334,0.098681,0.098224
20,310,6422,234607,0.071683,0.087617
20,311,38,762,0.063759,0.074756
20,312,26256,270723,0.166740,0.096428
20,313,9593,25037,0.100674,0.087776
20,314,458,663,0.088314,0.075511
20,315,12672,392197,0.094820,0.097916
20,316,6170,44860,0.059208,0.076675
20,317,11208,64524,0.111733,0.079892
20,318,7402,91428,0.095194,0.098680
20,319,10193,4316,0.027565,0.074299
20,320,14554,145761,0.116046,0.150363
20,321,19383,282968,0.047894,0.110705
20,322,21730,120788,0.108257,0.116908
20,323,12,5952,0.075582,0.067342
20,324,4792,22797,0.073553,0.079904
20,325,1270,188233,0.078278,0.092058
20,326,346,30000,0.052436,0.080859
20,327,106005,560924,0.092132,0.100532
20,328,2864,51854,0.107254,0.100405
20,329,5378,1874,0.098128,0.086447
20,330,3319,10020,0.063694,0.095105
20,331,11416,190502,0.086517,0.087066
20,332,1596,245485,0.107867,0.111270
20,333,17,49,0.051234,0.079032
20,334,164,1631,0.071097,0.080155
20,335,464,3106,0.061134,0.066174
20,336,3086,7917,0.088906,0.073269
20,337,3648,6095,0.088513,0.079494
20,338,3510,4120,0.089996,0.076832
20,339,11645,312070,0.084659,0.086829
20,340,26337,77975,0.107135,0.080663
20,341,39,18233,0.087906,0.081890
20,342,17714,10720,0.073195,0.077332
20,343,4230,7563,0.087124,0.080926
20,344,1005,5370,0.067668,0.068493
20,345,7745,121142,0.090931,0.083941
20,346,20681,299336,0.084022,0.090369
20,347,3022,64701,0.117903,0.079633
20,348,207,14894,0.069413,0.079971
20,349,13549,178558,0.085711,0.092862
20,350,13337,145540,0.070175,0.077420
20,351,30339,159393,0.038049,0.077515
20,352,19605,252998,0.093631,0.090497
20,353,55,14423,0.081044,0.072629
20,354,632,28400,0.077932,0.088743
20,355,10598,4314,0.123753,0.072682
20,356,156,8067,0.058323,0.079508
20,357,17316,398742,0.107144,0.092167
20,358,500,2564,0.072833,0.082256
20,359,180,364,0.074086,0.072197
20,360,3899,36760,0.080366,0.074839
20,361,1487,171154,0.071256,0.080358
20,362,50691,125625,0.109054,0.105250
20,363,1116,354,0.087607,0.081716
20,364,10007,538,0.086659,0.072969
20,365,844,26984,0.072294,0.074271
20,366,1477,97903,0.078607,0.099405
20,367,3904,4434,0.088884,0.069426
20,368,18409,313796,0.093572,0.093963
20,369,13416,441924,0.083306,0.094771
20,370,1480,139130,0.065750,0.073201
20,371,12291,824454,0.087597,0.116765
20,372,1414,2014,0.090291,0.084199
20,373,7091,301153,0.093561,0.081593
20,374,716,986,0.085870,0.083563
20,375,6351,187146,0.096945,0.082523
20,376,4,90025,0.055115,0.072643
20,377,281,442,0.055709,0.083253
20,378,2901,8747,0.061721,0.072139
20,379,27783,205591,0.085578,0.088563
20,380,2877,114898,0.101319,0.099637
20,381,32333,388958,0.086046,0.091354
20,382,161,33,0.083313,0.079760
20,383,15637,329576,0.084261,0.085499
20,384,71,21,0.150790,0.090274
20,385,485,11850,0.083319,0.076917
20,386,43755,42019,0.074459,0.083693
20,387,1980,49526,0.063739,0.089715
20,388,94761,891529,0.108007,0.119502
20,389,207,403,0.079420,0.078336
20,390,888,56064,0.091457,0.084636
20,391,10678,75590,0.093077,0.100565
20,392,51394,3410,0.078237,0.063571
20,393,111433,241587,0.080393,0.077429
20,394,7768,2523,0.066541,0.071074
20,395,24049,182187,0.093238,0.083224
20,396,54530,1111613,0.077267,0.095085
20,397,3178,30718,0.068223,0.075881
20,398,8933,93496,0.105792,0.120379
20,399,154,7354,0.068544,0.081033
20,400,7049,129649,0.078412,0.085584
20,401,4573,32424,0.082495,0.080811
20,402,134,121,0.060135,0.065192
20,403,9,13,0.070747,0.085618
20,404,12685,166500,0.100842,0.078551
20,405,3886,4137,0.085650,0.080033
20,406,112,9422,0.075954,0.089308
20,407,63368,762234,0.085831,0.093272
20,408,454,38778,0.072397,0.083294
20,409,3995,220947,0.086745,0.093630
20,410,14234,474805,0.088904,0.103461
20,411,3874,191452,0.079537,0.082559
20,412,2066,9156,0.055182,0.062294
20,413,24392,255814,0.059029,0.084248
20,414,44,50075,0.080650,0.081720
20,415,981,438,0.066148,0.071675
20,416,85149,608499,0.113700,0.128780
20,417,232427,287345,0.098225,0.086830
20,418,640,3456,0.068490,0.070119
20,419,20463,77007,0.105417,0.106443
20,420,48017,268777,0.100828,0.087935
20,421,4,5,0.086060,0.061719
20,422,6516,211169,0.081682,0.088626
20,423,93,162,0.073977,0.077778
20,424,10681,52707,0.097654,0.092495
20,425,4882,241992,0.078740,0.091338
20,426,136209,802454,0.111346,0.097033
20,427,80980,521056,0.111563,0.125325
20,428,11107,43245,0.078453,0.075564
20,429,8026,142444,0.085677,0.090243
20,430,4601,182978,0.095792,0.090277
20,431,1,0,0.085449,0.000000
20,432,216,32940,0.057170,0.082778
20,433,34239,442536,0.088893,0.082950
20,434,14641,71288,0.082097,0.080269
20,435,34072,306765,0.075610,0.080624
20,436,4902,304266,0.079105,0.086167
20,437,30,1064,0.068368,0.075795
20,438,7064,170038,0.094549,0.086662
20,439,23126,73223,0.053135,0.065129
20,440,5186,123395,0.084249,0.091969
20,441,28361,238851,0.090643,0.102875
20,442,6382,161140,0.085559,0.089111
20,443,4862,398818,0.082742,0.090090
20,444,14527,361859,0.244565,0.099962
20,445,122,2393,0.066552,0.074858
20,446,55033,444943,0.104147,0.098434
20,447,5672,87474,0.093648,0.075817
20,448,262362,373701,0.088825,0.077100
20,449,1651,842,0.089987,0.078448
20,450,578,42601,0.089053,0.084586
20,451,616,137,0.077832,0.067864
20,452,25509,2857,0.034766,0.073083
20,453,96991,1126769,0.113792,0.140024
20,454,664,4922,0.095089,0.077195
20,455,1310,102644,0.080418,0.087183
20,456,3253,1477,0.087379,0.085257
20,457,360,33,0.068284,0.056618
20,458,6623,18877,0.087279,0.070398
20,459,7611,12760,0.072092,0.074909
20,460,17512,203358,0.067018,0.073291
20,461,66069,139710,0.100904,0.083412
20,462,4220,85812,0.089471,0.101908
20,463,35825,210140,0.131659,0.097670
20,464,9235,456466,0.079923,0.090013
20,465,2805,13800,0.083739,0.083622
20,466,14373,229143,0.084539,0.092413
20,467,273,26055,0.068139,0.079214
20,468,38454,495337,0.085996,0.097226
20,469,24799,22278,0.068016,0.073089
20,470,20,0,0.052832,0.000000
20,471,2467,240311,0.079443,0.091504
20,472,1453,39773,0.071791,0.088882
20,473,16965,73855,0.081544,0.081367
20,474,69,5478,0.066983,0.081165
20,475,7232,14721,0.090268,0.075154
20,476,2344,10269,0.098399,0.072223
20,477,13419,299025,0.086922,0.086747
20,478,48053,163018,0.154485,0.173329
20,479,4323,46102,0.065429,0.069195
20,480,601,412,0.111090,0.092567
20,481,7127,739706,0.081379,0.153194
20,482,22032,429286,0.092560,0.125915
20,483,4603,45235,0.094952,0.090856
20,484,11543,59044,0.091238,0.102550
20,485,5199,162928,0.064741,0.099446
20,486,13419,156624,0.096220,0.087504
20,487,17,191,0.059987,0.071742
20,488,39917,164874,0.082119,0.078983
20,489,7800,118668,0.102366,0.132332
20,490,15473,141483,0.098254,0.108940
20,491,20054,104829,0.112949,0.096024
20,492,6194,42788,0.079638,0.083356
20,493,12976,312930,0.086769,0.085841
20,494,2046,3438,0.083176,0.077934
20,495,29943,48593,0.102666,0.112030
20,496,104883,556837,0.143806,0.182596
20,497,10887,142852,0.088793,0.095540
20,498,736,66205,0.082667,0.083256
20,499,422,180,0.065513,0.064559
20,500,10948,199605,0.104299,0.080215
20,501,48125,98608,0.071910,0.073586
20,502,4652,6696,0.067469,0.065559
20,503,6054,51162,0.079427,0.088240
20,504,6584,161731,0.122635,0.085995
20,505,1346,110806,0.095446,0.092932
20,506,6085,99738,0.081405,0.079102
20,507,7113,322730,0.086965,0.100892
20,508,117,53,0.098371,0.097527
20,509,1809,220500,0.087822,0.098237
20,510,624,201367,0.087388,0.115532
20,511,345,260619,0.065429,0.070698
21,0,27710,258449,nan,nan
21,1,19175,218414,nan,nan
21,2,17750,210738,nan,nan
21,3,21123,212584,nan,nan
21,4,17731,212217,nan,nan
21,5,58218,319880,nan,nan
21,6,18507,638087,nan,nan
21,7,389160,1521737,nan,nan
21,8,19603,213776,nan,nan
21,9,242863,584050,nan,nan
21,10,314,123,0.070537,0.076672
21,11,16791,167253,0.170459,0.083445
21,12,1035,13239,0.074009,0.120217
21,13,8231,7532,0.055638,0.085781
21,14,3411,64430,0.077995,0.087715
21,15,0,0,0.000000,0.000000
21,16,31009,133699,0.072478,0.075751
21,17,1470,32806,0.070288,0.072731
21,18,18805,263122,0.092573,0.117905
21,19,1205,20602,0.059496,0.073713
21,20,5698,35570,0.065054,0.070975
21,21,20779,147695,0.084751,0.083720
21,22,4246,50708,0.061701,0.078810
21,23,3956,85948,0.084642,0.079475
21,24,11,5,0.087735,0.071484
21,25,200340,591945,0.099710,0.097478
21,26,10529,140000,0.085144,0.141099
21,27,89758,230524,0.075745,0.126530
21,28,11827,79456,0.120240,0.170641
21,29,156,105081,0.068345,0.089039
21,30,654,24329,0.091517,0.083993
21,31,64,6,0.058361,0.051066
21,32,3559,71552,0.073282,0.085656
21,33,67,9,0.061638,0.064372
21,34,6032,520,0.067324,0.066446
21,35,17710,218670,0.076827,0.100675
21,36,14512,166685,0.057340,0.066905
21,37,18203,219067,0.074657,0.087675
21,38,20700,201502,0.099685,0.091988
21,39,30,9432,0.058757,0.073327
21,40,18249,457347,0.094766,0.098200
21,41,12530,297409,0.094051,0.088021
21,42,14577,234,0.074382,0.069740
21,43,572610,1835195,0.131690,0.103179
21,44,142527,137828,0.134774,0.101760
21,45,53428,432813,0.073002,0.108663
21,46,139,1282,0.065542,0.066963
21,47,7525,47567,0.095537,0.081265
21,48,28980,155731,0.062918,0.077668
21,49,122,44043,0.058344,0.069561
21,50,1329,169,0.054802,0.057728
21,51,389,119,0.081493,0.079526
21,52,0,158,0.000000,0.083593
21,53,1035,211584,0.074910,0.093548
21,54,0,2757,0.000000,0.079802
21,55,33899,192637,0.067502,0.080956
21,56,3191,6937,0.077304,0.070895
21,57,1071,16420,0.062271,0.069978
21,58,9024,46144,0.062220,0.076621
21,59,121,8881,0.058985,0.066965
21,60,20,12713,0.061841,0.085617
21,61,69298,425232,0.126115,0.122349
21,62,4484,274711,0.076652,0.089920
21,63,20,7847,0.050391,0.060655
21,64,3626,331107,0.070131,0.075481
21,65,820,32357,0.092396,0.098657
21,66,112,36,0.083483,0.061001
21,67,32,6,0.092079,0.077433
21,68,3567,38726,0.079094,0.088467
21,69,8107,690602,0.089664,0.125627
21,70,20372,150943,0.045285,0.080717
21,71,1140,5567,0.070356,0.069933
21,72,3,3,0.053141,0.053304
21,73,6380,825,0.107212,0.085815
21,74,13,6,0.052490,0.058472
21,75,286,293396,0.065916,0.084967
21,76,227,102,0.077113,0.083245
21,77,10365,26078,0.058009,0.080142
21,78,110,64,0.062609,0.057793
21,79,2839,91,0.081768,0.065234
21,80,379,11514,0.059210,0.072666
21,81,2385,39121,0.070034,0.079561
21,82,3604,39726,0.075479,0.083273
21,83,1265,90347,0.075427,0.088528
21,84,83985,649907,0.087268,0.093515
21,85,38,13,0.071038,0.065824
21,86,4156,116,0.086191,0.076136
21,87,430,10223,0.067639,0.075828
21,88,10448,133857,0.098462,0.087262
21,89,350824,1240441,0.113556,0.102640
21,90,14,2298,0.062483,0.075593
21,91,92,31128,0.076589,0.081753
21,92,215,101,0.065802,0.068541
21,93,9064,8625,0.077092,0.074459
21,94,175,38597,0.068789,0.078392
21,95,8964,97102,0.070939,0.074824
21,96,1103,374,0.069950,0.072979
21,97,21690,358242,0.066774,0.079793
21,98,912,22752,0.073465,0.078519
21,99,15017,48347,0.073712,0.076724
21,100,875,1934,0.080590,0.076489
21,101,80682,515589,0.089540,0.095417
21,102,20,18093,0.083325,0.079376
21,103,60148,179825,0.082026,0.077533
21,104,35,133,0.059086,0.063021
21,105,433,323,0.081444,0.078422
21,106,35627,443151,0.088634,0.086032
21,107,54,66042,0.080291,0.082137
21,108,117,31542,0.079429,0.089792
21,109,13302,359103,0.063778,0.072011
21,110,110570,788912,0.080822,0.089939
21,111,1197,2829,0.061802,0.073100
21,112,380,102968,0.089479,0.091965
21,113,570,200026,0.070069,0.090812
21,114,546,21164,0.069352,0.079742
21,115,192,88,0.088537,0.078971
21,116,38715,293434,0.103393,0.120551
21,117,1,0,0.049561,0.000000
21,118,19356,107661,0.119982,0.158354
21,119,11086,56630,0.075278,0.101397
21,120,168,14,0.072426,0.080636
21,121,0,0,0.000000,0.000000
21,122,3134,140529,0.075931,0.104879
21,123,702,165483,0.075562,0.081856
21,124,17578,425505,0.117425,0.096499
21,125,16093,276421,0.079459,0.096448
21,126,3133,467,0.056575,0.066983
21,127,816,371,0.055521,0.068674
21,128,37863,74283,0.108641,0.114591
21,129,56,3305,0.064113,0.073322
21,130,6,6,0.107381,0.065715
21,131,36,1078,0.078335,0.076581
21,132,0,0,0.000000,0.000000
21,133,2440,26016,0.062620,0.076006
21,134,0,0,0.000000,0.000000
21,135,0,96,0.000000,0.072898
21,136,2017,318994,0.072523,0.082283
21,137,0,0,0.000000,0.000000
21,138,17252,11412,0.071096,0.071555
21,139,49708,205723,0.103200,0.112573
21,140,14,215,0.060948,0.084697
21,141,1,0,0.067383,0.000000
21,142,210339,1389898,0.079889,0.089328
21,143,145591,88224,0.102069,0.094437
21,144,347,45,0.068782,0.066254
21,145,114,131,0.064933,0.068037
21,146,290330,492972,0.089344,0.080644
21,147,557,988,0.081950,0.082172
21,148,11605,59459,0.052627,0.092144
21,149,1221,8946,0.081265,0.081121
21,150,139,88,0.064227,0.070507
21,151,5595,124518,0.106727,0.114405
21,152,1044,3261,0.072511,0.076367
21,153,24319,139617,0.080659,0.093819
21,154,568,26702,0.078171,0.072826
21,155,1202,88038,0.072274,0.086349
21,156,21990,406996,0.098162,0.109161
21,157,12,57,0.061829,0.063502
21,158,7851,368256,0.094618,0.091549
21,159,1181,503,0.074095,0.069956
21,160,16,18815,0.069519,0.080623
21,161,47477,1435,0.087121,0.074579
21,162,1483,109795,0.084415,0.104672
21,163,38942,277868,0.147967,0.131806
21,164,61943,521158,0.085137,0.099429
21,165,445145,62263,0.091152,0.071431
21,166,46124,609331,0.088719,0.096649
21,167,325,184,0.065780,0.067420
21,168,3101,93456,0.071777,0.078250
21,169,12,77,0.066772,0.070078
21,170,32257,114516,0.099898,0.078917
21,171,18953,7873,0.116320,0.055806
21,172,14997,271106,0.094298,0.104555
21,173,11552,24405,0.066220,0.082979
21,174,671,564107,0.068505,0.078096
21,175,703,74406,0.071446,0.076196
21,176,5039,606163,0.068013,0.078830
21,177,2054,406494,0.081385,0.092403
21,178,4138,105249,0.030918,0.084268
21,179,5258,84654,0.068731,0.079415
21,180,6532,416127,0.072644,0.081950
21,181,18158,532165,0.092786,0.103758
21,182,27504,418146,0.110212,0.133487
21,183,1512,2444,0.080617,0.077517
21,184,33950,307995,0.100695,0.090389
21,185,2613,5822,0.071717,0.078897
21,186,251,273,0.069664,0.072126
21,187,192,448,0.067868,0.069196
21,188,177683,58621,0.095666,0.087843
21,189,14428,1313889,0.066517,0.087405
21,190,8913,194003,0.112726,0.082946
21,191,16318,29140,0.071447,0.099693
21,192,165,121,0.074521,0.069009
21,193,6302,77694,0.077562,0.120454
21,194,4,0,0.057068,0.000000
21,195,2644,131641,0.083964,0.088628
21,196,3216,132270,0.068198,0.079298
21,197,1069,153,0.074173,0.078751
21,198,11848,275251,0.071261,0.086148
21,199,1861,3174,0.083318,0.069879
21,200,1223,32997,0.077850,0.073267
21,201,107657,662325,0.106446,0.119348
21,202,6605,209951,0.088220,0.147704
21,203,1911,0,0.064393,0.000000
21,204,3148,319256,0.083810,0.094269
21,205,5857,213809,0.058820,0.106372
21,206,2556,147,0.075098,0.070259
21,207,10693,116701,0.067772,0.079842
21,208,8955,168098,0.106789,0.128871
21,209,37,40,0.090777,0.071503
21,210,975,7883,0.072604,0.077696
21,211,95,1635,0.086888,0.077619
21,212,231,2187,0.060174,0.062472
21,213,55,1844,0.067441,0.076042
21,214,16261,671014,0.086869,0.106640
21,215,1017,180002,0.075441,0.086626
21,216,269,9854,0.072635,0.079116
21,217,19,36939,0.077650,0.085021
21,218,139,35,0.111688,0.103509
21,219,5,2,0.077637,0.117920
21,220,4673,26321,0.080994,0.075734
21,221,215244,266534,0.154640,0.081360
21,222,218,72761,0.069489,0.067096
21,223,4807,443454,0.065340,0.082013
21,224,700,95376,0.075232,0.094956
21,225,8159,257891,0.069037,0.081052
21,226,1311,38038,0.083459,0.081428
21,227,18,1,0.059665,0.050293
21,228,3504,13787,0.072257,0.078654
21,229,2232,94322,0.070379,0.080045
21,230,4040,23490,0.053732,0.060574
21,231,519,48,0.064473,0.063746
21,232,30,129174,0.070182,0.086808
21,233,100,5446,0.076399,0.079186
21,234,29747,708794,0.079509,0.088981
21,235,4218,18615,0.084392,0.077222
21,236,204689,873893,0.077226,0.088763
21,237,1422,219839,0.086334,0.087622
21,238,24,52,0.112498,0.071097
21,239,1891,6021,0.074126,0.074829
21,240,18224,305936,0.081879,0.097316
21,241,2626,7264,0.091693,0.097639
21,242,203480,672740,0.073982,0.078632
21,243,422,35060,0.067656,0.081238
21,244,227,214447,0.057184,0.102845
21,245,84718,859952,0.099184,0.110389
21,246,2568,108712,0.069134,0.079305
21,247,1167,3389,0.076520,0.075169
21,248,8,0,0.053619,0.000000
21,249,28544,220602,0.097115,0.086676
21,250,695,34440,0.078283,0.079153
21,251,7344,240874,0.092062,0.106421
21,252,1384,2889,0.078727,0.084124
21,253,47596,235820,0.106171,0.134254
21,254,22024,131607,0.075804,0.078875
21,255,29618,4637,0.096397,0.077954
21,256,2681,104442,0.094110,0.105864
21,257,974,613650,0.074729,0.082670
21,258,0,173,0.000000,0.058063
21,259,20128,1837,0.083688,0.076757
21,260,159,19,0.052599,0.054019
21,261,9080,553,0.079239,0.071282
21,262,11973,318418,0.095025,0.090960
21,263,10,7229,0.070605,0.082292
21,264,8015,78039,0.080582,0.085222
21,265,127,41825,0.062906,0.076027
21,266,1867,559,0.072360,0.067461
21,267,1373,238092,0.071361,0.086593
21,268,5029,120432,0.075897,0.076062
21,269,3993,293,0.098963,0.079260
21,270,4,22653,0.068604,0.071933
21,271,481,5164,0.061902,0.077422
21,272,1673,7185,0.092121,0.093381
21,273,17488,398824,0.094383,0.086304
21,274,157,2976,0.069592,0.071256
21,275,6722,165963,0.084197,0.086949
21,276,150,84,0.062854,0.070182
21,277,922,235311,0.061447,0.077581
21,278,6182,406575,0.080829,0.105299
21,279,453,2897,0.082719,0.107482
21,280,1187,150942,0.065898,0.077940
21,281,68402,691229,0.097217,0.119286
21,282,3,729,0.053630,0.051021
21,283,92,156,0.049934,0.074316
21,284,23582,221846,0.092437,0.097591
21,285,27067,111224,0.075303,0.085694
21,286,16652,166306,0.105243,0.102779
21,287,193,335971,0.082311,0.113416
21,288,451,67340,0.073348,0.087222
21,289,12527,1436691,0.077806,0.101839
21,290,7479,354671,0.066428,0.079720
21,291,124,467,0.074191,0.082546
21,292,5892,25129,0.073037,0.075970
21,293,9636,56671,0.099274,0.098723
21,294,166267,214490,0.080925,0.080794
21,295,67325,419397,0.130636,0.124945
21,296,2932,54525,0.072602,0.090443
21,297,1167,781170,0.076206,0.157557
21,298,40831,660003,0.204333,0.094573
21,299,85518,149856,0.119317,0.094214
21,300,19131,134154,0.070410,0.072553
21,301,1421,16270,0.089954,0.079910
21,302,14106,166360,0.083885,0.077588
21,303,192,189,0.067368,0.073557
21,304,642,2445,0.092641,0.080531
21,305,11994,259820,0.091845,0.089538
21,306,6739,386265,0.097211,0.099906
21,307,175,121795,0.080834,0.081862
21,308,33818,365023,0.083482,0.094247
21,309,37664,8145,0.106615,0.074613
21,310,1153,86764,0.085365,0.105175
21,311,30309,422253,0.082863,0.099873
21,312,2021,23360,0.059089,0.070147
21,313,298,4726,0.070855,0.080008
21,314,172,1522,0.064056,0.073309
21,315,128,20027,0.066190,0.087636
21,316,32826,132079,0.066795,0.079173
21,317,11703,101391,0.070138,0.081061
21,318,12094,215220,0.095341,0.115348
21,319,8,1,0.070862,0.046875
21,320,1,0,0.090332,0.000000
21,321,18592,41873,0.073043,0.079827
21,322,1656,217713,0.065780,0.086946
21,323,19781,21326,0.090417,0.076102
21,324,445,17820,0.064948,0.079821
21,325,552,21059,0.063791,0.077694
21,326,16419,318602,0.094199,0.095416
21,327,1808,320664,0.087759,0.094019
21,328,68,45583,0.078509,0.085812
21,329,13704,11825,0.058035,0.078674
21,330,244,106,0.074128,0.069532
21,331,1726,24842,0.085099,0.085471
21,332,36712,265139,0.066775,0.093171
21,333,42272,2330612,0.097164,0.115659
21,334,267,401,0.069496,0.067239
21,335,19409,177366,0.038418,0.089488
21,336,33,40498,0.072636,0.084688
21,337,760,782803,0.077983,0.096937
21,338,81984,482318,0.097985,0.115023
21,339,9753,136457,0.089109,0.092845
21,340,126,4059,0.086609,0.101089
21,341,33,83,0.080885,0.068442
21,342,12265,63639,0.069256,0.082708
21,343,134722,403802,0.086529,0.104657
21,344,850,5423,0.054729,0.074131
21,345,0,167,0.000000,0.078550
21,346,497,161739,0.068441,0.087989
21,347,15874,134975,0.024650,0.081128
21,348,12572,221871,0.098682,0.095614
21,349,3579,147184,0.066103,0.078606
21,350,16060,345456,0.110937,0.101364
21,351,801,61576,0.074124,0.079866
21,352,39,937,0.066976,0.071569
21,353,6206,1736,0.059538,0.066039
21,354,20615,408894,0.083431,0.092488
21,355,933,475,0.064323,0.055233
21,356,19,1512,0.060714,0.071664
21,357,10597,466,0.114125,0.078417
21,358,958,40487,0.070023,0.081054
21,359,10443,204676,0.101076,0.090324
21,360,26989,266881,0.122067,0.139515
21,361,127,192,0.071893,0.070529
21,362,55,189114,0.072448,0.109038
21,363,103970,559521,0.116747,0.113221
21,364,5087,136378,0.106178,0.131598
21,365,1114,83849,0.079402,0.129695
21,366,277,7224,0.106854,0.077780
21,367,1707,148284,0.090274,0.109156
21,368,16599,318584,0.224423,0.227669
21,369,69,13,0.074337,0.066857
21,370,11408,218737,0.064524,0.126586
21,371,3088,27214,0.070201,0.078638
21,372,103,2787,0.069198,0.071952
21,373,1405,3451,0.068554,0.079153
21,374,15,602,0.072298,0.078366
21,375,171,2252,0.076108,0.075348
21,376,103,8429,0.067075,0.081686
21,377,7242,145580,0.075021,0.120295
21,378,39,37503,0.053176,0.086974
21,379,0,228,0.000000,0.091145
21,380,12529,2089,0.063820,0.071836
21,381,78717,16801,0.059791,0.092523
21,382,3019,196890,0.099005,0.083643
21,383,89447,750752,0.105807,0.118971
21,384,254,17463,0.053544,0.067711
21,385,5,0,0.095264,0.000000
21,386,13379,54869,0.113490,0.097084
21,387,11032,191267,0.098462,0.090926
21,388,13717,198848,0.107672,0.099498
21,389,880,64217,0.068481,0.075773
21,390,198,39,0.050495,0.063799
21,391,302,44492,0.070530,0.081434
21,392,40127,142489,0.123432,0.137743
21,393,914,102960,0.064368,0.078362
21,394,150,124,0.097996,0.091698
21,395,14630,110478,0.082657,0.094980
21,396,4,147,0.069214,0.069333
21,397,48082,726468,0.099545,0.137295
21,398,56163,4738,0.115038,0.087245
21,399,95792,453787,0.124352,0.122781
21,400,1805,189706,0.071469,0.078880
21,401,2142,148318,0.080629,0.101003
21,402,14,42334,0.069388,0.080193
21,403,3113,4103,0.079568,0.075388
21,404,853,56413,0.071117,0.076687
21,405,3937,398665,0.085212,0.115810
21,406,4388,5720,0.076200,0.079360
21,407,6105,22325,0.067740,0.068667
21,408,42,2237,0.090986,0.081878
21,409,5140,206,0.054715,0.070891
21,410,10098,86193,0.076538,0.088890
21,411,109,29355,0.067739,0.080249
21,412,4261,39424,0.080918,0.089319
21,413,5977,144697,0.113385,0.116770
21,414,5741,157627,0.084408,0.093427
21,415,2953,27952,0.067460,0.076297
21,416,1406,145913,0.087843,0.121675
21,417,1728,2767,0.073529,0.080261
21,418,2620,603770,0.073863,0.116000
21,419,4528,794,0.062375,0.073751
21,420,267,13230,0.063905,0.070850
21,421,317,165,0.068323,0.065962
21,422,178060,344478,0.111623,0.124468
21,423,3082,3002,0.103321,0.070054
21,424,961,1059,0.105113,0.073960
21,425,14447,39898,0.068142,0.074097
21,426,74464,33846,0.162153,0.071750
21,427,498,21199,0.070607,0.079474
21,428,18,72,0.056593,0.060866
21,429,42773,529645,0.139794,0.162280
21,430,8392,277738,0.087856,0.110392
21,431,53,2,0.094363,0.053345
21,432,60073,232215,0.073942,0.085108
21,433,68,2068,0.064801,0.074518
21,434,9,3,0.085069,0.066081
21,435,4942,85074,0.104621,0.111912
21,436,21538,440062,0.061417,0.079382
21,437,131795,703426,0.123892,0.131102
21,438,98,2,0.063780,0.050903
21,439,626,126823,0.071200,0.084714
21,440,112931,966083,0.103659,0.096522
21,441,7928,193938,0.074766,0.086626
21,442,452,4741,0.084598,0.085974
21,443,5591,110337,0.079271,0.091049
21,444,853,83544,0.079208,0.082173
21,445,913,1668,0.075997,0.070746
21,446,102,35,0.077613,0.074819
21,447,52,1796,0.086078,0.082653
21,448,9371,150136,0.117490,0.131300
21,449,20824,165650,0.105589,0.110633
21,450,4522,68627,0.062522,0.077100
21,451,15395,280416,0.103614,0.117967
21,452,5212,192729,0.099775,0.090761
21,453,36,6704,0.064297,0.074974
21,454,4149,80728,0.077511,0.082272
21,455,42,50951,0.062297,0.081442
21,456,70541,346822,0.100082,0.093176
21,457,229,127,0.083959,0.088748
21,458,1174,70488,0.068719,0.077506
21,459,127,82934,0.089298,0.088965
21,460,24440,167441,0.143717,0.147887
21,461,19605,321430,0.134003,0.090988
21,462,1314,68144,0.066909,0.075951
21,463,469,245,0.067441,0.066512
21,464,37250,279986,0.095657,0.082863
21,465,113,82277,0.072449,0.088276
21,466,71,45396,0.071126,0.081271
21,467,167843,534992,0.115771,0.111922
21,468,2,3,0.052368,0.070068
21,469,4,1,0.071350,0.064941
21,470,438,715,0.064687,0.074633
21,471,5,2,0.072021,0.062134
21,472,4391,102880,0.063648,0.072843
21,473,2981,120390,0.080720,0.111945
21,474,728,103668,0.074951,0.082716
21,475,7921,10567,0.096856,0.090078
21,476,422,24362,0.062261,0.079320
21,477,0,26,0.000000,0.053298
21,478,802,1784,0.064581,0.078283
21,479,50,1378,0.093979,0.083876
21,480,3593,39061,0.084784,0.092757
21,481,25494,243574,0.114156,0.107447
21,482,120,2730,0.074611,0.076902
21,483,11765,66286,0.063383,0.070128
21,484,11982,234177,0.068340,0.112482
21,485,7,1,0.061035,0.039795
21,486,165,11,0.065611,0.056685
21,487,197,7622,0.072864,0.097245
21,488,122649,914509,0.112127,0.112174
21,489,24302,121456,0.069472,0.079887
21,490,1288,233189,0.075173,0.116104
21,491,1974,288819,0.080174,0.106974
21,492,1761,351233,0.085256,0.117717
21,493,8944,187190,0.076824,0.083542
21,494,40364,478245,0.113056,0.131150
21,495,430,59270,0.090574,0.085602
21,496,559,26612,0.079341,0.092424
21,497,13758,196169,0.088423,0.133408
21,498,4559,90,0.085201,0.092169
21,499,75,142611,0.075964,0.091255
21,500,140621,119850,0.122238,0.090690
21,501,254,144,0.069025,0.065135
21,502,6200,23479,0.067685,0.078465
21,503,1685,12552,0.064104,0.078154
21,504,36441,225997,0.068231,0.085193
21,505,22322,234088,0.101021,0.095711
21,506,833,137525,0.068207,0.105228
21,507,9302,359835,0.086905,0.098837
21,508,501,417367,0.070971,0.086258
21,509,77764,268803,0.086335,0.081395
21,510,26275,571734,0.078424,0.088176
21,511,9007,163423,0.107677,0.084447
22,0,19518,1348964,nan,nan
22,1,33379,863255,nan,nan
22,2,19293,406082,nan,nan
22,3,18446,210891,nan,nan
22,4,17878,210776,nan,nan
22,5,18263,323808,nan,nan
22,6,17926,210878,nan,nan
22,7,17967,211375,nan,nan
22,8,17783,212265,nan,nan
22,9,31837,211584,nan,nan
22,10,1929,43946,0.083761,0.086690
22,11,16268,1180,0.079240,0.076119
22,12,674,18691,0.062280,0.063499
22,13,783,252,0.093359,0.088756
22,14,47,1323,0.086156,0.075574
22,15,94,18,0.090800,0.082709
22,16,4,1,0.087891,0.071777
22,17,1995,203920,0.055300,0.085019
22,18,270,1692,0.083357,0.080221
22,19,45,45628,0.060140,0.075786
22,20,7558,12703,0.071102,0.073719
22,21,10945,265907,0.069915,0.083872
22,22,65,0,0.055275,0.000000
22,23,533,10631,0.076225,0.082521
22,24,8942,298818,0.082688,0.101565
22,25,66653,2138,0.096921,0.051719
22,26,0,0,0.000000,0.000000
22,27,267,321,0.063807,0.065962
22,28,0,0,0.000000,0.000000
22,29,1992,92548,0.080231,0.125179
22,30,8680,22323,0.097465,0.114393
22,31,1129,197761,0.075211,0.083843
22,32,92,20,0.070370,0.083459
22,33,6463,429511,0.073234,0.080594
22,34,28057,257166,0.108233,0.099464
22,35,796,7991,0.077600,0.077428
22,36,3,0,0.069499,0.000000
22,37,16262,228190,0.146447,0.096519
22,38,32797,447615,0.094605,0.086399
22,39,178,320,0.078312,0.064850
22,40,66352,563681,0.090084,0.083273
22,41,133,1408,0.066150,0.073796
22,42,161786,383864,0.103846,0.081789
22,43,1,24,0.050781,0.066661
22,44,17444,125242,0.098257,0.081391
22,45,65,152,0.070917,0.069514
22,46,2306,12351,0.116125,0.079540
22,47,224,5803,0.092995,0.095415
22,48,13492,235634,0.115394,0.110633
22,49,1301,2889,0.083434,0.073622
22,50,5799,136082,0.087314,0.101667
22,51,174,1618,0.097566,0.067861
22,52,20881,50780,0.076632,0.078920
22,53,6081,297396,0.114180,0.094285
22,54,362,10029,0.066256,0.079698
22,55,249,28774,0.061040,0.083894
22,56,14538,252325,0.079255,0.096168
22,57,8832,88597,0.075120,0.074892
22,58,227602,801940,0.107155,0.112543
22,59,324,399,0.068860,0.071115
22,60,179,3946,0.093285,0.093161
22,61,4499,193677,0.075946,0.086051
22,62,83668,309201,0.113037,0.110546
22,63,14048,166141,0.066557,0.076160
22,64,977,30171,0.068718,0.076176
22,65,401,80305,0.068541,0.073834
22,66,353,29821,0.080645,0.080586
22,67,405,150785,0.071818,0.101514
22,68,184180,1586449,0.090141,0.095184
22,69,1042,13370,0.067674,0.077896
22,70,15477,511564,0.090331,0.104021
22,71,500,4313,0.065625,0.083075
22,72,469,108823,0.070452,0.078410
22,73,1233,44517,0.060653,0.074198
22,74,9250,274894,0.084592,0.092089
22,75,55429,260792,0.134140,0.161940
22,76,2562,37182,0.060608,0.069047
22,77,13115,119640,0.074471,0.087608
22,78,70,1,0.073861,0.112305
22,79,510,213,0.076377,0.066405
22,80,6,1,0.081299,0.074219
22,81,1687,371793,0.072580,0.079667
22,82,20651,273963,0.050277,0.097883
22,83,70539,484077,0.121128,0.118332
22,84,52954,260268,0.089384,0.083844
22,85,65245,596809,0.081293,0.092709
22,86,79,20,0.074301,0.080505
22,87,9024,193701,0.072688,0.090069
22,88,17277,262883,0.063185,0.084069
22,89,178,76013,0.059290,0.075533
22,90,4526,69058,0.055692,0.068165
22,91,29,56544,0.052343,0.062595
22,92,59,19506,0.067867,0.085407
22,93,7,38672,0.065011,0.104182
22,94,56931,140671,0.130016,0.116599
22,95,11861,106036,0.067719,0.068042
22,96,156,231,0.069226,0.065673
22,97,19368,240172,0.083014,0.088673
22,98,7241,106442,0.085550,0.092028
22,99,4411,12172,0.081286,0.081039
22,100,3725,2378,0.084530,0.080031
22,101,2337,136919,0.067970,0.079318
22,102,104,85,0.059445,0.064666
22,103,1208,7507,0.071256,0.079217
22,104,11,2,0.047008,0.054932
22,105,10869,389178,0.082062,0.136794
22,106,160421,1097724,0.111772,0.118366
22,107,483,183,0.089039,0.085427
22,108,87,45961,0.073077,0.092444
22,109,1538,6273,0.073401,0.077939
22,110,3721,3063,0.077767,0.093355
22,111,469,117546,0.076073,0.086599
22,112,1615,130912,0.074882,0.097110
22,113,1485,260018,0.071864,0.088377
22,114,5,2,0.069434,0.073486
22,115,871,534,0.084900,0.079630
22,116,3856,131511,0.084598,0.087265
22,117,27,23,0.081118,0.065048
22,118,4796,27541,0.068059,0.075793
22,119,480,348,0.071132,0.071093
22,120,17630,408723,0.068662,0.083295
22,121,35498,134752,0.075846,0.094649
22,122,2298,1860,0.082780,0.077122
22,123,2309,3835,0.092967,0.086258
22,124,3224,27987,0.087195,0.084836
22,125,257,275845,0.068730,0.080678
22,126,13487,451024,0.075970,0.090788
22,127,1440,25164,0.084754,0.094365
22,128,19841,400931,0.086792,0.088640
22,129,59561,642464,0.097031,0.109454
22,130,736,5074,0.090501,0.065001
22,131,1418,679,0.076827,0.069583
22,132,1385,13918,0.080782,0.080968
22,133,57,114,0.083320,0.078086
22,134,447506,1195809,0.117407,0.094240
22,135,464,329,0.072486,0.077041
22,136,505,21,0.058755,0.063883
22,137,94,1569,0.076781,0.082368
22,138,864,78712,0.061860,0.073381
22,139,87786,333497,0.084872,0.094097
22,140,575,27080,0.064231,0.075111
22,141,45,16,0.079666,0.085922
22,142,16670,128419,0.087380,0.093072
22,143,459,11818,0.071356,0.078922
22,144,90,22,0.091370,0.097923
22,145,18324,212869,0.073883,0.081924
22,146,186693,1475453,0.114207,0.118359
22,147,59346,688509,0.061631,0.101953
22,148,4756,210220,0.104229,0.079988
22,149,9147,63135,0.083083,0.092619
22,150,3985,24489,0.095619,0.074998
22,151,24568,131160,0.051689,0.092142
22,152,25346,421105,0.078720,0.095599
22,153,931,268,0.054570,0.060365
22,154,19,23218,0.065841,0.082974
22,155,49453,244208,0.122630,0.149681
22,156,84,4240,0.110249,0.087504
22,157,3969,173144,0.084349,0.108976
22,158,778,8562,0.081514,0.081757
22,159,2843,231190,0.071621,0.100137
22,160,49148,365136,0.087496,0.099439
22,161,1,0,0.105957,0.000000
22,162,51,25985,0.073572,0.076639
22,163,17014,121102,0.085392,0.085909
22,164,6560,236310,0.068502,0.075758
22,165,34318,180003,0.100682,0.105598
22,166,7057,315532,0.091363,0.093301
22,167,226,214562,0.078826,0.107665
22,168,393,2956,0.068771,0.075093
22,169,8681,76856,0.091869,0.087034
22,170,495,2145,0.081756,0.073957
22,171,18416,311813,0.087753,0.087125
22,172,94547,321091,0.081597,0.096160
22,173,72134,682682,0.097206,0.119882
22,174,9811,33318,0.065331,0.074889
22,175,26719,274824,0.094553,0.093215
22,176,484,24294,0.070360,0.078312
22,177,7042,96361,0.076171,0.082599
22,178,5277,223373,0.083429,0.096302
22,179,788,68811,0.079977,0.081285
22,180,749,39911,0.077710,0.086360
22,181,619,275,0.099548,0.062474
22,182,1944,101960,0.066907,0.074808
22,183,4294,662144,0.062322,0.087786
22,184,3111,223562,0.095332,0.121086
22,185,84211,1063363,0.108069,0.121703
22,186,1217,6222,0.066990,0.073956
22,187,8205,35737,0.083472,0.105242
22,188,10668,108364,0.113571,0.088867
22,189,3214,12826,0.072362,0.072156
22,190,352,213255,0.068317,0.074569
22,191,207,1739,0.069374,0.077576
22,192,14179,174872,0.085566,0.111997
22,193,118976,86196,0.095985,0.085610
22,194,33287,343122,0.070317,0.078078
22,195,2344,2218,0.097305,0.080715
22,196,629,1519,0.070104,0.068668
22,197,6521,145860,0.066265,0.076514
22,198,326775,307558,0.080579,0.069923
22,199,24,29046,0.078684,0.085713
22,200,21721,428082,0.084273,0.094848
22,201,4489,320502,0.075917,0.091950
22,202,117151,144390,0.137558,0.106578
22,203,30356,177345,0.093433,0.087370
22,204,3456,117121,0.098181,0.091985
22,205,674,133,0.083118,0.074931
22,206,0,35,0.000000,0.069050
22,207,4215,26104,0.070362,0.067745
22,208,1,12,0.072266,0.072530
22,209,46944,392976,0.076786,0.076774
22,210,3069,229816,0.080731,0.096467
22,211,2549,18261,0.050526,0.056702
22,212,343549,453851,0.087492,0.087219
22,213,716,271,0.054378,0.066221
22,214,342,215,0.115355,0.095472
22,215,548,2631,0.066632,0.067694
22,216,40687,134984,0.086021,0.086294
22,217,9395,272566,0.078794,0.093021
22,218,18,738,0.065782,0.073385
22,219,135,10811,0.064625,0.073442
22,220,606,304,0.075563,0.078457
22,221,549,24667,0.087353,0.078284
22,222,16796,202281,0.029181,0.079432
22,223,2930,51371,0.084477,0.084833
22,224,5902,127132,0.086001,0.092171
22,225,22564,471051,0.105630,0.101538
22,226,553,1739,0.071854,0.065780
22,227,9572,177216,0.088027,0.091851
22,228,26,15,0.077665,0.057406
22,229,20537,231992,0.098326,0.091758
22,230,105491,497173,0.064675,0.073510
22,231,34819,239070,0.111058,0.108465
22,232,615,16678,0.067127,0.076321
22,233,93728,108672,0.091465,0.061685
22,234,0,0,0.000000,0.000000
22,235,325,100337,0.081297,0.078553
22,236,1542,6269,0.071954,0.075227
22,237,43,68,0.065907,0.073196
22,238,182,82,0.077088,0.063034
22,239,1504,15563,0.067105,0.070952
22,240,2948,51623,0.073579,0.077605
22,241,29,17,0.083803,0.088207
22,242,12922,153929,0.083447,0.089035
22,243,20913,377398,0.084923,0.094039
22,244,6766,9282,0.096447,0.094420
22,245,16,20363,0.071320,0.080770
22,246,1,28132,0.057129,0.083986
22,247,80,6,0.064183,0.056356
22,248,473,132,0.082201,0.079503
22,249,152,3073,0.063167,0.073588
22,250,303,82667,0.064342,0.076816
22,251,14504,39671,0.073384,0.072009
22,252,6136,289125,0.083707,0.114183
22,253,44371,76417,0.070594,0.080348
22,254,22,32287,0.071001,0.084542
22,255,2961,10406,0.081337,0.081227
22,256,6789,247100,0.097313,0.074115
22,257,2,10,0.044556,0.058765
22,258,10844,9788,0.096405,0.090749
22,259,138,191,0.064242,0.070500
22,260,7605,399363,0.069121,0.089923
22,261,526,149999,0.096536,0.124521
22,262,158151,663464,0.118314,0.118367
22,263,1081,1164,0.085145,0.085234
22,264,1845,246443,0.081401,0.085336
22,265,15677,129777,0.069905,0.078234
22,266,8506,196615,0.084708,0.094195
22,267,675,864,0.057358,0.070541
22,268,12358,191,0.052087,0.072643
22,269,14,19,0.044887,0.075311
22,270,4351,303337,0.081369,0.093544
22,271,178675,76077,0.101680,0.086757
22,272,1113,4788,0.065224,0.074505
22,273,1403,3778,0.095090,0.085280
22,274,542,704,0.085900,0.077213
22,275,6217,253235,0.085314,0.144662
22,276,33544,454945,0.057903,0.067926
22,277,520,279,0.083982,0.077275
22,278,21569,137251,0.093905,0.085944
22,279,202,161,0.058948,0.075486
22,280,165,445,0.072525,0.071262
22,281,55,1293,0.058314,0.060448
22,282,954,793,0.084984,0.073924
22,283,2917,161714,0.086342,0.110817
22,284,12387,64,0.065428,0.071411
22,285,94501,419271,0.095024,0.088728
22,286,933,3458,0.086355,0.086336
22,287,56244,483717,0.146860,0.166173
22,288,175,15884,0.075223,0.115973
22,289,6709,149009,0.076193,0.086933
22,290,7901,710731,0.066988,0.081855
22,291,143439,644110,0.106044,0.109367
22,292,3147,107659,0.074669,0.091256
22,293,152,602,0.069641,0.085038
22,294,3084,2405,0.092329,0.096216
22,295,5831,70417,0.080766,0.075326
22,296,1550,25624,0.084504,0.080561
22,297,778,1062,0.084156,0.072160
22,298,402,1049,0.071050,0.069012
22,299,20789,138980,0.089836,0.097246
22,300,80635,216509,0.126723,0.107870
22,301,138,65325,0.073597,0.081925
22,302,13,0,0.091647,0.000000
22,303,85839,681851,0.103434,0.104062
22,304,24246,178842,0.075436,0.131284
22,305,4056,111,0.085539,0.085361
22,306,7798,60704,0.082676,0.079696
22,307,39,11,0.047880,0.070867
22,308,174,16,0.063481,0.058571
22,309,3180,2352,0.086114,0.080127
22,310,7045,165161,0.072740,0.081824
22,311,1701,643,0.105740,0.096092
22,312,133,73,0.077326,0.072209
22,313,17268,14838,0.109678,0.101443
22,314,5,34,0.082129,0.066543
22,315,85,27,0.078070,0.074788
22,316,18705,291644,0.101926,0.089663
22,317,1421,312978,0.072817,0.076879
22,318,10454,1535326,0.067693,0.096744
22,319,2108,570,0.078956,0.079349
22,320,523,11697,0.065547,0.063815
22,321,47421,12609,0.063887,0.063997
22,322,9724,251696,0.106868,0.113742
22,323,318,87,0.113895,0.102334
22,324,153,261565,0.057753,0.075733
22,325,78576,1407823,0.096434,0.123427
22,326,4930,3137,0.067545,0.070160
22,327,72,1377,0.086519,0.083622
22,328,53338,621566,0.113546,0.134954
22,329,364,22334,0.081991,0.072483
22,330,1985,33785,0.082872,0.090101
22,331,3697,425,0.076595,0.067053
22,332,18261,14508,0.065461,0.076322
22,333,7,1,0.066616,0.059814
22,334,1158,6535,0.075693,0.072374
22,335,20382,336140,0.083436,0.092603
22,336,45330,363888,0.105802,0.085016
22,337,18897,196774,0.093293,0.085701
22,338,752,462,0.087718,0.082220
22,339,9374,87241,0.082761,0.089077
22,340,3724,659616,0.070193,0.088252
22,341,145748,18386,0.108589,0.084511
22,342,18105,6650,0.092580,0.106320
22,343,57439,449830,0.121426,0.136959
22,344,5374,35,0.070511,0.075753
22,345,19188,143734,0.117418,0.110363
22,346,2273,120172,0.073027,0.077274
22,347,181311,931815,0.073718,0.079164
22,348,521,145495,0.090942,0.119964
22,349,1,43,0.050537,0.050029
22,350,770,1329,0.078225,0.075581
22,351,17069,183950,0.094953,0.141666
22,352,25450,1304695,0.082232,0.102832
22,353,245,64,0.093547,0.073896
22,354,4801,25055,0.064042,0.071600
22,355,17001,25255,0.100275,0.090029
22,356,103616,1049796,0.095837,0.109038
22,357,3763,106480,0.085072,0.090022
22,358,120,86,0.085431,0.065526
22,359,43,4,0.081654,0.067627
22,360,131949,29977,0.127506,0.089004
22,361,104,26839,0.068828,0.083666
22,362,7419,170976,0.121685,0.098533
22,363,137,17849,0.077535,0.089378
22,364,860,67997,0.081548,0.090102
22,365,11639,3379,0.124796,0.087684
22,366,738,110899,0.051475,0.071530
22,367,5741,8102,0.080860,0.077870
22,368,923,129551,0.085889,0.086357
22,369,26942,358318,0.127645,0.092064
22,370,984,2078,0.065637,0.067584
22,371,1550,87151,0.074219,0.081472
22,372,24585,241082,0.100401,0.110896
22,373,244,3678,0.052341,0.069026
22,374,140136,683241,0.121537,0.133191
22,375,10,10,0.079236,0.067749
22,376,478,670,0.087022,0.081308
22,377,321,4307,0.065241,0.069159
22,378,1497,10972,0.088301,0.087981
22,379,1309,9429,0.065285,0.068087
22,380,64,0,0.064739,0.000000
22,381,75,105,0.089837,0.066664
22,382,5,108,0.078223,0.066875
22,383,1727,10904,0.057275,0.056195
22,384,34677,482070,0.153052,0.117551
22,385,6149,15203,0.105892,0.093087
22,386,693,15821,0.082150,0.076151
22,387,605,2180,0.076781,0.075842
22,388,11155,255441,0.070762,0.082221
22,389,3982,127418,0.070098,0.082962
22,390,368,127823,0.076908,0.081495
22,391,144656,1048098,0.111531,0.134138
22,392,2149,4238,0.083338,0.072235
22,393,1012,23594,0.073583,0.076525
22,394,5580,7768,0.099013,0.087520
22,395,205,3973,0.090015,0.079564
22,396,1206,1831,0.092185,0.071896
22,397,4014,307159,0.080734,0.115719
22,398,41841,1327052,0.102481,0.115249
22,399,9529,450302,0.087577,0.103571
22,400,7749,61600,0.067803,0.070394
22,401,35413,229988,0.263187,0.253725
22,402,3692,355547,0.070384,0.081426
22,403,15434,139283,0.089072,0.087569
22,404,495,214,0.078366,0.071754
22,405,1756,136571,0.069564,0.083806
22,406,50836,582135,0.097166,0.108626
22,407,202,1426,0.082953,0.079708
22,408,1870,105208,0.118741,0.073517
22,409,1917,2021,0.080587,0.082808
22,410,7368,428,0.096346,0.084819
22,411,222630,158435,0.095330,0.086206
22,412,1446,330507,0.072703,0.131664
22,413,34261,115975,0.041448,0.162746
22,414,539,541313,0.088862,0.134464
22,415,7,0,0.064174,0.000000
22,416,389,27622,0.064747,0.073805
22,417,1215,85035,0.073390,0.078567
22,418,1287,298207,0.069045,0.078366
22,419,72,3304,0.075395,0.077951
22,420,85480,536847,0.131851,0.144658
22,421,653,3604,0.077285,0.075093
22,422,11279,64531,0.106231,0.082243
22,423,1821,39313,0.086366,0.099075
22,424,48,1158,0.062024,0.068586
22,425,157,45580,0.067421,0.079394
22,426,6944,108544,0.105164,0.103797
22,427,22169,182124,0.097662,0.118140
22,428,185798,758597,0.120678,0.115484
22,429,10122,211683,0.099824,0.101059
22,430,19,6,0.080554,0.083211
22,431,3450,29793,0.072085,0.076758
22,432,4500,155672,0.083881,0.091657
22,433,13710,80432,0.085376,0.086344
22,434,5758,462733,0.077066,0.099287
22,435,438,4863,0.069579,0.075572
22,436,12267,209904,0.093223,0.088846
22,437,20,80,0.070496,0.076178
22,438,1226,6093,0.058372,0.080339
22,439,17,74,0.080509,0.082500
22,440,9533,144398,0.083728,0.090128
22,441,8589,1587,0.049469,0.039909
22,442,2311,23175,0.071693,0.079504
22,443,4811,13506,0.063775,0.050973
22,444,4307,178,0.068728,0.069935
22,445,85,14,0.065364,0.053885
22,446,439,4522,0.073367,0.075497
22,447,159023,196252,0.105395,0.085141
22,448,47,14,0.064575,0.099505
22,449,7459,31901,0.060531,0.096770
22,450,3271,58093,0.078694,0.084419
22,451,763,26703,0.065356,0.081662
22,452,17813,15618,0.082150,0.076908
22,453,34,12907,0.063466,0.073455
22,454,40069,177441,0.105794,0.121126
22,455,897,21146,0.075183,0.082378
22,456,26098,365513,0.148384,0.122783
22,457,2661,2830,0.086688,0.074710
22,458,108,254,0.061692,0.070349
22,459,20515,2136,0.034996,0.084108
22,460,26,18900,0.069758,0.078347
22,461,17966,143165,0.079425,0.104390
22,462,252,330,0.074260,0.066735
22,463,931,7540,0.073970,0.077681
22,464,348,461142,0.065615,0.094286
22,465,148,40,0.064354,0.072974
22,466,474,125775,0.075899,0.080116
22,467,2153,294217,0.080609,0.123058
22,468,1560,414140,0.067800,0.077265
22,469,32245,93781,0.068088,0.076356
22,470,16,2,0.067291,0.051392
22,471,7475,124228,0.083542,0.086387
22,472,645,17574,0.074780,0.078120
22,473,24645,25774,0.094920,0.071156
22,474,505641,883363,0.118347,0.078326
22,475,14271,199409,0.098665,0.091324
22,476,78334,391211,0.109274,0.112139
22,477,12670,53267,0.103485,0.084637
22,478,1088,2358,0.060918,0.064991
22,479,246,157750,0.068186,0.089429
22,480,1650,337829,0.079153,0.089931
22,481,21,3695,0.078898,0.081061
22,482,74883,292286,0.075814,0.085239
22,483,897,29,0.068311,0.068065
22,484,291,171,0.079410,0.080958
22,485,476,6097,0.072648,0.086720
22,486,574,22630,0.076802,0.076706
22,487,6547,280825,0.081062,0.082589
22,488,92657,665495,0.093009,0.107100
22,489,171,59,0.075704,0.066961
22,490,7456,175142,0.083682,0.099720
22,491,4961,19977,0.091641,0.090213
22,492,32,5464,0.075745,0.083488
22,493,120081,838472,0.100541,0.094440
22,494,5139,6722,0.075012,0.068014
22,495,1488,21466,0.079524,0.079160
22,496,3778,253293,0.094118,0.097023
22,497,510,439,0.051802,0.070735
22,498,1573,195477,0.077466,0.092091
22,499,7638,146271,0.074751,0.077790
22,500,2879,1746,0.085701,0.081640
22,501,1055,43832,0.071249,0.085133
22,502,19201,55690,0.066555,0.075829
22,503,720,29772,0.063851,0.085030
22,504,53760,679764,0.093965,0.107275
22,505,2218,190719,0.084514,0.097161
22,506,210,8415,0.084081,0.086217
22,507,3787,82925,0.070869,0.082586
22,508,995,469,0.072392,0.071290
22,509,50633,81334,0.079945,0.089459
22,510,162162,461596,0.129511,0.109328
22,511,285,21025,0.068835,0.078479
23,0,77994,923984,nan,nan
23,1,19734,217561,nan,nan
23,2,26325,334090,nan,nan
23,3,17763,210749,nan,nan
23,4,20376,339719,nan,nan
23,5,18105,275111,nan,nan
23,6,24917,486887,nan,nan
23,7,17835,212281,nan,nan
23,8,30114,274316,nan,nan
23,9,24495,318071,nan,nan
23,10,12234,95553,0.078405,0.083932
23,11,7335,1314545,0.072424,0.083511
23,12,95416,279876,0.125662,0.132902
23,13,161,4367,0.060363,0.077614
23,14,2317,77800,0.074396,0.084517
23,15,597,120,0.088445,0.075132
23,16,2837,848331,0.086298,0.159659
23,17,176,3266,0.084145,0.064790
23,18,312,83110,0.066696,0.072482
23,19,15341,111812,0.079103,0.087371
23,20,16,451,0.067940,0.080340
23,21,41709,7128,0.090557,0.073325
23,22,450,38996,0.067115,0.081836
23,23,2810,59466,0.101416,0.079457
23,24,308,328,0.084216,0.086575
23,25,1586,23766,0.083861,0.083964
23,26,149,283,0.058224,0.054684
23,27,481,2588,0.081412,0.083648
23,28,80529,542031,0.071386,0.075784
23,29,901,24036,0.072483,0.078033
23,30,120110,43706,0.108847,0.098382
23,31,3978,13357,0.107222,0.094488
23,32,5567,182883,0.090677,0.099416
23,33,503,749,0.062408,0.063239
23,34,70,1525,0.071887,0.068047
23,35,1039,8388,0.080789,0.076614
23,36,33,2498,0.067368,0.072280
23,37,656,1308,0.087294,0.089162
23,38,13004,58437,0.210747,0.079694
23,39,85949,231241,0.098381,0.123060
23,40,21976,13864,0.092188,0.081031
23,41,2132,527,0.080192,0.081088
23,42,86,20,0.060628,0.066333
23,43,21519,142622,0.058732,0.100965
23,44,43262,362354,0.089310,0.086508
23,45,19640,253245,0.112255,0.112613
23,46,65170,32799,0.082772,0.066459
23,47,3460,13907,0.095494,0.072175
23,48,743,3101,0.063367,0.075350
23,49,39943,790571,0.095201,0.139549
23,50,77155,894928,0.098943,0.110085
23,51,386,5100,0.096780,0.071976
23,52,5082,178531,0.065188,0.073246
23,53,1161,179,0.074793,0.075142
23,54,247526,635299,0.149197,0.103262
23,55,65793,229015,0.081171,0.091176
23,56,1510,77796,0.075279,0.086030
23,57,36601,462168,0.089548,0.092265
23,58,2359,336964,0.083930,0.087417
23,59,16067,26268,0.082900,0.072718
23,60,544,44059,0.076979,0.077777
23,61,163,2195,0.067884,0.075963
23,62,2276,23791,0.083259,0.085324
23,63,274,44621,0.058887,0.079346
23,64,58,8,0.072579,0.071594
23,65,3690,68670,0.102284,0.116048
23,66,16,1751,0.071396,0.076804
23,67,1232,1665,0.107521,0.098163
23,68,833,82233,0.089729,0.111196
23,69,27594,139404,0.102876,0.107403
23,70,8396,179066,0.098647,0.126045
23,71,780,5729,0.075273,0.074873
23,72,29673,204257,0.051748,0.102956
23,73,844,191759,0.058428,0.084369
23,74,10860,37156,0.085229,0.077370
23,75,552,118,0.084669,0.076898
23,76,419,8529,0.080597,0.075901
23,77,6647,11665,0.084219,0.085486
23,78,227,532,0.072891,0.073578
23,79,266,264,0.088284,0.079112
23,80,17451,110427,0.032188,0.077872
23,81,6335,162385,0.084720,0.093125
23,82,112630,115526,0.092954,0.076471
23,83,5269,100898,0.086083,0.092191
23,84,317,37466,0.068147,0.082971
23,85,34122,538877,0.090440,0.103594
23,86,6330,2179,0.061736,0.067947
23,87,8,0,0.058365,0.000000
23,88,23285,201807,0.098567,0.088520
23,89,451,23704,0.076971,0.073614
23,90,28270,290297,0.114741,0.105191
23,91,154808,1235050,0.110329,0.110726
23,92,101,192,0.082171,0.062731
23,93,990,3528,0.064446,0.070833
23,94,10799,193162,0.081831,0.085850
23,95,23326,166068,0.068767,0.078088
23,96,2484,138280,0.111412,0.093855
23,97,2433,27669,0.069850,0.077033
23,98,603,336,0.062135,0.068516
23,99,591,81,0.071320,0.073299
23,100,6135,524,0.082476,0.081361
23,101,7508,64085,0.074135,0.082232
23,102,21,68753,0.064023,0.075508
23,103,347,129,0.085247,0.080419
23,104,5664,43030,0.092840,0.094548
23,105,6178,122044,0.099933,0.099261
23,106,585,101942,0.070608,0.082204
23,107,42679,219977,0.103518,0.086822
23,108,241550,218682,0.110478,0.086645
23,109,15,11,0.063835,0.070401
23,110,1705,5470,0.082967,0.071566
23,111,221,6391,0.058604,0.073332
23,112,930,1044,0.060113,0.073755
23,113,728,434,0.080469,0.080402
23,114,8950,840,0.093294,0.074900
23,115,9033,50534,0.093233,0.082863
23,116,30801,211955,0.108450,0.105006
23,117,15375,386261,0.085750,0.084588
23,118,22527,253021,0.087369,0.086592
23,119,113,5885,0.067725,0.070467
23,120,51812,36433,0.061256,0.071831
23,121,564,130,0.081797,0.078077
23,122,3063,84150,0.093338,0.101249
23,123,31306,135516,0.098483,0.083328
23,124,44616,204913,0.085315,0.093143
23,125,2836,35456,0.076926,0.083271
23,126,75528,773749,0.099746,0.101887
23,127,49399,56611,0.065314,0.073080
23,128,34005,148418,0.079200,0.078071
23,129,10552,235026,0.090918,0.092895
23,130,18613,45853,0.099786,0.105879
23,131,14254,315264,0.092937,0.120214
23,132,416,6,0.077423,0.055664
23,133,600,136,0.079078,0.079369
23,134,6934,165139,0.069049,0.085257
23,135,4778,16683,0.063904,0.071934
23,136,8854,53094,0.109537,0.093806
23,137,27550,174242,0.055740,0.091424
23,138,191334,1326995,0.088289,0.096165
23,139,56653,334531,0.101953,0.104213
23,140,56175,525746,0.086083,0.091573
23,141,93,89,0.071490,0.070079
23,142,167,102235,0.067192,0.076385
23,143,281,36232,0.070808,0.073614
23,144,30915,400317,0.097553,0.094149
23,145,2,0,0.077271,0.000000
23,146,22695,200453,0.116682,0.158757
23,147,16482,242858,0.087239,0.094887
23,148,1540,9701,0.074985,0.074442
23,149,3595,143147,0.089642,0.126182
23,150,561,1720,0.089849,0.063849
23,151,1128,70091,0.078063,0.088240
23,152,936,19783,0.068879,0.086553
23,153,379,83,0.067206,0.074092
23,154,28879,198118,0.106808,0.088388
23,155,2360,282750,0.100658,0.101336
23,156,10,5,0.053979,0.068359
23,157,4,831,0.073853,0.077005
23,158,11255,448167,0.065413,0.071716
23,159,6369,94874,0.085758,0.094954
23,160,29614,141904,0.094216,0.085889
23,161,110440,742783,0.077175,0.096107
23,162,23087,78693,0.072755,0.075697
23,163,23353,72240,0.074890,0.079686
23,164,85459,444299,0.102118,0.103522
23,165,32,32,0.073212,0.063614
23,166,1587,163080,0.079284,0.100627
23,167,336655,1082958,0.106244,0.092175
23,168,2923,69603,0.120647,0.087155
23,169,143843,1059240,0.115224,0.124661
23,170,18,111,0.056776,0.063549
23,171,6075,75753,0.093965,0.089169
23,172,0,0,0.000000,0.000000
23,173,5706,113660,0.100945,0.100660
23,174,1375,20525,0.087105,0.075326
23,175,78882,136163,0.073543,0.073223
23,176,2365,409391,0.086204,0.100774
23,177,47463,151501,0.095361,0.086459
23,178,15,6877,0.071875,0.077671
23,179,605,211585,0.077009,0.095475
23,180,675,47788,0.063676,0.076905
23,181,31,7,0.073959,0.062186
23,182,115,28,0.073588,0.069903
23,183,2553,315,0.051238,0.061083
23,184,2330,1253,0.091688,0.073735
23,185,4041,4378,0.087351,0.078216
23,186,106,32951,0.081241,0.081063
23,187,2218,4710,0.074278,0.070321
23,188,5626,84337,0.071981,0.072248
23,189,243,33784,0.075252,0.076580
23,190,5990,232308,0.081792,0.095635
23,191,1977,1562,0.063108,0.068442
23,192,3664,186711,0.076857,0.088910
23,193,1086,3442,0.073727,0.074833
23,194,3448,318475,0.087459,0.090880
23,195,17104,201076,0.076753,0.136612
23,196,23583,493878,0.084340,0.090692
23,197,9106,55512,0.124704,0.082571
23,198,15337,144332,0.103333,0.130124
23,199,3,854,0.087565,0.067450
23,200,49,12721,0.079171,0.080079
23,201,13,50203,0.065821,0.096945
23,202,4106,130595,0.083451,0.088480
23,203,76266,45660,0.083670,0.067118
23,204,82005,173052,0.092474,0.112607
23,205,23219,391425,0.129390,0.097445
23,206,1957,18339,0.069638,0.075972
23,207,56498,779419,0.087775,0.099840
23,208,83,4526,0.082758,0.072582
23,209,6485,30680,0.057542,0.064844
23,210,391,58517,0.077287,0.092134
23,211,554,86100,0.098427,0.099403
23,212,20263,187135,0.092685,0.094623
23,213,821,12676,0.067796,0.077007
23,214,8524,8699,0.074556,0.077090
23,215,3353,1276,0.079596,0.078202
23,216,4177,651150,0.077233,0.111388
23,217,11392,73719,0.100970,0.083251
23,218,96,40,0.130374,0.119214
23,219,25,17,0.069473,0.071548
23,220,449,147571,0.084671,0.100446
23,221,44212,76784,0.112897,0.118312
23,222,3906,221127,0.080551,0.110273
23,223,12867,7284,0.103723,0.082243
23,224,387,79507,0.075570,0.079664
23,225,17461,1024031,0.072937,0.122109
23,226,460,295,0.083148,0.077545
23,227,91099,742771,0.108665,0.124761
23,228,134,10052,0.077025,0.078359
23,229,1165,2477,0.089596,0.069892
23,230,1109,146465,0.085884,0.085236
23,231,93196,473236,0.103287,0.113819
23,232,721,32548,0.075452,0.075467
23,233,694,1474,0.090986,0.087093
23,234,2439,16693,0.074835,0.081221
23,235,2269,368758,0.067599,0.077849
23,236,14542,233511,0.071633,0.081344
23,237,1094,286208,0.090900,0.123445
23,238,103388,318377,0.080556,0.082363
23,239,680,441616,0.085278,0.118119
23,240,4569,318131,0.067907,0.079878
23,241,6503,66711,0.092303,0.100628
23,242,31053,452922,0.102107,0.108040
23,243,4328,73730,0.075731,0.089460
23,244,48169,503403,0.135974,0.098553
23,245,1126,711,0.081957,0.078435
23,246,243,15224,0.077557,0.087533
23,247,85691,184884,0.097739,0.086363
23,248,59239,575098,0.108368,0.113055
23,249,72,1155,0.074473,0.075772
23,250,350,1235,0.064314,0.077199
23,251,35816,202947,0.158224,0.148886
23,252,2087,39307,0.065153,0.072690
23,253,1707,120782,0.084084,0.087924
23,254,137,1002,0.063984,0.061747
23,255,43922,269986,0.065094,0.071648
23,256,172,46,0.068716,0.077477
23,257,6241,248792,0.074888,0.086482
23,258,445,62185,0.051212,0.066525
23,259,88,947,0.056987,0.072812
23,260,7595,191284,0.097529,0.089024
23,261,1248,199990,0.069672,0.079608
23,262,4136,77143,0.066987,0.068013
23,263,994,37365,0.054424,0.064896
23,264,7264,12573,0.080215,0.084275
23,265,38955,592045,0.106770,0.125451
23,266,23514,293919,0.106072,0.121193
23,267,5646,41679,0.097767,0.084213
23,268,741,16160,0.094501,0.096530
23,269,47724,376040,0.086699,0.092127
23,270,19989,1511,0.079830,0.076236
23,271,133200,54,0.111766,0.058322
23,272,968,9205,0.086092,0.091049
23,273,2425,3141,0.094204,0.092779
23,274,1332,23882,0.074987,0.086596
23,275,14081,64535,0.087607,0.080032
23,276,39017,108020,0.116816,0.133682
23,277,1964,79054,0.064151,0.075348
23,278,88025,744125,0.093543,0.089809
23,279,27,3266,0.057070,0.077603
23,280,52,3,0.063207,0.066488
23,281,4846,280090,0.081829,0.090943
23,282,27713,365050,0.087053,0.092761
23,283,348,49609,0.080028,0.087104
23,284,91435,60,0.100822,0.069169
23,285,4177,272014,0.078803,0.094702
23,286,81444,984102,0.115091,0.124939
23,287,496,147718,0.095094,0.112001
23,288,422,46187,0.073053,0.077311
23,289,28,111,0.060477,0.068320
23,290,537,765,0.060739,0.071766
23,291,3488,9934,0.082907,0.074531
23,292,326,17828,0.066092,0.084075
23,293,471,63511,0.078589,0.082085
23,294,527,52582,0.099284,0.096239
23,295,34275,2882,0.104466,0.088535
23,296,8155,20433,0.073427,0.075018
23,297,453,73,0.071142,0.066383
23,298,123,10637,0.085715,0.095421
23,299,947,98,0.075551,0.069356
23,300,298,4139,0.082621,0.097086
23,301,268447,1267577,0.122527,0.119659
23,302,100431,899400,0.092350,0.105038
23,303,62152,281401,0.164327,0.139766
23,304,19341,136952,0.113494,0.099400
23,305,5689,467465,0.064907,0.076489
23,306,0,0,0.000000,0.000000
23,307,39862,4671,0.123137,0.073058
23,308,356,234,0.104186,0.100184
23,309,9658,120473,0.089287,0.091004
23,310,5667,155137,0.086044,0.108318
23,311,32562,273819,0.099288,0.091259
23,312,547,99862,0.100261,0.097039
23,313,2420,147757,0.078281,0.092767
23,314,2867,224058,0.081412,0.094835
23,315,42805,1210,0.165613,0.071467
23,316,9109,291297,0.078807,0.101405
23,317,34232,673187,0.104026,0.113960
23,318,733,114561,0.085493,0.106045
23,319,1513,85312,0.075689,0.072858
23,320,417,117,0.071649,0.064747
23,321,27268,73650,0.089284,0.133320
23,322,49378,70775,0.083304,0.073327
23,323,768,450,0.079000,0.077180
23,324,12,30778,0.076416,0.080619
23,325,457,27525,0.074606,0.079265
23,326,374,101998,0.080071,0.087618
23,327,157,49,0.082312,0.072704
23,328,11895,215899,0.097009,0.088039
23,329,51159,855401,0.096727,0.119072
23,330,49212,55599,0.069306,0.071801
23,331,74,1214,0.071909,0.073230
23,332,136,203,0.088356,0.081187
23,333,9810,96491,0.091125,0.082549
23,334,12019,274898,0.094954,0.098027
23,335,134,26,0.101051,0.101393
23,336,1805,151082,0.087190,0.094403
23,337,66225,292686,0.094360,0.083393
23,338,127054,683895,0.091795,0.094359
23,339,303,2368,0.079193,0.073346
23,340,117,42,0.085720,0.078311
23,341,130941,704670,0.097959,0.093434
23,342,20554,678294,0.087031,0.099013
23,343,6748,41,0.086384,0.068889
23,344,1096,150009,0.082620,0.090744
23,345,37887,227082,0.089801,0.087177
23,346,6570,11300,0.092427,0.082002
23,347,29053,446,0.065866,0.066238
23,348,827,225383,0.078373,0.089218
23,349,14311,98186,0.089016,0.090370
23,350,45,788,0.071734,0.071248
23,351,13,0,0.060772,0.000000
23,352,6714,130814,0.087600,0.088359
23,353,67156,193212,0.075611,0.082819
23,354,18577,242093,0.069824,0.074366
23,355,3674,29664,0.078437,0.086862
23,356,1556,102729,0.082511,0.092210
23,357,17,17,0.056389,0.075540
23,358,3232,10496,0.046986,0.050370
23,359,54782,496512,0.096189,0.117809
23,360,135,9353,0.064574,0.079523
23,361,10144,98389,0.085129,0.092551
23,362,4224,115704,0.074462,0.087607
23,363,10950,133096,0.079985,0.092919
23,364,74,18,0.050948,0.097059
23,365,657,8857,0.073677,0.069520
23,366,206,30981,0.071913,0.078848
23,367,37524,305960,0.082970,0.117716
23,368,20537,492431,0.068320,0.078829
23,369,5923,178747,0.077140,0.111637
23,370,51879,308721,0.125379,0.098734
23,371,16229,408630,0.093702,0.093406
23,372,1260,5626,0.071474,0.074828
23,373,13649,239434,0.069509,0.094514
23,374,6026,147961,0.081034,0.090281
23,375,965,1315,0.070455,0.073699
23,376,20,127,0.058203,0.073057
23,377,13878,261455,0.067975,0.084642
23,378,17559,414889,0.098628,0.102361
23,379,970,1434,0.074748,0.074621
23,380,2352,2235,0.071398,0.073309
23,381,2958,10927,0.083712,0.086343
23,382,408,49022,0.086691,0.084508
23,383,12198,183854,0.087841,0.090041
23,384,987,1966,0.065930,0.071429
23,385,92024,54788,0.166992,0.104377
23,386,5410,215951,0.100847,0.114025
23,387,182,391,0.068055,0.080500
23,388,1344,3118,0.094591,0.076806
23,389,18580,191488,0.102660,0.089385
23,390,5421,41382,0.092662,0.089015
23,391,153,6629,0.069776,0.073497
23,392,421,116195,0.085929,0.093065
23,393,18950,78959,0.063272,0.099176
23,394,34646,122166,0.118802,0.100015
23,395,3588,64583,0.072010,0.077056
23,396,335,3761,0.072783,0.073880
23,397,381,3944,0.079280,0.074212
23,398,27170,62819,0.079812,0.092660
23,399,8825,1029,0.105205,0.080367
23,400,1747,46107,0.070727,0.076789
23,401,1198,559,0.075464,0.068952
23,402,11883,217868,0.070895,0.076773
23,403,127678,494739,0.086974,0.089009
23,404,369,265191,0.077591,0.084365
23,405,2858,90026,0.062032,0.090025
23,406,550,168391,0.082689,0.106029
23,407,30162,149363,0.078555,0.081781
23,408,192,506,0.063904,0.072321
23,409,5747,6312,0.107988,0.086766
23,410,705,161610,0.071944,0.078596
23,411,8921,211795,0.077506,0.119953
23,412,352589,758832,0.130061,0.087707
23,413,6944,141332,0.080901,0.092789
23,414,334,25711,0.066395,0.074123
23,415,386,292,0.075281,0.080867
23,416,327,17654,0.065816,0.076198
23,417,363,761960,0.069909,0.079102
23,418,137,39840,0.066509,0.079002
23,419,52408,301739,0.106867,0.096408
23,420,12817,1580,0.082516,0.071865
23,421,60848,106194,0.121147,0.110942
23,422,31743,241459,0.093098,0.105498
23,423,674,2413,0.075540,0.073025
23,424,61,270,0.058638,0.067824
23,425,1774,58169,0.089514,0.073367
23,426,437,5471,0.080127,0.075705
23,427,28888,254776,0.085556,0.085667
23,428,442,1976,0.074897,0.073047
23,429,182,532,0.107235,0.075595
23,430,44,23,0.103116,0.066895
23,431,2848,3782,0.075264,0.067570
23,432,360,107,0.061856,0.085369
23,433,222303,957827,0.110147,0.119090
23,434,4976,59353,0.090646,0.088459
23,435,2497,32751,0.071424,0.095173
23,436,575,664,0.085118,0.074023
23,437,6378,85134,0.096801,0.114402
23,438,1637,219958,0.070441,0.082610
23,439,10089,54786,0.077359,0.073818
23,440,9458,1611,0.061297,0.068741
23,441,2204,2626,0.066715,0.075218
23,442,163,7464,0.084871,0.074673
23,443,30283,316196,0.164107,0.108757
23,444,1226,311,0.102569,0.084659
23,445,141,134,0.077109,0.072380
23,446,27946,197827,0.127703,0.111954
23,447,1102,57852,0.096952,0.088627
23,448,32,207973,0.071724,0.089221
23,449,158,9560,0.097154,0.079879
23,450,78325,143357,0.066959,0.082116
23,451,275,189322,0.074485,0.104388
23,452,2460,23247,0.043454,0.068616
23,453,14734,181383,0.068919,0.076344
23,454,2066,33972,0.066867,0.072934
23,455,74377,721583,0.117777,0.121600
23,456,18,115,0.062446,0.067406
23,457,97630,75218,0.121717,0.091869
23,458,7746,201138,0.089311,0.097083
23,459,10034,243384,0.078127,0.082098
23,460,4661,400934,0.087996,0.117636
23,461,672,224142,0.076383,0.093921
23,462,6003,20925,0.079109,0.078842
23,463,409,37,0.080607,0.080322
23,464,2636,3242,0.071244,0.076227
23,465,48405,177127,0.088553,0.081137
23,466,36,26,0.070197,0.068453
23,467,73045,1169318,0.100226,0.106089
23,468,886,278454,0.089770,0.099094
23,469,13696,6160,0.056086,0.063643
23,470,2690,119420,0.089312,0.094362
23,471,43917,237218,0.117288,0.160137
23,472,2258,140222,0.097560,0.110920
23,473,15844,1290883,0.085442,0.116297
23,474,129843,99384,0.072460,0.076024
23,475,6374,33581,0.081848,0.097942
23,476,2842,40927,0.087225,0.079732
23,477,46,109,0.066483,0.068353
23,478,732,6125,0.068120,0.074540
23,479,1442,66819,0.074035,0.079888
23,480,79,54,0.071292,0.075014
23,481,4398,27740,0.078608,0.079872
23,482,31,17,0.063331,0.088264
23,483,16098,40949,0.114744,0.081813
23,484,6613,176853,0.089214,0.100459
23,485,18105,7638,0.079950,0.076818
23,486,72999,472365,0.095321,0.104898
23,487,4825,37523,0.091485,0.077786
23,488,170589,1015136,0.113379,0.105457
23,489,1317,6344,0.071255,0.073139
23,490,193,278,0.065957,0.077245
23,491,455,1816,0.109200,0.073167
23,492,1,0,0.040039,0.000000
23,493,27688,75606,0.073278,0.080322
23,494,56270,309176,0.092255,0.091329
23,495,1093,83759,0.072714,0.079782
23,496,13790,495696,0.116386,0.079802
23,497,5390,428026,0.076206,0.087823
23,498,1178,74908,0.071232,0.082630
23,499,2794,386589,0.074781,0.082268
23,500,636,2884,0.061703,0.069985
23,501,19332,446119,0.092299,0.090130
23,502,9171,65580,0.125039,0.086726
23,503,8376,105408,0.089221,0.088857
23,504,1,0,0.072754,0.000000
23,505,20,1,0.065564,0.068848
23,506,55205,30850,0.061105,0.063751
23,507,4215,191677,0.088866,0.100300
23,508,7041,3360,0.086363,0.071385
23,509,55446,85575,0.058917,0.064310
23,510,1929,19040,0.077259,0.075109
23,511,42,4,0.070606,0.075562
24,0,18171,210821,nan,nan
24,1,18164,244680,nan,nan
24,2,18944,373740,nan,nan
24,3,19991,862861,nan,nan
24,4,18302,210818,nan,nan
24,5,19052,354517,nan,nan
24,6,18664,211049,nan,nan
24,7,47349,438852,nan,nan
24,8,36891,357512,nan,nan
24,9,19864,212997,nan,nan
24,10,1817,2847,0.102414,0.075218
24,11,17,76,0.064008,0.076182
24,12,343,112462,0.079485,0.106331
24,13,47936,590802,0.097474,0.098363
24,14,3058,12470,0.048491,0.066216
24,15,403,110,0.075253,0.073375
24,16,466,36947,0.070312,0.078188
24,17,1709,468,0.077571,0.077924
24,18,745,866,0.079438,0.081617
24,19,222,73,0.067296,0.060356
24,20,2442,14224,0.087594,0.074413
24,21,134,802,0.053636,0.068192
24,22,95074,977481,0.100244,0.109914
24,23,2899,375626,0.069311,0.079327
24,24,133,290,0.078190,0.068485
24,25,10164,644967,0.074398,0.093800
24,26,52081,121367,0.076576,0.080579
24,27,1618,22047,0.068364,0.076384
24,28,96,319,0.079664,0.077434
24,29,942,373,0.085772,0.078320
24,30,258,1184,0.073066,0.074473
24,31,1340,384,0.086086,0.085832
24,32,3930,656,0.058298,0.071074
24,33,27176,221936,0.088283,0.096651
24,34,3208,7791,0.088898,0.081830
24,35,142354,830291,0.085625,0.086326
24,36,8320,156682,0.087623,0.091083
24,37,5112,92210,0.105784,0.084059
24,38,22733,215892,0.115270,0.125121
24,39,14179,140591,0.099761,0.093060
24,40,2465,6566,0.086522,0.080039
24,41,38,1650,0.068212,0.066562
24,42,62892,653572,0.083239,0.090790
24,43,5787,106402,0.062309,0.068439
24,44,747,541,0.074745,0.086158
24,45,774,2100,0.060553,0.075195
24,46,41687,646766,0.095432,0.094523
24,47,16,54,0.057838,0.070561
24,48,48,8,0.056286,0.067078
24,49,98,1804,0.060903,0.079506
24,50,7729,75376,0.064142,0.070496
24,51,199,13,0.068992,0.067646
24,52,9597,356676,0.065755,0.077861
24,53,7236,112097,0.091871,0.076258
24,54,595,4365,0.071118,0.075763
24,55,7983,147998,0.065548,0.076931
24,56,7653,310114,0.064707,0.077337
24,57,138,12037,0.076027,0.072746
24,58,13485,245413,0.090975,0.099971
24,59,21367,372863,0.081752,0.089259
24,60,822,967,0.087312,0.074911
24,61,3286,4740,0.080651,0.081083
24,62,463,644,0.061886,0.071685
24,63,21316,280077,0.097321,0.088570
24,64,29193,21986,0.075272,0.072296
24,65,222,1143,0.075731,0.076877
24,66,15142,387962,0.085671,0.094937
24,67,5417,135644,0.078206,0.117196
24,68,141,22,0.068265,0.069169
24,69,60,518,0.068547,0.079353
24,70,16828,200326,0.134377,0.095378
24,71,2,0,0.051880,0.000000
24,72,32716,140827,0.098238,0.099692
24,73,3064,27496,0.080637,0.072511
24,74,12444,261759,0.099422,0.092036
24,75,36420,780212,0.107359,0.149432
24,76,1668,52911,0.072580,0.082393
24,77,1127,400,0.080378,0.077748
24,78,232,26,0.097618,0.092351
24,79,226513,1576414,0.106486,0.112642
24,80,211734,814080,0.139626,0.129203
24,81,105,132,0.063751,0.058540
24,82,200,287831,0.071628,0.083643
24,83,3154,101277,0.076644,0.080240
24,84,116,345,0.062058,0.069364
24,85,110662,287465,0.079023,0.081271
24,86,3289,311990,0.068732,0.076050
24,87,52,577,0.070256,0.080728
24,88,7617,159676,0.114594,0.087746
24,89,45525,226095,0.084406,0.084016
24,90,772,51636,0.081304,0.081487
24,91,201,29,0.058167,0.079884
24,92,9964,53271,0.066973,0.073428
24,93,7891,195991,0.080439,0.090008
24,94,242,12,0.078197,0.074117
24,95,37105,286682,0.096246,0.089096
24,96,171,147,0.078773,0.075396
24,97,4640,110821,0.074325,0.080996
24,98,2,65,0.056030,0.059737
24,99,69,6,0.070795,0.081868
24,100,1864,31716,0.081473,0.112092
24,101,27354,267715,0.087116,0.091532
24,102,12664,173847,0.092289,0.089945
24,103,7082,92496,0.095736,0.075792
24,104,371,278,0.099351,0.091258
24,105,12307,0,0.021792,0.000000
24,106,9240,274953,0.123552,0.088743
24,107,4757,130830,0.082860,0.090423
24,108,87486,595291,0.094487,0.096353
24,109,254,2024,0.053204,0.053514
24,110,413,302,0.105156,0.094211
24,111,157,259,0.065573,0.064401
24,112,148,16574,0.072823,0.092140
24,113,43497,6838,0.074135,0.077802
24,114,109,72843,0.067523,0.082151
24,115,3469,6539,0.089570,0.089935
24,116,3383,263759,0.067383,0.080414
24,117,749,23673,0.066595,0.068876
24,118,21,13,0.067243,0.061016
24,119,139526,394929,0.088443,0.084109
24,120,39481,109679,0.062374,0.072861
24,121,17693,526012,0.079895,0.093033
24,122,1451,38310,0.102075,0.084726
24,123,32118,502899,0.089720,0.099303
24,124,359,1462,0.064601,0.068272
24,125,201,4219,0.067962,0.085741
24,126,177,502,0.081926,0.075493
24,127,35599,72972,0.074459,0.085087
24,128,47,147,0.081356,0.069612
24,129,25715,35508,0.043836,0.085990
24,130,14087,182302,0.105501,0.107879
24,131,10,277,0.069678,0.069302
24,132,9621,58990,0.079575,0.084366
24,133,536,474,0.089651,0.070421
24,134,3674,7022,0.087289,0.085319
24,135,31532,249428,0.100355,0.104826
24,136,6,0,0.075073,0.000000
24,137,174645,1141469,0.110623,0.115873
24,138,30787,197762,0.103380,0.111137
24,139,8249,296204,0.087944,0.095235
24,140,3470,32035,0.094756,0.098295
24,141,427,11449,0.067260,0.072384
24,142,136223,146539,0.088284,0.083083
24,143,8443,65374,0.074969,0.078734
24,144,36463,289381,0.100089,0.090231
24,145,514,72781,0.077253,0.105786
24,146,131,834,0.066825,0.073861
24,147,146,38,0.067339,0.079648
24,148,28132,246221,0.095720,0.096086
24,149,24044,190650,0.074078,0.083098
24,150,278,47,0.082107,0.073143
24,151,89,1330,0.088447,0.075801
24,152,120,2474,0.064644,0.081746
24,153,3043,114779,0.063288,0.091659
24,154,0,0,0.000000,0.000000
24,155,1406,83115,0.084876,0.115847
24,156,53,886,0.077528,0.067287
24,157,384788,1230376,0.102850,0.097955
24,158,164,1666,0.068147,0.075466
24,159,2528,12704,0.087416,0.099315
24,160,753,7598,0.064031,0.068026
24,161,1965,230642,0.078532,0.098938
24,162,237,1071,0.083973,0.078716
24,163,2258,90262,0.084445,0.074675
24,164,4499,3536,0.094093,0.088308
24,165,29497,167356,0.087815,0.087063
24,166,29,3,0.055138,0.068848
24,167,8205,177866,0.096882,0.096642
24,168,5378,9101,0.092679,0.087089
24,169,316,188,0.074958,0.071858
24,170,805,189069,0.071482,0.079521
24,171,176643,0,0.131723,0.000000
24,172,5355,246249,0.076257,0.084519
24,173,15203,376719,0.072422,0.076378
24,174,2011,180867,0.076731,0.079642
24,175,39730,294395,0.113964,0.111473
24,176,8488,195651,0.089668,0.076476
24,177,221,48834,0.075052,0.083631
24,178,13338,5191,0.087560,0.084147
24,179,484,1476,0.086941,0.079755
24,180,0,54869,0.000000,0.077314
24,181,604,159063,0.081044,0.099101
24,182,566,53315,0.061159,0.076634
24,183,794,330,0.102805,0.091502
24,184,376,102,0.084983,0.086581
24,185,106,81,0.063418,0.084075
24,186,22,169297,0.082386,0.084039
24,187,10022,246120,0.084551,0.103006
24,188,99648,992094,0.107465,0.117148
24,189,16021,146817,0.077163,0.110603
24,190,65017,141890,0.086159,0.078445
24,191,1186,99108,0.082653,0.079990
24,192,1660,99151,0.077086,0.080780
24,193,3113,40463,0.084977,0.090998
24,194,2151,2753,0.072296,0.070153
24,195,9580,195755,0.088133,0.093520
24,196,36444,1038415,0.092501,0.134876
24,197,1618,103907,0.083394,0.104233
24,198,62723,481387,0.110456,0.120324
24,199,347,67,0.076679,0.085085
24,200,4375,11941,0.067361,0.074292
24,201,4931,821111,0.082081,0.111729
24,202,50835,291878,0.102856,0.114490
24,203,234,3475,0.058206,0.071222
24,204,14844,69985,0.069312,0.074028
24,205,23409,175033,0.124378,0.122322
24,206,199453,1176504,0.115024,0.108703
24,207,97,304,0.081817,0.076824
24,208,276,88,0.068820,0.076906
24,209,449,19892,0.079692,0.092607
24,210,109,284,0.070635,0.071780
24,211,548,5024,0.072138,0.069487
24,212,65275,128116,0.097682,0.086742
24,213,18934,361812,0.105864,0.117738
24,214,625,351871,0.081210,0.099433
24,215,2823,175797,0.070826,0.089153
24,216,790,22084,0.093217,0.078851
24,217,37633,302993,0.099826,0.099870
24,218,4521,61652,0.065245,0.068229
24,219,326,46383,0.078783,0.082088
24,220,32419,17664,0.070776,0.079849
24,221,18934,215982,0.088466,0.098499
24,222,1561,31864,0.070509,0.078564
24,223,78,12,0.065448,0.071960
24,224,550,65500,0.070340,0.088529
24,225,1890,43690,0.087248,0.077311
24,226,2384,159493,0.067496,0.075745
24,227,613,3458,0.079288,0.077678
24,228,15,0,0.069303,0.000000
24,229,1249,63630,0.072260,0.076558
24,230,145,70,0.061671,0.074697
24,231,7408,105320,0.074011,0.078304
24,232,42291,528683,0.059081,0.077780
24,233,23622,1037552,0.069709,0.085739
24,234,8627,390241,0.097601,0.120686
24,235,2524,128,0.078489,0.078495
24,236,41653,506039,0.061977,0.074956
24,237,801,393,0.079813,0.085903
24,238,35074,705242,0.093704,0.108046
24,239,3192,191668,0.092332,0.087981
24,240,8885,131878,0.084358,0.085141
24,241,33359,245841,0.171990,0.141907
24,242,102505,9012,0.088365,0.068594
24,243,7963,362991,0.105716,0.081292
24,244,18735,155653,0.108736,0.119628
24,245,10,268,0.079468,0.083001
24,246,92,84,0.065883,0.066566
24,247,24697,17839,0.066996,0.100001
24,248,114,42,0.072340,0.069034
24,249,1539,63669,0.076038,0.087273
24,250,100058,17333,0.140359,0.100077
24,251,385,48694,0.075148,0.084900
24,252,164,162397,0.075210,0.081153
24,253,33,807,0.058749,0.062433
24,254,194,114,0.069451,0.078129
24,255,228,32842,0.071792,0.088802
24,256,45360,151860,0.061705,0.069923
24,257,26207,414410,0.086826,0.090045
24,258,2197,26616,0.089984,0.089991
24,259,19694,455671,0.088884,0.094536
24,260,64163,199931,0.113814,0.088773
24,261,19867,5361,0.113846,0.091585
24,262,644,177568,0.074392,0.081472
24,263,2199,5048,0.070383,0.068375
24,264,5205,17700,0.083558,0.083601
24,265,139344,195061,0.072109,0.073151
24,266,99625,274486,0.075747,0.078570
24,267,3585,93108,0.063301,0.080087
24,268,15312,960539,0.065709,0.097298
24,269,164135,699261,0.122925,0.122267
24,270,28,3,0.066633,0.074870
24,271,126181,194124,0.074043,0.093701
24,272,134,1389,0.062895,0.076451
24,273,72595,354823,0.121683,0.146403
24,274,99196,159819,0.127532,0.096611
24,275,6948,230798,0.086342,0.101536
24,276,307,64775,0.069953,0.085270
24,277,2041,1977,0.081471,0.073805
24,278,0,2,0.000000,0.062256
24,279,1083,22113,0.072164,0.079831
24,280,147,138987,0.055601,0.071181
24,281,28772,40197,0.095086,0.080850
24,282,26726,145593,0.142212,0.095074
24,283,2404,159279,0.073812,0.079852
24,284,277,916,0.082927,0.077719
24,285,32311,709857,0.076830,0.102488
24,286,3918,39156,0.098618,0.082425
24,287,484946,1068614,0.096710,0.085178
24,288,139,152,0.072806,0.069585
24,289,316,1149,0.073801,0.076855
24,290,2437,77094,0.076549,0.085346
24,291,27386,136498,0.106343,0.115116
24,292,6539,850,0.101762,0.080280
24,293,1485,18293,0.070893,0.075748
24,294,18,12,0.055461,0.073161
24,295,678,207,0.077904,0.080124
24,296,4546,720121,0.075024,0.096664
24,297,13,429,0.061007,0.074372
24,298,2804,102962,0.082424,0.083875
24,299,1221,15988,0.066550,0.076886
24,300,211,140,0.072424,0.068077
24,301,31225,376209,0.084030,0.091548
24,302,3827,7464,0.063198,0.082512
24,303,12961,161994,0.072218,0.076848
24,304,57,35,0.060530,0.063463
24,305,1703,12990,0.091933,0.085390
24,306,270,85,0.071129,0.072001
24,307,72068,912999,0.101041,0.112362
24,308,30,1,0.058024,0.065430
24,309,480,12808,0.068236,0.077310
24,310,13861,10302,0.071886,0.071673
24,311,304,36,0.058386,0.064996
24,312,75925,798406,0.090245,0.104080
24,313,710,94880,0.079563,0.087149
24,314,2,0,0.064453,0.000000
24,315,509,69958,0.062807,0.085708
24,316,3244,230344,0.088311,0.103702
24,317,129841,156434,0.084165,0.102062
24,318,12730,142034,0.105912,0.115591
24,319,7,9720,0.073765,0.082358
24,320,44620,803109,0.102507,0.144095
24,321,5061,11798,0.063745,0.077652
24,322,2,2,0.085205,0.046753
24,323,10962,30004,0.084689,0.078409
24,324,11230,187980,0.105251,0.107807
24,325,163,23187,0.068261,0.079355
24,326,31139,62620,0.073229,0.074635
24,327,390,5297,0.072243,0.082838
24,328,235,400,0.055148,0.069485
24,329,3486,76445,0.065516,0.074472
24,330,139200,1215176,0.070237,0.080320
24,331,70,22,0.086841,0.078869
24,332,468,162,0.078549,0.116213
24,333,29,266,0.064201,0.074463
24,334,1020,43261,0.074718,0.079672
24,335,25609,584626,0.091825,0.121436
24,336,1,25,0.088379,0.075195
24,337,57,2131,0.059769,0.074366
24,338,3264,353263,0.094902,0.111613
24,339,648,58132,0.067679,0.083062
24,340,13509,297494,0.097623,0.097965
24,341,25608,114851,0.049590,0.086938
24,342,38907,160065,0.093928,0.085992
24,343,5339,684365,0.068703,0.093727
24,344,375,4549,0.073927,0.072968
24,345,22,1,0.078047,0.076172
24,346,32992,1461,0.091123,0.063990
24,347,3272,1419,0.088333,0.083924
24,348,301,45011,0.084653,0.090827
24,349,16356,247302,0.070693,0.086468
24,350,1605,140158,0.098144,0.092172
24,351,5,322,0.040503,0.069808
24,352,8454,153,0.073991,0.074638
24,353,3643,115658,0.084493,0.089113
24,354,0,0,0.000000,0.000000
24,355,35957,24397,0.120111,0.091903
24,356,60226,464527,0.103369,0.092818
24,357,2258,321071,0.093031,0.113441
24,358,31974,253490,0.202400,0.094714
24,359,2657,13630,0.058937,0.079291
24,360,1612,660,0.074532,0.076529
24,361,984,81104,0.079035,0.089530
24,362,790,23985,0.079843,0.078242
24,363,9612,86731,0.060265,0.076954
24,364,1243,1429,0.074302,0.070869
24,365,9645,221607,0.093012,0.098147
24,366,584,558,0.073182,0.074841
24,367,4849,336555,0.063854,0.075364
24,368,53,78,0.071082,0.070694
24,369,619,42785,0.074494,0.078515
24,370,15,10,0.063940,0.064404
24,371,23519,159348,0.116250,0.098789
24,372,864,581,0.074301,0.074589
24,373,279,1765,0.087080,0.081608
24,374,686,25585,0.079511,0.090500
24,375,874,6374,0.066510,0.077205
24,376,1611,1254,0.075522,0.077254
24,377,0,0,0.000000,0.000000
24,378,12999,628998,0.086679,0.110009
24,379,61,99617,0.065122,0.082884
24,380,44781,248645,0.096640,0.086741
24,381,40530,331847,0.095664,0.093016
24,382,2269,91603,0.095920,0.080598
24,383,16,1,0.082062,0.070312
24,384,15096,156903,0.118953,0.085167
24,385,0,0,0.000000,0.000000
24,386,2652,8252,0.072680,0.070896
24,387,630,17713,0.073366,0.087559
24,388,233,72,0.085219,0.087026
24,389,544,79954,0.080954,0.093401
24,390,94,0,0.057630,0.000000
24,391,3808,7945,0.077172,0.063445
24,392,661,17769,0.071045,0.078850
24,393,77,159,0.065823,0.067106
24,394,57435,806586,0.101251,0.114410
24,395,402,338250,0.064473,0.091820
24,396,2522,201784,0.092816,0.099868
24,397,0,1647,0.000000,0.069496
24,398,4556,342122,0.071851,0.081561
24,399,107,153,0.075593,0.075218
24,400,8522,223228,0.095614,0.113344
24,401,3528,47224,0.088513,0.080318
24,402,10383,15549,0.082367,0.097563
24,403,42919,356872,0.085844,0.098122
24,404,41,140,0.064474,0.076604
24,405,1317,139189,0.068844,0.075604
24,406,103,287,0.065843,0.073336
24,407,1483,172562,0.092791,0.130661
24,408,462,340,0.065742,0.069709
24,409,0,0,0.000000,0.000000
24,410,34098,212653,0.124387,0.089619
24,411,1232,437,0.082178,0.076684
24,412,55,8806,0.064067,0.077875
24,413,2667,24006,0.094053,0.075463
24,414,221,17267,0.072191,0.077306
24,415,3740,3033,0.084590,0.092900
24,416,457,25099,0.069366,0.077468
24,417,890,700,0.118299,0.109181
24,418,33,1,0.062396,0.099121
24,419,448346,291423,0.107141,0.089204
24,420,49,9567,0.076461,0.081837
24,421,234,10012,0.066672,0.080929
24,422,8751,356980,0.076243,0.088402
24,423,26582,20333,0.102747,0.107300
24,424,196,62,0.057393,0.075412
24,425,18012,189769,0.038614,0.092747
24,426,1650,1409,0.070272,0.065394
24,427,7943,43546,0.083554,0.099867
24,428,101,2289,0.076968,0.073816
24,429,523,5232,0.074118,0.078357
24,430,86,95,0.068699,0.076336
24,431,3049,43682,0.084913,0.075837
24,432,593,72,0.071106,0.070143
24,433,1348,198,0.098265,0.094796
24,434,931,437,0.080947,0.076982
24,435,54538,356103,0.097958,0.095634
24,436,1072,4571,0.075547,0.071587
24,437,19682,55416,0.089504,0.091341
24,438,2554,42680,0.082093,0.079172
24,439,243,140,0.074253,0.076140
24,440,1647,5154,0.084357,0.078954
24,441,2106,118453,0.073403,0.085305
24,442,17590,222059,0.113604,0.133586
24,443,25036,48204,0.096254,0.086837
24,444,8172,6693,0.068486,0.072323
24,445,212,623,0.081386,0.081093
24,446,920,898,0.082296,0.075719
24,447,16698,157867,0.075909,0.081957
24,448,20417,107932,0.095208,0.100052
24,449,149,77,0.088961,0.073683
24,450,11647,32336,0.095412,0.085705
24,451,8176,4940,0.087557,0.079634
24,452,805,159907,0.072859,0.079744
24,453,54962,344962,0.085194,0.086079
24,454,3202,396983,0.074588,0.080454
24,455,493,9220,0.079565,0.078572
24,456,207995,1439753,0.120616,0.141055
24,457,4940,41245,0.093695,0.111533
24,458,355,4002,0.102220,0.076382
24,459,104027,1083621,0.106151,0.119570
24,460,18301,232804,0.092807,0.080847
24,461,1630,1377860,0.061460,0.096867
24,462,424,110,0.072701,0.079288
24,463,30,2881,0.070353,0.071861
24,464,4083,30326,0.069676,0.079113
24,465,6204,138122,0.069942,0.077605
24,466,105,1550,0.077174,0.087654
24,467,2,1,0.055908,0.078125
24,468,23000,179212,0.102809,0.130992
24,469,964,176,0.074097,0.073764
24,470,34045,657491,0.100308,0.102654
24,471,42192,431620,0.137555,0.162430
24,472,210,111623,0.080974,0.101462
24,473,8355,21860,0.063031,0.066032
24,474,82280,6667,0.081750,0.072009
24,475,845,337,0.074756,0.074143
24,476,6754,4595,0.078210,0.080456
24,477,544,9207,0.063858,0.076354
24,478,38,378,0.073284,0.079248
24,479,88032,183562,0.125916,0.079490
24,480,70923,719348,0.090064,0.092194
24,481,19661,1532316,0.095140,0.119168
24,482,1112,108727,0.065256,0.101724
24,483,4189,5356,0.079173,0.082819
24,484,72799,327078,0.103767,0.112029
24,485,1401,46815,0.083499,0.086024
24,486,2551,133359,0.079077,0.098100
24,487,62,2230,0.077613,0.086954
24,488,11939,108003,0.078941,0.080969
24,489,63906,33874,0.103045,0.093347
24,490,3050,102488,0.079166,0.089035
24,491,715,6903,0.074496,0.073625
24,492,27749,1926,0.084504,0.079843
24,493,9363,27448,0.076314,0.073233
24,494,717,3652,0.079169,0.075135
24,495,6408,338249,0.121250,0.098444
24,496,567,641,0.056760,0.072270
24,497,18114,177106,0.088407,0.094390
24,498,22000,289288,0.091020,0.092879
24,499,172,169,0.084004,0.079130
24,500,250,51832,0.077583,0.099641
24,501,174076,455058,0.092292,0.090885
24,502,17774,65832,0.072752,0.094188
24,503,42783,588933,0.099960,0.105971
24,504,29,3221,0.079708,0.084222
24,505,73,16409,0.075650,0.099155
24,506,121,84964,0.094184,0.090892
24,507,9153,79269,0.083468,0.072315
24,508,2068,43,0.089041,0.077864
24,509,33945,255377,0.089056,0.091657
24,510,514483,1317405,0.139754,0.090797
24,511,9708,340514,0.096042,0.104045
25,0,17867,232053,nan,nan
25,1,20037,307674,nan,nan
25,2,17732,210738,nan,nan
25,3,38257,439407,nan,nan
25,4,18341,242421,nan,nan
25,5,41642,261573,nan,nan
25,6,20891,219297,nan,nan
25,7,19702,217611,nan,nan
25,8,29529,250540,nan,nan
25,9,27793,499083,nan,nan
25,10,2,0,0.074707,0.000000
25,11,2242,277,0.104969,0.093086
25,12,130086,489273,0.102908,0.156352
25,13,11197,103464,0.061909,0.074413
25,14,436,196,0.074012,0.079744
25,15,929,26310,0.071186,0.078271
25,16,30046,355783,0.087968,0.105761
25,17,28,3,0.078020,0.089355
25,18,36700,21771,0.081443,0.073709
25,19,497,483949,0.078831,0.109202
25,20,4332,78000,0.074828,0.082047
25,21,4099,89998,0.082402,0.074010
25,22,4363,129849,0.079697,0.096086
25,23,113757,727886,0.112555,0.126356
25,24,20,56,0.070947,0.070334
25,25,58208,39087,0.070403,0.083246
25,26,64353,592409,0.091544,0.111091
25,27,5922,79898,0.079738,0.087219
25,28,207,147251,0.082668,0.086832
25,29,78722,92168,0.114716,0.082816
25,30,48536,234820,0.122386,0.150109
25,31,2189,462,0.081658,0.087358
25,32,24930,78137,0.082884,0.081678
25,33,650,361,0.076316,0.083816
25,34,2501,830,0.079956,0.089899
25,35,9417,187299,0.085801,0.093631
25,36,268,34,0.080335,0.079346
25,37,1546,163095,0.091433,0.102494
25,38,8274,21679,0.081743,0.079321
25,39,450,2867,0.065354,0.057377
25,40,3,1,0.050537,0.056641
25,41,21350,2583971,0.067153,0.093516
25,42,173903,106928,0.146432,0.073822
25,43,28938,318282,0.087814,0.084875
25,44,1606,432834,0.066876,0.080838
25,45,2160,51748,0.064184,0.083742
25,46,100249,787045,0.098866,0.099026
25,47,1388,31567,0.074585,0.074176
25,48,365,819,0.067235,0.065488
25,49,2118,8240,0.098780,0.091648
25,50,212,1084,0.067381,0.063535
25,51,180,16599,0.075648,0.070052
25,52,12234,14498,0.087732,0.088545
25,53,334,24554,0.067505,0.080059
25,54,19,15,0.054373,0.036523
25,55,15,0,0.066846,0.000000
25,56,5654,36815,0.067518,0.077516
25,57,1865,91497,0.071454,0.090881
25,58,312,657,0.069255,0.084402
25,59,63747,91969,0.090419,0.091804
25,60,644,3360,0.061035,0.071357
25,61,7458,12872,0.068523,0.071453
25,62,3692,64614,0.061065,0.071901
25,63,1714,56902,0.060094,0.081522
25,64,1146,55858,0.077542,0.080041
25,65,6562,26925,0.059877,0.058991
25,66,16886,147927,0.064261,0.081945
25,67,3382,112679,0.053138,0.070219
25,68,606,1579,0.064335,0.076840
25,69,139439,474444,0.080467,0.083405
25,70,101317,83667,0.126339,0.071771
25,71,22953,195297,0.054852,0.090697
25,72,2415,115724,0.098886,0.086334
25,73,599,43708,0.055329,0.062084
25,74,305,256,0.066559,0.068753
25,75,600,2305,0.068377,0.072549
25,76,172,2533,0.084917,0.077339
25,77,58522,378777,0.060879,0.076378
25,78,22249,152493,0.063854,0.078741
25,79,88,2,0.069132,0.105957
25,80,31,2464,0.058090,0.064633
25,81,837,66652,0.071727,0.078536
25,82,3335,167797,0.096152,0.101870
25,83,297,793,0.074740,0.068832
25,84,24403,308511,0.066242,0.123488
25,85,1,0,0.050293,0.000000
25,86,185,1452,0.072551,0.070327
25,87,3623,66846,0.080953,0.101553
25,88,3728,124237,0.097344,0.106408
25,89,23932,117088,0.080000,0.083040
25,90,2734,39722,0.066771,0.066080
25,91,112448,6802,0.076800,0.059453
25,92,37732,385398,0.083458,0.085220
25,93,4977,23,0.081082,0.074834
25,94,843,130607,0.069341,0.074591
25,95,743,280,0.074639,0.079360
25,96,6643,156182,0.084216,0.088815
25,97,937,5902,0.075894,0.079184
25,98,2462,101833,0.069830,0.085795
25,99,2405,1230,0.093663,0.083086
25,100,76,13,0.061212,0.058105
25,101,1994,175587,0.077021,0.096137
25,102,7987,216449,0.113171,0.126829
25,103,770,111,0.084880,0.090473
25,104,25,6365,0.068711,0.078248
25,105,28923,77009,0.091359,0.087390
25,106,259,266,0.080756,0.075686
25,107,1509,195078,0.078185,0.108358
25,108,126,24,0.061506,0.072713
25,109,4306,73674,0.059664,0.065527
25,110,715,219555,0.076920,0.074480
25,111,0,40,0.000000,0.060577
25,112,1537,113947,0.088897,0.076596
25,113,399,1442,0.069052,0.075445
25,114,15238,347555,0.108804,0.083235
25,115,53,37251,0.082865,0.085677
25,116,18557,26393,0.097304,0.100026
25,117,9842,107158,0.100572,0.122426
25,118,187,8057,0.069521,0.074977
25,119,19055,195981,0.082198,0.084686
25,120,21,2,0.066604,0.049927
25,121,2689,251827,0.068608,0.090161
25,122,130451,101882,0.090070,0.085523
25,123,39559,628653,0.083120,0.094825
25,124,15221,24882,0.052529,0.081138
25,125,6707,15857,0.083123,0.076047
25,126,8109,236754,0.087553,0.089842
25,127,15,317,0.058008,0.052736
25,128,290,89628,0.076439,0.081345
25,129,867,1587,0.078746,0.068935
25,130,3775,95738,0.054069,0.059533
25,131,56370,184243,0.102698,0.087395
25,132,30091,134091,0.089774,0.079891
25,133,2567,25382,0.085884,0.093363
25,134,24373,225152,0.074324,0.082066
25,135,39718,10957,0.069126,0.081079
25,136,8087,138153,0.149738,0.128316
25,137,4066,326484,0.065875,0.086716
25,138,12177,329515,0.087590,0.098120
25,139,182,68,0.081412,0.078559
25,140,1085,2623,0.093698,0.078340
25,141,53709,1172584,0.082734,0.106720
25,142,466,8337,0.070057,0.069720
25,143,39558,366515,0.068490,0.080434
25,144,107,62,0.083971,0.080476
25,145,330,148,0.077641,0.073653
25,146,146,50,0.074457,0.076362
25,147,25,6030,0.074053,0.080857
25,148,3095,122795,0.094562,0.109445
25,149,2172,98348,0.068546,0.081468
25,150,17233,174438,0.087019,0.079041
25,151,1125,5718,0.090230,0.079674
25,152,3071,139146,0.082503,0.082315
25,153,2310,305,0.076599,0.079869
25,154,307,36261,0.100050,0.102600
25,155,296,246,0.059197,0.070726
25,156,15910,979282,0.080680,0.115773
25,157,1740,16286,0.069293,0.077419
25,158,339,52189,0.064857,0.080849
25,159,1472,33188,0.090548,0.089111
25,160,419,148854,0.084945,0.094566
25,161,418,100,0.066290,0.063003
25,162,11521,2205,0.079855,0.061895
25,163,12,38,0.081706,0.069349
25,164,536,134351,0.073288,0.076874
25,165,25017,241381,0.083351,0.085793
25,166,51769,402302,0.138248,0.132067
25,167,243,545,0.069833,0.056894
25,168,38560,259685,0.092536,0.114317
25,169,36565,367293,0.107587,0.107235
25,170,8681,4578,0.076015,0.069110
25,171,4215,68417,0.065212,0.075132
25,172,164,75,0.077148,0.086305
25,173,826,270,0.070542,0.077865
25,174,8036,46054,0.083944,0.091652
25,175,4374,44004,0.087186,0.083280
25,176,2881,5331,0.082516,0.080565
25,177,36902,354031,0.060025,0.067861
25,178,6106,347508,0.084518,0.084012
25,179,261,78164,0.074414,0.084487
25,180,2401,257030,0.071417,0.076885
25,181,632129,312879,0.135281,0.073291
25,182,60,563,0.073946,0.066400
25,183,9246,58757,0.093544,0.088243
25,184,1422,66151,0.089029,0.085300
25,185,470,98107,0.077932,0.089923
25,186,74508,344770,0.100362,0.089568
25,187,29356,234731,0.156990,0.131460
25,188,65522,65884,0.090662,0.099069
25,189,11776,0,0.045343,0.000000
25,190,13660,119024,0.094659,0.076303
25,191,68039,38841,0.095276,0.084826
25,192,17157,143672,0.076836,0.086947
25,193,273,114,0.072618,0.058118
25,194,175143,238048,0.095112,0.078115
25,195,421,1962,0.073833,0.077064
25,196,2882,768264,0.064065,0.071521
25,197,12172,234611,0.078584,0.091634
25,198,113008,1722106,0.111064,0.108307
25,199,2389,33171,0.078983,0.074452
25,200,14702,8756,0.083122,0.072636
25,201,855,1955,0.089483,0.089708
25,202,206,7802,0.065927,0.073346
25,203,2133,6514,0.075116,0.073326
25,204,14330,137013,0.074096,0.081292
25,205,238736,382866,0.101073,0.085523
25,206,13113,29607,0.074390,0.074068
25,207,186697,153748,0.123633,0.098682
25,208,2766,66583,0.075045,0.074172
25,209,56781,756365,0.103090,0.117857
25,210,537,9059,0.061027,0.071817
25,211,3814,1797,0.075641,0.074196
25,212,2331,306602,0.073420,0.108995
25,213,1120,37930,0.070299,0.078122
25,214,93057,686602,0.093834,0.108078
25,215,2768,1132,0.081212,0.091045
25,216,3240,110299,0.110385,0.121622
25,217,2521,1869,0.081457,0.082541
25,218,16415,277956,0.082233,0.087204
25,219,497,6077,0.091645,0.088339
25,220,941,23566,0.081251,0.076602
25,221,99,66,0.072881,0.067579
25,222,16262,154041,0.089220,0.093859
25,223,25578,170240,0.072623,0.070693
25,224,167,167,0.067449,0.066478
25,225,15448,16743,0.085444,0.089066
25,226,63,13,0.057423,0.060265
25,227,209669,650231,0.093397,0.089876
25,228,353,10782,0.083247,0.075813
25,229,0,0,0.000000,0.000000
25,230,1921,9480,0.081201,0.086431
25,231,499,4,0.074947,0.075195
25,232,14229,35432,0.069223,0.077529
25,233,561,140753,0.065403,0.082225
25,234,12807,55323,0.068534,0.072604
25,235,6150,12627,0.068984,0.075740
25,236,661,55608,0.069590,0.076922
25,237,662,6426,0.094235,0.079366
25,238,58993,556952,0.108962,0.092683
25,239,1234,442924,0.071312,0.087412
25,240,164,21,0.071061,0.062221
25,241,297,380,0.079549,0.075874
25,242,1028,891,0.063328,0.069828
25,243,37594,286487,0.099422,0.105483
25,244,95,2897,0.061897,0.077698
25,245,88724,250155,0.123780,0.112723
25,246,12715,28166,0.073849,0.060992
25,247,33794,363828,0.080702,0.093091
25,248,2,1946,0.066162,0.080374
25,249,979,222598,0.072612,0.090362
25,250,147,92,0.078719,0.073367
25,251,53643,189814,0.089427,0.083273
25,252,3669,50626,0.070649,0.074884
25,253,30,4,0.068164,0.075195
25,254,328,13629,0.084393,0.084744
25,255,391,5011,0.073970,0.078045
25,256,1934,384940,0.067235,0.084590
25,257,2807,95642,0.080709,0.092652
25,258,841,26376,0.073192,0.113785
25,259,641,41192,0.078346,0.085061
25,260,12349,241143,0.071267,0.079710
25,261,6817,54097,0.073743,0.081409
25,262,1446,3029,0.075109,0.079542
25,263,962,255986,0.074724,0.082281
25,264,964,12812,0.079172,0.101597
25,265,37120,879383,0.096544,0.111403
25,266,236,5292,0.066849,0.076104
25,267,448,132174,0.067574,0.088120
25,268,7820,84985,0.081013,0.093504
25,269,879,64,0.058245,0.070496
25,270,73329,756189,0.136784,0.146918
25,271,2228,46641,0.084601,0.090356
25,272,2877,87244,0.072974,0.088552
25,273,16703,7491,0.076729,0.093206
25,274,685,107,0.067175,0.085773
25,275,2284,212387,0.072732,0.110895
25,276,40,29,0.073358,0.083715
25,277,1904,70543,0.051312,0.063100
25,278,106859,1077653,0.097924,0.111695
25,279,535,52385,0.078661,0.080708
25,280,20848,143035,0.089837,0.085735
25,281,2104,54826,0.078156,0.080076
25,282,40135,73950,0.054612,0.078646
25,283,363,5649,0.075846,0.082084
25,284,203589,1007827,0.118535,0.127012
25,285,33374,271792,0.088338,0.087148
25,286,16116,312423,0.079752,0.088386
25,287,1412,465,0.074979,0.080481
25,288,2616,3482,0.076168,0.084718
25,289,23264,154126,0.145007,0.146216
25,290,5950,240456,0.071975,0.093124
25,291,302642,1122505,0.138652,0.129314
25,292,4815,50013,0.078527,0.085783
25,293,17299,273127,0.145998,0.084147
25,294,80138,710057,0.094078,0.105722
25,295,104,10,0.060677,0.073926
25,296,1701,66322,0.072168,0.082086
25,297,4335,68078,0.073173,0.085445
25,298,1643,2232,0.079210,0.093835
25,299,13830,142482,0.062561,0.069218
25,300,2096,674343,0.071671,0.075247
25,301,17,4,0.063462,0.079224
25,302,827,172546,0.065979,0.086933
25,303,30871,171952,0.098599,0.109919
25,304,37,102582,0.073335,0.095166
25,305,1388,4158,0.075144,0.073841
25,306,178,65,0.080395,0.074643
25,307,45,64,0.058529,0.072002
25,308,53843,134487,0.092547,0.102144
25,309,18634,12769,0.078522,0.061998
25,310,17449,215091,0.077116,0.082626
25,311,175,2671,0.134285,0.070427
25,312,2758,2253,0.091246,0.090310
25,313,261,31523,0.068312,0.074828
25,314,33349,274217,0.072315,0.083794
25,315,60,10110,0.057685,0.072326
25,316,207,46996,0.081495,0.082467
25,317,15,190,0.053304,0.097959
25,318,41,16,0.072283,0.068954
25,319,29012,281052,0.135372,0.126855
25,320,13291,46104,0.060116,0.071907
25,321,3866,10769,0.063481,0.071714
25,322,41740,243355,0.099947,0.124482
25,323,9020,79053,0.083084,0.138316
25,324,19274,243062,0.101608,0.096825
25,325,3593,35343,0.082779,0.078867
25,326,5767,133271,0.068516,0.077017
25,327,91,148,0.064913,0.071984
25,328,2872,35444,0.071072,0.078553
25,329,15059,223110,0.076597,0.122383
25,330,166,41998,0.068035,0.079310
25,331,8969,96773,0.079087,0.078868
25,332,130821,1788032,0.108497,0.108789
25,333,2130,104156,0.072991,0.079903
25,334,54273,881581,0.087075,0.124378
25,335,2679,28889,0.107658,0.087365
25,336,268,122007,0.079320,0.080037
25,337,15,100,0.065299,0.066162
25,338,295,155,0.075315,0.095716
25,339,2339,80436,0.074641,0.081765
25,340,7,102,0.068708,0.086194
25,341,2187,112210,0.070239,0.077902
25,342,74,1923,0.074844,0.072984
25,343,234,77,0.081433,0.064123
25,344,23079,147919,0.237716,0.065049
25,345,493,2358,0.081520,0.071153
25,346,13153,244773,0.080498,0.094789
25,347,31649,266513,0.053284,0.069819
25,348,53,895,0.071450,0.072646
25,349,2207,12693,0.069548,0.075508
25,350,37,21,0.082774,0.069034
25,351,195,78,0.069294,0.071201
25,352,1194,10694,0.067170,0.075156
25,353,3254,307368,0.086417,0.108910
25,354,356,881,0.070634,0.073172
25,355,38798,500944,0.069775,0.084091
25,356,10935,298108,0.063819,0.074860
25,357,1693,2295,0.096026,0.081126
25,358,149,36,0.100109,0.089572
25,359,2112,1606,0.075284,0.077597
25,360,7,205,0.086914,0.083350
25,361,2,0,0.195801,0.000000
25,362,51,1176,0.065626,0.076415
25,363,878,315,0.085600,0.086758
25,364,112511,1112976,0.093229,0.105252
25,365,10172,168858,0.072792,0.088904
25,366,85142,605082,0.114266,0.130558
25,367,7992,23072,0.067814,0.069210
25,368,56889,585684,0.097738,0.113378
25,369,54578,304939,0.085232,0.120454
25,370,3424,10362,0.088847,0.089725
25,371,28843,12757,0.098585,0.074413
25,372,16,61,0.064697,0.057097
25,373,1193,1982,0.069846,0.071088
25,374,190,43684,0.077311,0.080495
25,375,57631,382,0.096612,0.082337
25,376,33376,192523,0.071639,0.068425
25,377,75,126,0.087791,0.078873
25,378,276955,593987,0.064169,0.074840
25,379,8388,185555,0.073054,0.078343
25,380,302,111520,0.076180,0.080749
25,381,27773,110436,0.174852,0.559439
25,382,706,23,0.076153,0.067776
25,383,2017,101989,0.081271,0.086657
25,384,27978,1162111,0.090833,0.109957
25,385,66518,18620,0.082605,0.100123
25,386,167,15,0.070976,0.070150
25,387,49138,279356,0.110937,0.128164
25,388,79,4466,0.081586,0.078985
25,389,12626,320151,0.087885,0.097146
25,390,13796,65137,0.095727,0.074280
25,391,27598,192863,0.163088,0.123448
25,392,3098,1127,0.065731,0.060743
25,393,28173,223659,0.083897,0.082416
25,394,28298,227425,0.124200,0.099300
25,395,41654,29163,0.065169,0.069916
25,396,10581,23889,0.078358,0.079485
25,397,309,612,0.073607,0.072491
25,398,11041,636575,0.089648,0.111344
25,399,6029,522946,0.070375,0.091075
25,400,1,0,0.073730,0.000000
25,401,29251,1042617,0.094453,0.148661
25,402,308,354,0.087510,0.082111
25,403,8994,206570,0.083924,0.126062
25,404,52,28,0.065702,0.069920
25,405,70896,135074,0.132136,0.094951
25,406,80831,130841,0.088835,0.080388
25,407,192,3294,0.079351,0.089385
25,408,41306,4306,0.118294,0.105582
25,409,21,2154,0.079956,0.081588
25,410,7605,84783,0.072723,0.076870
25,411,208335,915825,0.107778,0.104918
25,412,22229,176509,0.109539,0.114315
25,413,2294,21139,0.078223,0.088507
25,414,21,3,0.101208,0.065104
25,415,51792,456030,0.097889,0.091422
25,416,22100,424835,0.079388,0.118767
25,417,16608,115123,0.088119,0.098474
25,418,880,59,0.072981,0.072286
25,419,1093,29224,0.114983,0.085711
25,420,65753,194698,0.121048,0.120676
25,421,10089,155931,0.062734,0.073862
25,422,109,2090,0.081127,0.053048
25,423,20854,1197383,0.082101,0.091943
25,424,33238,121978,0.084298,0.107432
25,425,106850,1436972,0.101026,0.113832
25,426,25,117414,0.053428,0.080337
25,427,162267,675983,0.128242,0.131641
25,428,20698,541761,0.081615,0.084327
25,429,147,26324,0.066222,0.077263
25,430,2793,297196,0.081129,0.098249
25,431,74327,543524,0.091271,0.098879
25,432,400,1330,0.079198,0.079248
25,433,149,65,0.089657,0.092927
25,434,869,61,0.077176,0.076628
25,435,294,38614,0.081770,0.086285
25,436,916,334,0.074109,0.068606
25,437,11675,181878,0.073925,0.082819
25,438,27028,486731,0.125297,0.105826
25,439,153,226,0.073545,0.087778
25,440,46889,136488,0.095447,0.089386
25,441,827,825,0.073985,0.079338
25,442,3579,36277,0.070691,0.079476
25,443,732,1165,0.072907,0.078659
25,444,4415,299,0.086683,0.081744
25,445,3473,1656,0.081934,0.084689
25,446,4881,642162,0.069459,0.078610
25,447,1830,110918,0.068494,0.085187
25,448,19905,199208,0.077730,0.086326
25,449,177,21,0.080940,0.073614
25,450,18853,148887,0.080384,0.083209
25,451,29524,154632,0.073290,0.072840
25,452,2016,6094,0.076569,0.087550
25,453,309,384,0.107646,0.084361
25,454,13537,169250,0.076116,0.080926
25,455,5256,69168,0.072002,0.079604
25,456,5,11823,0.073193,0.089734
25,457,1556,1971,0.081641,0.078964
25,458,3692,1125,0.079050,0.082433
25,459,32527,322799,0.089028,0.101347
25,460,113505,434502,0.063473,0.070251
25,461,1600,1420,0.093118,0.088245
25,462,6490,130141,0.076902,0.093491
25,463,1303,195,0.077577,0.086179
25,464,432,1237117,0.063592,0.092751
25,465,974,43534,0.076064,0.078254
25,466,2015,676,0.083067,0.088799
25,467,656,1414,0.069893,0.081020
25,468,30700,92330,0.089052,0.086507
25,469,41683,440083,0.109364,0.115021
25,470,22676,236244,0.082904,0.087187
25,471,2373,481,0.085688,0.085992
25,472,1484,464,0.076350,0.073914
25,473,37,3,0.082097,0.069173
25,474,44049,218250,0.099119,0.105010
25,475,29985,16114,0.062665,0.113685
25,476,258,97731,0.069462,0.078094
25,477,1000,8289,0.084775,0.082895
25,478,44,0,0.082231,0.000000
25,479,5110,187707,0.093165,0.116354
25,480,138,7,0.087868,0.071463
25,481,13444,215494,0.081370,0.090681
25,482,655,142407,0.072090,0.076113
25,483,40961,313846,0.057211,0.084770
25,484,6947,51912,0.104978,0.096919
25,485,33089,484846,0.107270,0.118110
25,486,79,75,0.101967,0.078190
25,487,1432,100376,0.065338,0.070092
25,488,3582,82243,0.068354,0.085301
25,489,96,5604,0.070105,0.069890
25,490,2038,28316,0.067155,0.075844
25,491,93,16345,0.071754,0.087170
25,492,1204,101813,0.074694,0.091939
25,493,5641,59909,0.080447,0.083271
25,494,659,70753,0.101246,0.095618
25,495,23724,114234,0.110380,0.095248
25,496,497,254,0.094399,0.094479
25,497,5475,241105,0.083196,0.111014
25,498,1106,28798,0.070205,0.083659
25,499,13132,159229,0.086246,0.087136
25,500,72737,291133,0.098895,0.093055
25,501,2566,122334,0.084862,0.088351
25,502,77534,172870,0.101528,0.068749
25,503,19113,257815,0.121282,0.114618
25,504,5541,302384,0.079837,0.090644
25,505,4986,1652,0.083314,0.082521
25,506,1023,293,0.090907,0.092376
25,507,4164,933,0.064590,0.069367
25,508,1073,265,0.080420,0.078355
25,509,7173,146969,0.073935,0.083094
25,510,37637,165058,0.121864,0.076319
25,511,211,2044,0.083372,0.084849
26,0,21193,219194,nan,nan
26,1,24713,210891,nan,nan
26,2,17950,233352,nan,nan
26,3,18344,210943,nan,nan
26,4,17857,211109,nan,nan
26,5,18082,282779,nan,nan
26,6,60803,499142,nan,nan
26,7,43930,780484,nan,nan
26,8,19349,235563,nan,nan
26,9,19536,211758,nan,nan
26,10,16446,34731,0.060619,0.075411
26,11,86878,923060,0.086983,0.107505
26,12,11644,39778,0.076036,0.080880
26,13,407,1371,0.070193,0.075877
26,14,492,24843,0.068163,0.076970
26,15,1169,191683,0.084389,0.093914
26,16,8307,14155,0.075614,0.072094
26,17,94723,1095564,0.113789,0.141785
26,18,19402,162265,0.070931,0.092743
26,19,2463,54443,0.097381,0.099201
26,20,2736,37855,0.068428,0.075956
26,21,6078,203240,0.066068,0.088633
26,22,695,12273,0.074175,0.075438
26,23,518,74,0.072489,0.080111
26,24,29034,234190,0.074402,0.082681
26,25,59777,617072,0.087097,0.094227
26,26,46745,355472,0.093188,0.090436
26,27,813,45615,0.072129,0.085946
26,28,3094,20862,0.070214,0.074330
26,29,28051,350704,0.083092,0.095961
26,30,633,205,0.091770,0.084005
26,31,819,4042,0.060936,0.078831
26,32,13353,222730,0.071805,0.079460
26,33,3425,64693,0.057326,0.078663
26,34,121341,440855,0.086588,0.112596
26,35,149685,577373,0.105943,0.089780
26,36,132244,714314,0.104742,0.090515
26,37,64,3368,0.072788,0.073179
26,38,54382,493422,0.059766,0.078656
26,39,72339,1658233,0.108553,0.122561
26,40,25670,255352,0.076400,0.081841
26,41,400,18325,0.055638,0.071735
26,42,2610,154031,0.077554,0.091542
26,43,109801,494885,0.128568,0.138503
26,44,27369,10578,0.066131,0.080607
26,45,30,7,0.070418,0.065569
26,46,44175,306202,0.092525,0.095910
26,47,1775,404,0.072889,0.074731
26,48,617,129200,0.076834,0.094387
26,49,2183,845,0.102515,0.091452
26,50,30689,119719,0.108118,0.099016
26,51,4680,41040,0.074936,0.088619
26,52,957,137245,0.070899,0.082711
26,53,4064,2048,0.088727,0.079380
26,54,17049,211140,0.076631,0.093311
26,55,254232,1099550,0.117696,0.131395
26,56,13889,420071,0.070678,0.097248
26,57,58344,512821,0.107872,0.125542
26,58,2285,56405,0.069595,0.095362
26,59,9755,387588,0.104253,0.097177
26,60,75632,784147,0.093000,0.103108
26,61,135,72,0.088630,0.051293
26,62,638,446,0.087825,0.070555
26,63,137,14701,0.092109,0.076024
26,64,1083,9868,0.087313,0.084872
26,65,376,30240,0.080995,0.083420
26,66,88,5,0.084500,0.069238
26,67,4380,142503,0.067061,0.077102
26,68,1962,2213,0.079756,0.073966
26,69,45088,946402,0.080989,0.091525
26,70,18038,148728,0.102029,0.083206
26,71,142,40568,0.073978,0.098093
26,72,1995,459515,0.069004,0.084091
26,73,22091,69819,0.075586,0.086124
26,74,35368,243267,0.101363,0.104165
26,75,1466,690,0.085454,0.074522
26,76,2071,78211,0.072590,0.074827
26,77,3806,6020,0.108723,0.096630
26,78,682,194,0.084563,0.088672
26,79,3963,541,0.048638,0.067124
26,80,30463,160393,0.191826,0.092679
26,81,1271,30885,0.074140,0.088527
26,82,9206,201704,0.108560,0.141379
26,83,2620,187975,0.076892,0.088066
26,84,3,967,0.056803,0.069821
26,85,2475,88862,0.069263,0.091167
26,86,10577,5585,0.128245,0.091625
26,87,52264,12880,0.105126,0.114003
26,88,11782,286540,0.073733,0.090912
26,89,4020,27869,0.089869,0.092590
26,90,1880,22337,0.090370,0.081540
26,91,276,96018,0.065165,0.081688
26,92,236,30841,0.069795,0.086393
26,93,28393,320020,0.110834,0.112743
26,94,160,132643,0.079916,0.091257
26,95,106137,10578,0.065355,0.069471
26,96,36097,76646,0.066981,0.083472
26,97,494,3396,0.086964,0.082326
26,98,4757,211860,0.062293,0.083777
26,99,1192,247090,0.070483,0.076559
26,100,9085,277952,0.074343,0.091713
26,101,809,35250,0.081850,0.084629
26,102,150829,1166166,0.104748,0.119380
26,103,15991,196539,0.065772,0.090480
26,104,189,93,0.077679,0.079847
26,105,3097,25905,0.073670,0.083332
26,106,1674,81453,0.083154,0.086568
26,107,242010,133656,0.150148,0.078644
26,108,105314,362317,0.098463,0.089695
26,109,6845,208852,0.079789,0.084202
26,110,85606,418396,0.106372,0.126325
26,111,0,113139,0.000000,0.157180
26,112,1634,291120,0.070175,0.080402
26,113,2945,75713,0.064811,0.092232
26,114,21502,426120,0.091344,0.109889
26,115,498,73,0.060795,0.066523
26,116,113757,13319,0.082719,0.078515
26,117,2414,20949,0.084889,0.085281
26,118,1,10,0.044678,0.068262
26,119,109,147658,0.066447,0.086004
26,120,6766,864,0.046745,0.067968
26,121,39,469,0.058769,0.066270
26,122,26447,9372,0.075986,0.095856
26,123,365,133389,0.076297,0.086986
26,124,139641,782733,0.108624,0.128895
26,125,1113,237,0.088362,0.084362
26,126,86,12,0.071308,0.071676
26,127,224,25317,0.065848,0.077128
26,128,731,21508,0.072721,0.078624
26,129,4953,1907,0.085820,0.080715
26,130,304,132,0.063125,0.072170
26,131,829,95696,0.067041,0.079945
26,132,292,98,0.076945,0.073608
26,133,828,378,0.082732,0.077901
26,134,17217,267011,0.086039,0.085257
26,135,224,16505,0.064289,0.081014
26,136,11317,120417,0.086267,0.095348
26,137,5039,194192,0.078632,0.100696
26,138,0,6,0.000000,0.048177
26,139,150599,61175,0.091687,0.069774
26,140,1795,27277,0.074321,0.075249
26,141,4856,260179,0.059819,0.086431
26,142,64680,444494,0.103422,0.119894
26,143,519106,896726,0.142026,0.086681
26,144,846,8131,0.080090,0.077533
26,145,355,92,0.078959,0.083390
26,146,11690,242380,0.080287,0.085961
26,147,3292,889279,0.060284,0.083084
26,148,2051,98432,0.077648,0.103199
26,149,5917,99795,0.068702,0.078814
26,150,99334,760411,0.104280,0.116138
26,151,5231,142995,0.077718,0.088807
26,152,30302,186382,0.060538,0.104210
26,153,4261,40989,0.054383,0.064929
26,154,3721,209624,0.066886,0.077809
26,155,971,23357,0.038706,0.076798
26,156,54,16,0.072483,0.081406
26,157,992,444,0.068379,0.068820
26,158,11625,130746,0.075190,0.090853
26,159,69442,822034,0.105654,0.108640
26,160,252367,1023107,0.115425,0.108400
26,161,7111,144070,0.082883,0.091993
26,162,60964,164481,0.080840,0.089437
26,163,3057,60868,0.053760,0.074510
26,164,1024,2000,0.068548,0.085386
26,165,13267,607585,0.083897,0.104339
26,166,1716,625,0.080599,0.076080
26,167,631,50,0.079551,0.074775
26,168,5846,57452,0.085302,0.101810
26,169,92143,712742,0.100737,0.107078
26,170,379,169,0.069901,0.075214
26,171,353,353546,0.074609,0.105434
26,172,21630,243264,0.079497,0.086969
26,173,384,17339,0.072830,0.087577
26,174,0,0,0.000000,0.000000
26,175,589,48049,0.081636,0.099054
26,176,10330,162742,0.085987,0.097525
26,177,5360,156651,0.076411,0.086410
26,178,4208,69391,0.052595,0.060970
26,179,64733,15375,0.082959,0.106350
26,180,33881,310314,0.094507,0.098589
26,181,2868,247,0.057922,0.076227
26,182,851,44329,0.066222,0.082675
26,183,27931,96010,0.097443,0.087781
26,184,22710,424900,0.074989,0.090517
26,185,1805,173868,0.073344,0.112612
26,186,2108,43731,0.079030,0.079967
26,187,4368,98878,0.073672,0.062830
26,188,3916,223857,0.078546,0.115275
26,189,4076,98417,0.080502,0.103973
26,190,171,62,0.081700,0.083890
26,191,232,1464,0.075415,0.081994
26,192,7727,10650,0.082126,0.073619
26,193,7907,497991,0.067974,0.096589
26,194,23250,286388,0.105967,0.105594
26,195,12580,798995,0.081105,0.136476
26,196,86612,552235,0.094115,0.094388
26,197,97796,1416855,0.069810,0.087558
26,198,6048,21678,0.053745,0.081183
26,199,9692,343727,0.103791,0.127523
26,200,312,383145,0.071454,0.083098
26,201,4876,244820,0.079625,0.094410
26,202,5284,121078,0.064856,0.086953
26,203,213917,239259,0.112703,0.088556
26,204,573,50760,0.053101,0.069559
26,205,15042,82954,0.094853,0.091172
26,206,1511,53663,0.094266,0.103300
26,207,24454,328301,0.092538,0.102028
26,208,405,4688,0.067115,0.078971
26,209,5587,79,0.046754,0.063467
26,210,12142,17635,0.082808,0.077946
26,211,682,155,0.071234,0.073004
26,212,4344,206506,0.058782,0.084279
26,213,4,8,0.062744,0.059967
26,214,8314,26338,0.065929,0.082224
26,215,226,598,0.071704,0.069316
26,216,1903,742,0.079566,0.080816
26,217,5722,13491,0.087423,0.095627
26,218,9,16,0.057509,0.057693
26,219,4870,3013,0.089714,0.079141
26,220,9911,98679,0.085444,0.088091
26,221,303,14774,0.067036,0.075147
26,222,492,22046,0.089007,0.096367
26,223,1156,2576,0.056783,0.073505
26,224,954,14494,0.076105,0.078904
26,225,11708,181425,0.084515,0.094715
26,226,4975,13107,0.084364,0.072170
26,227,26871,78374,0.065537,0.100200
26,228,2606,432406,0.069725,0.078238
26,229,42609,330355,0.079121,0.092397
26,230,32901,304321,0.091026,0.091025
26,231,5011,231429,0.061874,0.081753
26,232,29145,128786,0.103338,0.109579
26,233,792,96398,0.073342,0.091032
26,234,274,19,0.071839,0.076467
26,235,6586,7085,0.079947,0.077158
26,236,324,101560,0.069885,0.077365
26,237,654,7764,0.076918,0.087007
26,238,1083,333624,0.072150,0.081759
26,239,16500,641239,0.071217,0.102501
26,240,16767,185315,0.083850,0.100846
26,241,158,21707,0.074973,0.077544
26,242,86498,261285,0.106625,0.112286
26,243,1209,134130,0.066122,0.090480
26,244,0,0,0.000000,0.000000
26,245,1287,4430,0.070708,0.111327
26,246,60733,689384,0.090046,0.100251
26,247,405,129881,0.062841,0.085815
26,248,1803,401026,0.068744,0.082937
26,249,40466,159636,0.084771,0.105147
26,250,10,161,0.069678,0.069970
26,251,49542,428819,0.085043,0.094277
26,252,11477,107404,0.073102,0.094277
26,253,14,629,0.073992,0.068410
26,254,1440,154356,0.072419,0.081022
26,255,172,749,0.080328,0.077909
26,256,26717,344144,0.096039,0.082764
26,257,15561,144678,0.082867,0.099545
26,258,935,12078,0.078775,0.089675
26,259,9325,146604,0.082423,0.091178
26,260,15299,181179,0.070805,0.082387
26,261,33337,273757,0.101808,0.101471
26,262,47,15624,0.073351,0.078892
26,263,347,120,0.065591,0.067865
26,264,18885,186722,0.205806,0.189644
26,265,217,6,0.069468,0.080973
26,266,2133,68815,0.087874,0.098687
26,267,660,48,0.078379,0.074793
26,268,57932,57865,0.088410,0.099816
26,269,5173,143820,0.064757,0.076279
26,270,2802,3993,0.109323,0.089821
26,271,177,74662,0.080175,0.093151
26,272,181559,119223,0.108714,0.094691
26,273,10455,64940,0.091288,0.090754
26,274,51,61507,0.059592,0.085599
26,275,65,31,0.084864,0.087001
26,276,132,121,0.080666,0.082235
26,277,0,68,0.000000,0.065537
26,278,42642,118840,0.078528,0.090801
26,279,90231,3555,0.071856,0.091984
26,280,1385,106889,0.072172,0.086087
26,281,2,0,0.075439,0.000000
26,282,607,279,0.078610,0.081470
26,283,226,23270,0.065100,0.102011
26,284,7809,147442,0.081912,0.083641
26,285,76807,112998,0.074739,0.093698
26,286,29557,107135,0.066830,0.080266
26,287,3069,240212,0.065322,0.086664
26,288,5235,112987,0.076674,0.094682
26,289,25215,298969,0.081072,0.087169
26,290,812,1945,0.057763,0.075306
26,291,3105,200188,0.076336,0.092298
26,292,2008,1096564,0.069314,0.099854
26,293,923,192613,0.072060,0.094697
26,294,4807,111776,0.065231,0.089800
26,295,3,0,0.069092,0.000000
26,296,89920,875814,0.105761,0.127211
26,297,7262,9539,0.074953,0.073767
26,298,1147,208691,0.078728,0.107100
26,299,3406,215694,0.076529,0.095234
26,300,10810,55849,0.076539,0.084843
26,301,1356,159,0.074607,0.078203
26,302,67933,136106,0.077872,0.078657
26,303,17183,227347,0.084725,0.101076
26,304,153164,101088,0.082755,0.079394
26,305,2264,277584,0.067992,0.093311
26,306,321,15203,0.059248,0.081096
26,307,19793,74791,0.095411,0.092962
26,308,7384,428123,0.051260,0.088688
26,309,2386,150,0.076341,0.078118
26,310,115,41626,0.080459,0.088187
26,311,4431,39962,0.066447,0.072919
26,312,20851,273446,0.092922,0.110397
26,313,44,236,0.054177,0.075233
26,314,9086,85554,0.075683,0.086505
26,315,437,759,0.077176,0.058442
26,316,1880,258964,0.068035,0.092479
26,317,18196,117299,0.127078,0.120705
26,318,11863,152313,0.088805,0.096637
26,319,919,59688,0.051026,0.092943
26,320,9465,91242,0.083051,0.101335
26,321,1554,153316,0.071345,0.082751
26,322,6152,492,0.067709,0.073510
26,323,1753,143181,0.073734,0.087226
26,324,251,12075,0.079380,0.084402
26,325,191,849,0.080639,0.078524
26,326,39467,404309,0.083584,0.086961
26,327,799,28070,0.066768,0.074614
26,328,2795,5719,0.086976,0.079120
26,329,169,42454,0.077442,0.086826
26,330,5369,138893,0.061066,0.079560
26,331,2229,341326,0.057994,0.083920
26,332,3547,11010,0.099425,0.100177
26,333,367,260,0.076155,0.076106
26,334,10968,442735,0.080084,0.094868
26,335,71307,365954,0.086338,0.093017
26,336,1756,72384,0.067677,0.088183
26,337,806,5067,0.068448,0.061031
26,338,894,32746,0.059644,0.080629
26,339,1446,5249,0.091858,0.085186
26,340,23016,411457,0.090267,0.128740
26,341,1243,179,0.062376,0.070362
26,342,27376,279549,0.076870,0.090061
26,343,399,9876,0.064396,0.068736
26,344,4690,94354,0.059425,0.076773
26,345,879,106269,0.069966,0.085328
26,346,66127,335743,0.101374,0.128204
26,347,21,18226,0.065476,0.072263
26,348,42,590,0.055405,0.070134
26,349,4158,148332,0.104559,0.120264
26,350,612,30655,0.076826,0.075073
26,351,410,8320,0.080295,0.083584
26,352,25435,133419,0.086254,0.091826
26,353,6292,144201,0.068336,0.078418
26,354,16660,95560,0.121980,0.087346
26,355,716,47,0.080043,0.080805
26,356,3322,29316,0.087655,0.096040
26,357,1343,8,0.061260,0.052231
26,358,105,243,0.062937,0.068315
26,359,1106,341538,0.070192,0.109242
26,360,41876,2811,0.065650,0.077702
26,361,0,78,0.000000,0.071170
26,362,12466,1276,0.022584,0.079453
26,363,2582,33749,0.082993,0.105142
26,364,552,52403,0.080780,0.102769
26,365,2167,226,0.050118,0.090944
26,366,59,7,0.078764,0.074602
26,367,15151,67512,0.099080,0.091037
26,368,4719,50848,0.076232,0.101515
26,369,66461,313877,0.096033,0.098395
26,370,552,53932,0.074028,0.092018
26,371,36872,156488,0.107149,0.098625
26,372,27,17237,0.081416,0.085775
26,373,27,48477,0.069273,0.094370
26,374,193,2770,0.081026,0.067982
26,375,3994,197154,0.074356,0.091508
26,376,38643,132795,0.076299,0.070434
26,377,136,285,0.081180,0.087096
26,378,6,32,0.071248,0.080750
26,379,61,101921,0.072366,0.109422
26,380,11653,173574,0.102887,0.093105
26,381,22237,223934,0.083746,0.093838
26,382,7272,69205,0.093266,0.115526
26,383,873,270,0.074336,0.077686
26,384,62,0,0.033179,0.000000
26,385,2003,251966,0.074017,0.096629
26,386,12387,1685,0.099232,0.073413
26,387,17,67,0.082792,0.075549
26,388,4743,2183,0.084571,0.072331
26,389,2685,8629,0.071063,0.072932
26,390,1813,309208,0.066531,0.081935
26,391,1213,38538,0.067019,0.072398
26,392,9859,589242,0.072840,0.110544
26,393,28101,122931,0.110343,0.107975
26,394,64,1140,0.069302,0.069914
26,395,9044,45386,0.114113,0.098792
26,396,52838,23892,0.063417,0.091440
26,397,5,86,0.069824,0.066063
26,398,1171,4263,0.060937,0.074952
26,399,131105,436269,0.108162,0.100804
26,400,892,67715,0.055909,0.078956
26,401,1217,1187,0.076394,0.077979
26,402,107,1809,0.088352,0.081055
26,403,3697,140850,0.075949,0.094714
26,404,20794,264546,0.066901,0.077132
26,405,771,999,0.080318,0.079009
26,406,315,408,0.073206,0.068674
26,407,766,116137,0.073219,0.089410
26,408,1354,33802,0.100173,0.097015
26,409,546,124,0.081296,0.078117
26,410,678,1483,0.078005,0.078059
26,411,157,77,0.089450,0.070116
26,412,16,1677,0.028603,0.067136
26,413,173,40560,0.059132,0.077149
26,414,1212,138543,0.075283,0.098698
26,415,2721,271133,0.086372,0.100742
26,416,17433,50913,0.089432,0.106991
26,417,14573,265289,0.081312,0.090024
26,418,9215,437,0.070045,0.074132
26,419,6,0,0.084595,0.000000
26,420,7610,150887,0.062441,0.093819
26,421,531,2292,0.071508,0.074433
26,422,34457,293839,0.081870,0.096345
26,423,6544,270099,0.062122,0.082474
26,424,3190,146045,0.057376,0.075219
26,425,43326,240949,0.098839,0.125448
26,426,189,46,0.083147,0.082132
26,427,12148,515,0.075932,0.075095
26,428,6225,71405,0.075014,0.087961
26,429,182,427,0.078762,0.092442
26,430,11409,106235,0.085725,0.083418
26,431,205956,164591,0.227174,0.091738
26,432,773,559,0.071233,0.069425
26,433,13242,219326,0.087118,0.094532
26,434,33572,187513,0.083489,0.094935
26,435,80,1150,0.062701,0.075406
26,436,1099,6760,0.072790,0.076098
26,437,42206,219789,0.095727,0.104484
26,438,71303,147387,0.088571,0.090429
26,439,13632,86743,0.097843,0.084491
26,440,335,1014,0.073318,0.084755
26,441,7766,165151,0.073427,0.091906
26,442,2108,65377,0.078477,0.088311
26,443,1455,6150,0.099299,0.076703
26,444,40,7,0.072797,0.079276
26,445,33838,53842,0.069677,0.108940
26,446,615,86661,0.068731,0.074735
26,447,44,365,0.072332,0.077214
26,448,9721,481405,0.077310,0.088210
26,449,2490,31562,0.087004,0.095776
26,450,3983,45595,0.076213,0.088137
26,451,324,279,0.080447,0.079950
26,452,252523,512594,0.124973,0.109338
26,453,17591,182859,0.058382,0.080201
26,454,5114,73212,0.077632,0.088547
26,455,918,2511,0.073916,0.079521
26,456,4291,408,0.085160,0.081226
26,457,3988,87045,0.089920,0.101716
26,458,19135,152946,0.073606,0.092274
26,459,609,143178,0.093030,0.104133
26,460,16,422,0.051865,0.079591
26,461,474,15789,0.072062,0.075086
26,462,109399,1008003,0.110381,0.113494
26,463,139,243247,0.080970,0.121460
26,464,172,15997,0.074692,0.087342
26,465,669,79,0.037934,0.067547
26,466,1265,276,0.059302,0.087730
26,467,836,452,0.062897,0.060853
26,468,348,2651,0.066937,0.082717
26,469,632,317,0.079745,0.080243
26,470,2455,1568,0.056384,0.057469
26,471,133219,701282,0.115229,0.116754
26,472,45591,103054,0.088991,0.088382
26,473,0,0,0.000000,0.000000
26,474,750,160383,0.081961,0.090621
26,475,176360,203449,0.072313,0.078194
26,476,49530,225985,0.085442,0.089920
26,477,3644,341900,0.063056,0.077068
26,478,665,196,0.082766,0.081765
26,479,15,4,0.061442,0.071533
26,480,29610,326881,0.094543,0.091919
26,481,17,1,0.053869,0.052979
26,482,2881,11346,0.099594,0.077567
26,483,0,5,0.000000,0.069678
26,484,31216,189029,0.100143,0.095841
26,485,3385,148102,0.064690,0.092333
26,486,29231,139222,0.091874,0.087957
26,487,148755,899024,0.092066,0.097011
26,488,10572,0,0.049464,0.000000
26,489,108275,80144,0.075543,0.101383
26,490,32979,2431810,0.074136,0.103313
26,491,38003,241,0.074921,0.061469
26,492,6449,70332,0.086724,0.076838
26,493,12025,785638,0.084963,0.139203
26,494,4963,70648,0.079254,0.088823
26,495,14936,94447,0.091735,0.083334
26,496,21608,111100,0.110799,0.102873
26,497,3260,1529,0.081396,0.074166
26,498,133,1178,0.069547,0.078032
26,499,1144,73841,0.068691,0.095923
26,500,10269,63327,0.094647,0.098148
26,501,375,2867,0.064388,0.079098
26,502,139,15838,0.069043,0.079584
26,503,112,6,0.085578,0.085409
26,504,54012,479183,0.062114,0.079829
26,505,101,5,0.075213,0.049756
26,506,389,199315,0.057688,0.088023
26,507,528,4495,0.071910,0.085515
26,508,27278,325551,0.089563,0.117844
26,509,1253,96706,0.065758,0.082281
26,510,3322,89624,0.079547,0.096277
26,511,1277,62613,0.084611,0.091536
27,0,27303,868037,nan,nan
27,1,28521,515365,nan,nan
27,2,26633,487578,nan,nan
27,3,25503,683093,nan,nan
27,4,28852,554764,nan,nan
27,5,22301,242633,nan,nan
27,6,40947,317844,nan,nan
27,7,18225,235738,nan,nan
27,8,30274,534343,nan,nan
27,9,20029,338357,nan,nan
27,10,280,22426,0.067579,0.082918
27,11,999,4276,0.067311,0.070946
27,12,560,40935,0.065255,0.074730
27,13,669,169102,0.080746,0.091637
27,14,6,0,0.053874,0.000000
27,15,84512,76100,0.096489,0.104083
27,16,1353,599,0.071790,0.066376
27,17,10955,281686,0.081080,0.082301
27,18,16880,213529,0.095815,0.093059
27,19,13787,77537,0.129177,0.116219
27,20,23463,1072572,0.078428,0.097261
27,21,39321,295656,0.148635,0.104094
27,22,79699,1130993,0.103330,0.108141
27,23,4753,147560,0.084408,0.090437
27,24,43427,272420,0.112431,0.116503
27,25,71662,17788,0.078172,0.082524
27,26,1093,4473,0.072411,0.069641
27,27,71902,231236,0.091934,0.082335
27,28,14795,192,0.105421,0.061707
27,29,22,1,0.066262,0.051758
27,30,48770,417491,0.125164,0.116334
27,31,147,58,0.057024,0.060421
27,32,392,311,0.073265,0.074287
27,33,30098,971519,0.081790,0.097554
27,34,293,15013,0.072050,0.081086
27,35,32410,112494,0.100783,0.094404
27,36,6052,54787,0.128824,0.091481
27,37,15663,365040,0.072087,0.104949
27,38,23069,85554,0.091669,0.104400
27,39,236,15212,0.088953,0.111233
27,40,916,1559661,0.073514,0.083132
27,41,452,134,0.081284,0.076176
27,42,260,2717,0.094924,0.070405
27,43,19791,233415,0.091466,0.121977
27,44,1803,111184,0.079179,0.085027
27,45,69481,123686,0.093105,0.080916
27,46,468,166,0.075206,0.072366
27,47,37,297,0.087152,0.078394
27,48,13964,221474,0.068032,0.076848
27,49,48940,149698,0.105225,0.095502
27,50,796,14592,0.064368,0.075991
27,51,116,472,0.055471,0.067644
27,52,22695,492925,0.092668,0.095484
27,53,161,6806,0.051308,0.061053
27,54,29943,310196,0.102963,0.095170
27,55,2160,23489,0.078818,0.082112
27,56,167,7957,0.071948,0.069242
27,57,244,559,0.070368,0.077721
27,58,43298,345819,0.098191,0.117141
27,59,2627,26742,0.078505,0.083300
27,60,2662,34596,0.077554,0.088694
27,61,3857,36080,0.048971,0.072135
27,62,366826,52703,0.093462,0.076124
27,63,4226,40291,0.089752,0.090831
27,64,4586,80914,0.066772,0.096330
27,65,6391,193844,0.074683,0.092382
27,66,2639,4151,0.064532,0.070229
27,67,16590,229062,0.086458,0.095850
27,68,58,12670,0.066747,0.076246
27,69,158658,599002,0.118718,0.119858
27,70,158,6791,0.070103,0.082568
27,71,26318,914968,0.099075,0.098758
27,72,63835,95840,0.108393,0.096994
27,73,103771,635231,0.105138,0.102956
27,74,7302,230103,0.104921,0.094822
27,75,104,3,0.056472,0.054932
27,76,241,23,0.052486,0.057256
27,77,2161,16323,0.081228,0.087998
27,78,79,9221,0.051761,0.056746
27,79,12018,116954,0.102909,0.112339
27,80,59434,386951,0.109636,0.124091
27,81,6640,1665,0.044984,0.073296
27,82,13451,86013,0.137218,0.130504
27,83,359,35939,0.059932,0.062195
27,84,12,5,0.058350,0.066309
27,85,1,2682,0.046387,0.047972
27,86,783,556,0.073376,0.074046
27,87,8721,492842,0.071846,0.092756
27,88,5290,57118,0.075474,0.077278
27,89,26402,390061,0.068634,0.114227
27,90,13655,3045,0.060672,0.067398
27,91,4390,150345,0.090902,0.116686
27,92,4240,155901,0.080166,0.086727
27,93,14196,276425,0.075831,0.105358
27,94,14585,38,0.059115,0.078388
27,95,1380,11978,0.077173,0.082931
27,96,75680,163062,0.102181,0.089070
27,97,399,18665,0.080775,0.084571
27,98,10167,80643,0.065640,0.079929
27,99,9331,143479,0.081324,0.095800
27,100,3419,70508,0.064552,0.082792
27,101,161877,1122096,0.112151,0.111701
27,102,5065,123089,0.042515,0.070098
27,103,6831,109092,0.075275,0.105033
27,104,55076,509378,0.107875,0.123421
27,105,6784,131926,0.131143,0.120689
27,106,1869,20305,0.088820,0.092058
27,107,2260,3407,0.080378,0.078174
27,108,1905,45478,0.078426,0.082871
27,109,1722,27365,0.073988,0.073252
27,110,16039,206841,0.098592,0.105352
27,111,7044,79900,0.075359,0.089025
27,112,3495,100518,0.082068,0.099515
27,113,35062,147,0.078055,0.068749
27,114,10,333,0.051794,0.067509
27,115,81088,476796,0.139493,0.118971
27,116,168,109,0.070832,0.073500
27,117,633,157021,0.069657,0.074189
27,118,24084,98017,0.090003,0.100173
27,119,48956,152641,0.107093,0.090514
27,120,57169,474658,0.096981,0.096426
27,121,28196,59784,0.051473,0.078782
27,122,9888,58160,0.085253,0.094109
27,123,1024,112083,0.063656,0.081073
27,124,4928,177958,0.081836,0.101350
27,125,75097,12976,0.115665,0.070239
27,126,150,8746,0.076203,0.075514
27,127,1782,2492,0.085597,0.076465
27,128,47603,307782,0.097059,0.108819
27,129,1733,193926,0.074894,0.095234
27,130,11429,186321,0.089732,0.098699
27,131,62666,560315,0.104406,0.125592
27,132,3034,60620,0.092760,0.109943
27,133,8950,178400,0.072667,0.082839
27,134,4455,70614,0.092153,0.108932
27,135,21452,202423,0.096325,0.105886
27,136,5440,177045,0.069826,0.098174
27,137,35647,199442,0.089725,0.095015
27,138,233,6446,0.074332,0.074462
27,139,1036,3524,0.085195,0.084819
27,140,32183,476059,0.115110,0.090596
27,141,26688,3130,0.124100,0.092845
27,142,1296,73347,0.077527,0.077966
27,143,51,284,0.075023,0.069090
27,144,48563,364284,0.095636,0.098873
27,145,345,2551,0.083253,0.067875
27,146,10,2,0.055591,0.049194
27,147,48739,70761,0.085408,0.074398
27,148,2885,126831,0.080954,0.082155
27,149,286,57090,0.082414,0.078815
27,150,1637,21184,0.071936,0.075923
27,151,343,1762,0.043531,0.057508
27,152,34676,256180,0.145697,0.141980
27,153,76,430,0.061997,0.078480
27,154,464,6536,0.075971,0.075826
27,155,30174,126084,0.103632,0.105913
27,156,3,0,0.050293,0.000000
27,157,197,34,0.076888,0.078362
27,158,21528,207019,0.103226,0.112405
27,159,9687,6301,0.092689,0.086552
27,160,850,20656,0.066444,0.079853
27,161,16034,92498,0.064478,0.101904
27,162,87,5136,0.058713,0.080544
27,163,657,570,0.073621,0.070912
27,164,27212,317361,0.089034,0.098917
27,165,4880,27950,0.070599,0.082552
27,166,60914,112846,0.094737,0.090510
27,167,266020,894564,0.104696,0.104065
27,168,19127,206257,0.080335,0.097333
27,169,1944,156071,0.079577,0.091927
27,170,25252,34640,0.081410,0.077707
27,171,8648,356,0.105193,0.084691
27,172,45970,3471,0.084343,0.077890
27,173,17726,134185,0.115638,0.120649
27,174,111809,1046776,0.102621,0.104187
27,175,25911,436727,0.079330,0.152747
27,176,473,148820,0.068058,0.073145
27,177,202119,342577,0.113654,0.075982
27,178,16,1036211,0.055115,0.100973
27,179,36060,231247,0.097666,0.097100
27,180,14394,245825,0.134820,0.105871
27,181,20,5,0.068152,0.073535
27,182,73,28315,0.048556,0.063847
27,183,1868,322433,0.064312,0.123496
27,184,1506,748,0.076934,0.082147
27,185,13006,61571,0.124686,0.122004
27,186,18054,617613,0.095951,0.142699
27,187,95792,101953,0.083689,0.080532
27,188,4140,226504,0.064611,0.077700
27,189,9225,101341,0.094246,0.097554
27,190,23399,11715,0.046297,0.074066
27,191,5718,197634,0.076571,0.082689
27,192,10,70,0.068213,0.063916
27,193,31857,82121,0.095760,0.081545
27,194,5307,220987,0.085339,0.095900
27,195,14264,140791,0.082850,0.077400
27,196,10521,148189,0.101062,0.083497
27,197,7843,109766,0.076404,0.085531
27,198,503,87162,0.087910,0.086745
27,199,26119,93695,0.096736,0.104900
27,200,3199,20439,0.067578,0.074383
27,201,1963,48960,0.067259,0.077792
27,202,16572,334813,0.064444,0.076795
27,203,129,7921,0.068711,0.077646
27,204,434,117085,0.088876,0.089885
27,205,626,109139,0.081096,0.086866
27,206,20714,266181,0.091506,0.096457
27,207,25800,143827,0.116785,0.111416
27,208,2214,93169,0.079263,0.107348
27,209,1892,269,0.078640,0.080738
27,210,8696,105427,0.104337,0.104898
27,211,29032,161451,0.077537,0.087579
27,212,2090,28733,0.075795,0.087605
27,213,11081,21368,0.082987,0.091060
27,214,630,27036,0.066897,0.077060
27,215,994,2392,0.084262,0.101720
27,216,749,1236,0.080049,0.094387
27,217,67234,1364398,0.103354,0.104721
27,218,11459,208035,0.072946,0.086227
27,219,1130,504,0.078858,0.082350
27,220,224,4392,0.081954,0.082654
27,221,49174,239551,0.098365,0.135532
27,222,63,102,0.085682,0.074829
27,223,1315,14880,0.086486,0.082377
27,224,40703,650618,0.073101,0.087509
27,225,14,119,0.075213,0.068538
27,226,26062,259309,0.078650,0.089048
27,227,7301,207385,0.079797,0.103252
27,228,33350,265207,0.112833,0.093154
27,229,228,1118,0.070173,0.077357
27,230,2218,207049,0.084100,0.096564
27,231,19513,45477,0.067066,0.069111
27,232,1306,533151,0.070255,0.102392
27,233,1303,15063,0.069819,0.077286
27,234,36552,115735,0.072692,0.082431
27,235,37210,193509,0.110858,0.138118
27,236,2232,172723,0.076875,0.092882
27,237,61382,157862,0.105425,0.101449
27,238,4901,398098,0.082564,0.096874
27,239,6226,154379,0.076834,0.080959
27,240,2100,75403,0.082460,0.087072
27,241,97632,293339,0.103996,0.086196
27,242,22840,191882,0.091364,0.090471
27,243,5170,3840,0.066800,0.078135
27,244,58816,672166,0.097998,0.110460
27,245,440,115615,0.074582,0.089527
27,246,4467,217898,0.090264,0.129688
27,247,79029,854167,0.067229,0.078934
27,248,18202,71540,0.101320,0.098994
27,249,57328,735651,0.093199,0.109178
27,250,17836,127318,0.094328,0.109964
27,251,1223,70314,0.081025,0.082733
27,252,1542,3415,0.078306,0.076080
27,253,2805,4503,0.087634,0.094524
27,254,4492,224476,0.069538,0.103624
27,255,36879,94235,0.087305,0.090540
27,256,43510,144194,0.165678,0.080342
27,257,792,5121,0.058936,0.085514
27,258,18279,1173128,0.095880,0.113744
27,259,22156,112932,0.101345,0.087411
27,260,4720,110791,0.095644,0.115899
27,261,7695,86940,0.091350,0.100867
27,262,22110,120286,0.112323,0.110836
27,263,4168,4804,0.117058,0.102956
27,264,5248,149770,0.072253,0.084158
27,265,3151,201780,0.070306,0.091020
27,266,3707,5724,0.080796,0.077879
27,267,8684,67813,0.091262,0.089736
27,268,104,9417,0.067111,0.078977
27,269,1064,66528,0.062224,0.081059
27,270,27498,4117,0.086848,0.080579
27,271,2176,10272,0.073609,0.075750
27,272,87632,385594,0.115791,0.117534
27,273,9389,118705,0.070744,0.082919
27,274,615,8378,0.067897,0.074330
27,275,316,616,0.073423,0.076129
27,276,167938,180037,0.111614,0.085107
27,277,352,72871,0.069764,0.087501
27,278,11695,507027,0.091097,0.093578
27,279,9403,245626,0.073531,0.084753
27,280,17406,105990,0.081953,0.086177
27,281,1426,618,0.094837,0.083974
27,282,11073,201151,0.083181,0.095119
27,283,709,263,0.066528,0.061728
27,284,2134,28907,0.067189,0.078514
27,285,172323,714708,0.118912,0.117453
27,286,4701,59218,0.076060,0.086582
27,287,729,64841,0.083019,0.086562
27,288,41660,229044,0.092285,0.088872
27,289,685,27057,0.057317,0.062879
27,290,19669,270084,0.092157,0.083221
27,291,68676,199921,0.090773,0.095152
27,292,37706,243939,0.121834,0.096571
27,293,303,20917,0.085214,0.086542
27,294,9992,113486,0.100297,0.105316
27,295,8438,1899,0.082851,0.076569
27,296,4092,236662,0.072968,0.078572
27,297,149,5388,0.068512,0.082796
27,298,2857,336007,0.078504,0.106988
27,299,4693,267783,0.087420,0.087176
27,300,18830,131312,0.075480,0.098405
27,301,4719,172729,0.094634,0.100862
27,302,359,73611,0.070683,0.081606
27,303,9750,429199,0.113248,0.113818
27,304,96213,322903,0.107854,0.095785
27,305,1990,2165,0.106664,0.108195
27,306,7504,98706,0.083762,0.091730
27,307,684,155268,0.075187,0.079125
27,308,78,4447,0.060968,0.078530
27,309,5377,670,0.084349,0.074840
27,310,728,9171,0.077396,0.080820
27,311,55,156,0.066233,0.069370
27,312,32490,163956,0.094846,0.092852
27,313,12550,472931,0.082550,0.088627
27,314,6308,103471,0.081406,0.103939
27,315,10092,64624,0.089420,0.086146
27,316,96499,907103,0.106767,0.100933
27,317,4,8,0.065918,0.089447
27,318,8820,46286,0.119409,0.107150
27,319,1463,27221,0.083689,0.092768
27,320,600,364,0.065678,0.058992
27,321,17279,430406,0.080545,0.101392
27,322,3290,8,0.051814,0.066559
27,323,192,39597,0.082172,0.080669
27,324,12464,86226,0.071014,0.083010
27,325,6799,2961,0.070674,0.067347
27,326,185516,64486,0.112624,0.067622
27,327,6498,139466,0.072406,0.088192
27,328,1021,110406,0.080659,0.094260
27,329,19770,104940,0.094901,0.105631
27,330,5166,55096,0.080527,0.088061
27,331,14471,176712,0.097832,0.112715
27,332,9155,267726,0.082235,0.089738
27,333,4721,416829,0.075530,0.095498
27,334,11059,12307,0.101529,0.083284
27,335,6124,268026,0.079132,0.115571
27,336,5017,154830,0.079106,0.086089
27,337,598,28702,0.060996,0.078901
27,338,67976,107412,0.112010,0.105020
27,339,1044,2575,0.067605,0.071474
27,340,1205,13465,0.071121,0.077313
27,341,69089,90453,0.112843,0.102672
27,342,5440,46156,0.116704,0.125462
27,343,70616,167563,0.092864,0.104208
27,344,13902,19736,0.107293,0.079248
27,345,4289,72715,0.065410,0.072995
27,346,23314,5246,0.081143,0.074849
27,347,2401,296617,0.077717,0.101156
27,348,27566,273460,0.074720,0.087500
27,349,428,181735,0.066152,0.081609
27,350,5393,201790,0.091834,0.110363
27,351,8302,48315,0.089345,0.088021
27,352,2108,8,0.072866,0.058197
27,353,1734,142392,0.074337,0.094160
27,354,7986,120843,0.079212,0.100502
27,355,13,16,0.053143,0.047050
27,356,1424,5082,0.085653,0.078857
27,357,15699,293486,0.077748,0.093530
27,358,10000,92021,0.076659,0.094806
27,359,130,382,0.063597,0.066704
27,360,1762,195849,0.079554,0.088822
27,361,48550,132139,0.068379,0.093110
27,362,43600,104337,0.088121,0.083356
27,363,14728,3013,0.060121,0.113388
27,364,11444,237537,0.086117,0.103719
27,365,79614,457303,0.117520,0.123173
27,366,15773,152863,0.071958,0.078004
27,367,1197,182094,0.071888,0.078822
27,368,30623,167513,0.090938,0.094339
27,369,32534,142707,0.078686,0.077274
27,370,13870,316879,0.082206,0.088143
27,371,13932,98971,0.091701,0.091107
27,372,82986,16909,0.113155,0.072463
27,373,620,193627,0.065558,0.101551
27,374,118,15312,0.069517,0.079925
27,375,6446,28804,0.119914,0.102731
27,376,19909,47483,0.106766,0.089097
27,377,25170,142871,0.099468,0.161484
27,378,18382,214419,0.081529,0.085294
27,379,7742,364459,0.076737,0.093921
27,380,3322,163029,0.071976,0.080467
27,381,20143,123826,0.087443,0.079186
27,382,144,15883,0.083257,0.082430
27,383,17796,143438,0.100139,0.090381
27,384,26525,488671,0.075901,0.085430
27,385,98,21,0.067461,0.062558
27,386,2,92,0.058472,0.064074
27,387,1039,119271,0.071103,0.085238
27,388,16263,195229,0.091960,0.089411
27,389,6832,101577,0.069360,0.084081
27,390,51198,55671,0.059811,0.063580
27,391,3662,7501,0.070706,0.066832
27,392,32310,142433,0.081419,0.093254
27,393,8462,33585,0.076076,0.090251
27,394,7591,160832,0.061041,0.134264
27,395,2669,19538,0.082589,0.087360
27,396,2234,112294,0.084628,0.091494
27,397,6178,261382,0.061702,0.072712
27,398,20967,382099,0.065152,0.085069
27,399,126,19786,0.058091,0.063445
27,400,2395,68959,0.079854,0.094764
27,401,122,27,0.064477,0.077854
27,402,34497,807657,0.092481,0.115571
27,403,529,200,0.080203,0.079962
27,404,83,6495,0.069183,0.070219
27,405,1301,712,0.091956,0.086204
27,406,0,0,0.000000,0.000000
27,407,0,2962,0.000000,0.052934
27,408,13105,145557,0.096067,0.114293
27,409,34025,291549,0.089504,0.099125
27,410,120,5063,0.052850,0.059386
27,411,7740,95423,0.077561,0.089650
27,412,47151,100155,0.081802,0.104834
27,413,133,19,0.080221,0.070094
27,414,196,284,0.082678,0.079866
27,415,7725,107484,0.078807,0.100363
27,416,142,378,0.080887,0.076946
27,417,15730,333428,0.085684,0.094281
27,418,14711,55380,0.110456,0.109073
27,419,6538,259934,0.080106,0.107054
27,420,185,152,0.075463,0.071322
27,421,32,16,0.067375,0.067413
27,422,3885,55052,0.094014,0.118982
27,423,2346,12300,0.112978,0.079506
27,424,161,395,0.075993,0.068677
27,425,60609,306503,0.095761,0.092644
27,426,41,44,0.068559,0.070185
27,427,29732,102,0.081697,0.082107
27,428,24049,118343,0.092337,0.087678
27,429,3119,64747,0.083667,0.088316
27,430,9797,1636,0.089206,0.100059
27,431,16655,9813,0.081062,0.096200
27,432,253486,290120,0.110430,0.087475
27,433,312,499,0.075436,0.070883
27,434,18540,299563,0.082143,0.090488
27,435,16531,210142,0.110214,0.097457
27,436,0,873,0.000000,0.059876
27,437,422,153645,0.085268,0.103631
27,438,17,2728,0.066837,0.074355
27,439,3433,14163,0.077399,0.079578
27,440,116798,145200,0.105353,0.090461
27,441,18017,147040,0.106926,0.087428
27,442,7196,548,0.088299,0.073873
27,443,308,1305,0.063327,0.055574
27,444,7067,86497,0.083229,0.102085
27,445,1630,8100,0.074154,0.066938
27,446,114585,488539,0.093750,0.090233
27,447,2252,97894,0.087810,0.094589
27,448,14771,90720,0.093850,0.104062
27,449,890,17113,0.069753,0.086782
27,450,42600,157995,0.067639,0.066422
27,451,29,265,0.079009,0.076227
27,452,311,113,0.073154,0.078940
27,453,4357,7527,0.088038,0.088140
27,454,6092,28378,0.103001,0.090297
27,455,19207,166300,0.088721,0.094081
27,456,194,206884,0.077536,0.092289
27,457,1808,72805,0.076805,0.092973
27,458,38004,460071,0.091058,0.094639
27,459,12413,174396,0.086775,0.085625
27,460,3764,90490,0.076946,0.085478
27,461,2060,20220,0.090104,0.108330
27,462,2045,30857,0.072304,0.080136
27,463,134,198392,0.084857,0.118932
27,464,7666,50127,0.077592,0.090354
27,465,2054,20123,0.085280,0.087645
27,466,30107,348041,0.108455,0.091414
27,467,2,0,0.072754,0.000000
27,468,34145,192220,0.139556,0.136420
27,469,55426,500383,0.101970,0.126040
27,470,48645,254216,0.185003,0.166718
27,471,10885,170281,0.091544,0.121790
27,472,14400,116016,0.095264,0.082740
27,473,440423,321152,0.131947,0.084674
27,474,20315,106678,0.130821,0.121019
27,475,3868,101860,0.090220,0.086003
27,476,270,1862,0.074340,0.081979
27,477,43529,230327,0.076039,0.098941
27,478,49159,828196,0.086740,0.118521
27,479,993,8439,0.070935,0.077269
27,480,2160,142,0.082422,0.071200
27,481,75891,91719,0.063519,0.072337
27,482,208,74285,0.085436,0.088735
27,483,26,103,0.079749,0.069388
27,484,8297,110727,0.095794,0.113715
27,485,21915,133100,0.062600,0.074558
27,486,4212,115352,0.086147,0.094185
27,487,1414,119863,0.077611,0.080920
27,488,3464,187445,0.076494,0.093487
27,489,12596,239951,0.113850,0.089079
27,490,464,2323,0.090856,0.065903
27,491,201,6972,0.072515,0.070655
27,492,1127,209194,0.092678,0.101639
27,493,5527,549566,0.078178,0.081266
27,494,4839,65608,0.080076,0.087716
27,495,32660,348469,0.105453,0.116223
27,496,774,38,0.069166,0.077617
27,497,9215,158452,0.078858,0.088283
27,498,192,2044,0.092777,0.080062
27,499,11108,266659,0.076662,0.086973
27,500,23465,74558,0.088212,0.101522
27,501,3057,32014,0.056570,0.076195
27,502,588,82,0.087096,0.077800
27,503,258,37754,0.082018,0.082069
27,504,4032,492,0.084784,0.083010
27,505,328,17657,0.071650,0.093375
27,506,147,12092,0.073833,0.080125
27,507,85824,769994,0.128700,0.147748
27,508,5447,155746,0.077893,0.126087
27,509,69,613,0.067263,0.066322
27,510,4677,9477,0.081810,0.085204
27,511,383,799,0.067487,0.070247
28,0,23760,290057,nan,nan
28,1,17736,210738,nan,nan
28,2,20423,251342,nan,nan
28,3,25675,334011,nan,nan
28,4,26816,537359,nan,nan
28,5,22765,213953,nan,nan
28,6,17943,210790,nan,nan
28,7,44257,388302,nan,nan
28,8,18907,235757,nan,nan
28,9,18481,383931,nan,nan
28,10,248072,1097915,0.135604,0.140578
28,11,5510,39873,0.061389,0.074148
28,12,17807,102172,0.090063,0.078461
28,13,952,3235,0.069991,0.073606
28,14,81,83,0.071086,0.064087
28,15,52086,229105,0.055136,0.113070
28,16,3324,60769,0.071642,0.077614
28,17,14793,2175,0.062503,0.067197
28,18,2726,20565,0.069194,0.076027
28,19,781,3667,0.071144,0.077256
28,20,483,7624,0.068820,0.074594
28,21,699,4391,0.071886,0.080133
28,22,4508,122793,0.075325,0.079512
28,23,174,458,0.077777,0.063529
28,24,33504,175233,0.086541,0.077640
28,25,92,4489,0.066729,0.072557
28,26,4837,34020,0.088440,0.087847
28,27,741,35033,0.072587,0.080314
28,28,18339,107512,0.066413,0.074818
28,29,58,1122,0.104105,0.076966
28,30,1685,165982,0.075060,0.084337
28,31,214,80,0.062181,0.054704
28,32,0,0,0.000000,0.000000
28,33,13120,487778,0.078348,0.084384
28,34,268,12484,0.095829,0.096825
28,35,67953,666316,0.125881,0.161318
28,36,12,283,0.051361,0.080242
28,37,1665,132400,0.062231,0.071791
28,38,5773,222618,0.080551,0.084369
28,39,31990,184501,0.080673,0.085655
28,40,19509,14268,0.062290,0.060346
28,41,915,4924,0.117588,0.078999
28,42,21056,72269,0.078079,0.069865
28,43,17142,60538,0.079058,0.075944
28,44,15642,355235,0.108684,0.146147
28,45,18281,90,0.065313,0.042853
28,46,7006,3610,0.099897,0.082835
28,47,2852,1273,0.065260,0.077551
28,48,35260,1294763,0.082478,0.099732
28,49,1574,6604,0.066248,0.073760
28,50,48924,830352,0.090476,0.137642
28,51,19783,147886,0.096759,0.140762
28,52,48658,542090,0.131156,0.108027
28,53,13549,288046,0.088801,0.090303
28,54,724,64690,0.074600,0.072134
28,55,902,18629,0.052884,0.070864
28,56,16147,6227,0.061625,0.082840
28,57,420,374,0.067743,0.066330
28,58,186516,135076,0.150224,0.097428
28,59,8822,1984,0.063206,0.068419
28,60,766,35440,0.077390,0.077510
28,61,27225,174450,0.084847,0.080778
28,62,24416,126754,0.054684,0.083658
28,63,35,2359,0.062570,0.069959
28,64,1006,20144,0.089086,0.076726
28,65,2614,44041,0.065267,0.086787
28,66,6305,47443,0.053783,0.061596
28,67,171,14954,0.070502,0.074437
28,68,646,62784,0.063281,0.072917
28,69,31021,34901,0.102699,0.093040
28,70,2788,176199,0.072785,0.084751
28,71,255,24968,0.063092,0.062379
28,72,9333,494552,0.068840,0.080537
28,73,3135,3752,0.060827,0.061168
28,74,111339,561587,0.149397,0.151255
28,75,17369,90207,0.076538,0.082241
28,76,16227,227731,0.091124,0.081506
28,77,27967,391127,0.159374,0.205118
28,78,4325,86113,0.068664,0.077819
28,79,176,19091,0.078556,0.082162
28,80,1950,168460,0.080735,0.089557
28,81,1662,450676,0.061030,0.070980
28,82,132,4500,0.058214,0.076324
28,83,4741,680,0.081198,0.091709
28,84,322,369,0.065503,0.067432
28,85,98112,533978,0.106738,0.099200
28,86,5435,68188,0.079693,0.085185
28,87,1854,14804,0.064754,0.075007
28,88,64572,687775,0.113816,0.148345
28,89,16710,166769,0.083127,0.086153
28,90,3724,464241,0.076830,0.101237
28,91,954,551,0.083970,0.070788
28,92,309,68301,0.068942,0.070885
28,93,5272,81344,0.068213,0.072048
28,94,23679,337802,0.078811,0.084716
28,95,2073,1277,0.087248,0.080728
28,96,17182,83238,0.129186,0.145107
28,97,624,32107,0.079321,0.094889
28,98,16431,190449,0.110873,0.109973
28,99,20931,217018,0.084806,0.087430
28,100,34786,127850,0.088405,0.086009
28,101,129922,762095,0.105052,0.111540
28,102,102023,117385,0.113000,0.098397
28,103,75,18228,0.074596,0.089248
28,104,42094,279598,0.087221,0.087507
28,105,392,97382,0.055169,0.082196
28,106,25291,167506,0.089342,0.081515
28,107,419,365,0.095370,0.070220
28,108,30708,615457,0.076132,0.100606
28,109,455,54,0.053330,0.069838
28,110,23911,1675,0.070091,0.066762
28,111,1651,276913,0.075072,0.126496
28,112,45419,672699,0.094509,0.113522
28,113,3266,81413,0.073670,0.076035
28,114,7,32,0.074254,0.053806
28,115,6606,66526,0.078112,0.082773
28,116,1756,41604,0.090066,0.068360
28,117,1126,174624,0.071055,0.075882
28,118,13687,152692,0.099155,0.082107
28,119,5,0,0.067773,0.000000
28,120,4659,574624,0.066981,0.160776
28,121,213,76,0.085300,0.064468
28,122,479,14421,0.071086,0.074427
28,123,3414,81033,0.093124,0.082719
28,124,20621,177538,0.097880,0.110284
28,125,3827,380742,0.075211,0.095372
28,126,1417,99806,0.084095,0.094151
28,127,11,1,0.080222,0.033447
28,128,5244,16350,0.105502,0.097113
28,129,4996,824,0.079196,0.075939
28,130,6073,6305,0.091838,0.076420
28,131,50486,117460,0.060216,0.069399
28,132,720,5213,0.095718,0.082667
28,133,9486,191003,0.071255,0.078461
28,134,12209,266022,0.069600,0.083327
28,135,22536,689138,0.088806,0.088178
28,136,13638,318040,0.070890,0.076795
28,137,6662,120666,0.072973,0.077436
28,138,308,6185,0.066331,0.073595
28,139,38201,305686,0.111352,0.107105
28,140,1956,2493,0.075451,0.076754
28,141,100297,711966,0.108421,0.105182
28,142,9592,251158,0.092172,0.112670
28,143,8303,77375,0.103606,0.126729
28,144,2877,1708,0.080878,0.077094
28,145,1880,263,0.056182,0.067307
28,146,6490,290869,0.096446,0.128697
28,147,5569,156757,0.077398,0.076550
28,148,0,1318,0.000000,0.053613
28,149,2996,29723,0.095951,0.087125
28,150,25161,232763,0.081838,0.089135
28,151,273,32783,0.073758,0.074652
28,152,47663,141800,0.082561,0.116662
28,153,24387,104808,0.061664,0.074956
28,154,678,300080,0.091688,0.101177
28,155,23772,350250,0.102372,0.086310
28,156,366,160236,0.075614,0.074394
28,157,80493,666703,0.115263,0.123340
28,158,3777,8614,0.073833,0.074806
28,159,456,44929,0.068620,0.078929
28,160,18551,113206,0.054704,0.089981
28,161,15002,218840,0.066665,0.080038
28,162,186,605,0.061948,0.066407
28,163,84452,9528,0.057522,0.065079
28,164,1781,749,0.072918,0.079015
28,165,43,852,0.068374,0.082496
28,166,49930,371622,0.105562,0.140838
28,167,610,12697,0.080058,0.074886
28,168,16824,242288,0.087481,0.087600
28,169,3792,153174,0.069733,0.075605
28,170,16990,229053,0.075153,0.074724
28,171,7525,184478,0.101911,0.102600
28,172,5103,118230,0.073440,0.086136
28,173,222272,301266,0.124622,0.090083
28,174,13473,767316,0.074754,0.110829
28,175,3612,131100,0.071543,0.087430
28,176,2391,159616,0.073586,0.092856
28,177,33,104501,0.066584,0.070137
28,178,18675,124192,0.084495,0.082574
28,179,42397,1405,0.063462,0.063805
28,180,3655,65093,0.118662,0.109431
28,181,393,8357,0.062143,0.075225
28,182,40822,567286,0.092392,0.104435
28,183,726,1249,0.061961,0.071189
28,184,53,1949,0.054183,0.069052
28,185,11793,45557,0.067014,0.070148
28,186,290,19650,0.083518,0.094809
28,187,12400,57427,0.093862,0.100512
28,188,12288,418367,0.077903,0.084727
28,189,4436,147727,0.070134,0.093839
28,190,322,94,0.075062,0.071242
28,191,11024,129669,0.091979,0.102033
28,192,337,240276,0.071741,0.148289
28,193,37682,222655,0.089992,0.081097
28,194,65,21,0.095915,0.089414
28,195,3899,3631,0.077871,0.073698
28,196,9316,143892,0.072640,0.080054
28,197,26840,170147,0.083490,0.083551
28,198,447,74836,0.068494,0.073209
28,199,78089,344779,0.084328,0.079165
28,200,6799,55531,0.077655,0.076683
28,201,11523,125220,0.085791,0.082187
28,202,2847,9252,0.090376,0.082926
28,203,6260,88955,0.062351,0.087771
28,204,271641,1928792,0.105500,0.115175
28,205,1926,201485,0.068515,0.079716
28,206,326104,903058,0.097675,0.081820
28,207,16,335,0.073105,0.084040
28,208,135,71,0.080305,0.082698
28,209,23,652,0.065472,0.063109
28,210,6363,1565,0.059942,0.069549
28,211,6843,119351,0.075536,0.086218
28,212,4267,52852,0.087379,0.073360
28,213,32543,167272,0.101210,0.099903
28,214,14,0,0.053920,0.000000
28,215,10429,102936,0.075651,0.072095
28,216,710,47734,0.062874,0.074190
28,217,4286,44415,0.095264,0.085637
28,218,11378,167817,0.133373,0.115775
28,219,264,2047,0.059008,0.070396
28,220,631,16343,0.068673,0.077263
28,221,21222,47848,0.084898,0.084737
28,222,27047,226845,0.112347,0.114666
28,223,530,29671,0.069859,0.078379
28,224,56246,525311,0.076779,0.088705
28,225,58949,106484,0.084610,0.084456
28,226,145,1351,0.065522,0.075534
28,227,6028,1146,0.093544,0.077652
28,228,8043,278183,0.086491,0.094696
28,229,1314,68045,0.073224,0.079344
28,230,37,5683,0.070405,0.055070
28,231,530,914,0.065900,0.072990
28,232,314,1258,0.072607,0.071971
28,233,9558,60271,0.065174,0.069812
28,234,13347,180039,0.087302,0.080895
28,235,34765,326665,0.101180,0.110761
28,236,3947,205834,0.072602,0.071056
28,237,1673,72127,0.073338,0.072872
28,238,20960,171663,0.073169,0.074977
28,239,3060,104001,0.073706,0.076505
28,240,7853,95594,0.112869,0.109493
28,241,7755,5619,0.092676,0.085488
28,242,60131,186533,0.168893,0.147087
28,243,780,19071,0.068814,0.071365
28,244,118,65855,0.086716,0.096082
28,245,5073,140601,0.079913,0.089047
28,246,81974,619013,0.130690,0.163208
28,247,15962,94117,0.096030,0.095948
28,248,7012,173600,0.077402,0.083124
28,249,31334,65143,0.078458,0.074570
28,250,16957,661018,0.070436,0.082540
28,251,5970,199,0.129840,0.131464
28,252,420,8044,0.068807,0.082399
28,253,0,38,0.000000,0.055979
28,254,2756,9413,0.081920,0.099873
28,255,165,3266,0.058144,0.064351
28,256,17199,206340,0.088387,0.087637
28,257,4352,167603,0.075074,0.085007
28,258,25445,131635,0.095175,0.094105
28,259,18126,165086,0.087956,0.088313
28,260,240,5084,0.067684,0.071148
28,261,1016,144041,0.075465,0.083820
28,262,84555,282185,0.067816,0.070513
28,263,2647,20903,0.077853,0.071049
28,264,266,6606,0.068610,0.059079
28,265,517,240,0.065270,0.065675
28,266,20835,73954,0.328253,0.086849
28,267,4086,284340,0.068963,0.069768
28,268,7389,12079,0.047710,0.086139
28,269,8507,203159,0.077269,0.084686
28,270,15,981,0.068555,0.073885
28,271,44262,274333,0.055119,0.072053
28,272,282,79,0.067900,0.069543
28,273,3721,233981,0.074079,0.073251
28,274,4621,111282,0.038111,0.071463
28,275,750,218,0.094252,0.077584
28,276,23021,299238,0.117447,0.113514
28,277,36,4,0.063131,0.069275
28,278,40743,367200,0.105524,0.097181
28,279,4395,163170,0.076485,0.088785
28,280,70615,609952,0.111807,0.127883
28,281,189,12967,0.095504,0.094095
28,282,23128,186270,0.099481,0.091605
28,283,4324,104958,0.080397,0.108491
28,284,46510,801803,0.100380,0.105956
28,285,273,51805,0.081046,0.113016
28,286,13510,229280,0.087121,0.089072
28,287,503,2985,0.069902,0.071554
28,288,33,44,0.064586,0.067399
28,289,1438,431,0.076585,0.062196
28,290,5358,193608,0.075133,0.096748
28,291,31877,6607,0.066607,0.080310
28,292,25029,796526,0.081644,0.099370
28,293,26437,296299,0.099115,0.094213
28,294,1,0,0.057617,0.000000
28,295,22769,118884,0.083678,0.088612
28,296,1463,20592,0.061737,0.072169
28,297,401,3205,0.068062,0.089282
28,298,2264,34280,0.066053,0.073721
28,299,730,30306,0.077665,0.091297
28,300,11876,52854,0.119984,0.102756
28,301,18352,379212,0.081934,0.079297
28,302,525,80533,0.073515,0.088182
28,303,42929,221818,0.092637,0.093348
28,304,11344,159161,0.111155,0.120226
28,305,659,9914,0.063946,0.070355
28,306,2,0,0.054443,0.000000
28,307,2696,55806,0.084258,0.105459
28,308,67,527,0.058257,0.065260
28,309,14562,329420,0.096764,0.103119
28,310,24778,341013,0.088735,0.088072
28,311,4431,12597,0.101731,0.102227
28,312,94,2580,0.061200,0.070072
28,313,22126,466382,0.093405,0.089908
28,314,12390,155062,0.096374,0.097615
28,315,1785,25252,0.087729,0.095226
28,316,108702,400364,0.091418,0.082296
28,317,403,1885,0.063987,0.071206
28,318,16,3273,0.077835,0.075808
28,319,970,3077,0.073229,0.071363
28,320,25648,191267,0.084189,0.088562
28,321,9615,103647,0.084785,0.083127
28,322,808,8189,0.076170,0.108157
28,323,37100,237898,0.072679,0.077332
28,324,96830,104,0.131123,0.082698
28,325,13,2,0.061599,0.069580
28,326,16930,249415,0.076288,0.088563
28,327,607,122,0.059014,0.057026
28,328,21902,5597,0.059819,0.071709
28,329,852,64165,0.070996,0.075463
28,330,55108,355015,0.086683,0.088837
28,331,4097,9229,0.113617,0.088016
28,332,108520,946017,0.106940,0.117637
28,333,1704,33113,0.065116,0.066196
28,334,20,12,0.070642,0.076965
28,335,255290,820252,0.083435,0.081790
28,336,1736,30396,0.087792,0.080476
28,337,23776,204927,0.077218,0.077682
28,338,247,4461,0.072991,0.078013
28,339,21662,45166,0.111916,0.085630
28,340,39866,308241,0.090580,0.086278
28,341,166,946,0.070797,0.075318
28,342,15650,231419,0.084177,0.092987
28,343,6789,85437,0.077614,0.086369
28,344,8592,37365,0.088530,0.082626
28,345,9676,376623,0.073026,0.088987
28,346,9507,132238,0.076851,0.081142
28,347,67457,151295,0.098648,0.099360
28,348,0,0,0.000000,0.000000
28,349,4033,92592,0.069803,0.079789
28,350,25065,297449,0.082872,0.089896
28,351,20310,69534,0.064478,0.095229
28,352,9560,227151,0.088062,0.088768
28,353,181804,1418317,0.112560,0.121002
28,354,18343,135943,0.097045,0.089084
28,355,4392,146093,0.086000,0.110335
28,356,2675,69240,0.059849,0.073953
28,357,5430,142968,0.078050,0.086797
28,358,1443,131005,0.069213,0.084767
28,359,1493,434,0.087820,0.078168
28,360,1226,139097,0.060136,0.071223
28,361,2300,37614,0.084117,0.089297
28,362,13621,156337,0.080763,0.081106
28,363,35007,192386,0.061678,0.074175
28,364,22,1,0.103405,0.066895
28,365,34383,48928,0.092581,0.076502
28,366,35,0,0.075230,0.000000
28,367,24645,254870,0.074571,0.083988
28,368,807,56629,0.076871,0.091295
28,369,0,0,0.000000,0.000000
28,370,14993,539291,0.089945,0.093600
28,371,109,28541,0.061173,0.060184
28,372,7006,50236,0.071094,0.081474
28,373,15917,120491,0.087440,0.088890
28,374,27480,593784,0.093582,0.100634
28,375,3262,22046,0.061683,0.065147
28,376,60639,317804,0.112570,0.118543
28,377,16924,157151,0.084342,0.085519
28,378,2289,41399,0.094357,0.106331
28,379,5151,1909,0.071920,0.083911
28,380,5530,8928,0.065614,0.087494
28,381,27451,271083,0.075862,0.083817
28,382,16189,46685,0.071655,0.077341
28,383,774,267721,0.076907,0.096815
28,384,475,2498,0.074713,0.072391
28,385,10989,95229,0.078378,0.082154
28,386,2758,12725,0.072240,0.067583
28,387,6186,1055,0.118457,0.089675
28,388,3869,150758,0.079746,0.079257
28,389,11009,146959,0.066738,0.072432
28,390,72923,407356,0.161199,0.173265
28,391,40281,293659,0.088730,0.095788
28,392,404,3585,0.062102,0.075838
28,393,60,962,0.069019,0.070816
28,394,14,0,0.062308,0.000000
28,395,3077,112906,0.067459,0.076589
28,396,37,39,0.049237,0.055379
28,397,19703,146334,0.086122,0.092300
28,398,7133,910013,0.069561,0.103616
28,399,11720,225842,0.080888,0.103809
28,400,7320,5727,0.138833,0.087405
28,401,216,16167,0.069173,0.077549
28,402,2331,156098,0.067251,0.070076
28,403,1359,23425,0.070540,0.083382
28,404,13304,278542,0.084832,0.103992
28,405,3433,1428,0.070865,0.068495
28,406,476366,549241,0.107084,0.077893
28,407,20472,1274,0.113910,0.099899
28,408,31,6538,0.087520,0.079509
28,409,7692,102082,0.089113,0.086061
28,410,4192,159254,0.070505,0.078644
28,411,5506,38674,0.093311,0.086357
28,412,4086,17970,0.065809,0.077007
28,413,319,266,0.063162,0.068225
28,414,59501,206196,0.068544,0.084178
28,415,1842,15910,0.080670,0.080624
28,416,7313,45739,0.079092,0.086462
28,417,25362,133061,0.116187,0.134016
28,418,2358,2281,0.073435,0.067615
28,419,4468,355662,0.067114,0.075707
28,420,16041,137784,0.096138,0.078678
28,421,128,24205,0.085109,0.086384
28,422,2738,26340,0.076044,0.079136
28,423,1,3,0.053467,0.065674
28,424,25661,1735,0.100369,0.080766
28,425,3349,84015,0.072860,0.080748
28,426,156,899,0.063221,0.068785
28,427,23843,1716,0.073818,0.085369
28,428,200,58,0.064660,0.060652
28,429,9225,176347,0.092801,0.096484
28,430,8833,496153,0.079342,0.092058
28,431,7819,204361,0.094900,0.106329
28,432,45762,365705,0.083671,0.083203
28,433,5159,89873,0.069461,0.072557
28,434,6367,58243,0.080698,0.081662
28,435,17322,358968,0.075119,0.079136
28,436,221238,729911,0.122687,0.110298
28,437,154226,676070,0.088082,0.089294
28,438,134818,243410,0.168637,0.112382
28,439,22612,214770,0.081057,0.090253
28,440,466,81,0.091558,0.072504
28,441,89339,331813,0.082883,0.083577
28,442,12,24,0.082845,0.067027
28,443,0,0,0.000000,0.000000
28,444,2255,539,0.087447,0.076058
28,445,1398,628,0.093308,0.089025
28,446,7294,83081,0.087314,0.084818
28,447,27150,165930,0.102261,0.111130
28,448,69991,39,0.084182,0.059739
28,449,572,129306,0.076760,0.124544
28,450,87,6,0.058237,0.051432
28,451,2529,145904,0.104156,0.107098
28,452,34569,479289,0.096636,0.111639
28,453,6061,74767,0.082349,0.084753
28,454,2525,24,0.084745,0.069387
28,455,30392,153786,0.087921,0.088315
28,456,748,2751,0.061537,0.072666
28,457,21947,146815,0.070200,0.072897
28,458,1295,18996,0.090760,0.103430
28,459,7121,175277,0.089171,0.081762
28,460,24122,162368,0.067808,0.089058
28,461,81798,498952,0.111535,0.120753
28,462,529,23097,0.113120,0.102810
28,463,1101,3808,0.080347,0.084205
28,464,2448,174813,0.078814,0.083653
28,465,236,9302,0.066763,0.072026
28,466,39654,1649,0.106457,0.076929
28,467,110,14,0.068607,0.069266
28,468,12678,362203,0.077154,0.093086
28,469,4162,66160,0.098525,0.106869
28,470,20038,331313,0.059040,0.087672
28,471,117731,527231,0.069351,0.071641
28,472,28014,286373,0.090585,0.087927
28,473,5950,1867,0.089476,0.074827
28,474,200,30052,0.086302,0.079592
28,475,3547,46412,0.113431,0.106471
28,476,34709,149640,0.092389,0.078417
28,477,57136,239209,0.114670,0.116413
28,478,309,1338,0.072319,0.076663
28,479,18622,242827,0.098668,0.102207
28,480,106932,242608,0.141078,0.084654
28,481,727,26356,0.084206,0.087357
28,482,23132,52256,0.102441,0.080486
28,483,608,31180,0.088182,0.079648
28,484,7134,120767,0.086589,0.086425
28,485,3355,438035,0.065159,0.088868
28,486,1055,15677,0.084243,0.085684
28,487,25375,441289,0.103876,0.092285
28,488,145,760,0.063977,0.074695
28,489,2423,2256,0.095072,0.079748
28,490,101,1418,0.060877,0.071410
28,491,303,247,0.063851,0.067256
28,492,3144,199085,0.078546,0.111313
28,493,3780,34200,0.075355,0.081598
28,494,79968,186901,0.098721,0.088069
28,495,606,40856,0.077333,0.082022
28,496,75,31487,0.074896,0.088367
28,497,81,2,0.070477,0.070557
28,498,3894,1082912,0.035169,0.115458
28,499,35645,194191,0.105922,0.117106
28,500,59079,305898,0.114176,0.123058
28,501,28193,641881,0.097974,0.115943
28,502,62548,291336,0.130637,0.134331
28,503,18866,58600,0.091602,0.085785
28,504,3727,88031,0.095822,0.122288
28,505,3063,145798,0.076116,0.087205
28,506,461,4499,0.063826,0.062501
28,507,3462,4399,0.101263,0.086496
28,508,14294,169942,0.095021,0.085945
28,509,20957,373324,0.086269,0.108248
28,510,200,12083,0.062294,0.069415
28,511,133613,3932,0.095719,0.072978
29,0,17743,212523,nan,nan
29,1,17736,210738,nan,nan
29,2,23543,225153,nan,nan
29,3,109772,924734,nan,nan
29,4,17867,218058,nan,nan
29,5,37330,366170,nan,nan
29,6,25382,274399,nan,nan
29,7,21758,441691,nan,nan
29,8,18812,277243,nan,nan
29,9,19353,307237,nan,nan
29,10,12274,84970,0.096123,0.093811
29,11,3065,196064,0.079824,0.088596
29,12,13288,104977,0.078232,0.075247
29,13,134,3377,0.079521,0.080849
29,14,8113,48866,0.103956,0.083835
29,15,29462,8392,0.096614,0.072453
29,16,13924,65346,0.116001,0.085472
29,17,4729,305348,0.067731,0.074980
29,18,233,1762,0.052786,0.055593
29,19,6204,170454,0.076637,0.077891
29,20,259,2719,0.070358,0.066843
29,21,15129,200891,0.067319,0.169942
29,22,3692,7861,0.089002,0.053133
29,23,881,11295,0.060312,0.102259
29,24,30573,352723,0.088699,0.087455
29,25,9521,83342,0.094656,0.107187
29,26,12700,60744,0.076756,0.086163
29,27,8312,41028,0.074304,0.074404
29,28,54997,605244,0.138886,0.169968
29,29,11551,45581,0.085334,0.090902
29,30,43,401,0.067763,0.073717
29,31,54997,325692,0.077161,0.095359
29,32,3,0,0.086426,0.000000
29,33,65619,496295,0.123862,0.137328
29,34,49357,263644,0.083642,0.079047
29,35,54007,208285,0.091810,0.085430
29,36,796,250,0.061366,0.079567
29,37,47487,853917,0.104243,0.109089
29,38,6167,115037,0.126252,0.151629
29,39,10260,43742,0.066233,0.070331
29,40,385,1002,0.066065,0.075455
29,41,7072,135473,0.125201,0.130573
29,42,905,8259,0.074678,0.070244
29,43,29164,798126,0.083983,0.089092
29,44,80,192,0.066823,0.045863
29,45,396,10,0.067801,0.056201
29,46,369049,510035,0.141476,0.094503
29,47,16537,274876,0.098812,0.085547
29,48,49495,195370,0.132086,0.116228
29,49,299,9620,0.059956,0.068933
29,50,1269,1393,0.086675,0.069245
29,51,141679,597201,0.104147,0.116344
29,52,437,94235,0.074213,0.072312
29,53,349,6220,0.068364,0.074013
29,54,22570,500195,0.087697,0.092308
29,55,50468,162615,0.059841,0.079107
29,56,289,80,0.078292,0.087735
29,57,5706,162781,0.076810,0.079095
29,58,1036,3544,0.098653,0.065075
29,59,3831,172111,0.094867,0.095461
29,60,65,2101,0.063886,0.073810
29,61,1823,4391,0.074568,0.073869
29,62,32481,186711,0.089462,0.099482
29,63,22975,323530,0.086793,0.084735
29,64,13246,79085,0.077575,0.075877
29,65,18538,243502,0.087147,0.081313
29,66,12785,169941,0.089963,0.087732
29,67,1290,11,0.066335,0.067982
29,68,21666,56111,0.082829,0.073182
29,69,586,857,0.061243,0.070988
29,70,14862,225367,0.092518,0.082514
29,71,127,626,0.058009,0.070215
29,72,16570,26476,0.101453,0.082086
29,73,887,358746,0.092512,0.126136
29,74,10951,89585,0.071361,0.076528
29,75,17221,186942,0.082001,0.077238
29,76,73951,136608,0.099636,0.094420
29,77,16831,183645,0.087602,0.075048
29,78,1719,110570,0.068483,0.069671
29,79,4780,87742,0.078723,0.078068
29,80,910,3123,0.065064,0.072184
29,81,191,968,0.077961,0.056411
29,82,280,1178,0.094302,0.078961
29,83,104,24,0.070452,0.079458
29,84,24658,227309,0.102209,0.101916
29,85,473,7055,0.073095,0.069250
29,86,4785,11702,0.094425,0.080630
29,87,16764,103447,0.096680,0.102460
29,88,27,546,0.057409,0.056992
29,89,131314,135273,0.160857,0.092511
29,90,8715,31809,0.097634,0.100498
29,91,1840,79391,0.080124,0.083620
29,92,13901,173153,0.099836,0.099230
29,93,144,54,0.072751,0.086023
29,94,0,0,0.000000,0.000000
29,95,73517,35229,0.090406,0.058502
29,96,2627,70443,0.076062,0.071872
29,97,7413,10740,0.064163,0.069611
29,98,7936,147248,0.051621,0.108310
29,99,20945,297224,0.071713,0.089705
29,100,20297,164315,0.082758,0.099493
29,101,12664,197531,0.094276,0.092579
29,102,19150,572510,0.076047,0.130789
29,103,149850,822354,0.104094,0.103706
29,104,157,28,0.071032,0.061776
29,105,166860,145452,0.064592,0.060076
29,106,150721,224109,0.104127,0.089438
29,107,93,180,0.069734,0.077110
29,108,42385,349564,0.101771,0.094235
29,109,24383,195623,0.077633,0.097554
29,110,18275,7177,0.071371,0.059534
29,111,45729,338404,0.076431,0.071409
29,112,8614,600668,0.066389,0.087302
29,113,7574,120330,0.069183,0.083430
29,114,3141,330605,0.067610,0.084361
29,115,681,2974,0.065357,0.074214
29,116,8584,16113,0.070467,0.068978
29,117,397,920430,0.064626,0.104767
29,118,196,1680,0.082965,0.062280
29,119,1771,25880,0.066681,0.071601
29,120,8398,103420,0.075269,0.081350
29,121,2137,31107,0.077703,0.078249
29,122,19488,111016,0.138000,0.137440
29,123,8239,83774,0.077378,0.085599
29,124,92237,200451,0.125610,0.091948
29,125,20894,314345,0.089688,0.082691
29,126,21031,101998,0.084114,0.079519
29,127,119431,164817,0.075694,0.086303
29,128,1791,44640,0.072794,0.071243
29,129,15560,279978,0.115343,0.119219
29,130,107002,47639,0.064988,0.120899
29,131,27041,54297,0.088278,0.099643
29,132,25771,211808,0.055869,0.082885
29,133,337,18379,0.088944,0.088439
29,134,1848,7570,0.071264,0.071241
29,135,18,397,0.065891,0.068877
29,136,10100,146733,0.075997,0.079339
29,137,2047,3313,0.069829,0.063750
29,138,8082,340580,0.083176,0.092945
29,139,303,17453,0.066382,0.094292
29,140,2258,50865,0.076944,0.077349
29,141,110,385,0.068317,0.069348
29,142,39541,151411,0.079827,0.096360
29,143,30769,286420,0.108637,0.139835
29,144,71260,44696,0.129985,0.116152
29,145,21073,498256,0.086059,0.131083
29,146,14959,232162,0.070733,0.090381
29,147,7558,96067,0.087479,0.081144
29,148,7711,20309,0.077875,0.078176
29,149,4247,34814,0.083319,0.064537
29,150,17,2727,0.061121,0.078574
29,151,6246,116389,0.065342,0.064030
29,152,29166,360153,0.146947,0.083951
29,153,18720,176381,0.077864,0.079888
29,154,168,9037,0.073738,0.072407
29,155,4606,153385,0.081640,0.082645
29,156,2477,11002,0.069024,0.074331
29,157,14409,15844,0.093059,0.073961
29,158,589,50381,0.068111,0.084996
29,159,69827,464300,0.090842,0.105090
29,160,43117,1012810,0.066753,0.078834
29,161,5942,45198,0.077188,0.072680
29,162,1073,21599,0.067412,0.071175
29,163,20939,259641,0.069573,0.076478
29,164,3042,147654,0.087067,0.079470
29,165,3415,817,0.082302,0.071913
29,166,722,99832,0.068399,0.083050
29,167,44800,289880,0.111951,0.120963
29,168,944,35980,0.099020,0.107041
29,169,2849,277711,0.087261,0.111862
29,170,9020,120512,0.069218,0.075670
29,171,2501,10189,0.067552,0.071329
29,172,20024,183620,0.091953,0.074745
29,173,42266,431406,0.122946,0.125734
29,174,9918,206030,0.074834,0.114239
29,175,1127,1363,0.082238,0.077755
29,176,1585,85297,0.101828,0.091057
29,177,29459,268663,0.079338,0.092494
29,178,20484,75877,0.039196,0.078710
29,179,2602,419224,0.071170,0.075237
29,180,4272,99111,0.054013,0.086292
29,181,1242,25082,0.074666,0.069412
29,182,79748,433384,0.088141,0.088484
29,183,23673,14256,0.065910,0.066687
29,184,9338,44295,0.079870,0.082058
29,185,752,35616,0.069142,0.078310
29,186,5410,192268,0.080797,0.098258
29,187,2183,75075,0.072773,0.092663
29,188,8152,141748,0.089513,0.088018
29,189,1629,11811,0.082274,0.099773
29,190,2,431,0.082764,0.086373
29,191,12718,70349,0.084308,0.089001
29,192,9935,139072,0.075381,0.085699
29,193,13407,38669,0.084269,0.076021
29,194,19093,125142,0.079920,0.089092
29,195,77398,25676,0.115032,0.081607
29,196,91689,346504,0.124213,0.129877
29,197,993,33872,0.071569,0.076394
29,198,29634,222541,0.102255,0.083586
29,199,9826,170003,0.078821,0.081650
29,200,10442,115658,0.121827,0.093212
29,201,4269,57901,0.077734,0.076495
29,202,5846,18861,0.075290,0.075736
29,203,3522,129782,0.069669,0.107932
29,204,16379,219069,0.099275,0.108102
29,205,9462,254648,0.078895,0.088145
29,206,106,49880,0.068115,0.070827
29,207,7355,23936,0.110164,0.111343
29,208,10858,184721,0.096946,0.082053
29,209,61605,202398,0.082148,0.087535
29,210,55930,517348,0.088604,0.082727
29,211,114185,223923,0.152406,0.142413
29,212,31867,273345,0.096206,0.112751
29,213,46,17718,0.074314,0.078099
29,214,1926,12613,0.077434,0.076498
29,215,2006,1386,0.070112,0.067920
29,216,80633,285744,0.132653,0.125281
29,217,210,5,0.057242,0.049414
29,218,67,3765,0.077728,0.080676
29,219,1912,234521,0.064171,0.086916
29,220,14747,69046,0.029894,0.084840
29,221,4715,104863,0.073644,0.082544
29,222,2966,194120,0.071901,0.077527
29,223,9691,1283260,0.074597,0.076642
29,224,5922,107530,0.069253,0.075907
29,225,299,203,0.074525,0.078122
29,226,11047,193630,0.085549,0.114423
29,227,923,82323,0.063116,0.099817
29,228,910,4957,0.071564,0.069344
29,229,62639,277733,0.120408,0.115949
29,230,4503,205062,0.068902,0.111411
29,231,12753,106284,0.075885,0.074095
29,232,207,58,0.068896,0.063548
29,233,1120,36903,0.084969,0.094506
29,234,9180,334187,0.070585,0.084838
29,235,108,40279,0.057140,0.068031
29,236,1968,60705,0.079081,0.113183
29,237,11781,113398,0.068646,0.067610
29,238,38064,61375,0.077339,0.065830
29,239,18632,212113,0.083242,0.091379
29,240,12147,90295,0.094747,0.099547
29,241,4376,31783,0.088513,0.079052
29,242,35280,75558,0.083770,0.100453
29,243,18118,273357,0.066231,0.073174
29,244,58,726,0.079714,0.085012
29,245,8279,83095,0.079761,0.071472
29,246,36794,68281,0.067425,0.078310
29,247,862,1386,0.079059,0.072369
29,248,1167,119289,0.079486,0.074217
29,249,2332,1241,0.094592,0.066506
29,250,8388,106633,0.101687,0.117713
29,251,97,9557,0.051629,0.084975
29,252,1191,50936,0.070833,0.072234
29,253,2819,199905,0.085299,0.088127
29,254,34913,396316,0.099808,0.112252
29,255,1592,12156,0.090656,0.082743
29,256,6536,248738,0.063554,0.094089
29,257,25502,60264,0.094836,0.101496
29,258,2649,11605,0.068396,0.059466
29,259,16937,165111,0.107719,0.093340
29,260,0,4,0.000000,0.049988
29,261,21078,249464,0.107848,0.102418
29,262,7697,97108,0.080523,0.077354
29,263,5801,2402,0.105013,0.086803
29,264,1641,67745,0.073597,0.077713
29,265,8264,14405,0.071379,0.076275
29,266,14037,252129,0.082027,0.082712
29,267,7292,5020,0.047191,0.056421
29,268,5,170858,0.050488,0.092292
29,269,27034,366028,0.114620,0.096692
29,270,81072,309769,0.129266,0.128949
29,271,354,1094,0.067460,0.066505
29,272,7319,807,0.082377,0.065732
29,273,15212,659353,0.108037,0.134458
29,274,59946,164350,0.130738,0.110445
29,275,83,7724,0.075034,0.082867
29,276,26730,343680,0.121703,0.161268
29,277,37396,11561,0.059323,0.069230
29,278,973,215,0.066403,0.060072
29,279,8997,286782,0.077710,0.083581
29,280,10664,105086,0.084963,0.079496
29,281,578,47186,0.073936,0.072594
29,282,7491,88345,0.076611,0.082324
29,283,103658,842,0.075803,0.054058
29,284,1694,15332,0.082580,0.076893
29,285,8562,121934,0.101146,0.114057
29,286,12771,4209,0.025595,0.074930
29,287,76033,134037,0.090118,0.075402
29,288,101919,8385,0.078835,0.065916
29,289,61945,566078,0.093051,0.098467
29,290,19126,189429,0.100742,0.120375
29,291,6342,50990,0.086383,0.081932
29,292,40,100,0.061450,0.065044
29,293,104,50138,0.081176,0.080842
29,294,1256,592,0.055910,0.063752
29,295,10322,43993,0.078016,0.101335
29,296,9295,110865,0.085870,0.088049
29,297,4841,146926,0.086145,0.101451
29,298,3340,214169,0.091904,0.110577
29,299,242606,807104,0.141150,0.093222
29,300,57903,243217,0.073851,0.080515
29,301,14486,9619,0.099421,0.084657
29,302,85228,669266,0.097498,0.097987
29,303,34885,303762,0.097604,0.102997
29,304,3286,1891,0.071790,0.070325
29,305,362,803,0.076157,0.080887
29,306,10564,27431,0.106282,0.102201
29,307,1682,268064,0.076060,0.074303
29,308,20305,183187,0.104661,0.093015
29,309,33558,345317,0.106498,0.090912
29,310,5338,28343,0.080314,0.085801
29,311,17673,127941,0.069534,0.076295
29,312,688,5074,0.088440,0.073199
29,313,35589,300105,0.129234,0.126180
29,314,17452,241159,0.059053,0.108163
29,315,11158,103059,0.109897,0.116641
29,316,191,1696,0.072103,0.063418
29,317,12158,134379,0.085428,0.084403
29,318,182,287,0.061087,0.067550
29,319,25999,123841,0.084047,0.086724
29,320,47253,44934,0.072107,0.076027
29,321,3273,8751,0.080102,0.076074
29,322,44572,313794,0.127810,0.089915
29,323,7928,73309,0.112507,0.099709
29,324,28239,109067,0.081401,0.073457
29,325,20697,156126,0.084674,0.087817
29,326,17222,148792,0.106273,0.111559
29,327,33943,184712,0.086968,0.082464
29,328,3965,53288,0.080767,0.072985
29,329,633,11245,0.054318,0.061367
29,330,436,86977,0.091603,0.102833
29,331,41140,676506,0.092597,0.102329
29,332,5346,61391,0.110848,0.084107
29,333,24377,112859,0.072291,0.093521
29,334,14993,342509,0.080133,0.087934
29,335,4049,89720,0.125841,0.118056
29,336,13046,157704,0.082171,0.094717
29,337,1707,93630,0.121416,0.106989
29,338,1345,1209,0.070628,0.070666
29,339,229,4049,0.078734,0.079488
29,340,420,32656,0.071273,0.080917
29,341,165,611,0.078913,0.073234
29,342,52298,154456,0.079285,0.139318
29,343,1460,2951,0.099725,0.078148
29,344,56894,474152,0.076879,0.087850
29,345,382,5544,0.074732,0.069764
29,346,5241,58781,0.077033,0.084231
29,347,1565,8051,0.064784,0.067129
29,348,23289,287933,0.144215,0.156107
29,349,173,47957,0.060085,0.072673
29,350,4623,132480,0.074428,0.081038
29,351,1201,16373,0.071407,0.073991
29,352,134516,733313,0.109369,0.108390
29,353,43930,79501,0.098988,0.095902
29,354,4243,331423,0.080013,0.088311
29,355,31810,452193,0.107256,0.120816
29,356,46255,444378,0.075014,0.084803
29,357,14957,390217,0.081028,0.078823
29,358,1477,13628,0.062834,0.073271
29,359,10622,155270,0.078143,0.082117
29,360,1121,10572,0.078550,0.073234
29,361,45554,230006,0.088892,0.084491
29,362,298,3458,0.073921,0.076218
29,363,13002,84168,0.095216,0.085756
29,364,20022,153034,0.106050,0.098561
29,365,291,110,0.062351,0.065831
29,366,56895,35777,0.081720,0.091599
29,367,3091,21991,0.075350,0.088025
29,368,3688,38573,0.093636,0.088219
29,369,6319,169684,0.080522,0.087307
29,370,16300,208097,0.090479,0.096748
29,371,2398,47920,0.083846,0.099905
29,372,476,76766,0.084421,0.073606
29,373,3631,295206,0.075797,0.072932
29,374,40154,1813,0.057742,0.048720
29,375,16366,243360,0.106207,0.100441
29,376,1322,160585,0.064352,0.067035
29,377,34607,4626,0.068209,0.064020
29,378,5304,70884,0.071747,0.079255
29,379,1289,53790,0.063930,0.073792
29,380,2622,72035,0.073441,0.072047
29,381,37142,179432,0.077700,0.097393
29,382,36369,2157,0.107100,0.095694
29,383,14223,176798,0.101043,0.121412
29,384,322,6655,0.087093,0.107900
29,385,2503,565901,0.077114,0.105038
29,386,223911,607102,0.086988,0.084365
29,387,18759,619,0.084685,0.070735
29,388,2581,5128,0.064186,0.063157
29,389,45387,190319,0.115401,0.086982
29,390,5574,110723,0.071140,0.083967
29,391,4126,4904,0.087889,0.079680
29,392,2560,154960,0.084905,0.084308
29,393,8563,120517,0.078996,0.092545
29,394,12687,161775,0.081162,0.075299
29,395,51446,714226,0.139030,0.175961
29,396,15751,229371,0.094711,0.183112
29,397,73697,241434,0.088938,0.099049
29,398,11528,118100,0.086515,0.086101
29,399,29952,96809,0.117650,0.101937
29,400,29203,307202,0.122597,0.108697
29,401,189,4,0.054654,0.073608
29,402,1070,615,0.077639,0.074417
29,403,25341,99743,0.075637,0.074637
29,404,2684,89433,0.086195,0.108918
29,405,21809,150991,0.096776,0.081956
29,406,5475,69824,0.098632,0.112241
29,407,1082,1551,0.057588,0.067206
29,408,6242,131908,0.080197,0.085047
29,409,1703,125350,0.066660,0.085622
29,410,3362,18424,0.070250,0.079105
29,411,80,2,0.081758,0.067993
29,412,76,69051,0.061403,0.079801
29,413,56023,551735,0.097177,0.102801
29,414,465,111223,0.079023,0.094211
29,415,8123,72144,0.063809,0.076265
29,416,5,95157,0.066699,0.108667
29,417,524,24867,0.071854,0.075310
29,418,18138,94356,0.119615,0.113412
29,419,10089,786,0.089309,0.074222
29,420,12237,167304,0.096930,0.100069
29,421,40,329,0.073041,0.074427
29,422,4092,36419,0.084414,0.084911
29,423,18987,337293,0.083581,0.087352
29,424,26911,524757,0.088599,0.094346
29,425,848,220109,0.077661,0.077499
29,426,13897,413961,0.078250,0.090561
29,427,17990,113295,0.112933,0.082517
29,428,10377,14918,0.078942,0.094862
29,429,3983,237785,0.084620,0.088051
29,430,20788,231339,0.081855,0.078783
29,431,7258,106709,0.091040,0.094474
29,432,10346,39255,0.088290,0.098931
29,433,17,435,0.063972,0.080220
29,434,9334,178290,0.069575,0.086038
29,435,185,695,0.073311,0.062900
29,436,54976,465114,0.129921,0.125460
29,437,51585,239648,0.079493,0.076999
29,438,3302,73,0.074371,0.068251
29,439,18237,563491,0.095804,0.092363
29,440,17063,393914,0.078621,0.086494
29,441,6808,156599,0.070768,0.078369
29,442,5541,110975,0.125907,0.096186
29,443,3255,104694,0.081839,0.093801
29,444,14682,128343,0.080926,0.072160
29,445,20394,677648,0.096695,0.104810
29,446,1315,167732,0.068792,0.087950
29,447,260,106108,0.076026,0.072462
29,448,40529,600465,0.093533,0.113411
29,449,329,1745,0.055574,0.055683
29,450,36540,115318,0.127269,0.113261
29,451,49847,201151,0.109941,0.112563
29,452,9527,387096,0.047610,0.111036
29,453,39,1172,0.084291,0.080378
29,454,50251,351172,0.153168,0.160306
29,455,6266,173309,0.152561,0.127596
29,456,0,11,0.000000,0.062744
29,457,20135,179070,0.111104,0.093805
29,458,12901,219777,0.105323,0.100761
29,459,11455,65049,0.088485,0.076444
29,460,67228,263050,0.097117,0.102539
29,461,322,1486,0.084738,0.077636
29,462,10760,237023,0.091532,0.087189
29,463,7309,148282,0.097919,0.093770
29,464,46100,848510,0.115133,0.164779
29,465,453,796,0.069894,0.064536
29,466,3743,132083,0.089289,0.090490
29,467,88738,97449,0.100248,0.077864
29,468,19347,4504,0.089334,0.068540
29,469,71,5212,0.068481,0.069862
29,470,29,2118,0.073823,0.085178
29,471,2201,8526,0.062988,0.086303
29,472,144141,1092908,0.117253,0.114439
29,473,18833,150072,0.085883,0.076748
29,474,12636,138814,0.072687,0.086358
29,475,0,0,0.000000,0.000000
29,476,4550,61034,0.089215,0.080169
29,477,9220,658656,0.064838,0.089904
29,478,153,482,0.058342,0.080895
29,479,26507,231311,0.091016,0.107556
29,480,6718,328795,0.092037,0.114450
29,481,26234,162631,0.087012,0.079670
29,482,52371,428879,0.108306,0.108035
29,483,1629,82808,0.103968,0.081712
29,484,55390,584605,0.086919,0.110058
29,485,1,0,0.039551,0.000000
29,486,4716,99649,0.088265,0.076878
29,487,218260,807914,0.147059,0.137479
29,488,15932,125847,0.085510,0.087236
29,489,26,4,0.061993,0.066956
29,490,25056,211191,0.082821,0.099454
29,491,1942,74163,0.089783,0.114139
29,492,2141,37315,0.060094,0.071715
29,493,14810,802,0.113428,0.083263
29,494,1,18,0.058350,0.054660
29,495,535,18191,0.080161,0.081379
29,496,17004,192420,0.087702,0.098887
29,497,4064,20010,0.082325,0.074108
29,498,614,9984,0.082993,0.091397
29,499,11297,48645,0.075393,0.081761
29,500,21465,249002,0.110478,0.116575
29,501,1562,25052,0.112558,0.087395
29,502,7975,107320,0.069886,0.077439
29,503,2273,120414,0.069264,0.070282
29,504,31547,148020,0.094632,0.085880
29,505,17438,362398,0.090664,0.114617
29,506,7329,51193,0.083368,0.080305
29,507,11900,242549,0.082974,0.100295
29,508,829,66029,0.074057,0.088555
29,509,15192,188020,0.128624,0.109337
29,510,43967,594708,0.090630,0.095848
29,511,24765,197080,0.096340,0.098412
30,0,30445,314267,nan,nan
30,1,31863,451707,nan,nan
30,2,39957,332080,nan,nan
30,3,30082,296653,nan,nan
30,4,37929,219968,nan,nan
30,5,18804,248272,nan,nan
30,6,23199,314331,nan,nan
30,7,36092,350709,nan,nan
30,8,35209,308655,nan,nan
30,9,23422,213604,nan,nan
30,10,91475,411971,0.088435,0.084336
30,11,8985,53398,0.121136,0.097702
30,12,10802,276251,0.079032,0.090477
30,13,48073,415716,0.080311,0.103258
30,14,2517,8381,0.101874,0.072317
30,15,7011,219860,0.081951,0.089790
30,16,0,0,0.000000,0.000000
30,17,9,157,0.052639,0.051718
30,18,20599,194247,0.113859,0.114617
30,19,11932,124959,0.089211,0.084421
30,20,32619,88445,0.107122,0.094651
30,21,1284,35288,0.078043,0.080399
30,22,1699,11386,0.140197,0.114000
30,23,7718,161221,0.080462,0.085871
30,24,8773,66646,0.089964,0.091024
30,25,130,542,0.073476,0.075990
30,26,7119,89399,0.072981,0.079842
30,27,8674,103971,0.093131,0.104682
30,28,34858,365591,0.078026,0.081105
30,29,6307,82828,0.119555,0.098643
30,30,3516,168540,0.079529,0.085971
30,31,12436,119943,0.081823,0.113011
30,32,20,886,0.050171,0.044298
30,33,6972,144932,0.088706,0.085930
30,34,62321,90661,0.081417,0.080265
30,35,929,6926,0.082841,0.079542
30,36,65399,310696,0.118392,0.116826
30,37,3369,205529,0.080101,0.106165
30,38,20327,220811,0.040533,0.080731
30,39,4612,5598,0.082123,0.077012
30,40,765,13424,0.070928,0.098038
30,41,3300,6444,0.065895,0.062021
30,42,51803,535545,0.094485,0.104611
30,43,13030,220069,0.075268,0.075749
30,44,14988,170059,0.080117,0.089267
30,45,13478,149700,0.102737,0.114090
30,46,39439,47288,0.096564,0.075707
30,47,18286,178076,0.133680,0.126452
30,48,14357,124095,0.089746,0.084654
30,49,94264,337855,0.127991,0.108347
30,50,38181,156157,0.089519,0.085298
30,51,28364,512749,0.081997,0.089011
30,52,5184,180667,0.082998,0.082585
30,53,4700,102066,0.122091,0.120632
30,54,25872,194146,0.102674,0.103143
30,55,65511,449130,0.099718,0.120727
30,56,9686,11525,0.082994,0.067634
30,57,188,422,0.067850,0.067884
30,58,41718,41922,0.073587,0.077255
30,59,5104,38350,0.082702,0.071876
30,60,2854,34729,0.070764,0.085325
30,61,5320,135904,0.069534,0.082906
30,62,21906,126582,0.076290,0.090074
30,63,9924,83514,0.108337,0.098232
30,64,16560,41160,0.069304,0.106251
30,65,12799,430574,0.096150,0.125073
30,66,646,3909,0.070959,0.072069
30,67,70,433,0.066750,0.065633
30,68,808,23182,0.070695,0.077634
30,69,24932,182478,0.122004,0.133624
30,70,5719,100396,0.075716,0.079393
30,71,48241,70527,0.131985,0.100678
30,72,56,302,0.060370,0.066753
30,73,39458,162191,0.122899,0.082166
30,74,33691,193865,0.160470,0.117185
30,75,7752,1237,0.094413,0.076741
30,76,20664,275944,0.089367,0.089648
30,77,36896,142608,0.077693,0.076195
30,78,19141,128244,0.083701,0.081529
30,79,17085,199479,0.072560,0.074405
30,80,7804,181728,0.078794,0.082355
30,81,1365,69809,0.076944,0.084439
30,82,3533,2966,0.094966,0.085054
30,83,16096,385445,0.101476,0.106912
30,84,10,933,0.053979,0.055381
30,85,24589,45533,0.153476,0.081204
30,86,8671,74392,0.097066,0.134965
30,87,22219,306592,0.068052,0.074801
30,88,10736,279963,0.080348,0.084396
30,89,22013,255297,0.084523,0.109179
30,90,1828,608,0.074832,0.075036
30,91,6944,30966,0.104325,0.091590
30,92,2,659,0.046265,0.043188
30,93,8257,434599,0.078038,0.109546
30,94,24968,120981,0.140110,0.128236
30,95,1972,4818,0.081597,0.079433
30,96,3626,2626,0.090177,0.081664
30,97,29900,402373,0.080150,0.088259
30,98,1857,34035,0.064553,0.076472
30,99,8292,170413,0.081968,0.086245
30,100,44801,380448,0.098667,0.105922
30,101,5656,45666,0.072821,0.077695
30,102,24015,345645,0.094426,0.126555
30,103,2049,8891,0.061177,0.066698
30,104,5383,15660,0.109290,0.080231
30,105,6396,151013,0.076352,0.084330
30,106,0,77,0.000000,0.051333
30,107,8817,329100,0.074399,0.085078
30,108,0,2917,0.000000,0.041406
30,109,1988,14241,0.072803,0.077255
30,110,92169,590240,0.138832,0.146854
30,111,62554,372875,0.095003,0.085781
30,112,48464,341046,0.084933,0.078097
30,113,32899,127106,0.102812,0.120294
30,114,4962,180929,0.082973,0.092430
30,115,3499,77829,0.096099,0.112447
30,116,3960,129212,0.072132,0.080598
30,117,6000,102711,0.066611,0.068761
30,118,97657,782401,0.136608,0.137173
30,119,90153,105683,0.085698,0.079081
30,120,40212,200851,0.084474,0.080967
30,121,5573,106567,0.093535,0.103781
30,122,3860,349067,0.077707,0.088045
30,123,98,8962,0.076801,0.074059
30,124,16667,233178,0.082033,0.086610
30,125,9502,139974,0.097236,0.122350
30,126,19710,46772,0.070567,0.076343
30,127,1061,14301,0.071125,0.069609
30,128,33,202,0.051983,0.058608
30,129,1669,316197,0.067853,0.094753
30,130,30187,244493,0.094965,0.101339
30,131,2030,41409,0.071822,0.076487
30,132,1,783,0.029053,0.051113
30,133,12862,74344,0.154566,0.140539
30,134,1596,113953,0.081427,0.085529
30,135,3870,85046,0.082457,0.102933
30,136,4128,118245,0.096515,0.098274
30,137,7057,77026,0.092803,0.101725
30,138,215,34671,0.054414,0.051643
30,139,59252,81340,0.108745,0.096355
30,140,17192,23094,0.084760,0.074169
30,141,6451,8511,0.134586,0.105928
30,142,14519,216212,0.074910,0.076539
30,143,8580,22221,0.066735,0.065817
30,144,143733,438095,0.118256,0.081011
30,145,15504,130498,0.065763,0.095002
30,146,43842,217035,0.087729,0.095946
30,147,2419,6933,0.082720,0.070630
30,148,25168,683796,0.073373,0.082437
30,149,3067,36650,0.069512,0.074173
30,150,86024,99826,0.094029,0.078261
30,151,116846,495103,0.114352,0.103085
30,152,5349,297280,0.060386,0.121196
30,153,9218,102456,0.098384,0.096423
30,154,21769,244382,0.088946,0.083753
30,155,2742,209801,0.125403,0.105305
30,156,7254,202580,0.114174,0.158238
30,157,78881,301143,0.109798,0.108839
30,158,11190,117549,0.076839,0.069304
30,159,3419,74274,0.072860,0.085065
30,160,239,72,0.052386,0.063717
30,161,20501,125519,0.042502,0.084780
30,162,8762,311766,0.084525,0.086928
30,163,5146,255753,0.078414,0.083880
30,164,412,3917,0.071458,0.071826
30,165,66353,301204,0.095083,0.086192
30,166,5685,165182,0.074394,0.108656
30,167,25233,415013,0.078000,0.079057
30,168,59131,205948,0.102681,0.103916
30,169,16130,448495,0.089544,0.099161
30,170,230,15,0.090930,0.062842
30,171,8066,37702,0.118400,0.052506
30,172,11119,115641,0.070462,0.078928
30,173,111844,587414,0.113653,0.112199
30,174,16322,163143,0.109834,0.089317
30,175,1946,82369,0.076299,0.077207
30,176,4085,2092,0.075342,0.062892
30,177,5,202,0.053418,0.052019
30,178,14312,187078,0.095272,0.093166
30,179,3518,73719,0.083415,0.087841
30,180,20346,145757,0.261217,0.127619
30,181,83336,381881,0.105611,0.118392
30,182,20985,14605,0.079633,0.073523
30,183,6418,153165,0.066115,0.070182
30,184,17216,182034,0.072651,0.070102
30,185,7832,230013,0.083292,0.091275
30,186,2830,45353,0.088237,0.098433
30,187,6089,16884,0.106992,0.089118
30,188,9,0,0.054877,0.000000
30,189,20446,375753,0.069330,0.080513
30,190,26774,110121,0.069757,0.074245
30,191,19961,75381,0.040329,0.085477
30,192,484,83094,0.073949,0.082441
30,193,10382,184225,0.084132,0.092284
30,194,7141,102927,0.080949,0.087026
30,195,43302,318891,0.078166,0.081950
30,196,1740,38008,0.057915,0.105786
30,197,10766,98566,0.090059,0.103489
30,198,33913,98127,0.090264,0.082265
30,199,16282,355819,0.071070,0.083304
30,200,7207,8054,0.078494,0.083748
30,201,30816,110496,0.098434,0.086853
30,202,14662,122488,0.081115,0.089928
30,203,4011,83119,0.072484,0.084584
30,204,14021,247939,0.066486,0.093609
30,205,398,15505,0.064740,0.055678
30,206,319,1237,0.072437,0.074772
30,207,12269,124019,0.076235,0.088586
30,208,16296,178629,0.078735,0.090876
30,209,12976,184773,0.082453,0.080031
30,210,107705,106564,0.141357,0.057944
30,211,6773,75156,0.101044,0.082907
30,212,13322,238718,0.110988,0.096068
30,213,38107,66790,0.078256,0.086983
30,214,8530,62972,0.082308,0.078707
30,215,92,491,0.062248,0.052410
30,216,3385,109260,0.076268,0.083129
30,217,22019,223121,0.093275,0.088829
30,218,88613,7911,0.079853,0.058662
30,219,21588,112495,0.088695,0.083425
30,220,3159,5019,0.091296,0.077477
30,221,26980,302251,0.069313,0.076709
30,222,31292,326787,0.097895,0.102220
30,223,0,38,0.000000,0.053705
30,224,32898,287514,0.124800,0.142027
30,225,16462,165098,0.101581,0.087564
30,226,14958,425431,0.064146,0.079904
30,227,51948,83956,0.103892,0.084695
30,228,1399,19397,0.072963,0.084343
30,229,36939,207104,0.116339,0.097173
30,230,2119,69303,0.071204,0.077247
30,231,854,232325,0.056293,0.119365
30,232,333,7742,0.072835,0.077083
30,233,13262,68222,0.084033,0.088172
30,234,10684,223306,0.120424,0.120689
30,235,60643,110777,0.103044,0.070702
30,236,18740,150630,0.083030,0.091040
30,237,59142,279899,0.100102,0.079358
30,238,11312,308928,0.063411,0.095079
30,239,6261,100380,0.090046,0.107127
30,240,19885,54565,0.082289,0.093731
30,241,22456,181263,0.090279,0.097516
30,242,22484,92741,0.090001,0.081759
30,243,11292,262538,0.083281,0.102760
30,244,19747,107194,0.076191,0.079312
30,245,9523,110517,0.086901,0.096351
30,246,4363,6572,0.076275,0.071535
30,247,4070,22504,0.111766,0.076679
30,248,40374,198483,0.107539,0.105400
30,249,128961,802926,0.124801,0.101604
30,250,6861,202041,0.075406,0.086589
30,251,980,8969,0.072389,0.063365
30,252,4209,58534,0.124848,0.128448
30,253,6162,30452,0.080733,0.067020
30,254,22554,144962,0.071148,0.077426
30,255,70144,669682,0.090859,0.092532
30,256,26160,277040,0.070796,0.089746
30,257,3832,5050,0.069640,0.088062
30,258,85,269,0.072557,0.073542
30,259,23065,394256,0.083988,0.151000
30,260,21172,75816,0.102780,0.105227
30,261,47385,18586,0.083412,0.068904
30,262,4553,261957,0.079014,0.093544
30,263,37233,83167,0.084080,0.105546
30,264,2301,125,0.062100,0.061717
30,265,493,1521,0.073206,0.060932
30,266,3466,96185,0.084521,0.090797
30,267,32586,382418,0.075901,0.079904
30,268,53453,5419,0.188981,0.116672
30,269,120808,456229,0.114905,0.119145
30,270,9223,77379,0.091802,0.102928
30,271,33796,146376,0.095654,0.092663
30,272,1283,422,0.091779,0.077331
30,273,17732,126715,0.089983,0.137981
30,274,2260,78613,0.088902,0.106972
30,275,13802,139853,0.086584,0.093744
30,276,17803,509013,0.083740,0.085741
30,277,3917,68310,0.079211,0.079063
30,278,22601,92110,0.086091,0.088934
30,279,2313,19525,0.072943,0.082902
30,280,8454,50362,0.093265,0.107610
30,281,11179,66096,0.091435,0.096048
30,282,71061,814097,0.261727,0.198068
30,283,9379,101178,0.082102,0.086180
30,284,0,137,0.000000,0.041874
30,285,11649,173680,0.077511,0.101971
30,286,16713,440780,0.080160,0.088866
30,287,24096,139664,0.097139,0.099984
30,288,6626,167156,0.090373,0.086661
30,289,13508,255179,0.067793,0.101990
30,290,23396,214824,0.083379,0.093592
30,291,4640,53692,0.075536,0.088213
30,292,436,10174,0.075135,0.079971
30,293,19166,452468,0.095060,0.139360
30,294,16216,82752,0.087605,0.093799
30,295,13980,37920,0.127710,0.077049
30,296,6999,122905,0.083460,0.079404
30,297,3981,316677,0.080694,0.086827
30,298,244,1288,0.058493,0.067743
30,299,25106,439677,0.078352,0.139732
30,300,10667,168251,0.122273,0.146430
30,301,9670,38668,0.092959,0.084994
30,302,7876,249302,0.080430,0.091127
30,303,5993,16002,0.106984,0.088786
30,304,44272,259634,0.079181,0.081918
30,305,14696,51310,0.113429,0.115904
30,306,20933,87070,0.106605,0.097980
30,307,6047,163167,0.076824,0.086584
30,308,5930,56224,0.097619,0.114002
30,309,6205,116081,0.086449,0.102397
30,310,512,27683,0.060324,0.075426
30,311,0,0,0.000000,0.000000
30,312,22292,208777,0.097150,0.080277
30,313,36422,100144,0.114967,0.114782
30,314,110934,513685,0.114314,0.120422
30,315,2345,7588,0.077845,0.079713
30,316,11734,108940,0.085381,0.086110
30,317,23894,60007,0.115217,0.111034
30,318,9680,105928,0.080330,0.080734
30,319,10770,473,0.070919,0.066091
30,320,7487,73642,0.096133,0.085599
30,321,23062,368343,0.048494,0.088943
30,322,11809,109131,0.086527,0.078311
30,323,8409,124681,0.080363,0.080717
30,324,56938,181065,0.086051,0.085582
30,325,14494,99561,0.085883,0.089147
30,326,787,88288,0.075467,0.088890
30,327,60324,405419,0.101125,0.118298
30,328,4103,101003,0.088553,0.075014
30,329,38617,272487,0.078085,0.107460
30,330,8838,119912,0.083097,0.097287
30,331,2422,69152,0.087760,0.086913
30,332,6920,243117,0.076283,0.087841
30,333,14875,95883,0.090414,0.081364
30,334,5530,79845,0.086216,0.104368
30,335,88893,450596,0.106128,0.111634
30,336,4014,140758,0.118157,0.101531
30,337,47670,188443,0.095375,0.102869
30,338,105451,282003,0.117292,0.110387
30,339,2687,50668,0.076477,0.083855
30,340,9471,62240,0.092028,0.098501
30,341,5694,32986,0.132243,0.095367
30,342,2078,65141,0.066865,0.070145
30,343,169687,486388,0.127328,0.119227
30,344,39873,224395,0.084631,0.085482
30,345,24944,201850,0.064205,0.087469
30,346,4267,304622,0.068575,0.075061
30,347,9602,68572,0.094229,0.094367
30,348,11309,68922,0.114811,0.110984
30,349,3076,48696,0.062374,0.085886
30,350,26699,136224,0.098125,0.092251
30,351,31423,188229,0.082411,0.082707
30,352,5697,1062,0.082227,0.073974
30,353,0,0,0.000000,0.000000
30,354,9485,97091,0.111361,0.096066
30,355,175,531,0.053259,0.077645
30,356,4704,9383,0.104122,0.081410
30,357,12735,136247,0.096238,0.111742
30,358,20448,79054,0.098755,0.098858
30,359,14907,167759,0.114329,0.120109
30,360,1932,826,0.085206,0.067902
30,361,5410,1769,0.082647,0.072776
30,362,9011,643,0.086625,0.068434
30,363,11180,395,0.128883,0.088744
30,364,6566,75089,0.105460,0.093442
30,365,5397,10244,0.083490,0.079176
30,366,793,49190,0.067124,0.062182
30,367,2054,106614,0.069657,0.084061
30,368,31842,209495,0.099886,0.099904
30,369,852,40899,0.078647,0.089697
30,370,29435,293250,0.090783,0.090861
30,371,53,519,0.071639,0.080305
30,372,9938,104571,0.068676,0.070963
30,373,4588,45231,0.088720,0.089824
30,374,194,40673,0.052451,0.053023
30,375,3663,62079,0.080656,0.083250
30,376,8279,157922,0.080604,0.078465
30,377,37815,96092,0.089791,0.093662
30,378,52904,341669,0.108505,0.104304
30,379,19181,147831,0.083501,0.080313
30,380,1725,195259,0.075403,0.085757
30,381,5,0,0.051782,0.000000
30,382,4493,120152,0.115201,0.100644
30,383,22912,221084,0.093336,0.094426
30,384,8958,421532,0.078631,0.084411
30,385,4081,121291,0.094754,0.075146
30,386,1156,61197,0.055837,0.063342
30,387,90404,643485,0.109373,0.121544
30,388,23941,188654,0.105483,0.090282
30,389,64636,247033,0.118763,0.091897
30,390,6491,117526,0.076658,0.079053
30,391,80536,872451,0.099843,0.094777
30,392,29026,82666,0.087943,0.080663
30,393,40411,469509,0.076001,0.085531
30,394,17139,106148,0.082668,0.088778
30,395,33635,207467,0.108995,0.085945
30,396,6095,145214,0.083193,0.085572
30,397,23284,102514,0.083039,0.076517
30,398,631,11274,0.071474,0.077045
30,399,9972,276105,0.083106,0.094860
30,400,212,510,0.059372,0.058532
30,401,18981,221464,0.080156,0.090218
30,402,21316,206971,0.125750,0.108683
30,403,2512,15262,0.091215,0.071654
30,404,5374,26536,0.093518,0.077160
30,405,40695,115301,0.112038,0.071745
30,406,11733,69273,0.094855,0.114116
30,407,26671,294123,0.082974,0.088367
30,408,2113,37753,0.090229,0.093351
30,409,7104,53118,0.093532,0.098809
30,410,13417,169305,0.079394,0.098908
30,411,1839,231237,0.088212,0.095720
30,412,14613,160392,0.080776,0.121398
30,413,2560,127,0.070285,0.076731
30,414,48293,3379,0.086795,0.080492
30,415,7749,136351,0.078160,0.082422
30,416,46036,117770,0.079170,0.074289
30,417,2170,126729,0.076043,0.083857
30,418,1336,13138,0.065712,0.078302
30,419,6995,105368,0.079907,0.076326
30,420,17969,23611,0.080608,0.092388
30,421,2291,49958,0.084913,0.083034
30,422,17649,24664,0.095285,0.092108
30,423,3557,60276,0.088276,0.093936
30,424,10343,159946,0.086347,0.088494
30,425,4493,799799,0.064264,0.090692
30,426,3556,42117,0.073930,0.085968
30,427,7154,155875,0.084679,0.088957
30,428,48167,95460,0.075612,0.084692
30,429,74437,232471,0.094812,0.089497
30,430,7667,545820,0.073650,0.102583
30,431,27838,113845,0.111268,0.091703
30,432,13213,202072,0.089233,0.082759
30,433,4698,27478,0.067299,0.073800
30,434,18635,185095,0.124158,0.144451
30,435,7942,199887,0.068980,0.095344
30,436,29682,135089,0.086447,0.086086
30,437,9899,122094,0.094729,0.088190
30,438,2003,30498,0.077161,0.085877
30,439,41312,116964,0.079438,0.088789
30,440,29457,680924,0.103530,0.149315
30,441,15232,101103,0.097816,0.099363
30,442,2713,10491,0.091817,0.089203
30,443,2635,92376,0.102366,0.107141
30,444,2405,40223,0.093646,0.101969
30,445,41076,183456,0.095251,0.101381
30,446,12988,178431,0.089665,0.086112
30,447,582,39165,0.070442,0.071657
30,448,59186,423030,0.131827,0.128285
30,449,15599,271224,0.085612,0.105452
30,450,17904,533099,0.085583,0.100176
30,451,5311,56039,0.087937,0.108284
30,452,22946,136287,0.241343,0.114942
30,453,7086,153664,0.077485,0.086112
30,454,1073,5495,0.101180,0.106371
30,455,2620,101490,0.074437,0.084944
30,456,17376,194259,0.093799,0.089590
30,457,2729,188885,0.075185,0.088016
30,458,4171,62675,0.114309,0.100758
30,459,44894,229041,0.089530,0.090882
30,460,10398,139,0.080012,0.066138
30,461,37899,13981,0.096820,0.067888
30,462,56955,133254,0.074705,0.099521
30,463,4966,124211,0.078631,0.078128
30,464,21128,159579,0.078858,0.084548
30,465,34409,241420,0.096181,0.129536
30,466,4279,239098,0.078135,0.086227
30,467,5004,34242,0.075238,0.080941
30,468,5977,101017,0.091585,0.097388
30,469,1017,10411,0.068447,0.080105
30,470,72437,244068,0.092838,0.103407
30,471,17568,150279,0.086913,0.087822
30,472,23677,239451,0.091227,0.107736
30,473,60131,428569,0.139983,0.131219
30,474,32053,228982,0.089569,0.088987
30,475,1546,31779,0.075897,0.081001
30,476,4666,244570,0.079698,0.089801
30,477,3330,137077,0.091506,0.124989
30,478,22690,330237,0.072348,0.083118
30,479,10493,144889,0.091872,0.108860
30,480,10055,249675,0.056748,0.112803
30,481,60777,737515,0.102210,0.153293
30,482,50301,343678,0.087415,0.082102
30,483,18376,180927,0.081470,0.092940
30,484,9688,181557,0.113034,0.096579
30,485,10328,158578,0.076523,0.084960
30,486,15114,90411,0.083289,0.083589
30,487,41873,85112,0.093100,0.081623
30,488,21496,115645,0.088297,0.119900
30,489,87766,582881,0.098762,0.111582
30,490,35977,76581,0.092211,0.099325
30,491,14791,273341,0.086395,0.095953
30,492,19385,137205,0.079205,0.082797
30,493,3665,1302,0.090432,0.080898
30,494,38068,122561,0.085253,0.080038
30,495,8019,183930,0.090640,0.094732
30,496,9348,25795,0.111717,0.122068
30,497,28443,214489,0.122349,0.106227
30,498,30290,267618,0.114988,0.106454
30,499,189,989,0.052896,0.059150
30,500,6733,109762,0.074401,0.087008
30,501,55939,118884,0.089734,0.106143
30,502,5421,61437,0.072449,0.070715
30,503,0,1,0.000000,0.044678
30,504,49187,729745,0.160089,0.181330
30,505,93424,204937,0.109664,0.144094
30,506,417,3314,0.069585,0.071899
30,507,0,0,0.000000,0.000000
30,508,14660,170664,0.081047,0.089325
30,509,8556,120324,0.088364,0.080409
30,510,3400,31122,0.053349,0.061806
30,511,35528,327206,0.104375,0.082934
31,0,28186,322846,nan,nan
31,1,30867,344892,nan,nan
31,2,40039,309527,nan,nan
31,3,72492,435516,nan,nan
31,4,54800,275996,nan,nan
31,5,18812,213158,nan,nan
31,6,34167,220991,nan,nan
31,7,23395,267777,nan,nan
31,8,18480,229346,nan,nan
31,9,66459,342551,nan,nan
31,10,5816,341616,0.074172,0.087957
31,11,62544,315517,0.072643,0.083607
31,12,49936,499712,0.094376,0.085955
31,13,869,3221,0.067572,0.070236
31,14,6972,121354,0.072677,0.071395
31,15,14116,197476,0.078021,0.079953
31,16,2215,17216,0.075227,0.081411
31,17,80591,11728,0.112628,0.107487
31,18,2721,2781,0.072376,0.075295
31,19,50066,361248,0.118047,0.115799
31,20,10881,14001,0.075911,0.067443
31,21,49346,520112,0.086183,0.109622
31,22,15537,78883,0.077586,0.077256
31,23,21698,133726,0.099514,0.193307
31,24,3871,66669,0.093410,0.109157
31,25,30565,167490,0.086451,0.083288
31,26,3137,25534,0.076338,0.079335
31,27,7794,72148,0.143991,0.125770
31,28,80976,320970,0.084871,0.086434
31,29,1537,17534,0.088199,0.098070
31,30,13554,281183,0.078485,0.088452
31,31,8202,179669,0.072991,0.084894
31,32,262,30684,0.054477,0.066900
31,33,11123,225429,0.071626,0.084600
31,34,5288,168749,0.062835,0.078264
31,35,10,3,0.050171,0.044474
31,36,28965,288422,0.074613,0.081387
31,37,2747,134652,0.066698,0.106225
31,38,6210,118009,0.080836,0.090655
31,39,20996,192194,0.154473,0.115655
31,40,24770,316724,0.082241,0.100939
31,41,392,8809,0.056192,0.048921
31,42,1064,96364,0.081925,0.095675
31,43,53148,307961,0.081603,0.103721
31,44,8698,63530,0.080596,0.092587
31,45,82,57078,0.063844,0.081483
31,46,56374,182533,0.144255,0.156225
31,47,19832,162173,0.077805,0.080367
31,48,29801,59298,0.120272,0.101408
31,49,17604,152426,0.100581,0.088663
31,50,35992,439710,0.125105,0.193810
31,51,751,10534,0.085370,0.101039
31,52,13590,22674,0.078362,0.068492
31,53,6687,82083,0.075549,0.083271
31,54,7956,322800,0.077803,0.090005
31,55,18452,788448,0.117793,0.127573
31,56,8400,130798,0.086190,0.092471
31,57,7267,56887,0.077150,0.090216
31,58,15119,123085,0.082165,0.127958
31,59,26119,83025,0.129887,0.125882
31,60,114,934,0.064832,0.069183
31,61,11262,172076,0.085811,0.120744
31,62,1604,4687,0.059122,0.060637
31,63,2391,426992,0.093716,0.172115
31,64,1867,109961,0.075129,0.082057
31,65,89995,382429,0.121790,0.135816
31,66,3547,138917,0.076597,0.088828
31,67,4462,19962,0.063644,0.074538
31,68,27390,103552,0.158834,0.119267
31,69,43711,18995,0.142823,0.060633
31,70,7919,76969,0.075581,0.084453
31,71,10979,99266,0.095308,0.124773
31,72,8323,90770,0.075534,0.084006
31,73,5948,504903,0.089085,0.191074
31,74,18544,56475,0.106246,0.099544
31,75,6405,91058,0.080200,0.084183
31,76,4,2,0.053833,0.054810
31,77,87,0,0.037763,0.000000
31,78,5287,55025,0.077750,0.077864
31,79,202,38783,0.085335,0.077540
31,80,5453,67162,0.067329,0.075593
31,81,4006,125248,0.070550,0.085577
31,82,29067,216295,0.084085,0.088169
31,83,11139,66061,0.073899,0.084113
31,84,10322,117321,0.076369,0.085850
31,85,22998,479904,0.081581,0.090830
31,86,2173,392,0.084870,0.075760
31,87,21488,144258,0.076462,0.075623
31,88,83243,597748,0.110400,0.105708
31,89,53753,30033,0.072275,0.074842
31,90,32301,188224,0.095213,0.081777
31,91,36668,196522,0.088646,0.102740
31,92,11797,80141,0.111434,0.103006
31,93,10353,77396,0.105607,0.110560
31,94,5608,8140,0.088116,0.099156
31,95,78012,710721,0.099487,0.110029
31,96,31894,248612,0.086677,0.086809
31,97,6822,13464,0.066190,0.075759
31,98,15053,288973,0.079958,0.084572
31,99,8948,139108,0.094654,0.099253
31,100,20261,29642,0.069728,0.051837
31,101,54975,480288,0.077023,0.088869
31,102,28805,196403,0.090818,0.085618
31,103,196,6334,0.071754,0.074537
31,104,25690,84095,0.075455,0.096611
31,105,443,206102,0.088863,0.128256
31,106,10158,403398,0.095109,0.135862
31,107,84272,998851,0.096223,0.126751
31,108,6856,15406,0.096507,0.074632
31,109,133655,458826,0.128316,0.123126
31,110,19,2,0.044723,0.050903
31,111,17365,168193,0.075628,0.083587
31,112,17434,69916,0.090590,0.078045
31,113,18762,202526,0.091727,0.118109
31,114,5095,94109,0.067427,0.088486
31,115,2901,17381,0.066940,0.075578
31,116,4735,92862,0.064158,0.116702
31,117,11598,144655,0.078114,0.083642
31,118,2867,164157,0.068035,0.083137
31,119,72825,138327,0.088466,0.121378
31,120,11605,129575,0.090677,0.083466
31,121,1083,812,0.081095,0.082266
31,122,9897,66608,0.084923,0.092414
31,123,21811,115484,0.076192,0.078065
31,124,13544,109317,0.077297,0.079943
31,125,19010,133060,0.097901,0.106565
31,126,484,67348,0.069267,0.069481
31,127,45424,250117,0.080410,0.082776
31,128,26969,136709,0.079118,0.077647
31,129,27898,103098,0.078971,0.088465
31,130,603,73,0.052587,0.092884
31,131,21974,149167,0.089962,0.084611
31,132,72635,518696,0.198471,0.144109
31,133,666,20508,0.079150,0.082693
31,134,11680,245653,0.080692,0.095929
31,135,112,69969,0.076767,0.094968
31,136,3334,58726,0.089848,0.097143
31,137,24461,89910,0.086723,0.089003
31,138,32434,237145,0.072404,0.086508
31,139,2320,158305,0.091248,0.106109
31,140,67,74,0.060709,0.064324
31,141,2835,5257,0.075199,0.078871
31,142,20466,315330,0.069107,0.096634
31,143,15399,10656,0.058831,0.044435
31,144,33037,301634,0.081409,0.095975
31,145,16262,121002,0.110502,0.104716
31,146,13619,267821,0.077464,0.080369
31,147,2976,80529,0.072685,0.082578
31,148,4790,34692,0.084881,0.094201
31,149,22959,195428,0.065590,0.073814
31,150,15221,119268,0.118607,0.127793
31,151,7234,169111,0.076379,0.072695
31,152,16309,189223,0.079133,0.083611
31,153,11071,107726,0.081140,0.080259
31,154,26123,128288,0.082513,0.079848
31,155,1355,2431,0.077039,0.074869
31,156,21688,332500,0.073512,0.082390
31,157,33741,24051,0.055658,0.056979
31,158,3917,89696,0.068374,0.080477
31,159,6438,130977,0.074838,0.082983
31,160,34203,287538,0.099863,0.108303
31,161,7783,81943,0.084467,0.110748
31,162,6139,72470,0.092512,0.106015
31,163,11775,144558,0.094578,0.103533
31,164,38552,230918,0.112359,0.107979
31,165,5159,2611,0.064550,0.065020
31,166,891,3489,0.072156,0.069829
31,167,1532,2310,0.068435,0.064124
31,168,33159,188919,0.121861,0.127128
31,169,1022,70495,0.080533,0.083497
31,170,18686,206713,0.117094,0.131394
31,171,2440,57662,0.088251,0.076859
31,172,55149,389996,0.088520,0.087820
31,173,54691,219294,0.094033,0.122386
31,174,31648,285181,0.080133,0.080451
31,175,6663,84390,0.071312,0.087271
31,176,71715,429540,0.165412,0.173454
31,177,4740,159971,0.083489,0.093346
31,178,163564,774218,0.096849,0.095823
31,179,226,15763,0.071795,0.078285
31,180,8220,74981,0.070117,0.107926
31,181,10675,115725,0.085598,0.083143
31,182,3392,80324,0.074171,0.098873
31,183,1769,97134,0.074412,0.080362
31,184,41581,381154,0.071438,0.091420
31,185,20016,2641,0.073267,0.052273
31,186,1815,62270,0.075328,0.075393
31,187,8709,517203,0.074443,0.088848
31,188,9993,99804,0.106214,0.113472
31,189,35715,252692,0.084879,0.101611
31,190,12889,93435,0.078462,0.081516
31,191,7453,142393,0.076112,0.082857
31,192,6409,215391,0.094418,0.089813
31,193,2568,2526,0.060364,0.066298
31,194,7108,10631,0.058731,0.058438
31,195,27598,124162,0.095796,0.118150
31,196,51130,374346,0.092202,0.099145
31,197,2981,282472,0.069551,0.094441
31,198,10641,250902,0.086510,0.087390
31,199,9234,101918,0.074831,0.083250
31,200,38147,592210,0.093884,0.095275
31,201,171,95,0.064841,0.073625
31,202,12532,350145,0.076139,0.090618
31,203,0,0,0.000000,0.000000
31,204,676711,207527,0.168372,0.073426
31,205,2839,48149,0.075451,0.074697
31,206,167,7548,0.077445,0.078319
31,207,1866,78426,0.076626,0.081147
31,208,838,12607,0.056771,0.061183
31,209,9473,100708,0.081401,0.083499
31,210,49886,177903,0.078473,0.088317
31,211,1490,507461,0.073784,0.075424
31,212,4221,218243,0.077463,0.083117
31,213,287,6497,0.086495,0.082139
31,214,23926,120936,0.121247,0.100443
31,215,36669,273379,0.101061,0.085314
31,216,3550,15711,0.081369,0.082475
31,217,27914,297085,0.080745,0.087048
31,218,17644,187199,0.084513,0.096752
31,219,5020,149926,0.076818,0.084656
31,220,29984,381760,0.090823,0.086193
31,221,1707,147003,0.071377,0.081803
31,222,15106,93366,0.078985,0.083323
31,223,39211,227248,0.114245,0.098035
31,224,166,2778,0.061760,0.077955
31,225,5112,80979,0.105452,0.150496
31,226,10184,271328,0.077417,0.083403
31,227,251,4079,0.059038,0.061541
31,228,10206,164032,0.078768,0.085999
31,229,4073,33297,0.085631,0.081666
31,230,12076,21725,0.087951,0.088515
31,231,18473,152195,0.082751,0.083946
31,232,1098,134892,0.069339,0.092262
31,233,1791,2029,0.085481,0.073853
31,234,112216,535048,0.131162,0.158641
31,235,1509,59680,0.080427,0.083530
31,236,37688,126971,0.149470,0.136334
31,237,13357,268989,0.103226,0.124174
31,238,44061,375240,0.065502,0.109589
31,239,6706,441414,0.068167,0.071028
31,240,13363,135767,0.075743,0.102633
31,241,16826,112977,0.084043,0.082891
31,242,6,450,0.045207,0.053544
31,243,6092,603127,0.061192,0.075636
31,244,4086,3408,0.102402,0.097417
31,245,2608,5534,0.071780,0.069932
31,246,7841,481,0.094962,0.082238
31,247,29,48266,0.053046,0.078364
31,248,11231,124274,0.097502,0.110638
31,249,6958,49268,0.079198,0.090206
31,250,17211,117138,0.078470,0.088812
31,251,15545,322568,0.082973,0.149132
31,252,2714,46821,0.067460,0.075846
31,253,75677,305065,0.087590,0.084307
31,254,45721,478996,0.077107,0.112371
31,255,1954,43150,0.069676,0.076350
31,256,4373,239389,0.073876,0.082111
31,257,38049,169023,0.084647,0.090139
31,258,4935,147442,0.077012,0.085063
31,259,78,10069,0.078128,0.078525
31,260,51830,555407,0.081152,0.105060
31,261,9647,177894,0.074364,0.083498
31,262,596,167,0.077431,0.072069
31,263,15846,112976,0.076872,0.081101
31,264,10391,119171,0.093130,0.088661
31,265,597,986,0.058424,0.066082
31,266,4470,473390,0.062205,0.070599
31,267,8266,76494,0.090865,0.080659
31,268,58,288,0.056136,0.063570
31,269,13058,176817,0.098276,0.082996
31,270,38514,282645,0.079259,0.077006
31,271,9632,111439,0.091457,0.116102
31,272,795,8723,0.062624,0.074767
31,273,43985,181465,0.075786,0.079614
31,274,5784,114307,0.078094,0.086247
31,275,419,34,0.056553,0.072330
31,276,352,418,0.072949,0.079571
31,277,538,143,0.066578,0.072360
31,278,9526,281468,0.099520,0.098599
31,279,5066,253318,0.075446,0.088768
31,280,1211,17941,0.061158,0.078047
31,281,87458,578165,0.121446,0.121643
31,282,2096,54697,0.067638,0.105427
31,283,2392,203741,0.087770,0.104177
31,284,0,23,0.000000,0.053021
31,285,40243,289664,0.085791,0.089262
31,286,23,118,0.060271,0.054890
31,287,6038,81722,0.075424,0.080096
31,288,52681,108955,0.111408,0.094308
31,289,18029,245834,0.077713,0.081881
31,290,3590,46571,0.094274,0.090496
31,291,40303,364587,0.089712,0.094437
31,292,10695,182259,0.081629,0.109222
31,293,9235,109759,0.079572,0.081060
31,294,20083,201631,0.086785,0.100218
31,295,26817,73823,0.080927,0.085357
31,296,13317,169609,0.041835,0.082370
31,297,34514,141293,0.102964,0.077457
31,298,12553,92109,0.131645,0.126430
31,299,37860,121486,0.092896,0.082565
31,300,7967,141115,0.070949,0.083092
31,301,9946,49520,0.088682,0.078236
31,302,52683,151858,0.086165,0.094092
31,303,2085,111934,0.065442,0.100190
31,304,4821,102064,0.073816,0.094894
31,305,6225,175126,0.070536,0.083621
31,306,11409,41605,0.065517,0.074702
31,307,27249,79860,0.062781,0.086170
31,308,59352,375146,0.093481,0.087741
31,309,2070,3359,0.070315,0.069308
31,310,1703,120925,0.063655,0.075150
31,311,1074,2337,0.066985,0.068668
31,312,51886,44260,0.075335,0.079651
31,313,100,109,0.055898,0.049808
31,314,13862,89941,0.098598,0.097133
31,315,32310,185888,0.087660,0.107076
31,316,7889,95414,0.087868,0.116246
31,317,93,42,0.084294,0.080078
31,318,4494,32724,0.084902,0.085223
31,319,1411,58094,0.089021,0.061569
31,320,75612,386138,0.140810,0.130251
31,321,926,27298,0.086395,0.070389
31,322,23259,212731,0.088001,0.104876
31,323,54078,231400,0.087796,0.094986
31,324,23627,524775,0.051428,0.094451
31,325,134312,141576,0.110680,0.085432
31,326,10416,291429,0.087625,0.083544
31,327,1351,107243,0.068151,0.084346
31,328,2017,53199,0.068679,0.107983
31,329,4721,132336,0.093821,0.117070
31,330,4415,7071,0.083165,0.085748
31,331,7623,270270,0.092466,0.085215
31,332,8775,121474,0.074210,0.081537
31,333,5890,301476,0.075036,0.084867
31,334,1160,19705,0.077770,0.099263
31,335,39141,257865,0.085120,0.082185
31,336,13030,246176,0.075835,0.083287
31,337,6149,41330,0.067155,0.082607
31,338,2369,196544,0.082456,0.092907
31,339,0,1,0.000000,0.062500
31,340,7480,68642,0.108341,0.081268
31,341,40760,179045,0.089950,0.084196
31,342,39663,193628,0.077564,0.078139
31,343,20644,14386,0.049125,0.067134
31,344,4651,95222,0.081976,0.088694
31,345,45026,3404,0.067167,0.070340
31,346,990,132132,0.061695,0.108130
31,347,8865,100117,0.074096,0.088468
31,348,19822,162820,0.083539,0.082307
31,349,117714,1063806,0.090336,0.096779
31,350,80510,619450,0.126883,0.164945
31,351,12788,124508,0.071725,0.088117
31,352,10570,221799,0.071111,0.098796
31,353,21769,167115,0.077032,0.097849
31,354,33320,2803,0.123272,0.110701
31,355,3220,211710,0.094499,0.120763
31,356,22889,153319,0.060330,0.071134
31,357,12770,146670,0.061236,0.081716
31,358,8879,21092,0.071323,0.069234
31,359,22956,202882,0.088123,0.105246
31,360,10270,146314,0.088427,0.098567
31,361,2446,97142,0.086313,0.117363
31,362,1403,311837,0.058046,0.118229
31,363,73886,89488,0.075385,0.076716
31,364,25437,518856,0.077215,0.090884
31,365,8721,30218,0.083164,0.086409
31,366,652,35583,0.077789,0.089674
31,367,24990,186203,0.080597,0.090131
31,368,46634,325022,0.113632,0.097285
31,369,38953,156071,0.095959,0.101985
31,370,10,8156,0.054175,0.055536
31,371,3920,79962,0.089741,0.093968
31,372,3784,105236,0.072802,0.082543
31,373,9001,82520,0.091134,0.103881
31,374,6277,283832,0.072154,0.087377
31,375,3365,39861,0.115771,0.118931
31,376,17269,185234,0.083598,0.105339
31,377,33252,2405,0.063043,0.068852
31,378,21086,232767,0.106908,0.141116
31,379,4099,129137,0.071540,0.084600
31,380,1901,91823,0.074585,0.082120
31,381,53,0,0.052276,0.000000
31,382,16499,165490,0.103636,0.104734
31,383,10619,104229,0.087696,0.109084
31,384,1593,14546,0.067634,0.103055
31,385,33324,360524,0.159962,0.100782
31,386,2878,31734,0.069947,0.085208
31,387,420,3226,0.070117,0.070394
31,388,19516,610018,0.072229,0.097536
31,389,3487,130026,0.071867,0.084207
31,390,512,10905,0.076624,0.088052
31,391,401,3278,0.089397,0.074539
31,392,4542,21177,0.074169,0.073897
31,393,15125,213983,0.083625,0.088535
31,394,282,43445,0.072519,0.097874
31,395,236,106,0.089211,0.086175
31,396,281,3248,0.060179,0.070802
31,397,933,20082,0.075510,0.083028
31,398,74222,406172,0.099490,0.100449
31,399,45863,497563,0.084406,0.085347
31,400,963,35989,0.059923,0.064591
31,401,12959,125963,0.073924,0.081660
31,402,32400,229234,0.083231,0.084309
31,403,23411,220669,0.083259,0.082026
31,404,8602,590389,0.079910,0.106670
31,405,2132,226341,0.072393,0.093393
31,406,58202,773461,0.079507,0.121530
31,407,13080,162750,0.083003,0.080428
31,408,70498,340190,0.106975,0.101330
31,409,68573,256662,0.090679,0.094997
31,410,5581,32442,0.076204,0.067340
31,411,9758,7661,0.097297,0.074003
31,412,796,1052,0.058432,0.073729
31,413,853,10821,0.080338,0.080907
31,414,8141,70674,0.071794,0.076457
31,415,9401,143851,0.079089,0.086262
31,416,15658,290142,0.097842,0.118969
31,417,20843,133779,0.107011,0.141418
31,418,19206,185156,0.097262,0.093249
31,419,9674,1447,0.084776,0.093047
31,420,9495,27588,0.085868,0.091059
31,421,69615,79441,0.066175,0.129750
31,422,9640,94133,0.082744,0.076782
31,423,114949,348515,0.095094,0.092244
31,424,7803,179857,0.088184,0.101180
31,425,11669,673,0.062811,0.071949
31,426,41673,315440,0.085349,0.085025
31,427,9775,121537,0.082909,0.096488
31,428,15429,25549,0.117171,0.076357
31,429,1257,159450,0.074348,0.082594
31,430,2365,73223,0.079987,0.085782
31,431,19600,171934,0.081652,0.087242
31,432,7211,30282,0.088021,0.099432
31,433,2284,76320,0.071456,0.080031
31,434,9595,202607,0.074671,0.087932
31,435,794,969,0.071189,0.076713
31,436,1510,19953,0.073610,0.097724
31,437,1217,70121,0.063720,0.072661
31,438,6,1291,0.033651,0.044259
31,439,2955,128528,0.072319,0.089426
31,440,3019,102,0.079382,0.068529
31,441,71,9,0.051787,0.068685
31,442,6829,52622,0.082063,0.086635
31,443,26979,291722,0.093676,0.092298
31,444,9079,77981,0.104240,0.114559
31,445,76089,225130,0.199143,0.117838
31,446,50,3670,0.054146,0.067697
31,447,14241,120905,0.071674,0.081944
31,448,6107,147561,0.075998,0.079633
31,449,1439,28404,0.061228,0.073972
31,450,609,11791,0.073319,0.076981
31,451,41943,9434,0.074317,0.055186
31,452,4108,2069,0.085600,0.083335
31,453,1365,247047,0.073043,0.092513
31,454,4593,422,0.080784,0.076691
31,455,415,19887,0.074330,0.082034
31,456,6379,82339,0.095115,0.123304
31,457,503,4913,0.071939,0.076675
31,458,1807,204155,0.078881,0.090877
31,459,9960,243262,0.082469,0.095787
31,460,137,1640,0.054780,0.062737
31,461,49198,285030,0.083085,0.088241
31,462,235,6931,0.080892,0.075513
31,463,783,2525,0.068242,0.069321
31,464,40,0,0.077647,0.000000
31,465,661,325,0.069715,0.062243
31,466,29321,437737,0.093578,0.094606
31,467,4262,2800,0.116103,0.091678
31,468,77112,528065,0.102434,0.098920
31,469,4391,56093,0.113553,0.114637
31,470,82091,98021,0.108517,0.171837
31,471,2112,74784,0.086910,0.094191
31,472,31313,261011,0.170581,0.234924
31,473,34214,294263,0.086435,0.091957
31,474,5147,115783,0.076490,0.083859
31,475,2429,228014,0.069707,0.073608
31,476,379,1951,0.057806,0.065227
31,477,15385,164923,0.078532,0.087921
31,478,32004,131972,0.121046,0.155912
31,479,61479,526935,0.097418,0.114253
31,480,153,1429,0.081609,0.070476
31,481,234,243,0.066877,0.075227
31,482,61930,351290,0.088164,0.085194
31,483,3412,111225,0.074643,0.093655
31,484,0,0,0.000000,0.000000
31,485,3811,93487,0.108258,0.110644
31,486,10503,229114,0.078343,0.111202
31,487,25693,293305,0.085639,0.089285
31,488,20906,110289,0.088663,0.082011
31,489,25877,185566,0.081401,0.075776
31,490,79167,477864,0.087264,0.087101
31,491,3401,196752,0.069049,0.086217
31,492,31167,244495,0.148671,0.161264
31,493,96192,262926,0.087632,0.080263
31,494,9552,140837,0.096173,0.078691
31,495,3265,42615,0.115932,0.079523
31,496,12537,257767,0.077446,0.090373
31,497,1045,14445,0.079677,0.088359
31,498,5946,170530,0.069949,0.083102
31,499,272,7981,0.073270,0.092875
31,500,38681,17515,0.094182,0.066559
31,501,2858,32991,0.085963,0.085233
31,502,5030,146414,0.054700,0.078781
31,503,43312,374574,0.091021,0.098691
31,504,7,2,0.086077,0.039917
31,505,56204,214249,0.084853,0.075455
31,506,12150,111896,0.081503,0.082279
31,507,16605,286784,0.077953,0.090484
31,508,5672,116374,0.121216,0.107339
31,509,4071,251867,0.083291,0.143803
31,510,2455,164644,0.081384,0.083050
31,511,65727,449574,0.097209,0.120921
32,0,17740,210739,nan,nan
32,1,66188,535962,nan,nan
32,2,27097,351379,nan,nan
32,3,18981,270236,nan,nan
32,4,56968,570823,nan,nan
32,5,86586,661744,nan,nan
32,6,18046,210740,nan,nan
32,7,21534,217325,nan,nan
32,8,30875,275076,nan,nan
32,9,18923,230307,nan,nan
32,10,101932,362207,0.061730,0.071055
32,11,2749,58228,0.081911,0.086350
32,12,2252,549,0.076933,0.074038
32,13,29494,67521,0.088576,0.077926
32,14,8567,281442,0.085524,0.087878
32,15,20627,657451,0.098063,0.103734
32,16,249,476,0.067191,0.069622
32,17,59988,46309,0.103667,0.082214
32,18,92079,578663,0.109376,0.106769
32,19,607,55708,0.067639,0.077515
32,20,165,487,0.072795,0.072909
32,21,11,128,0.066206,0.065397
32,22,2094,117471,0.098080,0.110044
32,23,937,27737,0.059120,0.075019
32,24,16442,435300,0.069878,0.080254
32,25,18816,26445,0.087770,0.076755
32,26,17619,372980,0.081890,0.092659
32,27,14243,96523,0.083910,0.077573
32,28,24248,142497,0.189636,0.160031
32,29,13454,105237,0.094127,0.104183
32,30,24499,154168,0.095328,0.085375
32,31,895,716,0.077422,0.074515
32,32,19369,323724,0.085956,0.081185
32,33,1005,90663,0.095930,0.091926
32,34,0,3,0.000000,0.041911
32,35,68,9321,0.098974,0.079209
32,36,5754,981,0.089291,0.081104
32,37,25942,1534,0.095786,0.081054
32,38,3449,166,0.054086,0.058423
32,39,335423,993999,0.140079,0.116990
32,40,2343,12988,0.083755,0.087254
32,41,4079,90,0.077847,0.075023
32,42,37560,163121,0.154688,0.078792
32,43,71738,68378,0.085969,0.082554
32,44,16892,255467,0.067342,0.075649
32,45,39942,306885,0.099271,0.098062
32,46,222,736032,0.067086,0.084047
32,47,17962,78769,0.063426,0.077431
32,48,695,394,0.072313,0.081233
32,49,10819,1010,0.101758,0.099345
32,50,13697,1167,0.104783,0.097884
32,51,42671,584687,0.092567,0.106154
32,52,81524,461631,0.108485,0.115294
32,53,81,9,0.100217,0.091010
32,54,1126,111941,0.070157,0.080975
32,55,385,91,0.070392,0.071082
32,56,12744,101642,0.093491,0.087477
32,57,151271,769310,0.098272,0.119724
32,58,3801,334,0.057035,0.057823
32,59,5585,91818,0.069780,0.083621
32,60,5294,9797,0.083696,0.073782
32,61,286,222,0.063811,0.074922
32,62,5191,77914,0.103495,0.098724
32,63,9439,219425,0.088250,0.108227
32,64,25771,397730,0.082725,0.087408
32,65,2168,467,0.074389,0.076407
32,66,195,27229,0.071688,0.082937
32,67,129543,24434,0.099729,0.085749
32,68,62054,432833,0.093744,0.090874
32,69,48974,345659,0.096315,0.098155
32,70,53,409,0.051758,0.075646
32,71,57135,916216,0.092534,0.118931
32,72,1056,1012,0.077448,0.076231
32,73,69,153324,0.061672,0.093079
32,74,6508,79002,0.087293,0.095054
32,75,51092,246946,0.088048,0.086644
32,76,22409,351547,0.085719,0.086971
32,77,739,517,0.106341,0.083689
32,78,14497,517607,0.086538,0.101669
32,79,10749,955,0.092295,0.093702
32,80,2847,237951,0.069652,0.103588
32,81,452,371,0.080456,0.076073
32,82,2209,41735,0.091258,0.076347
32,83,330,4225,0.069213,0.066844
32,84,1601,1475,0.063693,0.074784
32,85,13837,938,0.097807,0.084713
32,86,87175,254462,0.091177,0.109977
32,87,24542,128616,0.089080,0.085026
32,88,695,445,0.086106,0.080972
32,89,45534,685744,0.110207,0.144111
32,90,1080,757,0.083743,0.079188
32,91,23031,122550,0.066863,0.065775
32,92,14430,42665,0.054498,0.089629
32,93,1674,2486,0.069758,0.076985
32,94,49002,245055,0.087073,0.088727
32,95,6391,122451,0.070841,0.079425
32,96,20035,290973,0.093594,0.094268
32,97,5752,341676,0.084326,0.094535
32,98,5021,265417,0.083874,0.083859
32,99,5043,195775,0.077811,0.090249
32,100,5769,71519,0.075798,0.087201
32,101,14728,115773,0.114015,0.085718
32,102,29334,190009,0.081105,0.082100
32,103,20966,43960,0.085181,0.076491
32,104,30296,461367,0.102881,0.132180
32,105,9421,179241,0.078665,0.089305
32,106,21,54,0.080962,0.070665
32,107,4762,33291,0.102482,0.078614
32,108,29288,2641,0.072522,0.076165
32,109,3415,159395,0.067167,0.070888
32,110,2312,30473,0.081955,0.075651
32,111,329,155,0.131882,0.102917
32,112,51823,504014,0.086551,0.098556
32,113,114691,139090,0.080954,0.086329
32,114,369,5068,0.091032,0.061014
32,115,140,29235,0.072061,0.079628
32,116,85897,33217,0.068810,0.063712
32,117,60641,1340396,0.110835,0.120371
32,118,66919,238315,0.115460,0.090965
32,119,10691,76537,0.129041,0.166902
32,120,32743,261757,0.080367,0.079382
32,121,31072,195325,0.082878,0.083074
32,122,36111,150071,0.066864,0.081832
32,123,35917,101626,0.103586,0.099601
32,124,1226,578,0.079688,0.077433
32,125,535,14606,0.119535,0.087842
32,126,4815,77103,0.087119,0.077987
32,127,3223,48863,0.082855,0.086660
32,128,594,3537,0.083303,0.076204
32,129,5367,80355,0.096427,0.094790
32,130,3851,100999,0.067844,0.071064
32,131,3826,152529,0.071902,0.086542
32,132,12683,228417,0.094380,0.096953
32,133,32491,82286,0.131554,0.121818
32,134,0,0,0.000000,0.000000
32,135,11454,97517,0.071051,0.066603
32,136,602,207,0.088483,0.108513
32,137,70,15,0.089764,0.095801
32,138,32485,220381,0.102283,0.100713
32,139,8894,73848,0.117830,0.087146
32,140,1,106,0.031494,0.061274
32,141,407,62454,0.076997,0.088392
32,142,14144,109467,0.073893,0.076381
32,143,3783,13661,0.076583,0.076787
32,144,742,1,0.065115,0.019897
32,145,63,34,0.060832,0.066385
32,146,2320,664282,0.067256,0.083471
32,147,8710,113823,0.113750,0.123438
32,148,42504,653284,0.088965,0.094191
32,149,45466,374281,0.083717,0.101094
32,150,137155,523908,0.095506,0.108794
32,151,30,223,0.064437,0.064992
32,152,84,731,0.078301,0.079489
32,153,6841,115743,0.072219,0.079445
32,154,4598,149654,0.074248,0.082936
32,155,155425,24993,0.122505,0.088552
32,156,280,13,0.083139,0.080923
32,157,71,265,0.069331,0.085505
32,158,1657,47505,0.069272,0.089184
32,159,11533,317649,0.083958,0.082850
32,160,930,7978,0.070075,0.068146
32,161,34754,158737,0.084919,0.079881
32,162,16290,216302,0.079228,0.085373
32,163,602,616,0.076327,0.074042
32,164,81551,397465,0.100195,0.102647
32,165,43184,93734,0.068991,0.071694
32,166,248,83,0.067026,0.072663
32,167,6986,135223,0.095496,0.106514
32,168,30878,103327,0.092035,0.081292
32,169,162,6656,0.081318,0.079938
32,170,27911,420352,0.073330,0.084054
32,171,4161,53859,0.087923,0.086301
32,172,35418,6212,0.234340,0.070710
32,173,25,0,0.064102,0.000000
32,174,5178,89750,0.083595,0.084538
32,175,77531,373603,0.089277,0.086376
32,176,6887,98344,0.070968,0.081474
32,177,1888,3149,0.097670,0.084584
32,178,1009,93674,0.069903,0.072600
32,179,78619,33,0.069891,0.065234
32,180,1215,494991,0.069948,0.075855
32,181,675,40335,0.077844,0.074077
32,182,6126,171015,0.113806,0.115689
32,183,4536,57009,0.069265,0.083820
32,184,142974,1128830,0.130893,0.123552
32,185,7357,260906,0.083486,0.102746
32,186,10662,68910,0.105384,0.112981
32,187,31650,141654,0.075138,0.117562
32,188,568,945,0.069219,0.072130
32,189,13225,276029,0.084544,0.144114
32,190,208506,1282337,0.127224,0.113453
32,191,7077,130195,0.103120,0.112520
32,192,16178,115893,0.089233,0.092505
32,193,5046,20509,0.083981,0.075978
32,194,32008,337973,0.087871,0.089825
32,195,2621,167915,0.086173,0.095980
32,196,6707,86410,0.087962,0.091131
32,197,1563,52786,0.076374,0.099985
32,198,4217,175922,0.095716,0.135776
32,199,6860,157681,0.079548,0.089990
32,200,29937,328804,0.092566,0.087447
32,201,2,0,0.094971,0.000000
32,202,515,300,0.075017,0.069057
32,203,1183,7110,0.072612,0.083318
32,204,135,200423,0.076821,0.114958
32,205,2297,81924,0.094853,0.091505
32,206,22242,161668,0.101095,0.096169
32,207,6576,101531,0.073102,0.084457
32,208,505,4011,0.071882,0.073175
32,209,6128,146687,0.069041,0.077561
32,210,2532,114914,0.075798,0.078144
32,211,8856,118035,0.096202,0.105278
32,212,27522,173314,0.150928,0.134225
32,213,69947,330849,0.126623,0.122723
32,214,6515,473091,0.100103,0.131229
32,215,1288,38517,0.081702,0.077714
32,216,22174,108235,0.108558,0.101599
32,217,336,19911,0.084567,0.086421
32,218,2309,4493,0.090478,0.093596
32,219,3096,91231,0.079877,0.085697
32,220,1571,21443,0.076703,0.074530
32,221,115,61887,0.069722,0.072576
32,222,32350,136562,0.080272,0.126940
32,223,15710,93587,0.082151,0.086407
32,224,159,3397,0.058626,0.063028
32,225,8563,204867,0.084264,0.084423
32,226,1119,58401,0.061354,0.064784
32,227,10156,276739,0.071677,0.082026
32,228,2175,45960,0.082605,0.081175
32,229,1254,2818,0.072928,0.083836
32,230,362,438,0.087721,0.089950
32,231,24535,46641,0.104294,0.091516
32,232,21277,162189,0.111963,0.124747
32,233,29,219,0.047323,0.062396
32,234,4842,5133,0.129398,0.096764
32,235,4716,9731,0.096769,0.087669
32,236,649,928,0.066115,0.067115
32,237,1733,20697,0.089072,0.075051
32,238,25191,584560,0.066918,0.080595
32,239,965,126482,0.071576,0.083611
32,240,4057,38838,0.067440,0.081192
32,241,933,272,0.080502,0.067061
32,242,43970,76121,0.066235,0.084843
32,243,92309,755548,0.094095,0.096851
32,244,5582,70086,0.071683,0.075563
32,245,146439,156744,0.077124,0.073070
32,246,15024,272623,0.084303,0.088178
32,247,3966,193383,0.084134,0.087777
32,248,8084,148238,0.078499,0.084817
32,249,414,42813,0.071215,0.086028
32,250,16604,460090,0.089142,0.100652
32,251,9198,192328,0.091007,0.087258
32,252,241,8100,0.069701,0.071416
32,253,6,0,0.058675,0.000000
32,254,2257,103992,0.076130,0.100130
32,255,89048,38043,0.137525,0.078217
32,256,4549,110466,0.084303,0.084590
32,257,307274,207765,0.123219,0.082002
32,258,20075,94250,0.095344,0.083021
32,259,33818,335233,0.081383,0.079942
32,260,6561,832380,0.084604,0.115003
32,261,15,34,0.074121,0.080373
32,262,210,48526,0.069870,0.079506
32,263,24876,185516,0.076520,0.080113
32,264,4792,196648,0.074889,0.088424
32,265,268,4808,0.092294,0.077504
32,266,3512,427,0.107808,0.087199
32,267,328,112852,0.082331,0.092801
32,268,218,810,0.082088,0.070129
32,269,54402,304453,0.099348,0.091244
32,270,23838,806,0.069224,0.062226
32,271,1638,1136,0.076700,0.060696
32,272,2,0,0.048828,0.000000
32,273,3270,164272,0.069404,0.075008
32,274,6539,36831,0.070770,0.080079
32,275,6,0,0.075358,0.000000
32,276,139,119487,0.079730,0.090970
32,277,1037,353323,0.079744,0.081629
32,278,45,7393,0.088165,0.067567
32,279,31077,71864,0.070833,0.077846
32,280,10564,88986,0.060080,0.095123
32,281,17641,241752,0.103977,0.116103
32,282,39230,449456,0.105261,0.128815
32,283,173,7799,0.065221,0.081130
32,284,27252,283357,0.093192,0.082090
32,285,216281,633655,0.119772,0.102702
32,286,43,2,0.061095,0.056519
32,287,19440,137947,0.098681,0.084784
32,288,1530,26649,0.091456,0.092366
32,289,9599,189465,0.089291,0.093481
32,290,8992,162647,0.071741,0.082753
32,291,23525,354687,0.068893,0.091959
32,292,444,45642,0.080509,0.094425
32,293,4373,31707,0.080957,0.083849
32,294,246,68648,0.063591,0.075897
32,295,16948,234917,0.087445,0.095962
32,296,83662,307179,0.088392,0.074787
32,297,53088,388832,0.129915,0.149573
32,298,17132,227293,0.096239,0.077673
32,299,68072,271736,0.102724,0.086624
32,300,321,223717,0.082082,0.110907
32,301,2876,25346,0.087133,0.089943
32,302,57098,551502,0.085153,0.088178
32,303,1236,112110,0.071304,0.090170
32,304,34240,112092,0.079202,0.083679
32,305,12605,88507,0.088962,0.081666
32,306,30761,99177,0.063688,0.068507
32,307,2742,135027,0.075815,0.084023
32,308,4621,460878,0.083830,0.095293
32,309,29822,47813,0.112460,0.097041
32,310,21911,268529,0.073731,0.090144
32,311,10,46,0.050732,0.068306
32,312,42623,220094,0.174388,0.094390
32,313,11206,39364,0.100779,0.083977
32,314,688,1764,0.093022,0.080798
32,315,13667,468632,0.102338,0.097167
32,316,27019,124633,0.066044,0.074500
32,317,11989,72762,0.107671,0.079832
32,318,7433,92067,0.108219,0.104093
32,319,58,4213,0.059766,0.075719
32,320,11874,134884,0.118732,0.150898
32,321,18982,115879,0.089623,0.079450
32,322,26044,102588,0.124623,0.101331
32,323,12,15426,0.071737,0.070192
32,324,5371,23863,0.070580,0.081217
32,325,2875,204541,0.085750,0.087835
32,326,540,48527,0.071644,0.080729
32,327,101259,521476,0.096639,0.101286
32,328,3153,48400,0.104707,0.096060
32,329,9441,4921,0.097860,0.084771
32,330,1892,11572,0.072835,0.088250
32,331,16457,226376,0.077699,0.077721
32,332,2210,230741,0.123176,0.113930
32,333,74,137,0.047258,0.075036
32,334,157,3738,0.077001,0.088771
32,335,1904,2716,0.066851,0.073038
32,336,4579,40631,0.084110,0.076927
32,337,4748,22284,0.083084,0.077781
32,338,5282,29836,0.103735,0.081330
32,339,21648,348586,0.080627,0.088412
32,340,30395,99016,0.103145,0.081573
32,341,135,14704,0.068336,0.081372
32,342,15145,20716,0.079415,0.078285
32,343,4464,7938,0.088930,0.079612
32,344,1709,12779,0.070687,0.078734
32,345,12437,243788,0.088405,0.086683
32,346,11260,219493,0.073671,0.082759
32,347,3991,113224,0.107940,0.078336
32,348,354,92789,0.071584,0.082103
32,349,10447,128814,0.089573,0.092439
32,350,5712,96692,0.072559,0.076627
32,351,66995,148438,0.052900,0.085263
32,352,22156,169591,0.097666,0.091252
32,353,89,67184,0.085693,0.090375
32,354,659,42110,0.076522,0.098213
32,355,14829,3995,0.124267,0.074491
32,356,304,12488,0.060985,0.084755
32,357,14588,315702,0.110572,0.092356
32,358,613,5595,0.071677,0.073709
32,359,86,246,0.067550,0.075909
32,360,3604,40077,0.079242,0.073137
32,361,4697,224092,0.076422,0.081421
32,362,39186,130904,0.094617,0.102225
32,363,1854,1832,0.081047,0.078881
32,364,8462,391,0.084066,0.075610
32,365,1300,32123,0.072592,0.076316
32,366,1962,88418,0.080827,0.106254
32,367,6466,14798,0.082793,0.068593
32,368,16063,471854,0.097769,0.100473
32,369,23532,418247,0.084857,0.092816
32,370,3027,310976,0.070337,0.079182
32,371,26001,1081555,0.086207,0.132285
32,372,1535,4206,0.087918,0.076121
32,373,8001,255523,0.096750,0.077247
32,374,941,1133,0.098902,0.083159
32,375,8420,122074,0.092193,0.082013
32,376,0,808,0.000000,0.059933
32,377,302,406,0.058700,0.079285
32,378,2930,25769,0.067939,0.086855
32,379,37184,327446,0.088445,0.099052
32,380,2769,120536,0.103137,0.101124
32,381,22173,254248,0.095922,0.091978
32,382,167,150,0.076953,0.072197
32,383,28417,352571,0.078637,0.090784
32,384,83,11,0.132126,0.088801
32,385,1140,7703,0.091075,0.063062
32,386,46863,101377,0.083024,0.079403
32,387,2310,64122,0.066189,0.085257
32,388,71664,721700,0.108262,0.123239
32,389,318,4708,0.078596,0.079760
32,390,773,64982,0.091396,0.084762
32,391,13231,124198,0.092689,0.107859
32,392,29755,1138,0.082000,0.081724
32,393,90189,313464,0.084103,0.078958
32,394,7587,6868,0.071413,0.076497
32,395,30117,176581,0.090884,0.086513
32,396,56338,692747,0.078028,0.094426
32,397,2518,126061,0.080852,0.080179
32,398,5838,61424,0.098753,0.120216
32,399,77,7209,0.068193,0.076889
32,400,11215,406521,0.086095,0.094051
32,401,4364,60148,0.082088,0.081294
32,402,94,62,0.061722,0.061409
32,403,21,497,0.085868,0.083874
32,404,16855,247062,0.096189,0.078344
32,405,4232,5826,0.084941,0.074868
32,406,518,8301,0.086699,0.080636
32,407,33768,826462,0.083367,0.098867
32,408,605,38723,0.075607,0.080511
32,409,7450,143876,0.081172,0.090754
32,410,14327,324790,0.096870,0.098750
32,411,7531,130499,0.078530,0.079898
32,412,3121,30156,0.064891,0.071089
32,413,26097,241113,0.099792,0.085315
32,414,551,64739,0.082071,0.081849
32,415,1499,5083,0.068215,0.077330
32,416,68206,545851,0.124216,0.127813
32,417,258871,228014,0.141197,0.102430
32,418,327,12996,0.068853,0.075913
32,419,35087,65345,0.141018,0.127392
32,420,45324,224196,0.097625,0.089619
32,421,0,2,0.000000,0.061035
32,422,14840,97145,0.079315,0.088403
32,423,68,3399,0.074253,0.070127
32,424,6643,42479,0.099286,0.089669
32,425,7154,213532,0.081668,0.093153
32,426,114899,572275,0.115889,0.110830
32,427,74805,531138,0.121472,0.128645
32,428,13330,58469,0.074350,0.075401
32,429,10485,89854,0.089283,0.091579
32,430,12373,341552,0.091936,0.095731
32,431,13,0,0.077167,0.000000
32,432,252,20691,0.065591,0.085710
32,433,35016,650359,0.086839,0.085055
32,434,8504,50440,0.087360,0.091986
32,435,23328,177570,0.078599,0.082310
32,436,6312,185626,0.076772,0.085346
32,437,572,2855,0.078195,0.075339
32,438,12348,146174,0.100477,0.089087
32,439,6676,62130,0.057835,0.067793
32,440,11684,184648,0.085006,0.096238
32,441,12419,146220,0.088571,0.098720
32,442,12019,124978,0.084757,0.091544
32,443,8809,142432,0.078940,0.076176
32,444,19823,319319,0.048781,0.097534
32,445,12,10,0.061747,0.076245
32,446,79635,439337,0.107450,0.101064
32,447,11047,193138,0.086499,0.079584
32,448,211365,393782,0.076683,0.079160
32,449,2257,959,0.093391,0.084378
32,450,449,44311,0.088982,0.085537
32,451,718,208,0.086191,0.077195
32,452,13017,16021,0.049902,0.072787
32,453,68691,997338,0.098262,0.144048
32,454,739,3954,0.091558,0.074152
32,455,3382,189530,0.086058,0.091463
32,456,3555,1877,0.089106,0.083931
32,457,299,33,0.066626,0.062182
32,458,7637,27535,0.089344,0.073253
32,459,30443,21093,0.074731,0.083429
32,460,14604,186013,0.069259,0.074054
32,461,30893,169968,0.075818,0.082133
32,462,4454,63517,0.088937,0.095648
32,463,48738,167800,0.069852,0.075500
32,464,7241,230777,0.079532,0.085553
32,465,2420,14969,0.085024,0.084911
32,466,15652,224514,0.084322,0.093725
32,467,529,26033,0.064493,0.077209
32,468,14698,517363,0.089688,0.099047
32,469,12028,14168,0.080284,0.074814
32,470,15,0,0.073112,0.000000
32,471,5330,292407,0.079121,0.092973
32,472,1676,30650,0.073885,0.084092
32,473,9741,57389,0.085414,0.082107
32,474,246,22056,0.076471,0.080603
32,475,10192,19713,0.084482,0.075916
32,476,3430,34377,0.092395,0.073128
32,477,30591,349371,0.085824,0.089470
32,478,37803,138009,0.128254,0.139407
32,479,6943,49741,0.071536,0.075797
32,480,499,477,0.107217,0.089453
32,481,4284,763202,0.072612,0.152607
32,482,36923,370243,0.098617,0.105060
32,483,5359,74226,0.099652,0.090212
32,484,7061,37695,0.081440,0.095898
32,485,6821,244249,0.067441,0.103489
32,486,21608,83624,0.105510,0.087884
32,487,22,868,0.075306,0.079832
32,488,29183,127468,0.080509,0.078535
32,489,7169,91983,0.087340,0.122581
32,490,12190,114602,0.088575,0.107162
32,491,18881,133567,0.106470,0.089945
32,492,10401,75153,0.079615,0.090322
32,493,12375,297088,0.183397,0.202347
32,494,1213,9382,0.078908,0.077748
32,495,38260,79034,0.133435,0.133804
32,496,103741,494864,0.153588,0.176673
32,497,6340,140565,0.089696,0.093477
32,498,546,36121,0.079504,0.084346
32,499,494,50,0.061190,0.074321
32,500,11888,275615,0.095352,0.081414
32,501,40131,32322,0.074795,0.077919
32,502,3756,683,0.070427,0.065938
32,503,12373,58133,0.079714,0.091223
32,504,10814,140562,0.130491,0.089291
32,505,999,109831,0.096327,0.093196
32,506,9824,443176,0.081097,0.083608
32,507,11274,278589,0.089967,0.103667
32,508,104,33,0.104385,0.093217
32,509,5480,229527,0.087354,0.099313
32,510,541,194720,0.082507,0.104133
32,511,226,41921,0.068954,0.064204
33,0,21774,241778,nan,nan
33,1,18954,235370,nan,nan
33,2,17750,210741,nan,nan
33,3,21172,212573,nan,nan
33,4,17738,211211,nan,nan
33,5,18011,212535,nan,nan
33,6,18638,268531,nan,nan
33,7,197428,1417440,nan,nan
33,8,18974,215693,nan,nan
33,9,196235,546479,nan,nan
33,10,809,431,0.072769,0.067943
33,11,16963,151090,0.059040,0.088039
33,12,698,7074,0.077996,0.117659
33,13,3602,641,0.056217,0.076967
33,14,2087,29624,0.077542,0.087375
33,15,0,0,0.000000,0.000000
33,16,38858,253469,0.075721,0.079354
33,17,3404,63938,0.076314,0.077804
33,18,15217,257830,0.091318,0.115985
33,19,2203,46683,0.058932,0.072807
33,20,0,37,0.000000,0.044265
33,21,22057,110358,0.082422,0.086622
33,22,1612,19420,0.059054,0.076050
33,23,5352,167237,0.083405,0.079539
33,24,90,36,0.064155,0.074490
33,25,186832,206359,0.092711,0.077861
33,26,10934,130609,0.079190,0.125956
33,27,70026,138623,0.107509,0.079343
33,28,10172,72322,0.130730,0.165586
33,29,128,61520,0.064952,0.075643
33,30,1299,41638,0.087278,0.084575
33,31,89,13,0.062434,0.047589
33,32,4660,120987,0.068799,0.079873
33,33,1546,39,0.074386,0.061154
33,34,4830,310,0.060677,0.066139
33,35,298,75054,0.065803,0.096848
33,36,10992,5006,0.070895,0.057678
33,37,17130,227548,0.074551,0.085367
33,38,26857,144573,0.106342,0.096024
33,39,0,0,0.000000,0.000000
33,40,25021,613166,0.090264,0.097787
33,41,30029,435489,0.082869,0.085148
33,42,14396,504,0.066865,0.068599
33,43,537351,1441054,0.129805,0.096522
33,44,162121,121629,0.149841,0.098843
33,45,116165,445093,0.083441,0.099551
33,46,9,2197,0.058919,0.063963
33,47,13730,85646,0.092216,0.085526
33,48,32229,297383,0.067175,0.090201
33,49,9,1394,0.050212,0.066855
33,50,12,0,0.037018,0.000000
33,51,479,81,0.077530,0.076603
33,52,5,258,0.083691,0.083256
33,53,1482,196554,0.075319,0.093150
33,54,8,2591,0.070282,0.079922
33,55,36202,306875,0.072138,0.081749
33,56,5436,66695,0.078702,0.076521
33,57,382,3672,0.064151,0.069725
33,58,6691,143744,0.067973,0.085765
33,59,346,1407,0.060966,0.053377
33,60,26,14776,0.068425,0.083973
33,61,42755,326192,0.115203,0.113507
33,62,8174,295634,0.077274,0.090708
33,63,2,747,0.077148,0.050802
33,64,10144,211407,0.071928,0.077791
33,65,1123,40759,0.099727,0.090817
33,66,92,48,0.091394,0.067322
33,67,37,5,0.090259,0.070068
33,68,4306,100465,0.091567,0.102989
33,69,8821,662147,0.095421,0.138602
33,70,21800,134676,0.043084,0.084564
33,71,2137,8278,0.064078,0.068041
33,72,8,1,0.091064,0.070312
33,73,5675,280,0.102636,0.082250
33,74,5,2,0.063037,0.053345
33,75,723,344282,0.073433,0.086878
33,76,166,272,0.074490,0.074097
33,77,17042,117788,0.084905,0.096888
33,78,171,209,0.056055,0.064121
33,79,2188,8,0.100242,0.079590
33,80,506,41790,0.064337,0.081311
33,81,2654,95352,0.073964,0.087979
33,82,3551,40526,0.069807,0.079933
33,83,1580,134973,0.070430,0.088223
33,84,72450,691272,0.085323,0.095773
33,85,35,3,0.067850,0.053548
33,86,5620,54,0.091361,0.068983
33,87,11507,2683,0.068811,0.050050
33,88,15920,99589,0.085350,0.084254
33,89,336011,883560,0.120496,0.101134
33,90,286,22572,0.071088,0.078522
33,91,120,20914,0.078358,0.083968
33,92,148,3739,0.074039,0.075617
33,93,19264,58862,0.077455,0.076364
33,94,2168,125762,0.075417,0.085570
33,95,7187,113014,0.074075,0.073913
33,96,1112,329,0.069143,0.074088
33,97,26245,357955,0.064424,0.080479
33,98,3795,129223,0.074656,0.083372
33,99,15683,47168,0.075169,0.077198
33,100,1463,2486,0.083564,0.076756
33,101,67134,560928,0.087421,0.101688
33,102,122,25476,0.074699,0.080032
33,103,48791,64391,0.077727,0.076123
33,104,13,106,0.073073,0.067305
33,105,369,391,0.085709,0.088378
33,106,57427,434857,0.088726,0.089203
33,107,234,89492,0.079444,0.083829
33,108,234,36465,0.076947,0.086403
33,109,8212,275941,0.067993,0.075516
33,110,150680,652741,0.090072,0.089594
33,111,739,4449,0.062548,0.076206
33,112,663,175405,0.076589,0.094946
33,113,220,135379,0.064928,0.085999
33,114,2590,40273,0.077216,0.082648
33,115,214,142,0.082297,0.073536
33,116,27054,238178,0.107494,0.124463
33,117,5,0,0.076074,0.000000
33,118,18858,95409,0.138690,0.181218
33,119,8629,79638,0.082025,0.099373
33,120,162,15,0.075212,0.064909
33,121,0,1,0.000000,0.058350
33,122,3184,137020,0.074905,0.105549
33,123,3080,436490,0.077970,0.082219
33,124,28512,430908,0.104071,0.095462
33,125,7292,203313,0.079399,0.090867
33,126,6431,133,0.060029,0.069639
33,127,1551,97,0.070677,0.067929
33,128,64096,54098,0.105820,0.093548
33,129,164,8037,0.063681,0.075607
33,130,26,67,0.076106,0.070258
33,131,22,2166,0.070978,0.077837
33,132,3,0,0.055827,0.000000
33,133,1776,21018,0.066323,0.075162
33,134,0,0,0.000000,0.000000
33,135,288,2363,0.058461,0.068668
33,136,2801,222059,0.071553,0.075956
33,137,0,0,0.000000,0.000000
33,138,53987,31840,0.099572,0.091726
33,139,50593,162603,0.103340,0.113668
33,140,125,371,0.075863,0.082641
33,141,0,0,0.000000,0.000000
33,142,148234,1491250,0.078271,0.089503
33,143,150868,77381,0.103219,0.084646
33,144,475,139,0.067715,0.056324
33,145,117,391,0.066183,0.068989
33,146,260986,652939,0.087629,0.082361
33,147,547,892,0.077456,0.076527
33,148,12963,34428,0.055490,0.090285
33,149,1587,1151,0.078713,0.073066
33,150,1749,496,0.056730,0.061522
33,151,6247,164298,0.130025,0.201380
33,152,1121,9142,0.073742,0.081880
33,153,39373,130071,0.088022,0.101489
33,154,1656,71541,0.075988,0.076292
33,155,1061,130113,0.066955,0.087870
33,156,11327,331174,0.083309,0.108472
33,157,31,3663,0.064705,0.070715
33,158,5739,150275,0.107585,0.100510
33,159,1564,199,0.074540,0.064943
33,160,225,27623,0.068372,0.078930
33,161,77683,1071,0.080391,0.070066
33,162,1167,85545,0.081273,0.108513
33,163,35707,257682,0.173583,0.129435
33,164,64615,376627,0.094467,0.107243
33,165,446739,4830,0.091087,0.066256
33,166,79218,628127,0.092513,0.096347
33,167,361,4209,0.065070,0.079013
33,168,2974,97805,0.073399,0.078995
33,169,205,77,0.057022,0.059862
33,170,58031,227041,0.079593,0.085946
33,171,16719,2141,0.109079,0.066553
33,172,11719,321059,0.093223,0.103160
33,173,3762,74833,0.079898,0.087148
33,174,840,158537,0.069839,0.073934
33,175,44,316759,0.068207,0.078649
33,176,4940,1119458,0.069572,0.078876
33,177,3141,439314,0.082083,0.094764
33,178,2928,139612,0.069459,0.094051
33,179,6078,105250,0.070412,0.077618
33,180,4829,500583,0.066152,0.079489
33,181,40225,544765,0.090867,0.096472
33,182,15957,256105,0.112138,0.137294
33,183,2445,19620,0.082124,0.080234
33,184,47433,292570,0.095529,0.087388
33,185,4043,19088,0.074987,0.076905
33,186,510,797,0.064297,0.076175
33,187,161,590,0.070165,0.069504
33,188,133561,54786,0.093903,0.081458
33,189,3024,586742,0.067763,0.092343
33,190,12839,255829,0.117132,0.081572
33,191,3921,27736,0.074669,0.100197
33,192,1185,108386,0.077715,0.082223
33,193,8948,100427,0.087003,0.121626
33,194,17,0,0.057912,0.000000
33,195,3105,105827,0.086696,0.088125
33,196,1178,104258,0.068516,0.074931
33,197,1803,6312,0.076080,0.086429
33,198,16189,270234,0.072746,0.083605
33,199,2994,16861,0.082407,0.070199
33,200,2186,37923,0.067425,0.075255
33,201,75953,574344,0.111562,0.120188
33,202,8344,143588,0.093177,0.139104
33,203,27528,0,0.097433,0.000000
33,204,14924,191439,0.024645,0.090196
33,205,3030,10955,0.054002,0.051905
33,206,4071,79,0.075887,0.069478
33,207,12089,55872,0.068643,0.078688
33,208,8514,153083,0.103256,0.127385
33,209,90,268,0.077515,0.074610
33,210,967,52339,0.068971,0.085435
33,211,75,1608,0.066742,0.075678
33,212,223,4342,0.052744,0.064034
33,213,134,959,0.067813,0.076715
33,214,29054,615561,0.096180,0.108124
33,215,913,157654,0.071975,0.085594
33,216,477,37134,0.076726,0.082301
33,217,0,51,0.000000,0.059848
33,218,237,63,0.105656,0.106430
33,219,5,0,0.072754,0.000000
33,220,4309,38265,0.078132,0.076491
33,221,152405,203335,0.134114,0.069161
33,222,495,5345,0.063122,0.058081
33,223,21313,1099241,0.070642,0.084797
33,224,342,122210,0.073004,0.095651
33,225,8798,384271,0.072692,0.085771
33,226,2371,132075,0.076885,0.084061
33,227,36,9,0.063463,0.062202
33,228,883,15353,0.075410,0.084907
33,229,2198,167786,0.073542,0.082537
33,230,931,42,0.049558,0.055437
33,231,1420,263,0.065167,0.071955
33,232,1261,183167,0.086917,0.085386
33,233,2112,7840,0.071439,0.080622
33,234,15402,507175,0.065354,0.087254
33,235,4781,56989,0.080840,0.078061
33,236,214579,454582,0.071206,0.080109
33,237,2344,93368,0.078537,0.085241
33,238,41,14,0.080287,0.059640
33,239,2766,15739,0.079691,0.090273
33,240,20903,304220,0.089072,0.101860
33,241,3714,10201,0.107073,0.101486
33,242,233986,1088716,0.084315,0.077420
33,243,1441,127892,0.076741,0.082704
33,244,26760,106463,0.092774,0.085215
33,245,51983,571896,0.098520,0.109899
33,246,1793,140620,0.069778,0.079084
33,247,1434,19861,0.076242,0.080730
33,248,3,0,0.046875,0.000000
33,249,38477,257283,0.099893,0.093727
33,250,793,87939,0.082255,0.082641
33,251,69715,812086,0.174748,0.186175
33,252,2276,8612,0.081635,0.088499
33,253,44400,223867,0.099436,0.127723
33,254,21641,176807,0.078772,0.080903
33,255,44594,8823,0.087892,0.077071
33,256,1481,74101,0.084269,0.106121
33,257,2148,697098,0.072907,0.082736
33,258,0,0,0.000000,0.000000
33,259,11698,515,0.083057,0.078262
33,260,49,0,0.052675,0.000000
33,261,9600,183,0.079717,0.078791
33,262,16428,238755,0.094024,0.095011
33,263,39,19081,0.079621,0.085915
33,264,6082,51940,0.078374,0.085851
33,265,581,30897,0.060928,0.068638
33,266,3737,794,0.065179,0.069635
33,267,1203,257900,0.075343,0.085276
33,268,4252,144002,0.071689,0.078185
33,269,5196,372,0.097991,0.088565
33,270,105,22068,0.070957,0.076677
33,271,412,1803,0.067148,0.077824
33,272,1615,4886,0.086242,0.088718
33,273,24120,208742,0.099527,0.092721
33,274,48,1563,0.084381,0.070691
33,275,11988,180555,0.082560,0.089577
33,276,51,240,0.069389,0.076715
33,277,10155,775525,0.071851,0.079791
33,278,7677,340758,0.087681,0.102709
33,279,364,4072,0.071824,0.095709
33,280,2675,122382,0.068634,0.077320
33,281,49929,640153,0.086588,0.123951
33,282,0,0,0.000000,0.000000
33,283,132,513,0.055547,0.071469
33,284,18335,207713,0.123686,0.136314
33,285,17047,33677,0.079986,0.084037
33,286,14323,107164,0.101458,0.102307
33,287,246,333821,0.082485,0.105875
33,288,101,21594,0.072071,0.084378
33,289,6545,1263882,0.077517,0.107137
33,290,6710,305339,0.068800,0.079483
33,291,65,380,0.071231,0.078888
33,292,8546,49625,0.072874,0.074139
33,293,7323,58174,0.095023,0.094443
33,294,234868,87968,0.088575,0.083194
33,295,52301,461673,0.151053,0.133643
33,296,1637,43321,0.066754,0.089136
33,297,524,753645,0.072791,0.158694
33,298,40336,295117,0.162801,0.081683
33,299,85887,180596,0.116574,0.081791
33,300,26114,150379,0.084858,0.067419
33,301,1905,78503,0.087789,0.080514
33,302,24017,151890,0.082233,0.078730
33,303,196,11653,0.071533,0.082881
33,304,689,5408,0.092941,0.081508
33,305,22442,155802,0.087842,0.086891
33,306,6557,239597,0.100353,0.103514
33,307,632,84086,0.077458,0.077318
33,308,26236,355848,0.081278,0.089849
33,309,17209,5582,0.085425,0.073905
33,310,1259,78014,0.088388,0.108714
33,311,35954,342259,0.082279,0.104443
33,312,527,5113,0.064524,0.071668
33,313,158,932,0.073246,0.074839
33,314,289,5181,0.076006,0.083720
33,315,64,2695,0.079613,0.074020
33,316,44510,94329,0.074029,0.078163
33,317,18628,45659,0.070214,0.081828
33,318,5118,160527,0.091603,0.109934
33,319,2,3,0.055176,0.052327
33,320,5,0,0.073730,0.000000
33,321,30754,87702,0.048494,0.071921
33,322,2081,227490,0.075449,0.087412
33,323,33834,28523,0.089489,0.075380
33,324,257,35204,0.071948,0.081087
33,325,315,2875,0.062749,0.077970
33,326,26002,352181,0.096716,0.093550
33,327,2061,322033,0.084582,0.092602
33,328,88,56039,0.075367,0.080494
33,329,15313,9038,0.062617,0.081733
33,330,285,122,0.072160,0.068621
33,331,3795,55468,0.084738,0.088919
33,332,43842,315792,0.074926,0.089328
33,333,36134,1339780,0.077220,0.086818
33,334,341,6871,0.071976,0.072593
33,335,24168,175802,0.050809,0.089273
33,336,311,44889,0.082120,0.084556
33,337,1946,513685,0.085000,0.084691
33,338,60365,389070,0.100334,0.125397
33,339,21184,110512,0.091119,0.091912
33,340,159,7212,0.096215,0.102283
33,341,40,490,0.071594,0.075410
33,342,13210,27648,0.072700,0.078890
33,343,77414,371327,0.083277,0.103588
33,344,1834,829,0.063941,0.069125
33,345,1,343,0.042969,0.073302
33,346,2185,193350,0.085581,0.088256
33,347,4040,100737,0.071560,0.078053
33,348,37758,247637,0.085385,0.084938
33,349,4286,137191,0.070820,0.079665
33,350,19639,307673,0.123880,0.103576
33,351,532,93160,0.079411,0.080451
33,352,116,2500,0.074808,0.059160
33,353,9483,22702,0.071255,0.074695
33,354,18612,472048,0.079465,0.098773
33,355,1595,1145,0.065657,0.052181
33,356,22,776,0.068465,0.066440
33,357,13343,815,0.114793,0.076796
33,358,1138,25797,0.072519,0.079444
33,359,18286,191729,0.094182,0.084318
33,360,13302,234878,0.129851,0.147245
33,361,71,1200,0.061448,0.068737
33,362,14,103334,0.067243,0.089464
33,363,104782,563215,0.118238,0.110375
33,364,3581,109884,0.104585,0.137650
33,365,1964,92573,0.090240,0.114271
33,366,177,42235,0.120036,0.079057
33,367,2929,127085,0.092218,0.112742
33,368,25599,283703,0.229554,0.228484
33,369,70,13,0.089331,0.082294
33,370,22051,266296,0.085779,0.142424
33,371,2748,48949,0.070280,0.082040
33,372,90,6162,0.062356,0.073838
33,373,594,1407,0.067570,0.076683
33,374,9,517,0.077637,0.081874
33,375,474,27855,0.083419,0.078983
33,376,136,14626,0.071713,0.081974
33,377,16653,137964,0.110944,0.108042
33,378,25,219188,0.077363,0.085029
33,379,3,436,0.100749,0.084808
33,380,12742,1477,0.081812,0.071226
33,381,10480,25097,0.073261,0.074414
33,382,4266,381489,0.091141,0.084477
33,383,69061,658731,0.099951,0.126048
33,384,469,59453,0.060658,0.077963
33,385,8,2,0.100616,0.086914
33,386,14820,62171,0.115103,0.093572
33,387,17861,333956,0.094446,0.087403
33,388,10727,98173,0.126199,0.109648
33,389,718,136027,0.072668,0.080043
33,390,208,57,0.049693,0.075320
33,391,875,23895,0.068910,0.080765
33,392,54543,79457,0.110358,0.117737
33,393,452,25588,0.075741,0.080809
33,394,175,95,0.097674,0.087079
33,395,8083,73576,0.083012,0.104272
33,396,374,4752,0.083083,0.085210
33,397,47717,727089,0.094039,0.132070
33,398,41370,1101,0.109268,0.073024
33,399,76540,324849,0.132108,0.129825
33,400,1354,196280,0.073124,0.080705
33,401,3681,148502,0.084002,0.101717
33,402,40,81934,0.068304,0.085527
33,403,2568,3654,0.078024,0.071401
33,404,1365,147300,0.072417,0.082469
33,405,13151,883536,0.097166,0.131019
33,406,1722,1930,0.073021,0.073681
33,407,33673,1032336,0.128207,0.125785
33,408,48,3026,0.078761,0.084499
33,409,260,291,0.069958,0.069871
33,410,14522,68369,0.077913,0.091771
33,411,664,277861,0.078731,0.084176
33,412,3221,17563,0.083351,0.092922
33,413,4831,81158,0.128942,0.134867
33,414,13831,221607,0.090949,0.098100
33,415,22739,111890,0.065891,0.076421
33,416,731,82807,0.089897,0.115082
33,417,2024,4068,0.078742,0.080884
33,418,832,812562,0.075217,0.149839
33,419,9252,421,0.081420,0.066292
33,420,248,9147,0.069397,0.076041
33,421,387,474,0.071486,0.067997
33,422,141086,592772,0.109596,0.129731
33,423,3619,907,0.109218,0.071898
33,424,1252,1560,0.103090,0.077982
33,425,11199,28928,0.071403,0.076894
33,426,64169,132844,0.150818,0.078484
33,427,2403,32250,0.076247,0.080813
33,428,36,308,0.049389,0.062388
33,429,44082,454615,0.153616,0.165481
33,430,7437,315692,0.108271,0.132388
33,431,41,1,0.092240,0.063477
33,432,81634,306101,0.075460,0.081524
33,433,192,10108,0.067316,0.079765
33,434,21,6,0.080450,0.092122
33,435,3523,65862,0.092176,0.104708
33,436,9866,871350,0.068602,0.086827
33,437,154404,515491,0.148620,0.136065
33,438,193,0,0.067831,0.000000
33,439,4145,223484,0.080216,0.086072
33,440,143092,644777,0.105504,0.094963
33,441,5053,278623,0.074278,0.089845
33,442,433,3892,0.077147,0.079912
33,443,9067,99592,0.078962,0.084950
33,444,1806,319224,0.077719,0.086633
33,445,2585,3167,0.084323,0.075056
33,446,108,38,0.077395,0.080926
33,447,47,1685,0.077455,0.082815
33,448,8663,118350,0.136118,0.135993
33,449,14433,96009,0.125786,0.120380
33,450,3288,49434,0.062538,0.076945
33,451,12479,79243,0.106963,0.112813
33,452,9096,126494,0.108613,0.091243
33,453,119,29421,0.064300,0.078885
33,454,5505,241914,0.076078,0.081349
33,455,690,101041,0.077821,0.080368
33,456,57493,778005,0.077077,0.101614
33,457,270,284,0.083680,0.082955
33,458,1339,61309,0.069042,0.078675
33,459,1448,83828,0.081723,0.077486
33,460,22421,134525,0.138726,0.159426
33,461,20610,309737,0.210889,0.085123
33,462,1349,101535,0.067362,0.078033
33,463,866,700,0.063600,0.067212
33,464,63677,249665,0.092524,0.082858
33,465,286,199415,0.080873,0.087722
33,466,107,77271,0.081372,0.083902
33,467,163845,692701,0.122337,0.109508
33,468,45,3,0.063086,0.057536
33,469,4,33,0.067871,0.063728
33,470,676,3215,0.066601,0.076065
33,471,1,34,0.054688,0.071583
33,472,7375,187727,0.059887,0.069655
33,473,3993,104587,0.077343,0.116802
33,474,3434,136768,0.081336,0.084114
33,475,10655,58681,0.096560,0.082496
33,476,454,43912,0.065305,0.081114
33,477,0,1,0.000000,0.074707
33,478,935,4398,0.062914,0.078515
33,479,388,11096,0.082970,0.085673
33,480,3075,30340,0.082935,0.093885
33,481,30481,352723,0.108685,0.122479
33,482,215,22085,0.079237,0.083045
33,483,72363,20731,0.081355,0.096645
33,484,39750,367248,0.070773,0.136005
33,485,21,4,0.058675,0.046936
33,486,68,2,0.061809,0.033875
33,487,613,4906,0.085388,0.087295
33,488,116087,786201,0.122950,0.116619
33,489,21553,156676,0.068938,0.078637
33,490,838,212871,0.064521,0.103066
33,491,1748,104488,0.086224,0.115576
33,492,1018,209904,0.091178,0.098909
33,493,7415,217828,0.084541,0.084826
33,494,35442,424768,0.109712,0.127343
33,495,551,75689,0.086479,0.085687
33,496,336,33471,0.077007,0.091158
33,497,7972,146101,0.078697,0.133312
33,498,12202,275,0.114281,0.083695
33,499,216,173162,0.074872,0.092621
33,500,48478,57540,0.097639,0.086908
33,501,377,508,0.068480,0.071495
33,502,10015,10838,0.077236,0.075375
33,503,3950,3832,0.060442,0.070837
33,504,76258,361193,0.089410,0.083300
33,505,21370,227970,0.100512,0.094065
33,506,2608,223702,0.072141,0.120460
33,507,13620,244666,0.085294,0.088185
33,508,2693,527706,0.075670,0.085321
33,509,68433,307778,0.088678,0.082775
33,510,25053,466752,0.073663,0.082847
33,511,19095,117056,0.092959,0.084185
34,0,23728,1255796,nan,nan
34,1,43939,902512,nan,nan
34,2,19413,354916,nan,nan
34,3,18703,210832,nan,nan
34,4,17872,210772,nan,nan
34,5,18794,322222,nan,nan
34,6,17918,210870,nan,nan
34,7,18096,211266,nan,nan
34,8,17806,213556,nan,nan
34,9,42365,211640,nan,nan
34,10,2110,51470,0.084445,0.086049
34,11,14642,114,0.068374,0.076555
34,12,304,46071,0.070551,0.067048
34,13,871,392,0.089774,0.084605
34,14,68,4449,0.076692,0.075761
34,15,199,56,0.093942,0.076835
34,16,2,0,0.075928,0.000000
34,17,2200,1097980,0.074009,0.091932
34,18,349,2293,0.087686,0.081979
34,19,1281,48652,0.075332,0.085753
34,20,1682,11293,0.070934,0.079033
34,21,4505,141777,0.071584,0.081836
34,22,164,0,0.062846,0.000000
34,23,645,18135,0.087179,0.083932
34,24,13452,268231,0.091371,0.115825
34,25,62087,9597,0.084127,0.059529
34,26,7,0,0.044085,0.000000
34,27,143,429,0.061129,0.071873
34,28,1,0,0.052246,0.000000
34,29,2181,70011,0.073476,0.113255
34,30,6431,91280,0.131620,0.104182
34,31,2789,412909,0.080151,0.086178
34,32,198,71,0.075168,0.077876
34,33,6989,179541,0.096587,0.090961
34,34,15610,149208,0.094246,0.093001
34,35,3745,5234,0.078737,0.081708
34,36,24,1,0.046727,0.062256
34,37,18205,251760,0.155521,0.098647
34,38,58357,380923,0.090001,0.085685
34,39,128,1395,0.071502,0.075933
34,40,104717,565758,0.085969,0.084508
34,41,49,430,0.068138,0.074039
34,42,91328,224424,0.078797,0.070017
34,43,1,27,0.061279,0.073423
34,44,15242,116224,0.097303,0.085872
34,45,131,1969,0.078656,0.072534
34,46,2037,3098,0.109157,0.075734
34,47,2261,64190,0.082130,0.119926
34,48,12216,157755,0.124295,0.126801
34,49,3841,46217,0.086137,0.098164
34,50,2594,91375,0.079515,0.091713
34,51,557,21851,0.064734,0.072710
34,52,13784,44253,0.067534,0.078316
34,53,6173,168390,0.124299,0.110303
34,54,1135,8701,0.064505,0.062641
34,55,246,43623,0.062714,0.075611
34,56,6968,162943,0.090654,0.109818
34,57,8838,92355,0.067172,0.071335
34,58,139864,732956,0.086742,0.115730
34,59,448,17854,0.072040,0.076280
34,60,92,8692,0.082870,0.089224
34,61,4565,93000,0.070226,0.084100
34,62,95286,334589,0.109864,0.108094
34,63,10577,194412,0.063088,0.076910
34,64,3759,164018,0.068958,0.076736
34,65,571,34859,0.065380,0.070918
34,66,398,58239,0.077115,0.083457
34,67,545,113707,0.073061,0.098700
34,68,138274,1180913,0.082904,0.096113
34,69,1288,49772,0.067803,0.082276
34,70,19368,481401,0.091059,0.105358
34,71,1199,6513,0.073641,0.080045
34,72,1308,93582,0.071138,0.076818
34,73,923,85992,0.049712,0.071602
34,74,12055,403661,0.082627,0.100411
34,75,55246,261963,0.130483,0.159291
34,76,3898,33452,0.065099,0.076700
34,77,6783,103898,0.075737,0.085509
34,78,67,1,0.071703,0.094727
34,79,548,1064,0.087132,0.066977
34,80,40,709,0.072302,0.080192
34,81,4081,428126,0.071582,0.079605
34,82,27748,316387,0.064036,0.105318
34,83,56102,297335,0.111789,0.112942
34,84,58013,195221,0.083292,0.089009
34,85,30794,675831,0.075079,0.096339
34,86,168,612,0.069921,0.072635
34,87,5877,68696,0.069459,0.085663
34,88,20852,311977,0.065598,0.087520
34,89,676,430513,0.069534,0.080860
34,90,23074,50257,0.060845,0.070380
34,91,0,140,0.000000,0.053141
34,92,112,44389,0.071470,0.083859
34,93,78,89308,0.063401,0.107457
34,94,60728,110207,0.116864,0.117494
34,95,20208,140233,0.068866,0.071984
34,96,210,2851,0.060716,0.072581
34,97,20761,312331,0.080237,0.090276
34,98,4564,68791,0.082705,0.090479
34,99,4646,10024,0.077045,0.077837
34,100,4992,6037,0.076107,0.076615
34,101,576,54766,0.071105,0.073432
34,102,91,70,0.053966,0.069809
34,103,2261,2367,0.070096,0.071140
34,104,26,5,0.062678,0.065381
34,105,9843,186271,0.078938,0.157883
34,106,126913,769999,0.113191,0.118476
34,107,585,140,0.094714,0.097651
34,108,190,46300,0.081269,0.088271
34,109,655,8243,0.066767,0.081134
34,110,2074,1627,0.071699,0.090515
34,111,446,212282,0.074572,0.088755
34,112,2974,88596,0.088506,0.099648
34,113,2157,211027,0.073517,0.086273
34,114,6,0,0.072591,0.000000
34,115,1271,2225,0.079229,0.072413
34,116,3027,226049,0.073861,0.089450
34,117,26,68,0.071120,0.050946
34,118,3116,12925,0.061687,0.077391
34,119,400,346,0.066941,0.069780
34,120,25472,220412,0.066793,0.080044
34,121,38351,52680,0.078402,0.090819
34,122,2926,8611,0.081298,0.077496
34,123,3914,8781,0.097740,0.087755
34,124,4250,9962,0.081721,0.086131
34,125,828,280813,0.075783,0.082940
34,126,13274,570008,0.081186,0.098717
34,127,1078,66452,0.079825,0.090004
34,128,28785,310656,0.085303,0.087479
34,129,55607,716219,0.102099,0.120686
34,130,750,10646,0.090672,0.069903
34,131,2749,2153,0.075368,0.068192
34,132,1129,7881,0.074934,0.074049
34,133,67,405,0.071847,0.077168
34,134,446663,836169,0.123029,0.096181
34,135,0,5,0.000000,0.065283
34,136,0,0,0.000000,0.000000
34,137,74,5964,0.074275,0.090563
34,138,9134,333786,0.064822,0.076083
34,139,55170,340055,0.103977,0.095429
34,140,811,209233,0.069269,0.081130
34,141,58,3296,0.081636,0.082286
34,142,14438,94845,0.085642,0.089113
34,143,264,11661,0.067796,0.079424
34,144,261,68,0.086038,0.091818
34,145,24262,230695,0.070360,0.086891
34,146,163802,1085544,0.102473,0.110726
34,147,11603,306310,0.042647,0.078387
34,148,4872,366539,0.102296,0.080290
34,149,8539,50141,0.095485,0.111296
34,150,4622,56532,0.101025,0.076702
34,151,39739,204538,0.056809,0.089958
34,152,23248,440548,0.077453,0.095183
34,153,896,578,0.047566,0.064874
34,154,60,4654,0.073161,0.080112
34,155,56822,242847,0.121249,0.154910
34,156,269,11868,0.086045,0.086434
34,157,3728,85155,0.091676,0.103799
34,158,353,1031,0.070570,0.075635
34,159,3628,339236,0.078163,0.102004
34,160,77676,304005,0.097068,0.106830
34,161,1,0,0.070312,0.000000
34,162,123,137871,0.077067,0.082219
34,163,33527,108775,0.081211,0.086235
34,164,15229,129135,0.067353,0.076016
34,165,52233,345302,0.105400,0.104808
34,166,9740,112064,0.079057,0.098647
34,167,572,281428,0.079772,0.108472
34,168,1498,24590,0.070657,0.082570
34,169,11012,81735,0.083080,0.088655
34,170,135,851,0.068806,0.067141
34,171,60906,350031,0.074047,0.089406
34,172,57131,257128,0.074101,0.096375
34,173,84422,452036,0.097878,0.112454
34,174,12940,19435,0.061400,0.072919
34,175,74133,301406,0.082554,0.090332
34,176,1971,7455,0.065487,0.074482
34,177,4013,73869,0.075898,0.087883
34,178,8348,189317,0.081761,0.098577
34,179,149,198077,0.074374,0.077616
34,180,539,65921,0.071201,0.091495
34,181,757,921,0.101789,0.072551
34,182,2018,118693,0.064471,0.077459
34,183,3421,566539,0.065137,0.087284
34,184,4376,151846,0.093687,0.127455
34,185,72333,899047,0.095828,0.118998
34,186,1932,10685,0.064781,0.077856
34,187,5755,42659,0.093463,0.099533
34,188,9789,71532,0.126068,0.093903
34,189,5059,5178,0.072889,0.075217
34,190,1434,737730,0.065987,0.073906
34,191,165,7995,0.069502,0.077503
34,192,11856,169543,0.087001,0.124172
34,193,144772,93464,0.091006,0.082056
34,194,33653,151204,0.067735,0.075343
34,195,2253,2991,0.098603,0.081847
34,196,278,4023,0.077557,0.073068
34,197,6400,139595,0.072914,0.077492
34,198,355998,136922,0.083087,0.066163
34,199,328,39456,0.083921,0.084322
34,200,15247,498283,0.085492,0.097629
34,201,2448,84539,0.070380,0.090524
34,202,92296,78234,0.130996,0.052207
34,203,29999,79613,0.091985,0.091165
34,204,2943,117831,0.095415,0.093810
34,205,914,96,0.083679,0.084468
34,206,1005,637,0.054865,0.071843
34,207,2391,21077,0.077035,0.068347
34,208,8,88,0.062653,0.079781
34,209,12986,402048,0.094312,0.083479
34,210,4308,237765,0.081407,0.089136
34,211,3948,35985,0.057884,0.061630
34,212,401565,438685,0.095586,0.092942
34,213,1814,3283,0.060138,0.073343
34,214,328,254,0.110361,0.090136
34,215,587,18378,0.063950,0.075271
34,216,59356,154010,0.088525,0.087261
34,217,7061,323685,0.077796,0.092080
34,218,38,3721,0.057742,0.074483
34,219,453,38968,0.070675,0.081983
34,220,875,471,0.075942,0.078989
34,221,471,30680,0.081644,0.078508
34,222,26849,87303,0.049603,0.082433
34,223,3319,113221,0.075625,0.090987
34,224,18353,173830,0.043327,0.092349
34,225,31640,480858,0.112327,0.103989
34,226,733,17044,0.076724,0.078418
34,227,14016,235445,0.088059,0.096561
34,228,41,361,0.071709,0.058623
34,229,31603,225939,0.106263,0.097164
34,230,146022,437527,0.074487,0.075107
34,231,36988,177093,0.115295,0.118529
34,232,490,5844,0.075419,0.074003
34,233,119700,141818,0.096700,0.074210
34,234,0,0,0.000000,0.000000
34,235,145,235,0.083797,0.083054
34,236,2115,15487,0.056473,0.079842
34,237,131,4662,0.067647,0.086406
34,238,270,10123,0.079849,0.083151
34,239,3285,53755,0.069769,0.077816
34,240,3369,99093,0.072976,0.080755
34,241,45,26,0.077634,0.068284
34,242,10847,115358,0.077957,0.093096
34,243,19926,453157,0.081586,0.093067
34,244,9954,22702,0.103615,0.102021
34,245,435,58250,0.082019,0.081933
34,246,0,24587,0.000000,0.083802
34,247,70,85,0.063822,0.061259
34,248,822,201,0.088638,0.090187
34,249,12579,3846,0.054301,0.069947
34,250,696,168500,0.072404,0.080569
34,251,3897,38024,0.066168,0.072282
34,252,133,19312,0.075193,0.085969
34,253,39715,100955,0.072443,0.080075
34,254,25,46745,0.079463,0.088825
34,255,1487,2661,0.079455,0.078327
34,256,14245,161720,0.094679,0.076554
34,257,8,2783,0.048676,0.025960
34,258,16940,20952,0.094102,0.082969
34,259,58,24,0.056489,0.067139
34,260,7461,488401,0.077630,0.095346
34,261,522,121546,0.098141,0.119834
34,262,129380,574585,0.115904,0.120046
34,263,1289,1906,0.077501,0.079086
34,264,5261,91824,0.079462,0.082484
34,265,9055,66199,0.070537,0.077794
34,266,7386,193766,0.081157,0.093978
34,267,1280,4671,0.056611,0.077398
34,268,11581,309,0.048183,0.072449
34,269,3,9,0.069010,0.082764
34,270,4016,410921,0.080268,0.099937
34,271,159458,25130,0.097558,0.082228
34,272,1384,16805,0.064242,0.082897
34,273,1024,3474,0.082704,0.082000
34,274,692,2841,0.081389,0.075987
34,275,14984,210714,0.098572,0.127385
34,276,23744,381863,0.060022,0.069519
34,277,742,649,0.082035,0.074276
34,278,62497,256100,0.080304,0.083807
34,279,652,143,0.051259,0.082646
34,280,343,12705,0.075351,0.083018
34,281,56,1170,0.065364,0.066367
34,282,6933,79924,0.074315,0.078858
34,283,1921,136309,0.082961,0.122651
34,284,24608,167,0.079706,0.065446
34,285,88242,345317,0.092153,0.091080
34,286,745,6942,0.084620,0.081160
34,287,56689,361221,0.142633,0.159973
34,288,191,26046,0.080338,0.107067
34,289,5719,108333,0.074289,0.086635
34,290,3762,1328332,0.052056,0.088854
34,291,142061,656383,0.103687,0.110865
34,292,8536,148396,0.077726,0.094005
34,293,200,829,0.072515,0.073817
34,294,3791,2692,0.088618,0.096019
34,295,6043,115456,0.087540,0.078731
34,296,1696,110445,0.084664,0.081896
34,297,855,8515,0.078772,0.075570
34,298,287,13149,0.069689,0.085235
34,299,5714,14498,0.091034,0.078398
34,300,66893,331888,0.129248,0.123577
34,301,343,137374,0.078693,0.094462
34,302,25,0,0.075986,0.000000
34,303,88917,600078,0.111334,0.110062
34,304,16859,192731,0.088420,0.111709
34,305,4067,50,0.080391,0.107729
34,306,6696,53565,0.080827,0.082471
34,307,122,30,0.044909,0.065702
34,308,485,6,0.051266,0.065674
34,309,4136,6938,0.084051,0.077585
34,310,8004,222416,0.069829,0.087105
34,311,1699,324,0.116411,0.109769
34,312,71,42,0.065263,0.064779
34,313,38902,19317,0.112417,0.094641
34,314,3,23,0.126139,0.066088
34,315,80,34,0.074664,0.074786
34,316,37285,230568,0.095226,0.086232
34,317,2393,298710,0.067994,0.074811
34,318,703,1750226,0.056242,0.103620
34,319,2045,426,0.081196,0.072147
34,320,1050,12232,0.058133,0.058458
34,321,1238,5,0.053271,0.038892
34,322,11543,387111,0.098141,0.161646
34,323,519,133,0.108797,0.098020
34,324,50885,151681,0.063675,0.071850
34,325,50853,1376238,0.093084,0.127087
34,326,12817,5189,0.068617,0.071480
34,327,33,277,0.075698,0.084737
34,328,64637,463374,0.119810,0.134154
34,329,427,75372,0.077848,0.074008
34,330,1162,29509,0.081826,0.088010
34,331,6029,137,0.089080,0.072784
34,332,13976,8001,0.059990,0.075772
34,333,8,54,0.083801,0.080761
34,334,1729,22441,0.071362,0.074869
34,335,22416,222573,0.081525,0.088628
34,336,80974,568955,0.079490,0.091252
34,337,48400,312073,0.081537,0.091765
34,338,1100,2420,0.075423,0.064720
34,339,9898,66429,0.077016,0.091450
34,340,3224,710499,0.071050,0.086293
34,341,168124,13883,0.124087,0.088223
34,342,28198,4827,0.093132,0.100831
34,343,54234,366117,0.124658,0.136975
34,344,6365,27,0.062486,0.072135
34,345,15916,113745,0.146519,0.114437
34,346,1687,139688,0.069731,0.075628
34,347,139518,1109634,0.065889,0.080292
34,348,480,161217,0.093698,0.124401
34,349,4,24,0.034424,0.043482
34,350,871,2095,0.070159,0.073728
34,351,8190,141496,0.112863,0.141638
34,352,31509,1353834,0.081056,0.112041
34,353,390,29266,0.086662,0.078460
34,354,10469,115345,0.069765,0.077868
34,355,21960,34885,0.100776,0.087446
34,356,73602,731229,0.089844,0.113533
34,357,4141,171100,0.093226,0.095558
34,358,156,182,0.079721,0.065017
34,359,35,143,0.080552,0.087061
34,360,141008,14750,0.117716,0.079824
34,361,124,35433,0.063415,0.082798
34,362,8414,203137,0.133638,0.093286
34,363,406,26156,0.076163,0.086581
34,364,1477,129215,0.079516,0.097259
34,365,13498,1191,0.116586,0.089902
34,366,48,132717,0.062047,0.076877
34,367,4959,30710,0.075017,0.078449
34,368,501,123054,0.074555,0.089415
34,369,26340,260804,0.110524,0.088091
34,370,790,1884,0.062894,0.066550
34,371,1513,79049,0.070402,0.081931
34,372,20214,186045,0.102593,0.113541
34,373,848,6967,0.064420,0.069456
34,374,113563,616129,0.124847,0.147683
34,375,6,8,0.062419,0.064880
34,376,714,5529,0.089968,0.074613
34,377,133,978,0.061898,0.067806
34,378,1187,14753,0.087610,0.086921
34,379,935,7986,0.062917,0.066341
34,380,234,7140,0.065203,0.028435
34,381,88,1194,0.082255,0.062372
34,382,32,262,0.071445,0.068718
34,383,1339,2284,0.056872,0.060432
34,384,25433,163083,0.195075,0.195114
34,385,4812,15635,0.108670,0.094711
34,386,1091,43577,0.079625,0.077094
34,387,480,3166,0.070193,0.073652
34,388,6131,244648,0.069079,0.087285
34,389,3296,122716,0.067172,0.083955
34,390,953,127119,0.074872,0.078955
34,391,128793,826137,0.113673,0.129819
34,392,2839,33953,0.080202,0.079648
34,393,1250,165429,0.067861,0.080382
34,394,9159,76750,0.093966,0.079789
34,395,250,13514,0.086063,0.083416
34,396,2112,8896,0.095083,0.076161
34,397,6028,299833,0.082365,0.110477
34,398,15979,977708,0.109133,0.107771
34,399,19808,587337,0.085012,0.111049
34,400,21650,150545,0.069067,0.073255
34,401,39327,447575,0.268649,0.166566
34,402,3848,428672,0.085659,0.094235
34,403,10828,99858,0.088443,0.088972
34,404,699,102,0.090507,0.084664
34,405,2830,152208,0.069745,0.084316
34,406,34077,432138,0.091867,0.110800
34,407,212,8569,0.088335,0.086003
34,408,2170,94194,0.104802,0.075272
34,409,3510,4848,0.090699,0.087423
34,410,6946,84,0.085189,0.081092
34,411,75009,150469,0.078045,0.084972
34,412,2109,351002,0.068985,0.133194
34,413,24860,60917,0.034656,0.060027
34,414,430,532958,0.084152,0.131459
34,415,5,0,0.039941,0.000000
34,416,16,937,0.051010,0.065487
34,417,3288,293183,0.077653,0.078816
34,418,688,213997,0.071041,0.075702
34,419,254,50529,0.077594,0.085936
34,420,83288,489054,0.138561,0.150120
34,421,1091,11841,0.071766,0.073089
34,422,12196,88333,0.105088,0.084171
34,423,991,45448,0.083581,0.100178
34,424,121,14360,0.065781,0.068014
34,425,939,274662,0.082380,0.091494
34,426,2762,39636,0.118430,0.109790
34,427,30465,266727,0.103621,0.137516
34,428,208476,536686,0.129829,0.119588
34,429,10823,229411,0.095875,0.102099
34,430,44,7,0.076766,0.075370
34,431,2399,41681,0.073390,0.076308
34,432,4686,143386,0.085081,0.091872
34,433,15609,159778,0.083947,0.093165
34,434,4498,574797,0.082110,0.102037
34,435,539,21291,0.074458,0.080633
34,436,18819,267043,0.098427,0.091846
34,437,132,115,0.062811,0.077968
34,438,2484,19954,0.070625,0.083277
34,439,16,175,0.086487,0.085419
34,440,27161,95591,0.078330,0.080669
34,441,6947,7360,0.047309,0.036958
34,442,1789,15245,0.069222,0.082874
34,443,20047,161743,0.062027,0.081896
34,444,383,1,0.056957,0.075195
34,445,65,31,0.058746,0.047198
34,446,407,29678,0.073901,0.081938
34,447,208295,243273,0.112421,0.082241
34,448,8,22,0.051361,0.072349
34,449,1311,67666,0.086945,0.101115
34,450,8416,77377,0.073424,0.083292
34,451,627,11335,0.068201,0.081764
34,452,33481,67871,0.083444,0.079287
34,453,224,18137,0.051176,0.076769
34,454,37685,101071,0.100063,0.139365
34,455,790,99179,0.076150,0.081904
34,456,34089,364046,0.146504,0.113641
34,457,4118,4656,0.092112,0.077311
34,458,228,1968,0.066885,0.077862
34,459,34021,19282,0.068841,0.084350
34,460,29,24811,0.082334,0.083097
34,461,14245,70360,0.108336,0.097157
34,462,416,578,0.065868,0.063421
34,463,1169,85703,0.074263,0.081871
34,464,3442,716291,0.055666,0.109519
34,465,231,232,0.067441,0.083534
34,466,100,21891,0.071633,0.072527
34,467,899,256288,0.069632,0.115150
34,468,6147,543095,0.073405,0.076404
34,469,37664,137578,0.072666,0.082071
34,470,30,139,0.070264,0.060301
34,471,9297,157725,0.078729,0.088246
34,472,2810,96692,0.069385,0.083549
34,473,37177,31588,0.071660,0.079198
34,474,519916,537010,0.132028,0.081960
34,475,21736,164847,0.095664,0.096050
34,476,73197,332645,0.106849,0.122897
34,477,16132,78912,0.106970,0.085839
34,478,582,2888,0.064355,0.062911
34,479,384,194638,0.079236,0.088582
34,480,2013,529666,0.078979,0.095332
34,481,75,7892,0.082992,0.084305
34,482,79611,363334,0.070693,0.086709
34,483,1138,10,0.066235,0.051843
34,484,245,158,0.075635,0.073511
34,485,363,5545,0.055308,0.087569
34,486,582,22398,0.073783,0.082440
34,487,5371,409956,0.080447,0.083462
34,488,67888,668552,0.092201,0.110373
34,489,248,160,0.070694,0.067861
34,490,3278,75851,0.078607,0.097097
34,491,4564,5756,0.100559,0.097892
34,492,111,12742,0.080752,0.083631
34,493,96274,682826,0.102089,0.098911
34,494,11970,26049,0.075111,0.070018
34,495,1160,16384,0.077123,0.078155
34,496,17278,324817,0.088535,0.106293
34,497,300,3206,0.043943,0.077357
34,498,1488,185184,0.076774,0.087541
34,499,9814,184134,0.069587,0.077642
34,500,4622,23954,0.087079,0.080779
34,501,848,89896,0.079171,0.094921
34,502,26401,44750,0.068086,0.072128
34,503,1505,91645,0.071519,0.087426
34,504,29913,610677,0.098352,0.114075
34,505,2321,177536,0.077743,0.090389
34,506,231,7627,0.077321,0.084957
34,507,3843,69952,0.067893,0.083823
34,508,2520,1129,0.076500,0.078583
34,509,18381,161769,0.097587,0.101976
34,510,136727,466658,0.143063,0.099293
34,511,3318,148803,0.062699,0.069603
35,0,80163,894547,nan,nan
35,1,20949,245608,nan,nan
35,2,25303,351541,nan,nan
35,3,17977,210751,nan,nan
35,4,21701,395188,nan,nan
35,5,18261,273102,nan,nan
35,6,23358,491760,nan,nan
35,7,17791,212753,nan,nan
35,8,36347,249939,nan,nan
35,9,26431,368099,nan,nan
35,10,5447,93927,0.087986,0.089065
35,11,21450,467377,0.069616,0.073295
35,12,105938,183147,0.138424,0.118381
35,13,606,9764,0.063805,0.079513
35,14,4923,104912,0.080338,0.087515
35,15,1235,840,0.087059,0.077922
35,16,1725,908665,0.091939,0.167396
35,17,330,5486,0.094445,0.063836
35,18,1898,160545,0.072743,0.076800
35,19,21284,134447,0.079195,0.090602
35,20,29,918,0.071289,0.079468
35,21,23245,16870,0.064717,0.073014
35,22,165,9411,0.075618,0.081449
35,23,2211,13040,0.109609,0.079036
35,24,602,457,0.089931,0.094979
35,25,2048,36711,0.082214,0.077703
35,26,84,14,0.071551,0.053554
35,27,94,208,0.070263,0.076634
35,28,99296,690405,0.070331,0.075303
35,29,697,36894,0.068440,0.076634
35,30,114807,42563,0.102440,0.092157
35,31,5122,25889,0.106400,0.104083
35,32,3775,146147,0.086140,0.091584
35,33,1997,32312,0.065507,0.073534
35,34,130,3918,0.068848,0.073585
35,35,665,3458,0.080658,0.071012
35,36,15,2972,0.059847,0.077257
35,37,482,1282,0.091159,0.096592
35,38,13096,81997,0.455110,0.080477
35,39,67874,132666,0.100347,0.102890
35,40,33127,20552,0.081462,0.083586
35,41,2637,876,0.080208,0.076243
35,42,163,89,0.060640,0.066137
35,43,11853,226421,0.064386,0.083474
35,44,66118,228189,0.092233,0.086971
35,45,14770,180147,0.124680,0.124211
35,46,10614,21317,0.076060,0.074485
35,47,5168,29161,0.096725,0.074850
35,48,282,3900,0.065677,0.076378
35,49,32580,796965,0.101621,0.137207
35,50,55750,988724,0.089834,0.107386
35,51,424,9630,0.126732,0.076626
35,52,12107,351904,0.067487,0.073436
35,53,2477,578,0.071822,0.073642
35,54,225507,643956,0.128960,0.102683
35,55,72836,282922,0.079365,0.096084
35,56,179,34746,0.067500,0.082533
35,57,25823,452890,0.087875,0.095698
35,58,90,5880,0.079176,0.077470
35,59,24090,63748,0.085730,0.077174
35,60,905,97164,0.074207,0.080289
35,61,172,2190,0.063284,0.072040
35,62,2384,39367,0.087669,0.090562
35,63,103,39890,0.061136,0.080722
35,64,89,12,0.072755,0.069580
35,65,3899,70329,0.111311,0.112035
35,66,537,28298,0.078784,0.083060
35,67,1212,1611,0.096224,0.096884
35,68,2266,212096,0.105130,0.121643
35,69,23895,125133,0.119079,0.099753
35,70,8308,132440,0.090993,0.106660
35,71,2662,16843,0.071782,0.076969
35,72,95417,270228,0.082036,0.075548
35,73,541,51285,0.068459,0.057557
35,74,8072,16289,0.083312,0.082241
35,75,1046,401,0.082510,0.077026
35,76,281,9956,0.070614,0.074139
35,77,5850,18650,0.085812,0.084632
35,78,1081,3965,0.073653,0.084636
35,79,397,1042,0.084840,0.074844
35,80,30319,98001,0.045274,0.079257
35,81,12156,222517,0.096122,0.108786
35,82,112306,90855,0.092701,0.082202
35,83,11099,159002,0.080685,0.104758
35,84,3,2312,0.059896,0.069191
35,85,31212,469302,0.087874,0.110950
35,86,9597,2018,0.056458,0.069786
35,87,9,0,0.078044,0.000000
35,88,31316,220870,0.095965,0.092776
35,89,831,47778,0.076001,0.078525
35,90,21809,230719,0.117326,0.107394
35,91,109005,778041,0.105480,0.109544
35,92,54,474,0.068443,0.060708
35,93,2311,23807,0.067236,0.076076
35,94,11261,334820,0.074976,0.087973
35,95,24897,84131,0.068729,0.079497
35,96,2475,105755,0.101153,0.094151
35,97,70,1124,0.068387,0.074617
35,98,466,1182,0.058371,0.067762
35,99,1018,232,0.072500,0.067229
35,100,6783,161,0.076125,0.080259
35,101,4537,18839,0.076331,0.081320
35,102,94,209145,0.067878,0.116688
35,103,466,192,0.086768,0.071960
35,104,7006,52831,0.095978,0.098109
35,105,6243,154108,0.106435,0.103811
35,106,1896,155876,0.078175,0.082002
35,107,90373,211570,0.109002,0.083871
35,108,208564,156965,0.113510,0.086892
35,109,39,686,0.069624,0.076038
35,110,1932,6676,0.086009,0.072002
35,111,450,30752,0.056791,0.072294
35,112,1114,763,0.060581,0.071183
35,113,1984,3872,0.069407,0.075544
35,114,4295,445,0.069290,0.076563
35,115,11218,23937,0.095131,0.080153
35,116,26291,191067,0.116541,0.112636
35,117,19304,265707,0.085545,0.084301
35,118,32733,306263,0.093114,0.093768
35,119,114,6303,0.078333,0.074733
35,120,29011,9450,0.064130,0.066214
35,121,1087,251,0.078473,0.079178
35,122,4371,117949,0.102493,0.105281
35,123,59267,308142,0.094110,0.087720
35,124,83362,296527,0.093253,0.102729
35,125,6762,479054,0.083595,0.085541
35,126,51155,590066,0.090829,0.103514
35,127,27821,64128,0.064021,0.073664
35,128,30413,142214,0.073907,0.079446
35,129,12493,246679,0.089617,0.095399
35,130,32748,50296,0.112257,0.105723
35,131,2628,120471,0.077567,0.096896
35,132,1085,5,0.066540,0.063184
35,133,711,264,0.076989,0.078214
35,134,2329,103089,0.072858,0.082403
35,135,6592,21832,0.066888,0.074443
35,136,7927,29956,0.116036,0.102770
35,137,30976,356136,0.086226,0.095716
35,138,209767,1154606,0.095132,0.098848
35,139,65625,267768,0.114501,0.110511
35,140,37506,535353,0.087990,0.098528
35,141,83,64,0.071245,0.067564
35,142,563,340511,0.072285,0.079811
35,143,928,132972,0.077485,0.078631
35,144,57997,386343,0.105380,0.095364
35,145,6,0,0.069580,0.000000
35,146,37459,240766,0.119754,0.144494
35,147,13274,398991,0.090350,0.108781
35,148,989,4784,0.072748,0.072308
35,149,2924,158367,0.086095,0.124979
35,150,1160,6748,0.086892,0.067759
35,151,1407,88151,0.084977,0.084957
35,152,1533,13631,0.066975,0.082015
35,153,706,380,0.064674,0.073329
35,154,41254,200343,0.135809,0.088451
35,155,4504,244343,0.102754,0.106883
35,156,2,15,0.085938,0.066325
35,157,7,3863,0.083949,0.076357
35,158,7975,295746,0.071009,0.073666
35,159,5803,129011,0.089748,0.096301
35,160,45865,171746,0.085931,0.076013
35,161,85513,715868,0.083476,0.095723
35,162,28928,94781,0.067869,0.072161
35,163,28650,124930,0.084981,0.082782
35,164,85089,321594,0.104611,0.112525
35,165,7,11,0.073940,0.065474
35,166,1113,182190,0.071566,0.101513
35,167,296788,868690,0.095683,0.091728
35,168,3450,142654,0.118082,0.093149
35,169,148005,578508,0.118707,0.114755
35,170,34,339,0.058389,0.061174
35,171,5160,39162,0.095114,0.086703
35,172,0,1,0.000000,0.046875
35,173,3388,83604,0.119301,0.104370
35,174,748,11802,0.085877,0.073134
35,175,65335,595094,0.067033,0.082274
35,176,9601,441114,0.088466,0.091741
35,177,104429,240185,0.099969,0.089463
35,178,24,9764,0.061401,0.076343
35,179,1765,368301,0.086373,0.098829
35,180,590,59032,0.065465,0.080866
35,181,37,6,0.078580,0.068522
35,182,142,29,0.076166,0.070675
35,183,0,0,0.000000,0.000000
35,184,2518,5728,0.083934,0.072418
35,185,11399,22574,0.099099,0.084484
35,186,297,59245,0.083300,0.084172
35,187,7585,34523,0.079183,0.076279
35,188,4453,146290,0.072727,0.074027
35,189,2345,79311,0.076950,0.083261
35,190,3654,286623,0.085078,0.102622
35,191,124,90,0.053722,0.068300
35,192,3546,226446,0.078768,0.092279
35,193,1085,12736,0.070479,0.078231
35,194,3516,450326,0.101407,0.104939
35,195,20597,301822,0.079947,0.127050
35,196,19539,549509,0.086390,0.095756
35,197,17720,105571,0.116959,0.080929
35,198,18297,158613,0.114546,0.138497
35,199,7,157,0.074428,0.070260
35,200,395,21404,0.081808,0.083586
35,201,47,113815,0.074094,0.095775
35,202,2843,209443,0.084747,0.092817
35,203,34737,133091,0.063381,0.069589
35,204,80030,297300,0.073013,0.104028
35,205,22018,347107,0.125832,0.090794
35,206,305,948,0.067703,0.075465
35,207,47958,609116,0.088067,0.100458
35,208,178,13989,0.077903,0.077918
35,209,5281,26164,0.068279,0.067102
35,210,875,101437,0.083351,0.092616
35,211,753,82987,0.122746,0.095914
35,212,11508,286580,0.100522,0.102365
35,213,363,7016,0.063199,0.073246
35,214,5922,7986,0.080768,0.081967
35,215,5534,2458,0.076434,0.076074
35,216,959,148920,0.080927,0.091388
35,217,17244,100533,0.091877,0.086018
35,218,135,50,0.128673,0.124600
35,219,58,60,0.066339,0.080115
35,220,1318,215751,0.084513,0.093732
35,221,33573,132067,0.086751,0.159792
35,222,1868,146772,0.084645,0.097257
35,223,26632,98296,0.103806,0.079984
35,224,1796,558424,0.076260,0.077191
35,225,22813,1019222,0.067018,0.112256
35,226,645,185,0.076556,0.071418
35,227,89494,589747,0.118032,0.124110
35,228,149,54997,0.078541,0.085371
35,229,1050,4384,0.091141,0.067962
35,230,2670,279124,0.086808,0.085883
35,231,104411,334103,0.103477,0.115700
35,232,821,50635,0.074429,0.080808
35,233,782,5997,0.092361,0.078539
35,234,2940,17471,0.072957,0.084329
35,235,3341,226536,0.068858,0.072350
35,236,11205,235493,0.073923,0.085453
35,237,1564,241788,0.094638,0.129311
35,238,102217,182383,0.080959,0.068387
35,239,15416,501380,0.060295,0.114605
35,240,9955,292300,0.074075,0.080615
35,241,5202,59851,0.086685,0.098771
35,242,16338,317269,0.101036,0.111671
35,243,6382,76244,0.069379,0.091532
35,244,57818,281450,0.115872,0.095771
35,245,1900,3161,0.080527,0.075651
35,246,819,127446,0.074751,0.081581
35,247,87543,126130,0.098232,0.085879
35,248,35020,345783,0.103307,0.112222
35,249,58,2423,0.072750,0.074732
35,250,597,356,0.063522,0.078580
35,251,37861,198901,0.152633,0.160875
35,252,1038,18870,0.062942,0.069955
35,253,2397,119803,0.079076,0.088405
35,254,58,354,0.067149,0.056374
35,255,28560,189858,0.067059,0.073547
35,256,170,799,0.069065,0.072565
35,257,8998,246634,0.078130,0.085462
35,258,4,18583,0.055725,0.064814
35,259,124,1325,0.059075,0.068546
35,260,18856,261850,0.087997,0.091746
35,261,1231,184880,0.074018,0.079154
35,262,18870,120201,0.067310,0.068739
35,263,109,5454,0.043629,0.054758
35,264,6037,12274,0.085959,0.093014
35,265,47901,400163,0.122834,0.134333
35,266,20418,139365,0.082437,0.166906
35,267,5450,42648,0.102424,0.086635
35,268,3460,49618,0.085952,0.105205
35,269,27977,278095,0.086306,0.093478
35,270,17040,798,0.075698,0.074247
35,271,120188,165,0.123712,0.063787
35,272,1237,8314,0.095671,0.090098
35,273,3599,6048,0.089585,0.086161
35,274,1860,45178,0.077624,0.101050
35,275,23697,39632,0.082099,0.082299
35,276,37012,101581,0.140252,0.132041
35,277,1752,101260,0.070293,0.078574
35,278,69226,487240,0.097816,0.086600
35,279,71,12945,0.074097,0.081781
35,280,87,9,0.068307,0.059109
35,281,4580,172794,0.082000,0.090265
35,282,18031,257232,0.083639,0.093850
35,283,1178,76536,0.080364,0.086750
35,284,74872,125,0.083719,0.063867
35,285,8459,363555,0.081682,0.096141
35,286,59127,733432,0.105623,0.122478
35,287,646,167866,0.088535,0.116513
35,288,1253,73227,0.070589,0.077814
35,289,74,233,0.064648,0.074522
35,290,796,10061,0.068792,0.068322
35,291,5426,30871,0.081697,0.078647
35,292,738,55761,0.069735,0.084774
35,293,249,110517,0.076195,0.090323
35,294,566,56210,0.096403,0.090561
35,295,33560,1267,0.102344,0.082195
35,296,8833,28083,0.074143,0.077994
35,297,1033,240,0.061551,0.068853
35,298,390,14009,0.086429,0.103252
35,299,2767,237,0.073151,0.069229
35,300,273,3767,0.083116,0.103146
35,301,268160,1038577,0.115998,0.119101
35,302,52555,787180,0.084875,0.101836
35,303,64618,310651,0.115806,0.123604
35,304,19093,111423,0.117467,0.104972
35,305,6826,497143,0.071357,0.078497
35,306,0,0,0.000000,0.000000
35,307,34057,5553,0.097002,0.071674
35,308,405,604,0.093823,0.087405
35,309,13348,249642,0.091209,0.096778
35,310,4716,91238,0.097297,0.103534
35,311,55643,382893,0.101227,0.107542
35,312,991,137401,0.097876,0.099286
35,313,5118,196129,0.082132,0.096184
35,314,3462,210464,0.082766,0.098609
35,315,41025,2729,0.137139,0.074173
35,316,6885,201774,0.080493,0.098129
35,317,25534,577636,0.101987,0.113729
35,318,2224,143135,0.099138,0.114723
35,319,1494,53372,0.080421,0.074764
35,320,638,152,0.071843,0.069500
35,321,14853,8090,0.021073,0.073918
35,322,48071,53954,0.086671,0.077219
35,323,2194,2829,0.082140,0.083351
35,324,18,17175,0.057865,0.078727
35,325,510,60447,0.070987,0.081050
35,326,686,154502,0.084369,0.089990
35,327,181,192,0.089199,0.069536
35,328,14517,305669,0.116979,0.120417
35,329,26763,610202,0.090614,0.126207
35,330,127225,78549,0.080981,0.075633
35,331,6,2,0.062134,0.058105
35,332,234,1254,0.089463,0.075561
35,333,8457,44845,0.090438,0.077495
35,334,17682,355213,0.096000,0.104571
35,335,123,27,0.101356,0.105821
35,336,3148,208097,0.081495,0.095919
35,337,130497,270070,0.111022,0.088003
35,338,106168,388262,0.085751,0.095485
35,339,1131,161264,0.076103,0.082081
35,340,169,64,0.084221,0.077541
35,341,113739,693081,0.098498,0.096472
35,342,14217,598531,0.086695,0.100058
35,343,11342,118,0.101279,0.068957
35,344,1578,131288,0.084422,0.087423
35,345,74868,277164,0.085560,0.092436
35,346,6164,15962,0.103806,0.080536
35,347,48095,161,0.073711,0.064274
35,348,1366,241731,0.086705,0.088327
35,349,26445,178986,0.083597,0.084994
35,350,217,8000,0.075978,0.077309
35,351,0,0,0.000000,0.000000
35,352,8950,119278,0.088476,0.089122
35,353,27934,210304,0.076285,0.084540
35,354,53083,817979,0.073540,0.076433
35,355,3010,63881,0.089478,0.085319
35,356,2634,236264,0.087999,0.100895
35,357,48,22,0.074463,0.077393
35,358,1608,37067,0.066918,0.074176
35,359,45837,407444,0.101649,0.130189
35,360,344,11160,0.080204,0.084262
35,361,6152,49741,0.082453,0.084634
35,362,4679,98383,0.073767,0.089029
35,363,12885,43900,0.088722,0.086066
35,364,47,6,0.055568,0.071370
35,365,764,15395,0.072918,0.071705
35,366,310,37551,0.074731,0.080124
35,367,24634,397932,0.116944,0.144917
35,368,3091,601712,0.067552,0.082682
35,369,3759,282554,0.090801,0.107407
35,370,44457,128660,0.105207,0.086055
35,371,11668,274177,0.089713,0.087877
35,372,460,4768,0.060835,0.070622
35,373,35564,305000,0.113075,0.122895
35,374,9575,175837,0.080448,0.095417
35,375,2903,11253,0.072305,0.075224
35,376,39,597,0.077449,0.076771
35,377,1664,184851,0.088775,0.084363
35,378,620,139463,0.073068,0.094859
35,379,2295,16251,0.072966,0.077977
35,380,2921,3299,0.073784,0.076144
35,381,1371,5634,0.085716,0.084645
35,382,187,21138,0.077442,0.084745
35,383,12865,152793,0.085687,0.087264
35,384,687,409,0.068334,0.069815
35,385,58660,103941,0.127806,0.095797
35,386,5792,99840,0.111338,0.125877
35,387,65,329,0.059225,0.075835
35,388,1387,5309,0.094931,0.079370
35,389,36835,211957,0.095599,0.091795
35,390,1892,15076,0.084357,0.083060
35,391,904,90265,0.075313,0.084612
35,392,359,103492,0.085888,0.088598
35,393,17378,71898,0.064054,0.091658
35,394,39261,133032,0.119711,0.099366
35,395,4002,145151,0.074027,0.082207
35,396,270,18448,0.079051,0.076248
35,397,722,26501,0.076356,0.079180
35,398,63007,110351,0.078764,0.095964
35,399,10033,351,0.106290,0.084015
35,400,2513,62384,0.073078,0.078866
35,401,2457,1085,0.072997,0.068245
35,402,10429,201205,0.067194,0.074270
35,403,190335,555488,0.093190,0.091633
35,404,768,793922,0.074480,0.102960
35,405,2953,76785,0.056068,0.093501
35,406,662,152201,0.089138,0.101284
35,407,31132,157179,0.078812,0.083907
35,408,239,1061,0.068255,0.066842
35,409,6072,6393,0.118542,0.084507
35,410,3080,402413,0.078031,0.079502
35,411,13670,281934,0.095574,0.144080
35,412,290430,804159,0.140129,0.102532
35,413,7397,149198,0.080926,0.096945
35,414,673,35661,0.067549,0.073312
35,415,309,1014,0.070426,0.070997
35,416,130,9433,0.061592,0.073898
35,417,10,949733,0.211548,0.087500
35,418,436,110705,0.076424,0.081945
35,419,51429,320434,0.115369,0.098550
35,420,19460,1123,0.080504,0.078734
35,421,62692,97469,0.112174,0.106015
35,422,13749,72723,0.094442,0.109268
35,423,107,1586,0.072106,0.076580
35,424,190,390,0.063086,0.066038
35,425,2962,106634,0.090355,0.077657
35,426,574,23312,0.080340,0.080668
35,427,40850,273188,0.087278,0.085344
35,428,481,3491,0.076831,0.076233
35,429,363,3405,0.096567,0.082362
35,430,50,67,0.084353,0.071023
35,431,5378,34468,0.072710,0.075300
35,432,80,50,0.059671,0.086499
35,433,204956,875484,0.113136,0.124493
35,434,3767,42284,0.091506,0.084647
35,435,1084,26241,0.084198,0.087724
35,436,597,885,0.077351,0.073182
35,437,7799,163278,0.102925,0.123332
35,438,1429,82809,0.072341,0.084355
35,439,13612,112164,0.084522,0.077741
35,440,4009,214,0.059715,0.068925
35,441,3245,14517,0.066356,0.075022
35,442,2751,45950,0.089775,0.093283
35,443,30795,238255,0.147540,0.103404
35,444,984,853,0.097258,0.084581
35,445,279,102,0.072242,0.073371
35,446,26663,146702,0.144298,0.111409
35,447,2005,89879,0.099024,0.091685
35,448,8,28633,0.078552,0.083420
35,449,250,59780,0.084884,0.082721
35,450,67695,124954,0.081590,0.087314
35,451,403,202403,0.077992,0.101611
35,452,4820,9267,0.065523,0.058916
35,453,19113,132036,0.071477,0.077898
35,454,224,28613,0.068316,0.067405
35,455,83767,591047,0.129413,0.124833
35,456,7,815,0.067592,0.072145
35,457,109127,73939,0.138261,0.093804
35,458,14020,290815,0.094544,0.103406
35,459,16495,194017,0.079299,0.082556
35,460,4896,376121,0.085059,0.111291
35,461,553,149616,0.078755,0.093527
35,462,7942,52716,0.090759,0.077891
35,463,349,1139,0.076402,0.075059
35,464,6209,7072,0.072697,0.073115
35,465,58116,148286,0.095838,0.085787
35,466,46,52,0.067415,0.063054
35,467,21624,839324,0.093209,0.107473
35,468,2467,154081,0.090991,0.094156
35,469,7243,7850,0.064494,0.067121
35,470,2330,128037,0.087240,0.091801
35,471,62496,331832,0.139548,0.166061
35,472,1032,110244,0.101190,0.119005
35,473,8338,1052591,0.081820,0.115679
35,474,29536,47433,0.071788,0.081438
35,475,9415,26205,0.080978,0.076120
35,476,4708,105370,0.084923,0.084196
35,477,71,5043,0.074446,0.075208
35,478,645,35168,0.071092,0.080970
35,479,6943,320210,0.078224,0.080334
35,480,111,7185,0.072819,0.079179
35,481,4749,38971,0.076368,0.078987
35,482,21,12,0.063744,0.071574
35,483,22479,76015,0.112839,0.082221
35,484,3167,156047,0.082363,0.100780
35,485,23609,11425,0.080545,0.073796
35,486,67849,352189,0.096302,0.102849
35,487,6498,123897,0.093534,0.083208
35,488,140436,855374,0.117000,0.107600
35,489,3042,26716,0.067687,0.091004
35,490,551,386,0.066235,0.071411
35,491,585,2000,0.098745,0.068956
35,492,4,0,0.066345,0.000000
35,493,31534,90567,0.082996,0.096066
35,494,77036,350674,0.097224,0.093806
35,495,1836,160796,0.075122,0.081502
35,496,18084,863445,0.122203,0.096241
35,497,13704,544771,0.079701,0.090239
35,498,3541,94876,0.067273,0.084445
35,499,3128,560327,0.066880,0.090955
35,500,1741,10814,0.063384,0.067744
35,501,42522,583925,0.091264,0.091359
35,502,12499,93067,0.143594,0.091813
35,503,4587,71589,0.085992,0.088897
35,504,3,1,0.068034,0.070312
35,505,47,46,0.068115,0.070849
35,506,79147,8297,0.060584,0.057312
35,507,6385,298217,0.089873,0.111670
35,508,4250,2491,0.095750,0.073071
35,509,15326,78449,0.056753,0.073276
35,510,1616,48373,0.078353,0.076826
35,511,57,4,0.099138,0.060730
36,0,18156,210796,nan,nan
36,1,18098,238897,nan,nan
36,2,19319,340660,nan,nan
36,3,18053,878830,nan,nan
36,4,19130,215761,nan,nan
36,5,19751,400998,nan,nan
36,6,18528,210941,nan,nan
36,7,23664,305479,nan,nan
36,8,37903,377307,nan,nan
36,9,21284,218429,nan,nan
36,10,1708,1698,0.099077,0.080927
36,11,7,89,0.053955,0.069794
36,12,300,153719,0.079646,0.102687
36,13,61264,357461,0.099477,0.098380
36,14,757,82096,0.054413,0.085665
36,15,513,211,0.077580,0.075174
36,16,1636,33673,0.072865,0.077401
36,17,3262,2040,0.077398,0.076540
36,18,1080,1489,0.072695,0.080764
36,19,278,88,0.064879,0.061174
36,20,1326,6884,0.096613,0.073426
36,21,95,167,0.049084,0.056755
36,22,70229,671357,0.090099,0.107881
36,23,10114,482374,0.070455,0.079629
36,24,405,2407,0.074922,0.075114
36,25,3660,507946,0.073238,0.099328
36,26,38843,49347,0.074948,0.083120
36,27,2339,46234,0.070066,0.078814
36,28,0,0,0.000000,0.000000
36,29,1593,1583,0.080114,0.077309
36,30,546,4615,0.073236,0.077734
36,31,2967,2815,0.079674,0.079853
36,32,1414,3141,0.062445,0.072156
36,33,27995,394706,0.112113,0.101099
36,34,2133,12746,0.075720,0.084854
36,35,100794,710844,0.087299,0.087872
36,36,12647,266349,0.086495,0.094695
36,37,9917,105057,0.101704,0.085111
36,38,21124,249259,0.113656,0.142389
36,39,10843,94111,0.090255,0.092409
36,40,6642,67545,0.083533,0.086649
36,41,50,1847,0.075698,0.067624
36,42,53975,509372,0.077825,0.089971
36,43,6203,158995,0.060572,0.068992
36,44,3345,5704,0.079708,0.082421
36,45,1440,1328,0.061441,0.078963
36,46,35147,795080,0.095854,0.097870
36,47,9,0,0.048503,0.000000
36,48,77,19,0.077074,0.083573
36,49,138,10298,0.065985,0.086874
36,50,2412,10534,0.063261,0.062576
36,51,199,879,0.073443,0.059459
36,52,4299,198534,0.065582,0.078586
36,53,9990,158320,0.095737,0.078424
36,54,422,3951,0.070543,0.077549
36,55,9961,104476,0.066556,0.081300
36,56,6560,321404,0.062705,0.076475
36,57,251,15233,0.083940,0.067322
36,58,13792,234724,0.084604,0.097450
36,59,26548,230800,0.085217,0.096192
36,60,795,1965,0.090790,0.078457
36,61,3623,331,0.073723,0.087592
36,62,90,22,0.065139,0.070357
36,63,15577,257462,0.090684,0.085961
36,64,38252,25691,0.073602,0.078540
36,65,1520,15418,0.080292,0.080677
36,66,19113,369086,0.080652,0.095592
36,67,1332,204427,0.074145,0.129749
36,68,286,86,0.059607,0.067755
36,69,513,9982,0.074364,0.080776
36,70,24053,374352,0.120141,0.089362
36,71,0,5,0.000000,0.072852
36,72,50704,180605,0.085360,0.103469
36,73,3187,57923,0.082572,0.073386
36,74,9725,369999,0.111547,0.107994
36,75,54521,793445,0.107756,0.139895
36,76,2832,93539,0.081920,0.083510
36,77,2088,1500,0.082363,0.076050
36,78,372,61,0.101300,0.081675
36,79,217838,1229477,0.109847,0.113117
36,80,184410,646351,0.134787,0.128436
36,81,260,1992,0.060632,0.081076
36,82,764,389650,0.075858,0.083553
36,83,1721,65458,0.079710,0.080902
36,84,340,812,0.058207,0.068816
36,85,114621,160157,0.071437,0.076458
36,86,4840,132232,0.068787,0.075440
36,87,49,6482,0.073013,0.082182
36,88,6978,131152,0.119463,0.089497
36,89,26306,173913,0.083990,0.080098
36,90,1943,88358,0.080654,0.081307
36,91,863,198,0.060291,0.081188
36,92,7439,41837,0.068407,0.073198
36,93,4618,147450,0.081517,0.087733
36,94,583,214,0.074808,0.070689
36,95,45367,275225,0.094407,0.099611
36,96,325,476,0.078825,0.077312
36,97,7758,164638,0.073869,0.083775
36,98,28,1617,0.073905,0.076520
36,99,68,9,0.074458,0.059408
36,100,2689,52161,0.085056,0.120883
36,101,23950,310825,0.080642,0.091958
36,102,6962,413189,0.097674,0.098911
36,103,15430,229109,0.094809,0.078407
36,104,566,490,0.100559,0.088226
36,105,17616,0,0.054701,0.000000
36,106,11979,239657,0.117266,0.090167
36,107,3144,218743,0.083376,0.094950
36,108,108062,695058,0.090275,0.098213
36,109,123,2439,0.057998,0.051055
36,110,433,18647,0.103139,0.082157
36,111,142,396,0.085785,0.058242
36,112,2280,80717,0.081997,0.100666
36,113,47602,5789,0.070982,0.077388
36,114,245,55686,0.071122,0.083109
36,115,3338,11347,0.084582,0.084525
36,116,12661,339557,0.070046,0.080898
36,117,588,6933,0.069891,0.063186
36,118,20,15,0.069086,0.063493
36,119,64928,353315,0.073141,0.079498
36,120,36966,241519,0.054317,0.072015
36,121,11210,582128,0.072447,0.097919
36,122,888,49533,0.102148,0.086803
36,123,35433,533595,0.093792,0.122777
36,124,337,1791,0.069299,0.075277
36,125,124,3189,0.064829,0.083075
36,126,141,430,0.070120,0.075401
36,127,31335,160169,0.063922,0.083588
36,128,37,210,0.091995,0.059274
36,129,6843,86008,0.043436,0.089501
36,130,18120,238174,0.105887,0.094656
36,131,35,31,0.043771,0.064335
36,132,3783,18804,0.069241,0.076378
36,133,581,356,0.089760,0.072017
36,134,4480,7005,0.086610,0.084103
36,135,42124,227570,0.099486,0.114714
36,136,5,0,0.089941,0.000000
36,137,145432,665758,0.098457,0.109142
36,138,46659,273728,0.111180,0.130807
36,139,16448,418955,0.077281,0.089133
36,140,2846,45710,0.088399,0.096812
36,141,15,206,0.070199,0.066539
36,142,125239,47082,0.079981,0.077705
36,143,2685,54501,0.080193,0.076637
36,144,39312,351330,0.086913,0.089085
36,145,174,18673,0.072129,0.090497
36,146,144,1498,0.066074,0.063484
36,147,196,124,0.066090,0.074557
36,148,16127,159310,0.086791,0.094405
36,149,20212,101614,0.052214,0.086684
36,150,287,120,0.079754,0.068864
36,151,126,3552,0.090306,0.080605
36,152,68,10675,0.071409,0.085198
36,153,4034,69190,0.047921,0.093082
36,154,27,25,0.063395,0.074297
36,155,2875,101056,0.093068,0.107356
36,156,50,761,0.068936,0.077492
36,157,379487,1124662,0.098914,0.105069
36,158,410,10224,0.076875,0.079757
36,159,1881,18647,0.114546,0.106594
36,160,1086,6540,0.063752,0.068264
36,161,2979,363709,0.086872,0.116895
36,162,265,1144,0.087121,0.069589
36,163,2922,60060,0.075026,0.073933
36,164,9401,1505,0.087907,0.090112
36,165,26878,163082,0.084480,0.092771
36,166,54,80,0.062753,0.064282
36,167,4748,164986,0.107711,0.107501
36,168,3734,5872,0.082626,0.084701
36,169,351,1768,0.072288,0.077897
36,170,2582,249583,0.060429,0.081090
36,171,134945,13,0.188203,0.082426
36,172,4541,326247,0.073278,0.084505
36,173,24168,295531,0.068735,0.078791
36,174,3646,293009,0.079336,0.080350
36,175,29134,185651,0.105603,0.110331
36,176,8226,135070,0.093551,0.080676
36,177,114,45628,0.075418,0.092552
36,178,27642,3297,0.101672,0.089803
36,179,671,36839,0.090521,0.081452
36,180,2,346972,0.064819,0.077362
36,181,202,35843,0.069100,0.079688
36,182,4695,235820,0.065485,0.077748
36,183,967,840,0.116751,0.106150
36,184,417,227,0.077939,0.077599
36,185,83,82,0.048080,0.060968
36,186,101,252485,0.083337,0.084243
36,187,15915,350601,0.096174,0.122879
36,188,75138,623577,0.100437,0.112445
36,189,31768,137851,0.080061,0.104138
36,190,69840,229616,0.092467,0.084557
36,191,2603,153246,0.077353,0.078258
36,192,2631,290112,0.079135,0.083208
36,193,2919,63290,0.081091,0.088984
36,194,1073,7673,0.065529,0.068304
36,195,3172,125980,0.088372,0.085275
36,196,14469,1476003,0.082519,0.102453
36,197,87,30207,0.081638,0.091696
36,198,76775,284143,0.130491,0.133569
36,199,789,174,0.071196,0.085122
36,200,1475,6035,0.063331,0.070740
36,201,2585,362098,0.072857,0.090651
36,202,57140,277166,0.100698,0.115532
36,203,142,2047,0.063122,0.067827
36,204,22033,61381,0.065318,0.077611
36,205,24089,209105,0.129583,0.120839
36,206,177325,950244,0.109076,0.109234
36,207,66,1187,0.072931,0.076673
36,208,225,217,0.063793,0.067042
36,209,1770,103534,0.073970,0.082940
36,210,148,711,0.074788,0.074494
36,211,369,6217,0.073938,0.080135
36,212,40054,161552,0.132372,0.085397
36,213,6170,327037,0.104786,0.118118
36,214,439,168372,0.072030,0.096441
36,215,2999,155150,0.065093,0.089811
36,216,1332,65852,0.088784,0.081784
36,217,31794,281691,0.096258,0.101069
36,218,4418,59506,0.066506,0.069913
36,219,734,189700,0.082108,0.087151
36,220,8795,13213,0.095834,0.092688
36,221,14808,279565,0.090724,0.098939
36,222,3117,82644,0.071890,0.080817
36,223,87,36,0.066781,0.062954
36,224,1238,97003,0.084565,0.090210
36,225,2144,49753,0.086201,0.079815
36,226,6720,123198,0.067292,0.073364
36,227,902,135,0.075959,0.073631
36,228,18,0,0.078281,0.000000
36,229,3980,82060,0.073283,0.076756
36,230,109,1149,0.066176,0.082131
36,231,6620,111081,0.073950,0.078185
36,232,25164,455491,0.052311,0.080091
36,233,35210,721961,0.071963,0.084349
36,234,8964,351119,0.101885,0.129560
36,235,4334,38,0.077140,0.077733
36,236,104712,506359,0.064351,0.076322
36,237,1715,7091,0.072689,0.075434
36,238,21486,591617,0.078681,0.111450
36,239,5553,171060,0.077637,0.087559
36,240,9644,174401,0.077695,0.081651
36,241,33083,304813,0.099614,0.136376
36,242,185982,74743,0.084217,0.114229
36,243,15616,261059,0.093512,0.079875
36,244,17156,159450,0.108820,0.113773
36,245,0,183,0.000000,0.079444
36,246,150,108,0.057699,0.061721
36,247,15572,38883,0.058465,0.095669
36,248,89,305,0.067661,0.073566
36,249,1790,76374,0.078959,0.088314
36,250,105766,9039,0.127004,0.084205
36,251,480,194126,0.068435,0.083657
36,252,524,207350,0.076590,0.081107
36,253,26,812,0.053777,0.063262
36,254,189,28,0.063568,0.060843
36,255,294,34700,0.077421,0.084364
36,256,53225,80883,0.059596,0.069626
36,257,33924,395414,0.081880,0.091529
36,258,2089,11458,0.088864,0.091248
36,259,12518,249958,0.085836,0.100939
36,260,76050,117106,0.106712,0.085918
36,261,41801,42391,0.117317,0.088486
36,262,3204,521106,0.076694,0.083901
36,263,2926,6239,0.073872,0.072210
36,264,6674,30673,0.091719,0.095346
36,265,58408,185405,0.066483,0.080126
36,266,65083,190851,0.066748,0.076488
36,267,9602,327000,0.062966,0.080564
36,268,3261,482405,0.068600,0.091849
36,269,187664,448629,0.132233,0.127820
36,270,79,371,0.070910,0.075394
36,271,96511,95502,0.066445,0.073894
36,272,34,1779,0.073307,0.079851
36,273,85043,373004,0.118023,0.146327
36,274,103856,122302,0.143991,0.101169
36,275,3917,164132,0.075388,0.098333
36,276,74,17440,0.071195,0.074787
36,277,3088,2916,0.084986,0.072624
36,278,0,8,0.000000,0.047089
36,279,1571,39177,0.071577,0.081895
36,280,4527,154371,0.066840,0.070969
36,281,43314,83638,0.098016,0.083111
36,282,35633,215455,0.144588,0.102687
36,283,9796,328517,0.076501,0.079954
36,284,572,12491,0.075903,0.080294
36,285,29917,921214,0.074789,0.110174
36,286,3979,76007,0.107240,0.085942
36,287,507203,1164061,0.103940,0.089064
36,288,259,399,0.061361,0.073607
36,289,104,5154,0.077233,0.089467
36,290,2769,167044,0.071236,0.087091
36,291,25946,139130,0.110423,0.113803
36,292,11447,360,0.105547,0.099467
36,293,1686,28873,0.064501,0.077980
36,294,24,395,0.069519,0.060388
36,295,1049,574,0.072925,0.074184
36,296,5794,821883,0.077343,0.097967
36,297,83,550,0.069112,0.072816
36,298,2440,70392,0.076011,0.085269
36,299,1942,24196,0.071331,0.085480
36,300,113,92,0.073944,0.065451
36,301,25812,392805,0.083553,0.094033
36,302,1798,4806,0.063684,0.086858
36,303,10428,187614,0.064855,0.075751
36,304,55,49,0.057202,0.066072
36,305,2796,22734,0.117612,0.101554
36,306,469,140,0.068809,0.075718
36,307,36143,805642,0.090567,0.110008
36,308,80,80,0.065530,0.063000
36,309,274,7294,0.072968,0.077599
36,310,32551,13763,0.081077,0.076985
36,311,168,44,0.094760,0.092102
36,312,72635,713743,0.084202,0.105359
36,313,1466,114874,0.079813,0.085951
36,314,2,0,0.052856,0.000000
36,315,846,76175,0.074770,0.085159
36,316,1814,369778,0.083967,0.111346
36,317,138605,261275,0.090124,0.093506
36,318,6686,168745,0.071261,0.128852
36,319,56,12366,0.079520,0.082310
36,320,10364,872815,0.072284,0.140435
36,321,5824,19304,0.044560,0.081149
36,322,2,2,0.053223,0.065918
36,323,17129,90706,0.086092,0.080878
36,324,10273,134674,0.120493,0.125562
36,325,416,65467,0.072222,0.081501
36,326,1720,118462,0.071128,0.084996
36,327,244,10644,0.070952,0.080770
36,328,277,189,0.060194,0.070325
36,329,2685,107579,0.071550,0.081571
36,330,167268,982500,0.065300,0.079591
36,331,59,20,0.105622,0.086511
36,332,1097,648,0.084362,0.099663
36,333,3988,102725,0.066647,0.076082
36,334,954,19903,0.076480,0.079794
36,335,16556,648612,0.079433,0.119101
36,336,5,18,0.071240,0.076972
36,337,35,1665,0.051737,0.075258
36,338,2683,408836,0.099774,0.108145
36,339,1775,126981,0.071078,0.084731
36,340,27444,383069,0.101720,0.103987
36,341,5255,72114,0.074845,0.089993
36,342,52954,161980,0.093673,0.089857
36,343,9241,862742,0.078549,0.096506
36,344,312,9376,0.067404,0.080140
36,345,26,4,0.076900,0.085938
36,346,15993,7979,0.081381,0.084136
36,347,7268,559,0.093263,0.085337
36,348,145,72520,0.083757,0.092526
36,349,10438,306296,0.065802,0.079233
36,350,1153,63713,0.091312,0.087366
36,351,46,261,0.027763,0.050010
36,352,15336,217,0.084600,0.070624
36,353,3902,221928,0.091990,0.100332
36,354,0,0,0.000000,0.000000
36,355,38194,51181,0.092841,0.087772
36,356,56564,193185,0.103126,0.094062
36,357,257,23313,0.078656,0.092997
36,358,25955,257768,0.199226,0.103595
36,359,3891,48584,0.067369,0.081919
36,360,2854,987,0.078057,0.075356
36,361,1504,123673,0.078511,0.088007
36,362,1065,14938,0.082305,0.077816
36,363,15950,143174,0.052864,0.080046
36,364,1215,3053,0.074323,0.070580
36,365,8178,216986,0.096156,0.104633
36,366,410,1233,0.066297,0.074225
36,367,4367,219183,0.063178,0.076364
36,368,102,138,0.060079,0.066530
36,369,2144,186381,0.078101,0.079472
36,370,35,129,0.026451,0.065971
36,371,48348,250086,0.130897,0.102671
36,372,1441,7821,0.075253,0.081695
36,373,629,15405,0.054252,0.088738
36,374,546,56480,0.078831,0.094498
36,375,1011,26630,0.063979,0.082253
36,376,2658,2896,0.076814,0.081474
36,377,1,0,0.042969,0.000000
36,378,21608,761595,0.088772,0.124332
36,379,50,97092,0.062705,0.078929
36,380,56354,346905,0.093664,0.091938
36,381,74883,555470,0.085773,0.102835
36,382,3627,187111,0.094482,0.084354
36,383,16,0,0.077362,0.000000
36,384,19744,172774,0.126924,0.088559
36,385,1,0,0.025146,0.000000
36,386,4651,15021,0.076453,0.073163
36,387,468,16477,0.079449,0.087062
36,388,160,104,0.083171,0.095391
36,389,819,139042,0.085191,0.093114
36,390,361,7,0.067781,0.086879
36,391,1212,968,0.062600,0.053436
36,392,1877,60056,0.078505,0.084472
36,393,153,2581,0.072164,0.070973
36,394,50357,593414,0.095537,0.110728
36,395,361,357896,0.065665,0.091162
36,396,1463,246247,0.091438,0.096641
36,397,1,55,0.066895,0.063943
36,398,10495,444760,0.074091,0.083038
36,399,90,631,0.089749,0.073671
36,400,5006,108376,0.080590,0.108658
36,401,4609,109764,0.086718,0.082116
36,402,10239,11522,0.099694,0.095755
36,403,66493,245147,0.084039,0.097923
36,404,55,5326,0.080935,0.083932
36,405,2764,144597,0.074344,0.077744
36,406,90,456,0.067860,0.072214
36,407,2058,201309,0.101770,0.112935
36,408,1472,23950,0.066800,0.078388
36,409,0,0,0.000000,0.000000
36,410,37601,391983,0.081730,0.098526
36,411,1562,5987,0.078906,0.077420
36,412,238,28582,0.067442,0.079130
36,413,4294,47634,0.088191,0.076991
36,414,282,33013,0.078525,0.084991
36,415,4444,10456,0.079386,0.082241
36,416,1257,57628,0.079322,0.081441
36,417,1760,2191,0.118183,0.111962
36,418,83,538,0.062347,0.072710
36,419,525948,240075,0.129238,0.084599
36,420,224,23068,0.080450,0.082377
36,421,311,13999,0.069014,0.082721
36,422,6143,254458,0.077468,0.088638
36,423,37503,10233,0.115858,0.091718
36,424,12304,706,0.090815,0.074236
36,425,16495,127514,0.062651,0.095095
36,426,4977,13380,0.076268,0.067932
36,427,11147,54859,0.088823,0.101977
36,428,75,8677,0.079056,0.075735
36,429,984,15899,0.073632,0.080984
36,430,114,300,0.060402,0.071360
36,431,9906,232328,0.082038,0.077381
36,432,2069,837,0.085063,0.072309
36,433,1577,113,0.097607,0.107625
36,434,1660,6514,0.077095,0.076865
36,435,82778,314185,0.102287,0.099015
36,436,1677,7034,0.079886,0.076102
36,437,37783,163550,0.100743,0.098256
36,438,2167,67504,0.096115,0.081148
36,439,187,570,0.083866,0.074107
36,440,2195,46767,0.080476,0.077836
36,441,3246,136002,0.073307,0.087949
36,442,24084,233776,0.112968,0.133130
36,443,20904,54039,0.087426,0.086788
36,444,12794,60327,0.070865,0.074251
36,445,46,647,0.069944,0.073496
36,446,1727,3156,0.082939,0.076632
36,447,18628,190366,0.072222,0.083603
36,448,23200,125337,0.100552,0.103877
36,449,125,58,0.085529,0.077687
36,450,15268,65307,0.082745,0.088442
36,451,18005,16663,0.087038,0.078023
36,452,2471,197084,0.074529,0.081088
36,453,45597,354099,0.082982,0.088759
36,454,4662,132305,0.072969,0.079582
36,455,534,737,0.084676,0.072047
36,456,171838,700834,0.112519,0.122374
36,457,27831,94823,0.104329,0.123915
36,458,383,935,0.109232,0.080307
36,459,52583,736629,0.097904,0.115532
36,460,26184,238764,0.095016,0.083880
36,461,91,1331757,0.076091,0.102697
36,462,1197,2500,0.080666,0.076161
36,463,87,8391,0.075350,0.073867
36,464,7548,202410,0.070425,0.085818
36,465,4551,103439,0.066056,0.076980
36,466,39,2678,0.070901,0.084037
36,467,4,53,0.052124,0.075923
36,468,15575,139190,0.081836,0.178528
36,469,1678,671,0.074063,0.074668
36,470,54117,471163,0.105488,0.103924
36,471,46589,510733,0.131300,0.173843
36,472,903,267727,0.087457,0.119616
36,473,3988,3842,0.057062,0.060885
36,474,128108,4058,0.092417,0.076758
36,475,1526,3444,0.073502,0.071501
36,476,20272,7062,0.084158,0.077304
36,477,36571,157552,0.069318,0.126956
36,478,25,1575,0.075352,0.078639
36,479,90597,139197,0.096618,0.078165
36,480,72117,379586,0.096741,0.092517
36,481,29146,1662612,0.101640,0.124289
36,482,2549,125917,0.074074,0.102339
36,483,2310,5236,0.081741,0.085637
36,484,83635,398981,0.108715,0.126676
36,485,1054,53906,0.084079,0.086183
36,486,1594,198804,0.081190,0.099734
36,487,17,4186,0.081600,0.077229
36,488,8933,154064,0.079669,0.085129
36,489,50632,26140,0.087302,0.087600
36,490,688,53853,0.065589,0.082005
36,491,905,15809,0.079303,0.082105
36,492,8153,5875,0.078263,0.078368
36,493,6879,19131,0.078567,0.073872
36,494,915,2087,0.075870,0.073995
36,495,11223,476973,0.102727,0.095451
36,496,149,221,0.063250,0.074355
36,497,13460,290086,0.086695,0.101713
36,498,16014,634011,0.087569,0.103962
36,499,119,261,0.089320,0.075452
36,500,303,28232,0.077662,0.085566
36,501,141382,333360,0.084320,0.076728
36,502,8636,57541,0.071608,0.092482
36,503,27112,327555,0.095692,0.101743
36,504,271,37075,0.084029,0.083683
36,505,46,21224,0.075132,0.085019
36,506,221,107214,0.084382,0.094016
36,507,10637,63276,0.083763,0.075424
36,508,6778,46,0.079377,0.067659
36,509,70540,222701,0.101911,0.090446
36,510,413445,1197104,0.139468,0.108660
36,511,13582,310149,0.089640,0.094934
37,0,17928,242468,nan,nan
37,1,19851,394518,nan,nan
37,2,17732,210738,nan,nan
37,3,43780,452206,nan,nan
37,4,18655,281195,nan,nan
37,5,43918,297009,nan,nan
37,6,24190,249142,nan,nan
37,7,20036,228946,nan,nan
37,8,41401,400579,nan,nan
37,9,23602,739098,nan,nan
37,10,5,0,0.056689,0.000000
37,11,8456,148,0.092541,0.104476
37,12,115774,567006,0.091057,0.134789
37,13,18076,144819,0.056004,0.076327
37,14,948,3061,0.065640,0.069523
37,15,944,34946,0.074190,0.076973
37,16,24205,307790,0.096852,0.112362
37,17,20,16,0.092786,0.062057
37,18,36117,5844,0.084839,0.070185
37,19,1014,538595,0.080928,0.108705
37,20,1298,66544,0.071292,0.071421
37,21,3998,61462,0.091820,0.077504
37,22,875,210481,0.080033,0.106231
37,23,124521,436942,0.113923,0.123887
37,24,2,13,0.057739,0.079308
37,25,70406,56750,0.070611,0.091177
37,26,70196,812042,0.083297,0.109445
37,27,3283,123684,0.076892,0.088040
37,28,448,250245,0.081084,0.086350
37,29,128021,112396,0.123664,0.077001
37,30,67641,264241,0.117601,0.144534
37,31,3545,1849,0.076705,0.082283
37,32,11873,52712,0.060313,0.080478
37,33,2344,9101,0.071555,0.077457
37,34,2607,280,0.071632,0.073730
37,35,8689,129117,0.085520,0.096093
37,36,440,350,0.078660,0.073010
37,37,1232,184035,0.080053,0.095742
37,38,6847,27496,0.082165,0.078857
37,39,4411,184074,0.073378,0.077685
37,40,45,8,0.046479,0.046951
37,41,37919,2392841,0.071419,0.091928
37,42,160053,110378,0.174932,0.074609
37,43,37806,234195,0.082618,0.087820
37,44,1659,818886,0.072060,0.083303
37,45,2643,55464,0.061655,0.085517
37,46,101850,641800,0.097119,0.099107
37,47,1555,24723,0.074112,0.076081
37,48,391,1167,0.061792,0.059599
37,49,3161,13029,0.095683,0.096208
37,50,373,355,0.063600,0.063065
37,51,354,10474,0.069183,0.061472
37,52,11245,22759,0.072734,0.084559
37,53,824,27303,0.081074,0.082467
37,54,61,1,0.055304,0.052002
37,55,21,3,0.065918,0.071126
37,56,2459,16131,0.074109,0.078941
37,57,778,33676,0.058237,0.084083
37,58,397,594,0.064800,0.078782
37,59,49063,113791,0.087704,0.099358
37,60,289,2336,0.070661,0.071166
37,61,13365,36576,0.071836,0.071811
37,62,997,25452,0.059206,0.067782
37,63,13245,108286,0.042978,0.081625
37,64,500,37045,0.064534,0.079898
37,65,10062,79919,0.065287,0.076028
37,66,7402,105630,0.072136,0.084209
37,67,275,18527,0.067973,0.063729
37,68,753,10565,0.065742,0.078371
37,69,111379,619606,0.079195,0.086703
37,70,38993,44853,0.107386,0.074792
37,71,6095,126131,0.051530,0.105767
37,72,3784,191268,0.096482,0.084270
37,73,1,445,0.036621,0.050076
37,74,413,542,0.067659,0.064601
37,75,1518,2687,0.072271,0.070764
37,76,330,36421,0.079047,0.085751
37,77,31358,190556,0.066241,0.071779
37,78,27180,361944,0.061272,0.108414
37,79,152,28,0.067535,0.072736
37,80,96,7254,0.065420,0.068441
37,81,453,99507,0.073235,0.073493
37,82,5158,115544,0.104751,0.104069
37,83,934,5510,0.073362,0.073444
37,84,51519,464448,0.076871,0.123826
37,85,1,4,0.078125,0.059204
37,86,149,321,0.064356,0.073245
37,87,4145,76471,0.079338,0.101494
37,88,2117,79620,0.085650,0.110334
37,89,42088,132676,0.094356,0.100998
37,90,1968,21694,0.081240,0.069153
37,91,62395,4885,0.056793,0.057991
37,92,36600,217097,0.085249,0.087298
37,93,3929,17,0.075217,0.070715
37,94,3223,345394,0.075223,0.078487
37,95,715,222,0.070845,0.074672
37,96,16627,348306,0.081137,0.090775
37,97,1196,23022,0.068682,0.072577
37,98,1885,171844,0.075767,0.085804
37,99,1997,734,0.086646,0.076027
37,100,213,69,0.062315,0.063289
37,101,2917,214783,0.080448,0.100792
37,102,7890,257648,0.110397,0.122358
37,103,1089,206,0.086883,0.085287
37,104,59,10287,0.065264,0.076932
37,105,50634,138244,0.085267,0.089620
37,106,287,595,0.077234,0.067101
37,107,1231,230230,0.070281,0.104837
37,108,378,167,0.060696,0.065823
37,109,2500,23336,0.061037,0.064213
37,110,327,40459,0.083872,0.077768
37,111,0,1,0.000000,0.059570
37,112,1840,37339,0.086383,0.075232
37,113,544,8244,0.072026,0.079938
37,114,22237,464302,0.096153,0.081650
37,115,49,61241,0.086974,0.080370
37,116,33694,31540,0.097753,0.106397
37,117,6082,135553,0.091158,0.129922
37,118,159,10153,0.065204,0.075399
37,119,13480,157928,0.073624,0.077868
37,120,31,5,0.058373,0.070215
37,121,2747,277777,0.070879,0.086704
37,122,64498,87934,0.074208,0.078423
37,123,28830,463375,0.081756,0.095192
37,124,83444,197286,0.071667,0.097887
37,125,9922,33800,0.080846,0.076940
37,126,3770,155422,0.085887,0.083964
37,127,15173,77429,0.065030,0.121211
37,128,281,38735,0.070159,0.079884
37,129,1156,2029,0.076291,0.076850
37,130,8082,248232,0.066490,0.071347
37,131,63742,207740,0.108938,0.090700
37,132,65700,275078,0.099052,0.097093
37,133,918,24645,0.080607,0.093277
37,134,17470,251832,0.070247,0.075719
37,135,7040,37835,0.075664,0.087922
37,136,7304,165549,0.148611,0.174724
37,137,2896,394633,0.069786,0.093478
37,138,5220,185546,0.077654,0.093107
37,139,462,232,0.074943,0.084626
37,140,724,19439,0.094907,0.072603
37,141,28370,819188,0.073911,0.119860
37,142,569,2956,0.072267,0.072537
37,143,40138,290249,0.069200,0.084947
37,144,107,301,0.088117,0.071569
37,145,912,942,0.070763,0.073450
37,146,175,36,0.072933,0.075555
37,147,58,10174,0.084127,0.082669
37,148,5018,101469,0.098089,0.121259
37,149,2783,293474,0.071171,0.081602
37,150,11844,235071,0.089876,0.094906
37,151,2507,3176,0.092005,0.081053
37,152,3382,137366,0.075555,0.080357
37,153,8297,9779,0.070413,0.074467
37,154,4492,56012,0.056451,0.092461
37,155,703,574,0.054437,0.069970
37,156,2543,904190,0.073884,0.138669
37,157,1749,7608,0.075121,0.074009
37,158,678,150562,0.070652,0.083477
37,159,1053,123650,0.077423,0.095506
37,160,600,213781,0.080937,0.090786
37,161,663,361,0.058464,0.065701
37,162,20094,11116,0.077734,0.068979
37,163,36,528,0.053765,0.065479
37,164,723,67752,0.078237,0.080461
37,165,31751,333196,0.080380,0.082329
37,166,60775,412376,0.156043,0.134987
37,167,237,151,0.073547,0.056328
37,168,30936,302529,0.135526,0.116386
37,169,32409,314426,0.106493,0.106905
37,170,5089,4966,0.066872,0.070063
37,171,3284,176793,0.069488,0.079000
37,172,258,171,0.081617,0.083011
37,173,1531,1952,0.064465,0.074637
37,174,1191,28855,0.071284,0.099365
37,175,4166,70921,0.085153,0.081691
37,176,8326,7176,0.085695,0.083746
37,177,29926,332965,0.060382,0.066671
37,178,7426,508442,0.082532,0.082080
37,179,1883,94205,0.076428,0.082867
37,180,3998,347401,0.068697,0.078423
37,181,623034,229827,0.141907,0.070614
37,182,235,1631,0.070223,0.061825
37,183,8947,46895,0.099737,0.093110
37,184,1176,57180,0.081487,0.083931
37,185,455,185984,0.071744,0.090073
37,186,67774,209368,0.096803,0.087343
37,187,25850,175783,0.159995,0.164568
37,188,41761,162889,0.092861,0.101502
37,189,34184,426,0.065696,0.047700
37,190,17328,274281,0.097177,0.079065
37,191,65184,40990,0.095441,0.086328
37,192,11752,138993,0.070859,0.084923
37,193,395,88,0.079067,0.048850
37,194,180805,90940,0.076772,0.076099
37,195,292,5417,0.071879,0.074917
37,196,2237,235508,0.072245,0.073877
37,197,13331,369121,0.081387,0.105722
37,198,70108,1259320,0.081643,0.098325
37,199,3166,23569,0.074984,0.075171
37,200,20710,3761,0.087568,0.074249
37,201,444,3206,0.074501,0.082050
37,202,171,11205,0.062022,0.070904
37,203,3429,10272,0.071860,0.073290
37,204,7591,81629,0.069898,0.077383
37,205,292157,292018,0.112636,0.091374
37,206,4856,32490,0.074684,0.071807
37,207,209886,155327,0.166554,0.099726
37,208,4117,145673,0.074384,0.081033
37,209,52714,442688,0.096240,0.111736
37,210,3437,64417,0.064867,0.077523
37,211,3252,1261,0.073948,0.071393
37,212,2639,215005,0.070939,0.106306
37,213,2428,91067,0.073988,0.081902
37,214,21353,438309,0.083532,0.102492
37,215,4108,5203,0.081683,0.087614
37,216,8780,176513,0.099354,0.114188
37,217,13135,94273,0.105719,0.092904
37,218,34278,296426,0.090556,0.093549
37,219,1056,33471,0.092664,0.098948
37,220,1042,4411,0.077013,0.073775
37,221,114,43,0.065640,0.059934
37,222,29944,427532,0.095384,0.105068
37,223,19354,142781,0.084418,0.074814
37,224,453,52300,0.057624,0.078740
37,225,20345,33952,0.081535,0.088723
37,226,191,207,0.078538,0.053403
37,227,174404,618827,0.082363,0.086826
37,228,503,9870,0.071402,0.066320
37,229,0,0,0.000000,0.000000
37,230,1654,12740,0.076372,0.085788
37,231,3776,163,0.089600,0.071556
37,232,13605,29607,0.064205,0.070422
37,233,515,237551,0.072538,0.080712
37,234,18451,153670,0.073543,0.075739
37,235,11388,5781,0.070028,0.071566
37,236,909,196445,0.073542,0.082413
37,237,342,2135,0.075534,0.071405
37,238,17458,529578,0.037801,0.079889
37,239,1441,627139,0.073905,0.087691
37,240,257,40,0.069190,0.066071
37,241,636,683,0.085684,0.083098
37,242,4298,13712,0.063961,0.074041
37,243,36763,189328,0.101216,0.103914
37,244,596,33280,0.070163,0.077340
37,245,136297,281934,0.135681,0.115922
37,246,1131,28688,0.070245,0.064626
37,247,16761,204327,0.077314,0.087267
37,248,1,680,0.029053,0.080472
37,249,4591,485241,0.069604,0.095400
37,250,174,321,0.072677,0.070851
37,251,94966,344993,0.084263,0.091897
37,252,3806,93668,0.067302,0.074224
37,253,53,13,0.066977,0.065918
37,254,663,32702,0.076347,0.084133
37,255,453,7279,0.072571,0.085133
37,256,2654,266856,0.064322,0.084340
37,257,3368,77818,0.078542,0.090773
37,258,2601,41574,0.066385,0.100408
37,259,485,44187,0.081184,0.079292
37,260,10677,234468,0.065898,0.078172
37,261,7587,85550,0.075099,0.093792
37,262,2230,6761,0.074433,0.082025
37,263,2312,256381,0.074136,0.082654
37,264,1779,18251,0.089995,0.091534
37,265,26416,520337,0.086358,0.106909
37,266,237,961,0.059916,0.073217
37,267,1095,208625,0.075511,0.089850
37,268,3382,86712,0.077909,0.094025
37,269,1151,11,0.055153,0.057417
37,270,55497,812672,0.114222,0.150296
37,271,2608,42014,0.090957,0.082723
37,272,357,39804,0.064794,0.082532
37,273,4194,17801,0.092074,0.083937
37,274,1080,37,0.066063,0.082130
37,275,2743,248726,0.058582,0.105033
37,276,87,940,0.079938,0.083389
37,277,2296,83100,0.059842,0.070038
37,278,125257,927649,0.103080,0.118100
37,279,414,53692,0.079256,0.082347
37,280,23826,482778,0.116251,0.195003
37,281,6045,132171,0.077001,0.082057
37,282,10500,25013,0.053271,0.076406
37,283,493,50639,0.073926,0.084022
37,284,207824,730692,0.118559,0.125834
37,285,46944,240268,0.085587,0.091637
37,286,11290,257228,0.075230,0.086976
37,287,3498,5725,0.069662,0.074951
37,288,2896,4730,0.068101,0.078140
37,289,23150,138994,0.112080,0.182286
37,290,5698,239454,0.067477,0.090732
37,291,265788,990098,0.123507,0.130759
37,292,7519,66948,0.072129,0.069651
37,293,26383,380171,0.129726,0.090744
37,294,91513,483763,0.088713,0.105429
37,295,156,60,0.057925,0.065426
37,296,2938,39102,0.077421,0.081089
37,297,2557,122473,0.071228,0.103768
37,298,2703,6203,0.078583,0.091097
37,299,23429,249966,0.076876,0.077382
37,300,144,601502,0.063452,0.074773
37,301,37,4,0.070035,0.070068
37,302,1531,282489,0.071818,0.089098
37,303,40131,200315,0.097337,0.113154
37,304,82,193852,0.074889,0.100576
37,305,1591,9842,0.076451,0.071654
37,306,311,72,0.086412,0.068773
37,307,23,30,0.060632,0.062964
37,308,64709,157569,0.095012,0.116486
37,309,5181,3168,0.106559,0.064409
37,310,33996,251696,0.080771,0.100391
37,311,177,1818,0.119606,0.074113
37,312,4514,1535,0.081801,0.085516
37,313,323,11159,0.072380,0.074631
37,314,27486,329603,0.072820,0.088259
37,315,52,49718,0.073360,0.071767
37,316,536,85820,0.080269,0.086126
37,317,3,99,0.045817,0.090416
37,318,50,9,0.067170,0.062798
37,319,30448,345598,0.094320,0.111181
37,320,15968,19966,0.061137,0.073940
37,321,3286,17730,0.060003,0.067436
37,322,43851,289632,0.105251,0.125384
37,323,823,62135,0.072804,0.092971
37,324,23420,368336,0.091597,0.104089
37,325,1799,17728,0.066159,0.075151
37,326,5992,149597,0.071743,0.080330
37,327,79,7,0.062369,0.058071
37,328,1880,16040,0.066085,0.074383
37,329,16420,272504,0.075726,0.121702
37,330,369,35765,0.072472,0.082083
37,331,17629,50497,0.047114,0.076307
37,332,49892,988273,0.084996,0.098475
37,333,8202,82367,0.069081,0.081592
37,334,98388,567025,0.105706,0.123072
37,335,2708,20880,0.100512,0.083703
37,336,807,83464,0.075871,0.081628
37,337,18,42,0.070407,0.062576
37,338,237,116,0.063712,0.081655
37,339,1532,35363,0.079768,0.072347
37,340,118,681,0.064449,0.075827
37,341,2130,11892,0.066229,0.070810
37,342,942,3578,0.057812,0.069495
37,343,2865,115012,0.081132,0.085057
37,344,26760,315542,0.179255,0.093686
37,345,3202,4824,0.064098,0.073086
37,346,20245,145804,0.083481,0.095250
37,347,24934,122810,0.049654,0.072939
37,348,22,3662,0.074385,0.068634
37,349,3025,23259,0.066867,0.071761
37,350,85,156,0.072102,0.068999
37,351,146,57,0.069513,0.072728
37,352,1031,31949,0.069084,0.073725
37,353,4323,541891,0.086526,0.141992
37,354,923,3049,0.071427,0.072148
37,355,51678,506971,0.067424,0.085074
37,356,20635,437029,0.069733,0.077608
37,357,2033,6091,0.080063,0.079678
37,358,218,125,0.108593,0.092314
37,359,3937,5808,0.075197,0.076474
37,360,106,1309,0.084648,0.082387
37,361,3,1,0.199056,0.085938
37,362,15,276,0.059709,0.073320
37,363,2299,925,0.082419,0.084706
37,364,118145,848856,0.091177,0.103034
37,365,6643,78027,0.067040,0.086788
37,366,76645,424892,0.111265,0.127967
37,367,10512,62313,0.066453,0.070918
37,368,36596,571007,0.090585,0.114097
37,369,72432,476077,0.069924,0.103263
37,370,4524,25865,0.088464,0.086789
37,371,24050,5586,0.086595,0.079640
37,372,26,56,0.055641,0.049807
37,373,1342,3065,0.072445,0.074217
37,374,726,37992,0.071745,0.078158
37,375,43646,1039,0.087292,0.083906
37,376,52762,143007,0.071313,0.072176
37,377,95,129,0.088804,0.073712
37,378,313338,469824,0.063697,0.077297
37,379,6300,179076,0.071013,0.076092
37,380,710,149939,0.076250,0.081551
37,381,27760,86466,0.161819,0.396676
37,382,2306,20,0.078861,0.072717
37,383,2547,158829,0.076626,0.084053
37,384,10746,885323,0.075156,0.110639
37,385,54224,15664,0.069596,0.096140
37,386,605,60,0.071716,0.071322
37,387,71894,342112,0.109924,0.124430
37,388,32,278,0.088196,0.077308
37,389,4792,249673,0.076972,0.094264
37,390,18015,83796,0.093033,0.078165
37,391,34774,286291,0.157726,0.117300
37,392,5958,936,0.066612,0.072207
37,393,18348,248794,0.077559,0.088523
37,394,22906,279939,0.134660,0.101773
37,395,22999,20217,0.060609,0.062011
37,396,6404,74634,0.082818,0.084873
37,397,931,10451,0.065992,0.073077
37,398,18762,585627,0.091200,0.111838
37,399,2471,307426,0.071372,0.087614
37,400,0,0,0.000000,0.000000
37,401,35013,945489,0.102562,0.139749
37,402,630,781,0.072918,0.080132
37,403,6588,133577,0.071283,0.110599
37,404,46,8,0.062569,0.061279
37,405,71374,110533,0.114745,0.103080
37,406,26923,273853,0.067470,0.080554
37,407,47,4631,0.073773,0.082475
37,408,51327,2526,0.131860,0.094321
37,409,34,3621,0.070718,0.077887
37,410,10090,134503,0.069247,0.074658
37,411,155241,509960,0.099562,0.107796
37,412,15431,138844,0.098006,0.107406
37,413,2715,18178,0.064849,0.082827
37,414,46,3,0.094737,0.059408
37,415,64439,479022,0.096026,0.091071
37,416,28510,502777,0.076033,0.117441
37,417,12793,133375,0.083728,0.096465
37,418,181,2,0.064127,0.061157
37,419,959,74504,0.104774,0.086221
37,420,82790,191723,0.126355,0.131029
37,421,8082,96556,0.060653,0.076979
37,422,162,402,0.089232,0.057515
37,423,5819,1166164,0.077350,0.092353
37,424,36709,143863,0.078257,0.131548
37,425,81499,1186337,0.088233,0.107710
37,426,1,1909,0.017334,0.071501
37,427,191122,458076,0.136176,0.131643
37,428,17886,660294,0.072669,0.084162
37,429,645,66876,0.073737,0.081839
37,430,3744,230857,0.081867,0.100214
37,431,84762,409923,0.095161,0.103658
37,432,366,1454,0.076221,0.074330
37,433,85,35,0.078500,0.068293
37,434,1313,41209,0.070341,0.079430
37,435,867,76714,0.087625,0.086967
37,436,2813,1767,0.069020,0.067849
37,437,10649,118870,0.069323,0.082450
37,438,57523,581411,0.149107,0.124596
37,439,112,287,0.071764,0.081940
37,440,50002,164141,0.100409,0.097332
37,441,3271,14686,0.070318,0.076305
37,442,2575,45801,0.070464,0.080863
37,443,1686,5130,0.073099,0.079004
37,444,7819,110,0.089277,0.092867
37,445,9129,9865,0.080831,0.080969
37,446,5573,394414,0.066522,0.079671
37,447,850,107733,0.069924,0.085939
37,448,6999,231710,0.071671,0.083774
37,449,270,124,0.076315,0.072191
37,450,25264,121358,0.076144,0.090579
37,451,21163,184121,0.076080,0.076497
37,452,1105,4905,0.075786,0.088941
37,453,489,1732,0.091558,0.077936
37,454,17970,385473,0.077596,0.079990
37,455,4338,56011,0.064886,0.076830
37,456,17,12641,0.083826,0.086666
37,457,2113,3023,0.077098,0.075280
37,458,10077,9750,0.088110,0.088110
37,459,28185,242339,0.086160,0.090418
37,460,72756,909959,0.063923,0.076347
37,461,3029,4024,0.097156,0.092591
37,462,1585,74403,0.071192,0.095276
37,463,2323,859,0.095244,0.071215
37,464,479,1409836,0.069785,0.089536
37,465,2092,25145,0.072199,0.079389
37,466,3915,1383,0.080312,0.087269
37,467,459,2857,0.067627,0.083367
37,468,20535,106251,0.078281,0.094036
37,469,52439,202753,0.076708,0.098569
37,470,32501,295598,0.080597,0.096226
37,471,8188,4049,0.083725,0.084322
37,472,2168,1144,0.072131,0.077101
37,473,60,23,0.065387,0.068933
37,474,67823,221785,0.112046,0.129497
37,475,16349,24789,0.067089,0.116788
37,476,298,61007,0.070392,0.081350
37,477,841,5984,0.077294,0.077276
37,478,54,1,0.105722,0.085449
37,479,2940,154009,0.089540,0.128216
37,480,171,31,0.081269,0.079259
37,481,8889,100412,0.077036,0.091508
37,482,1831,197757,0.076708,0.077356
37,483,16196,180542,0.051481,0.082724
37,484,8546,48709,0.107637,0.105848
37,485,26481,355221,0.109034,0.123768
37,486,45,77,0.100206,0.067652
37,487,2827,122953,0.070427,0.077550
37,488,986,49501,0.062203,0.083589
37,489,92,3857,0.071422,0.069609
37,490,502,12210,0.056489,0.064301
37,491,28,8881,0.068037,0.077162
37,492,818,124906,0.083494,0.092588
37,493,4051,45118,0.079614,0.085198
37,494,552,126576,0.085657,0.087254
37,495,26779,59603,0.119196,0.091469
37,496,642,365,0.097065,0.094264
37,497,15101,371596,0.080039,0.114450
37,498,367,24714,0.054582,0.078234
37,499,19057,237805,0.089848,0.091098
37,500,157814,644125,0.097425,0.098608
37,501,4829,93579,0.079216,0.087750
37,502,78943,139741,0.113843,0.084493
37,503,17487,291955,0.135089,0.112626
37,504,7001,366264,0.084877,0.087900
37,505,7743,7276,0.078101,0.077104
37,506,1581,202,0.097888,0.104840
37,507,1462,1388,0.070091,0.073226
37,508,1987,1582,0.079326,0.076817
37,509,5635,153031,0.074170,0.081909
37,510,36649,167961,0.072847,0.098921
37,511,278,12521,0.087181,0.080924
38,0,22148,235257,nan,nan
38,1,30168,210778,nan,nan
38,2,17962,223341,nan,nan
38,3,18578,210954,nan,nan
38,4,17820,210965,nan,nan
38,5,18635,545217,nan,nan
38,6,34961,463592,nan,nan
38,7,58055,669027,nan,nan
38,8,19736,237024,nan,nan
38,9,22279,210912,nan,nan
38,10,12186,20950,0.045408,0.076333
38,11,80733,611928,0.086097,0.113514
38,12,18015,57367,0.079270,0.084706
38,13,9,1653,0.061198,0.067618
38,14,1116,51325,0.070470,0.080469
38,15,13639,556969,0.085619,0.109256
38,16,11917,1442,0.066808,0.074085
38,17,100884,782001,0.120897,0.132805
38,18,14044,233156,0.069782,0.096987
38,19,1181,45070,0.091242,0.095159
38,20,3793,48703,0.074766,0.078250
38,21,16310,1245252,0.072797,0.109064
38,22,1705,21264,0.081335,0.082881
38,23,1525,304,0.069993,0.076366
38,24,32329,256250,0.076791,0.094104
38,25,69673,719037,0.086613,0.096489
38,26,69449,419738,0.100131,0.099018
38,27,1434,49167,0.069766,0.085287
38,28,2838,24274,0.069788,0.072367
38,29,38095,93589,0.076781,0.089614
38,30,547,292,0.091552,0.082856
38,31,369,942,0.050196,0.074031
38,32,16169,280775,0.069113,0.078520
38,33,2720,87991,0.059696,0.075533
38,34,33643,353956,0.079533,0.112815
38,35,189592,437940,0.113677,0.104124
38,36,49160,827949,0.105387,0.095908
38,37,50,491,0.067651,0.065253
38,38,11455,433052,0.048978,0.084673
38,39,64608,1357023,0.090952,0.117303
38,40,11178,85435,0.076495,0.072502
38,41,135,7355,0.061896,0.072582
38,42,4484,161394,0.078229,0.086781
38,43,129829,418808,0.128145,0.138730
38,44,48588,5765,0.075126,0.089668
38,45,36,7,0.064660,0.073242
38,46,41105,194910,0.092898,0.098633
38,47,3302,1231,0.078799,0.077573
38,48,938,282632,0.072370,0.102189
38,49,3299,2372,0.104491,0.084730
38,50,9202,250662,0.056126,0.133724
38,51,5362,29853,0.061905,0.082267
38,52,2486,153874,0.075455,0.081975
38,53,17191,8406,0.068134,0.095344
38,54,18285,232087,0.082548,0.098514
38,55,241015,960823,0.110494,0.133765
38,56,65984,464384,0.074308,0.091359
38,57,51711,270151,0.113738,0.130301
38,58,1605,144830,0.071737,0.108547
38,59,24851,135378,0.070488,0.109519
38,60,72489,610864,0.093763,0.103912
38,61,210,682,0.086954,0.055852
38,62,719,1468,0.080651,0.064879
38,63,142,44188,0.083383,0.081211
38,64,1290,7340,0.081050,0.082749
38,65,43,458,0.074608,0.065860
38,66,125,15,0.075469,0.081429
38,67,882,51224,0.073371,0.071766
38,68,1722,2210,0.074566,0.070974
38,69,34970,468833,0.057709,0.087747
38,70,14714,95521,0.121615,0.090580
38,71,310,46875,0.079477,0.093716
38,72,2044,816167,0.070450,0.087305
38,73,21907,211970,0.067041,0.090050
38,74,29660,143228,0.092085,0.101668
38,75,1793,1629,0.076389,0.068201
38,76,3308,93929,0.079658,0.077641
38,77,2661,4253,0.097318,0.096527
38,78,1392,442,0.079740,0.084112
38,79,4053,237,0.033824,0.063603
38,80,36751,174282,0.101968,0.097786
38,81,825,70186,0.077887,0.088163
38,82,10210,284146,0.072621,0.130277
38,83,3898,307279,0.078920,0.088772
38,84,3,230,0.068359,0.080197
38,85,2614,165033,0.069165,0.095799
38,86,12287,700,0.116563,0.079286
38,87,30635,24134,0.073163,0.110090
38,88,15271,375902,0.068357,0.094843
38,89,4317,31787,0.088427,0.087808
38,90,4631,137395,0.089497,0.078807
38,91,195,39843,0.068777,0.080587
38,92,130,30907,0.061641,0.083034
38,93,23668,169958,0.127618,0.167056
38,94,1394,924974,0.046713,0.087844
38,95,134600,7533,0.067055,0.071816
38,96,28008,66016,0.062341,0.079852
38,97,389,2120,0.089742,0.075814
38,98,3343,376677,0.070859,0.085494
38,99,1311,145951,0.071953,0.079094
38,100,17163,137508,0.088825,0.097590
38,101,2638,77809,0.086279,0.083415
38,102,95917,757585,0.105901,0.127808
38,103,19922,346887,0.067688,0.091942
38,104,223,138,0.074321,0.077039
38,105,3886,31133,0.070502,0.089825
38,106,1554,106772,0.076868,0.083524
38,107,232116,640668,0.129996,0.090188
38,108,98613,245202,0.073457,0.075498
38,109,4221,285737,0.063539,0.079402
38,110,96143,299951,0.102961,0.128273
38,111,5,183878,0.051953,0.181116
38,112,3904,185392,0.069113,0.082774
38,113,1749,99261,0.055722,0.096858
38,114,15051,306597,0.077912,0.098793
38,115,822,92,0.059700,0.074341
38,116,17523,7546,0.061474,0.071044
38,117,1779,10213,0.086005,0.085454
38,118,17,392,0.073156,0.070079
38,119,182,18482,0.070589,0.077183
38,120,7334,671,0.048493,0.072413
38,121,61,121,0.025891,0.067314
38,122,6966,23663,0.105544,0.099026
38,123,528,417606,0.083088,0.101591
38,124,120947,501054,0.110136,0.126509
38,125,1586,296,0.089490,0.088527
38,126,79,29,0.073885,0.062706
38,127,366,14011,0.045558,0.075674
38,128,373,17483,0.069951,0.073563
38,129,9471,8972,0.094384,0.084130
38,130,182,405,0.066786,0.079546
38,131,650,51593,0.070916,0.080504
38,132,961,553,0.072862,0.068146
38,133,1384,1700,0.078574,0.073633
38,134,32880,485605,0.079499,0.095970
38,135,144,9519,0.065839,0.080274
38,136,6650,106308,0.081019,0.101148
38,137,10967,260106,0.078954,0.103678
38,138,0,0,0.000000,0.000000
38,139,125586,59353,0.084304,0.054792
38,140,1973,21624,0.074418,0.071958
38,141,6713,370368,0.069583,0.087348
38,142,70386,431557,0.097129,0.115436
38,143,524143,482060,0.145925,0.090052
38,144,423,8416,0.078777,0.071446
38,145,732,795,0.072474,0.074978
38,146,34992,348415,0.089625,0.093113
38,147,13086,819615,0.065627,0.080491
38,148,4868,61431,0.087056,0.093444
38,149,4412,61430,0.058266,0.073295
38,150,112003,531744,0.098192,0.107240
38,151,6280,94806,0.076598,0.089456
38,152,26453,269024,0.086516,0.098618
38,153,9041,11490,0.057683,0.069192
38,154,2715,116212,0.072917,0.074098
38,155,578,10904,0.027254,0.074514
38,156,40,12,0.075745,0.083354
38,157,3263,2347,0.069899,0.071319
38,158,14707,356113,0.075686,0.101809
38,159,84051,781375,0.099585,0.105265
38,160,232014,1040624,0.116867,0.108853
38,161,4135,263566,0.069141,0.090552
38,162,50649,156552,0.075878,0.094002
38,163,5662,113759,0.048121,0.072649
38,164,2148,793,0.053934,0.091587
38,165,6790,412692,0.084021,0.104356
38,166,4740,4153,0.084611,0.080792
38,167,2657,29659,0.078329,0.072849
38,168,6755,138782,0.090230,0.108578
38,169,81555,454126,0.088474,0.108123
38,170,755,671,0.074696,0.076403
38,171,681,549974,0.069203,0.101103
38,172,12923,119007,0.063104,0.081289
38,173,278,14676,0.074740,0.077466
38,174,1,0,0.025146,0.000000
38,175,248,26686,0.080948,0.088925
38,176,10791,118010,0.095479,0.096353
38,177,9079,161776,0.073470,0.082506
38,178,2617,59867,0.068597,0.089689
38,179,55254,17814,0.065579,0.123369
38,180,20271,283730,0.093083,0.095144
38,181,4204,98,0.044035,0.075051
38,182,1204,36110,0.068777,0.082242
38,183,54510,201826,0.109143,0.098872
38,184,26102,329472,0.070082,0.087600
38,185,1264,224580,0.079901,0.113739
38,186,3395,72384,0.080180,0.081665
38,187,6340,207901,0.072846,0.093175
38,188,10933,268662,0.097510,0.112207
38,189,7938,148611,0.084127,0.130328
38,190,211,127,0.078985,0.082996
38,191,237,2313,0.076807,0.077164
38,192,11140,51498,0.082948,0.075973
38,193,7349,551289,0.065865,0.097962
38,194,20112,210550,0.094861,0.118395
38,195,10744,38652,0.063528,0.070599
38,196,121162,415977,0.098330,0.094837
38,197,135504,1431816,0.069834,0.083342
38,198,2000,82571,0.079334,0.085628
38,199,4168,357550,0.092511,0.139557
38,200,366,69067,0.073258,0.078049
38,201,9187,292486,0.088050,0.100955
38,202,8122,140017,0.056565,0.087576
38,203,174121,153215,0.087166,0.088853
38,204,379,31558,0.056378,0.051164
38,205,17858,114790,0.094920,0.097976
38,206,363,53338,0.083906,0.090523
38,207,25722,167029,0.090687,0.091113
38,208,518,4875,0.069867,0.077645
38,209,7250,187,0.050915,0.058219
38,210,7960,6437,0.076787,0.075820
38,211,1332,470,0.075540,0.072224
38,212,3088,312045,0.074178,0.085145
38,213,0,1,0.000000,0.040283
38,214,14802,44856,0.060926,0.084108
38,215,240,3625,0.084398,0.068903
38,216,3771,3556,0.082608,0.084473
38,217,4829,18070,0.086920,0.086626
38,218,61,29,0.055428,0.058387
38,219,8278,13334,0.087668,0.079041
38,220,7265,37476,0.080580,0.085291
38,221,135,1025,0.066681,0.063142
38,222,1816,87637,0.103183,0.090679
38,223,2003,1150,0.044824,0.069655
38,224,6223,60933,0.070346,0.085627
38,225,11355,161181,0.087749,0.096964
38,226,4203,16658,0.085110,0.068807
38,227,3972,3998,0.088307,0.076608
38,228,2790,493467,0.062077,0.075025
38,229,38181,297650,0.074457,0.095734
38,230,29774,315023,0.097239,0.097676
38,231,743,90834,0.066431,0.078242
38,232,22227,142226,0.095603,0.104788
38,233,1764,72476,0.063553,0.089274
38,234,416,58,0.070357,0.072043
38,235,11748,26120,0.082535,0.078295
38,236,2565,24362,0.066368,0.074976
38,237,516,10582,0.089487,0.088067
38,238,960,111140,0.068778,0.078719
38,239,16449,133988,0.060480,0.087467
38,240,9551,65783,0.073912,0.088523
38,241,352,35446,0.081020,0.083059
38,242,112698,164213,0.136074,0.115688
38,243,950,164384,0.074695,0.088526
38,244,0,0,0.000000,0.000000
38,245,2329,11363,0.103045,0.092262
38,246,65972,416626,0.084200,0.109070
38,247,386,134048,0.061213,0.086102
38,248,1334,119149,0.071531,0.082070
38,249,32508,277923,0.086398,0.111305
38,250,10,343,0.059839,0.067224
38,251,17154,194907,0.066366,0.088921
38,252,14305,109506,0.073306,0.101856
38,253,48,10905,0.068039,0.064993
38,254,587,100843,0.071926,0.078684
38,255,288,1858,0.091158,0.075945
38,256,27665,174592,0.101024,0.090441
38,257,16055,140284,0.084167,0.110224
38,258,9110,73281,0.076914,0.087507
38,259,5391,183102,0.074159,0.082945
38,260,16909,116179,0.074483,0.082527
38,261,19668,133083,0.097544,0.114034
38,262,256,107986,0.073403,0.081954
38,263,80,1154,0.047408,0.060500
38,264,19439,115005,0.125554,0.182333
38,265,263,101,0.076488,0.080704
38,266,2917,82877,0.090355,0.116912
38,267,1646,175,0.078714,0.080010
38,268,44807,19019,0.093012,0.104726
38,269,10853,148079,0.068457,0.078627
38,270,4341,9649,0.099812,0.079862
38,271,154,97554,0.070124,0.093608
38,272,165269,89826,0.090209,0.087973
38,273,15171,121589,0.083525,0.089795
38,274,138,126685,0.062504,0.096486
38,275,35,10,0.075453,0.068872
38,276,168,754,0.081475,0.069591
38,277,0,1,0.000000,0.064941
38,278,87743,131572,0.092623,0.095803
38,279,29826,19338,0.061187,0.075012
38,280,1935,942618,0.063260,0.118455
38,281,7,3,0.068464,0.066406
38,282,2001,2204,0.080976,0.081935
38,283,1187,58582,0.061037,0.116498
38,284,3757,116422,0.086394,0.077658
38,285,37335,110303,0.051295,0.091206
38,286,48786,120764,0.073598,0.082879
38,287,5177,183169,0.064437,0.083180
38,288,16625,213250,0.090108,0.093414
38,289,78152,412933,0.092200,0.097730
38,290,1052,5271,0.059191,0.072139
38,291,2194,511596,0.079202,0.095677
38,292,920,474239,0.077130,0.092313
38,293,1770,254973,0.078237,0.096796
38,294,5037,117215,0.070480,0.092324
38,295,0,0,0.000000,0.000000
38,296,99298,841613,0.095743,0.117169
38,297,9804,30574,0.076237,0.074487
38,298,1163,288644,0.072314,0.102180
38,299,7879,297659,0.078181,0.092277
38,300,5766,68699,0.075416,0.089521
38,301,1638,165,0.110481,0.093814
38,302,66323,136432,0.087227,0.085151
38,303,42074,343647,0.093978,0.114860
38,304,161510,138766,0.081002,0.083591
38,305,1129,80448,0.065427,0.087143
38,306,547,21564,0.061776,0.079170
38,307,20138,167161,0.097957,0.093840
38,308,10469,1291680,0.063063,0.099612
38,309,6436,1153,0.076600,0.070802
38,310,178,77412,0.086203,0.088627
38,311,5492,99907,0.068230,0.080268
38,312,17733,177513,0.091924,0.112789
38,313,110,10206,0.069411,0.084469
38,314,5589,67406,0.072062,0.092590
38,315,689,110,0.078823,0.056546
38,316,1919,157391,0.072597,0.100529
38,317,13655,116994,0.099951,0.117036
38,318,9606,103365,0.087868,0.091297
38,319,156,167988,0.061391,0.102037
38,320,11621,122929,0.081790,0.108074
38,321,2307,158108,0.074743,0.083700
38,322,12672,1299,0.063477,0.073914
38,323,4551,214913,0.074511,0.090226
38,324,137,19054,0.070524,0.082998
38,325,234,1411,0.082103,0.080165
38,326,46443,415669,0.084124,0.096970
38,327,431,6389,0.068837,0.080244
38,328,5452,22910,0.097089,0.092466
38,329,279,104203,0.086503,0.089776
38,330,1109,92377,0.065803,0.071638
38,331,6921,783876,0.066003,0.098106
38,332,3961,22013,0.099770,0.097813
38,333,1428,2385,0.077702,0.076016
38,334,2402,545508,0.069865,0.091001
38,335,68863,683707,0.082692,0.102952
38,336,1699,540522,0.057740,0.102133
38,337,685,8094,0.073551,0.059493
38,338,2364,50440,0.050994,0.077226
38,339,1024,9931,0.090142,0.106563
38,340,28696,356899,0.082991,0.129108
38,341,9498,11825,0.068088,0.080134
38,342,26578,291223,0.075206,0.094825
38,343,390,1133,0.046392,0.072484
38,344,3819,140194,0.071812,0.074572
38,345,1398,133689,0.073754,0.086260
38,346,68423,315116,0.108762,0.143509
38,347,18501,165574,0.062213,0.098898
38,348,426,1703,0.061588,0.070441
38,349,5556,142019,0.110336,0.135350
38,350,249,19126,0.073148,0.072242
38,351,261,5017,0.080391,0.075807
38,352,12998,131413,0.073378,0.096905
38,353,9570,158403,0.058527,0.079794
38,354,17736,82704,0.127803,0.096702
38,355,1455,2890,0.086148,0.069118
38,356,7793,79965,0.087274,0.095643
38,357,1625,6,0.068193,0.065145
38,358,160,181,0.069115,0.066868
38,359,2068,191506,0.069900,0.103128
38,360,32882,581,0.047350,0.064019
38,361,0,0,0.000000,0.000000
38,362,3,24,0.056071,0.060679
38,363,6467,54462,0.080225,0.104958
38,364,2249,110756,0.073283,0.102088
38,365,2834,191,0.056543,0.080651
38,366,70,27,0.080310,0.066343
38,367,14026,72550,0.099677,0.108244
38,368,4561,70007,0.074411,0.106758
38,369,70143,203416,0.097461,0.101898
38,370,554,108913,0.082728,0.094133
38,371,21015,117709,0.106997,0.120255
38,372,37,6684,0.081978,0.086560
38,373,186,205944,0.076761,0.100547
38,374,289,15380,0.082939,0.072259
38,375,4451,256238,0.073493,0.098914
38,376,52037,283501,0.072586,0.095132
38,377,164,1101,0.074580,0.088802
38,378,16,1425,0.079758,0.086100
38,379,165,214627,0.059780,0.116930
38,380,20004,414999,0.104569,0.101005
38,381,18629,264475,0.083998,0.089671
38,382,23179,183464,0.104065,0.121917
38,383,1668,1056,0.085387,0.083371
38,384,146,0,0.030551,0.000000
38,385,5787,397693,0.083832,0.111045
38,386,24630,2433,0.089615,0.067562
38,387,38,282,0.076538,0.074646
38,388,9623,4713,0.086669,0.063593
38,389,3203,19452,0.078735,0.077302
38,390,2614,651284,0.073379,0.083780
38,391,4156,79184,0.066936,0.087152
38,392,2846,359282,0.070124,0.096771
38,393,37954,133725,0.103408,0.101536
38,394,244,2307,0.069307,0.073383
38,395,7420,27135,0.114054,0.111336
38,396,60961,106496,0.080777,0.097756
38,397,29,3856,0.078260,0.087686
38,398,2650,13145,0.044529,0.078327
38,399,108572,200059,0.103837,0.104639
38,400,338,15428,0.057375,0.074508
38,401,3151,4393,0.079031,0.076877
38,402,337,7390,0.083527,0.080228
38,403,1770,200178,0.080980,0.095559
38,404,18111,285230,0.065686,0.077642
38,405,640,795,0.077867,0.075706
38,406,358,599,0.078925,0.069410
38,407,1040,121647,0.075502,0.090043
38,408,1894,53302,0.094671,0.097316
38,409,778,317,0.080056,0.076238
38,410,666,13318,0.069322,0.077416
38,411,221,45,0.084890,0.110118
38,412,4,183,0.029938,0.065642
38,413,546,7010,0.048397,0.077929
38,414,477,149216,0.066776,0.089299
38,415,5043,189485,0.055281,0.076455
38,416,25390,36558,0.092201,0.095831
38,417,6813,139816,0.075566,0.081058
38,418,8878,181,0.062866,0.069861
38,419,17,0,0.081170,0.000000
38,420,785,25776,0.070909,0.093442
38,421,1033,7213,0.071904,0.078179
38,422,20403,321716,0.089052,0.099436
38,423,5446,188672,0.065275,0.082970
38,424,4122,191675,0.061340,0.082170
38,425,68954,296650,0.098475,0.130907
38,426,326,171,0.078753,0.074139
38,427,20127,370,0.078310,0.070005
38,428,6299,74954,0.074021,0.091656
38,429,235,215,0.072558,0.074521
38,430,7455,41981,0.076093,0.079928
38,431,244370,287301,0.241756,0.089708
38,432,1232,1534,0.071420,0.069414
38,433,15180,291422,0.081727,0.101556
38,434,26626,101898,0.089451,0.100181
38,435,121,9416,0.062716,0.071059
38,436,360,868,0.081630,0.065934
38,437,34844,164075,0.091432,0.106477
38,438,65907,316521,0.095106,0.100492
38,439,30607,290672,0.088044,0.087095
38,440,228,838,0.059268,0.071052
38,441,6374,218994,0.070375,0.094984
38,442,1513,134597,0.078670,0.089755
38,443,2144,879,0.085225,0.075066
38,444,35,11,0.067271,0.068581
38,445,52168,80522,0.074768,0.097848
38,446,1407,54649,0.071853,0.074986
38,447,52,822,0.075961,0.076817
38,448,2828,462859,0.073694,0.090344
38,449,3097,52734,0.095261,0.094569
38,450,5155,7020,0.070545,0.082250
38,451,632,1744,0.077133,0.079414
38,452,259054,378489,0.129297,0.119372
38,453,21616,193678,0.055922,0.071967
38,454,1158,43164,0.073727,0.079760
38,455,576,536,0.061318,0.074483
38,456,3287,390,0.085324,0.079452
38,457,4346,102964,0.100255,0.100157
38,458,19634,303403,0.076558,0.105010
38,459,450,119808,0.082647,0.096673
38,460,129,52766,0.074192,0.080534
38,461,837,20216,0.088626,0.076945
38,462,132216,774206,0.107732,0.114055
38,463,877,270809,0.077352,0.102959
38,464,36,21591,0.067264,0.083159
38,465,609,16,0.027202,0.070969
38,466,1572,180,0.052102,0.091299
38,467,464,1809,0.083382,0.066307
38,468,110,2873,0.080563,0.088331
38,469,2669,2853,0.077907,0.078947
38,470,1982,1062,0.046161,0.048273
38,471,145093,250130,0.120794,0.097089
38,472,79423,120824,0.110902,0.088685
38,473,16,6,0.093109,0.053345
38,474,2904,253987,0.083887,0.089846
38,475,137652,216226,0.072264,0.084834
38,476,21194,148256,0.090574,0.083042
38,477,7393,123130,0.062930,0.075574
38,478,1493,655,0.081825,0.078945
38,479,32,2,0.062778,0.078125
38,480,33432,442910,0.102429,0.098730
38,481,440,22764,0.073392,0.083751
38,482,4072,15505,0.094519,0.076574
38,483,11,2,0.048762,0.079102
38,484,34590,209944,0.108292,0.098872
38,485,116,20824,0.062404,0.081188
38,486,61379,296480,0.092166,0.093719
38,487,178074,1394387,0.138895,0.113412
38,488,63357,39,0.083583,0.033926
38,489,49183,83245,0.061302,0.060303
38,490,480,658594,0.040940,0.090853
38,491,43343,3297,0.094724,0.050634
38,492,15915,469846,0.093062,0.102829
38,493,20967,598133,0.081363,0.131095
38,494,6637,159463,0.077698,0.093921
38,495,23562,126997,0.097199,0.084821
38,496,16821,87100,0.130683,0.117922
38,497,4750,6213,0.115635,0.077485
38,498,127,203,0.049902,0.071632
38,499,1191,112641,0.073189,0.096560
38,500,12257,67975,0.092039,0.098040
38,501,330,6611,0.057933,0.060882
38,502,2,180,0.050049,0.079178
38,503,146,14,0.089707,0.068298
38,504,11125,343039,0.057098,0.076845
38,505,449,7,0.068569,0.060041
38,506,4479,268277,0.055675,0.080616
38,507,618,4852,0.071179,0.090145
38,508,7877,104550,0.073992,0.105210
38,509,1845,14999,0.062356,0.080590
38,510,4633,81323,0.072916,0.098206
38,511,2452,61524,0.090803,0.093853
39,0,23617,667480,nan,nan
39,1,25315,817963,nan,nan
39,2,20459,407452,nan,nan
39,3,24531,731042,nan,nan
39,4,34877,663814,nan,nan
39,5,27665,273034,nan,nan
39,6,40781,306875,nan,nan
39,7,17870,223874,nan,nan
39,8,26894,500551,nan,nan
39,9,20346,377586,nan,nan
39,10,1169,130333,0.065812,0.094419
39,11,1142,7182,0.064387,0.071137
39,12,446,18165,0.065048,0.073960
39,13,820,224497,0.074559,0.089425
39,14,3,3,0.056396,0.062581
39,15,101306,175454,0.109593,0.082454
39,16,3532,2944,0.070462,0.063146
39,17,3988,81347,0.067431,0.068553
39,18,4217,87213,0.083949,0.087696
39,19,11961,83980,0.129011,0.124832
39,20,16112,857073,0.082189,0.095570
39,21,38947,295011,0.149158,0.110786
39,22,96784,954426,0.095354,0.100646
39,23,1917,483435,0.078426,0.104938
39,24,34996,244776,0.116500,0.124106
39,25,88706,93253,0.078508,0.060059
39,26,1509,8390,0.065514,0.063815
39,27,76850,167804,0.093209,0.089126
39,28,22210,339,0.089547,0.073956
39,29,65,29,0.067514,0.075515
39,30,51662,354634,0.134385,0.120422
39,31,92,102,0.058469,0.055631
39,32,29,122,0.058232,0.064413
39,33,22939,1257833,0.074549,0.108651
39,34,359,44303,0.077793,0.079931
39,35,2870,47941,0.084913,0.087155
39,36,11667,112194,0.102105,0.081290
39,37,40737,525503,0.057675,0.108530
39,38,23764,95411,0.102178,0.098493
39,39,310,23878,0.089353,0.114113
39,40,1923,868554,0.069992,0.073188
39,41,390,161,0.075648,0.076340
39,42,765,35183,0.079095,0.078268
39,43,15171,301981,0.094506,0.119830
39,44,2891,149728,0.062350,0.080318
39,45,84997,197693,0.091752,0.090006
39,46,827,243,0.072278,0.072092
39,47,31,124,0.077463,0.064061
39,48,25327,107035,0.070708,0.075380
39,49,31087,77610,0.105362,0.094178
39,50,138,563,0.087403,0.065789
39,51,75,22,0.048311,0.056496
39,52,12036,364902,0.084294,0.087463
39,53,81,4706,0.059493,0.056607
39,54,37741,305413,0.099766,0.096578
39,55,1497,36556,0.069468,0.082570
39,56,407,38412,0.071977,0.076017
39,57,375,59,0.057869,0.083467
39,58,53228,363197,0.092855,0.115902
39,59,3330,44022,0.071152,0.083941
39,60,185,2726,0.060004,0.058449
39,61,3093,31337,0.057107,0.068134
39,62,362045,9269,0.088464,0.068609
39,63,3747,10941,0.078935,0.083414
39,64,7826,102690,0.070182,0.108816
39,65,9631,365103,0.084043,0.113465
39,66,5338,7660,0.081291,0.074260
39,67,10087,139022,0.074998,0.086064
39,68,99,9650,0.062371,0.073561
39,69,37033,414063,0.093089,0.110994
39,70,117,2272,0.062620,0.066750
39,71,8249,691498,0.076664,0.086635
39,72,32510,45531,0.116917,0.094268
39,73,146781,796027,0.108374,0.108651
39,74,6836,194700,0.103990,0.090708
39,75,432,6981,0.052222,0.050116
39,76,324,15,0.043455,0.065430
39,77,2418,44486,0.077162,0.073688
39,78,0,174,0.000000,0.043992
39,79,11144,136718,0.114669,0.113717
39,80,59083,370074,0.117968,0.122464
39,81,1935,8045,0.087728,0.078893
39,82,15310,83384,0.124568,0.126115
39,83,1752,139539,0.062651,0.076635
39,84,17,4,0.036664,0.067993
39,85,0,4,0.000000,0.032043
39,86,2106,4263,0.071240,0.076966
39,87,4634,148267,0.087915,0.086458
39,88,4057,39031,0.080860,0.072015
39,89,19068,233827,0.067811,0.107779
39,90,3442,15131,0.067556,0.068949
39,91,6877,118319,0.088458,0.112682
39,92,3905,153049,0.081302,0.084094
39,93,6643,235655,0.066874,0.097853
39,94,80239,8937,0.119495,0.069404
39,95,948,14049,0.073213,0.082990
39,96,79760,144087,0.117504,0.094976
39,97,236,32731,0.067154,0.074951
39,98,9921,123061,0.065942,0.077889
39,99,10536,293469,0.089545,0.101280
39,100,1494,39348,0.068269,0.079651
39,101,137281,935082,0.107456,0.108579
39,102,23502,233732,0.085623,0.069846
39,103,3161,92079,0.067612,0.094374
39,104,27941,270560,0.099164,0.110239
39,105,6343,151936,0.120340,0.134802
39,106,1385,29950,0.084106,0.084927
39,107,28441,1807,0.048529,0.074600
39,108,4598,165467,0.077268,0.098448
39,109,1932,72994,0.067337,0.070437
39,110,19849,242763,0.101167,0.107390
39,111,8339,128036,0.093551,0.095110
39,112,1146,52811,0.071510,0.084296
39,113,55214,342,0.076691,0.066671
39,114,63,179,0.047016,0.067657
39,115,81624,553035,0.124246,0.146228
39,116,420,565,0.069741,0.067644
39,117,1733,38036,0.070259,0.074356
39,118,16402,62252,0.078702,0.087212
39,119,30549,126672,0.076678,0.090770
39,120,75948,460180,0.098511,0.099905
39,121,34473,46763,0.050382,0.097345
39,122,5175,40299,0.079095,0.087647
39,123,1112,285675,0.067880,0.079406
39,124,4688,188944,0.081155,0.097496
39,125,77025,27606,0.117523,0.073325
39,126,57,165,0.064612,0.068546
39,127,3325,638,0.079762,0.078670
39,128,43716,256420,0.106051,0.124397
39,129,12979,89855,0.138781,0.081609
39,130,8331,95800,0.084578,0.087146
39,131,73830,454212,0.102547,0.117167
39,132,4330,65545,0.107640,0.125466
39,133,10905,286437,0.084935,0.094667
39,134,4657,67760,0.095546,0.104028
39,135,18443,168796,0.102895,0.103600
39,136,8661,140625,0.077022,0.103905
39,137,15138,100153,0.101207,0.105924
39,138,346,10041,0.062269,0.064948
39,139,1001,6541,0.071591,0.079703
39,140,39615,621242,0.110770,0.096220
39,141,27627,4184,0.133729,0.083245
39,142,1448,158720,0.079119,0.081932
39,143,16,31,0.061935,0.063177
39,144,59458,409722,0.098673,0.100951
39,145,585,9698,0.077705,0.062401
39,146,20,10,0.053790,0.064746
39,147,29695,171590,0.081652,0.079740
39,148,515,61197,0.076511,0.078119
39,149,263,41901,0.084993,0.073670
39,150,408,100,0.076010,0.071400
39,151,68,358,0.045419,0.053395
39,152,35399,289610,0.151949,0.126861
39,153,258,459,0.067286,0.077447
39,154,171,35,0.078372,0.066797
39,155,26633,99735,0.103779,0.101800
39,156,9,0,0.051215,0.000000
39,157,701,1775,0.071985,0.071371
39,158,25121,265113,0.106708,0.109372
39,159,17535,22536,0.092982,0.085660
39,160,2172,5468,0.068293,0.073943
39,161,26719,242578,0.090879,0.099188
39,162,15,1620,0.053735,0.077038
39,163,1440,5601,0.072496,0.074246
39,164,15296,259225,0.085161,0.092200
39,165,4632,18223,0.070487,0.077644
39,166,53138,65519,0.078977,0.088340
39,167,257895,937610,0.101794,0.107677
39,168,17302,180521,0.082754,0.102227
39,169,2524,226863,0.081816,0.089420
39,170,58519,5376,0.082736,0.066106
39,171,12530,515,0.101466,0.081832
39,172,35409,2513,0.068777,0.069169
39,173,17820,143786,0.101494,0.114638
39,174,139633,1078913,0.098787,0.104501
39,175,30149,511683,0.066753,0.138154
39,176,1345,104818,0.069847,0.076923
39,177,152152,315608,0.094712,0.081721
39,178,5,1332963,0.060156,0.098667
39,179,38687,235415,0.111030,0.102769
39,180,50001,357499,0.150018,0.143152
39,181,37,9,0.069890,0.067437
39,182,0,329,0.000000,0.056073
39,183,4476,285603,0.064016,0.145703
39,184,4090,5829,0.078867,0.080513
39,185,12226,66701,0.128228,0.129565
39,186,36605,760783,0.116758,0.153561
39,187,99418,95312,0.095540,0.092936
39,188,4225,316400,0.072526,0.077683
39,189,8284,98627,0.095272,0.089048
39,190,26718,36060,0.050363,0.072302
39,191,4502,436634,0.074823,0.080750
39,192,34,119,0.068069,0.062781
39,193,27339,153432,0.095158,0.080034
39,194,5426,146148,0.079436,0.090486
39,195,10374,60839,0.089949,0.079812
39,196,10104,205927,0.098132,0.082018
39,197,4192,126775,0.079271,0.086456
39,198,601,96715,0.093297,0.089415
39,199,52312,156837,0.105676,0.116173
39,200,1763,1223,0.071546,0.068710
39,201,5731,73818,0.072440,0.076903
39,202,10188,320484,0.077535,0.073856
39,203,231,5086,0.070150,0.078333
39,204,292,225575,0.085129,0.102791
39,205,120,70975,0.072048,0.076146
39,206,21281,291328,0.102671,0.102541
39,207,14776,83715,0.153786,0.137686
39,208,8560,126667,0.079320,0.123907
39,209,2744,204,0.056562,0.078399
39,210,8015,97855,0.111977,0.109693
39,211,20404,317710,0.086423,0.089973
39,212,702,83217,0.071590,0.085723
39,213,8938,27890,0.085682,0.099632
39,214,299,712,0.059842,0.071458
39,215,1361,4048,0.087885,0.080529
39,216,1143,2254,0.077275,0.091400
39,217,14717,829145,0.070789,0.097689
39,218,11498,131734,0.072907,0.084537
39,219,398,2144,0.072551,0.068785
39,220,250,4928,0.073882,0.067328
39,221,46478,250544,0.089590,0.134469
39,222,137,352,0.063744,0.061373
39,223,882,32545,0.075256,0.083739
39,224,40276,390312,0.069767,0.089706
39,225,18,640,0.066094,0.072061
39,226,20890,298949,0.078499,0.091788
39,227,7620,166793,0.080904,0.093804
39,228,23301,190037,0.090255,0.089573
39,229,329,1546,0.069780,0.076448
39,230,1611,243128,0.092018,0.101212
39,231,9631,32866,0.057695,0.066065
39,232,782,371554,0.072306,0.099907
39,233,713,2295,0.060725,0.073654
39,234,15228,25169,0.077377,0.071705
39,235,64519,233308,0.114349,0.123871
39,236,2541,169549,0.079217,0.089808
39,237,81075,96228,0.099758,0.092512
39,238,9858,505118,0.083789,0.097779
39,239,10295,132852,0.076817,0.078462
39,240,1350,36000,0.087976,0.084378
39,241,99321,277038,0.117236,0.086942
39,242,23280,207249,0.093598,0.089036
39,243,2280,2601,0.048468,0.077037
39,244,40166,260843,0.094420,0.103894
39,245,684,88213,0.074849,0.082862
39,246,6502,311481,0.078978,0.150281
39,247,79070,462589,0.062026,0.075999
39,248,26994,105525,0.108681,0.110826
39,249,84888,513499,0.087150,0.101584
39,250,20765,153691,0.098466,0.121497
39,251,1746,4779,0.082807,0.077576
39,252,1685,9718,0.076612,0.067183
39,253,5263,13584,0.083569,0.106858
39,254,6273,269673,0.059448,0.096422
39,255,14643,123762,0.070989,0.082043
39,256,29934,61053,0.114965,0.086105
39,257,6520,84363,0.054526,0.094007
39,258,15757,632882,0.076362,0.098670
39,259,32357,69768,0.115236,0.090118
39,260,4508,156231,0.104222,0.108308
39,261,10280,112066,0.105877,0.113307
39,262,23243,141117,0.104507,0.138114
39,263,4793,12741,0.126195,0.097187
39,264,2283,113760,0.069233,0.083080
39,265,5166,272760,0.081690,0.096591
39,266,6346,17672,0.079959,0.079416
39,267,8026,88399,0.098167,0.091371
39,268,49,6539,0.070781,0.076641
39,269,2346,97856,0.066325,0.082135
39,270,27611,853,0.083241,0.070170
39,271,2863,30217,0.072492,0.091542
39,272,143202,339364,0.132809,0.120472
39,273,2907,114272,0.070572,0.079577
39,274,1712,31946,0.067900,0.077040
39,275,331,8918,0.074321,0.077837
39,276,159865,169358,0.108652,0.088590
39,277,267,75276,0.074306,0.083256
39,278,8989,431532,0.083798,0.097405
39,279,11552,497842,0.071515,0.085671
39,280,4489,24853,0.059433,0.077195
39,281,2955,2722,0.101242,0.090017
39,282,12300,309227,0.102172,0.096759
39,283,1064,431,0.050288,0.063332
39,284,2595,51583,0.069630,0.085341
39,285,198151,521721,0.115127,0.117057
39,286,4331,53456,0.076078,0.081542
39,287,1268,101414,0.079997,0.085264
39,288,69574,66813,0.100573,0.089840
39,289,882,60632,0.069864,0.067217
39,290,23813,253278,0.097828,0.080476
39,291,29308,150727,0.091102,0.086949
39,292,40353,248742,0.110916,0.095261
39,293,560,70679,0.084948,0.090789
39,294,8892,116489,0.099601,0.108428
39,295,13161,3261,0.078573,0.076736
39,296,14211,247445,0.073628,0.074915
39,297,949,620,0.056633,0.031168
39,298,2652,441514,0.086262,0.110931
39,299,5873,171939,0.086508,0.075543
39,300,51540,102406,0.078445,0.093871
39,301,3506,301769,0.083971,0.097394
39,302,471,44047,0.074912,0.078979
39,303,24785,342961,0.106433,0.108781
39,304,80275,172000,0.109924,0.096410
39,305,2464,4037,0.094370,0.098424
39,306,9518,107591,0.086472,0.095667
39,307,28,5795,0.067051,0.072688
39,308,78,3618,0.070097,0.073313
39,309,8964,3091,0.081599,0.064167
39,310,1220,49408,0.076853,0.078058
39,311,75,180,0.051569,0.061252
39,312,14681,171159,0.094370,0.093900
39,313,6430,530918,0.076557,0.085597
39,314,6017,82483,0.074027,0.096383
39,315,18946,124188,0.094191,0.087260
39,316,123464,855853,0.098800,0.097944
39,317,4,14,0.052063,0.074829
39,318,8527,53903,0.133881,0.127281
39,319,1669,18408,0.081310,0.078465
39,320,940,319,0.057356,0.055673
39,321,22985,398647,0.078152,0.099589
39,322,8044,22,0.055186,0.060658
39,323,107,13115,0.077827,0.064439
39,324,16092,108981,0.076350,0.083516
39,325,5494,2722,0.060609,0.067105
39,326,191410,190412,0.158068,0.071913
39,327,4698,332051,0.071910,0.085054
39,328,2655,138714,0.076113,0.100700
39,329,22762,128249,0.103383,0.103977
39,330,5976,80578,0.097587,0.099058
39,331,13367,156766,0.104314,0.113687
39,332,7138,253348,0.076420,0.090924
39,333,2543,330107,0.073391,0.089939
39,334,12220,40191,0.107591,0.081757
39,335,12639,312071,0.098381,0.113106
39,336,8740,122314,0.084072,0.085774
39,337,544,12458,0.063047,0.074127
39,338,92318,91250,0.113420,0.100923
39,339,147,575,0.062599,0.071472
39,340,1336,19863,0.075645,0.076932
39,341,60551,89988,0.098995,0.101932
39,342,5601,58470,0.114005,0.117434
39,343,66528,192910,0.104164,0.096494
39,344,14588,7984,0.112876,0.072875
39,345,832,26944,0.064522,0.077610
39,346,8554,9841,0.081683,0.080718
39,347,7662,599392,0.083363,0.109196
39,348,15106,219617,0.076507,0.090592
39,349,539,86874,0.072703,0.078197
39,350,5298,206428,0.090843,0.108884
39,351,5353,29614,0.078358,0.084602
39,352,35327,86667,0.062135,0.083772
39,353,4628,215086,0.083437,0.092099
39,354,11623,191975,0.080176,0.102017
39,355,1,0,0.158203,0.000000
39,356,1349,9503,0.082174,0.074598
39,357,8903,356341,0.080907,0.094246
39,358,11934,124302,0.071310,0.086930
39,359,62,97,0.074036,0.067759
39,360,4063,277065,0.082907,0.097713
39,361,27744,164061,0.083462,0.081073
39,362,67989,140092,0.078754,0.079264
39,363,1567,4022,0.073369,0.111740
39,364,15922,272696,0.093491,0.111792
39,365,95861,301446,0.126270,0.112130
39,366,14203,133888,0.070572,0.074911
39,367,1959,61493,0.071044,0.075998
39,368,29844,316986,0.082759,0.095180
39,369,34421,95272,0.060607,0.091349
39,370,12300,237730,0.083521,0.084226
39,371,16037,111761,0.096028,0.101935
39,372,50116,60781,0.092929,0.082772
39,373,874,369177,0.077851,0.105267
39,374,245,1237,0.062156,0.069686
39,375,5574,34955,0.123416,0.111897
39,376,25849,11777,0.101775,0.074536
39,377,21424,136581,0.089016,0.165225
39,378,27225,183384,0.102357,0.093804
39,379,4338,392913,0.080456,0.096519
39,380,1570,57591,0.071534,0.079868
39,381,6903,332249,0.076842,0.085977
39,382,290,20152,0.080193,0.081270
39,383,23472,241966,0.109998,0.092584
39,384,54667,787913,0.071439,0.088189
39,385,111,35,0.071874,0.067578
39,386,0,0,0.000000,0.000000
39,387,35,11,0.069866,0.079146
39,388,31200,301052,0.092005,0.086983
39,389,18042,126890,0.081748,0.085950
39,390,5271,23025,0.072269,0.076281
39,391,3278,15807,0.070093,0.064435
39,392,16431,449146,0.087107,0.103742
39,393,3413,44829,0.066249,0.084905
39,394,7037,176501,0.063353,0.125308
39,395,1484,23963,0.077268,0.075570
39,396,3794,170348,0.083854,0.092729
39,397,6684,166903,0.060233,0.070662
39,398,51384,909215,0.078733,0.092939
39,399,689,31317,0.066001,0.072619
39,400,2643,120659,0.080099,0.092629
39,401,401,102,0.056347,0.070893
39,402,21551,483249,0.080286,0.107763
39,403,986,976,0.079319,0.076263
39,404,73,6815,0.075727,0.066270
39,405,1484,8139,0.091488,0.076647
39,406,6,0,0.052043,0.000000
39,407,84,29423,0.051450,0.071027
39,408,14705,163933,0.089230,0.109351
39,409,16203,152117,0.079300,0.091189
39,410,5,39,0.044727,0.046822
39,411,5967,438658,0.078074,0.090899
39,412,69187,129721,0.071698,0.162987
39,413,231,210,0.081685,0.074673
39,414,23,30,0.060292,0.064575
39,415,9103,106997,0.073181,0.088856
39,416,433,148,0.066371,0.074017
39,417,10640,365674,0.086929,0.103439
39,418,5518,94667,0.099968,0.110018
39,419,10322,246555,0.079814,0.102957
39,420,172,90,0.068258,0.067163
39,421,81,43,0.066219,0.060169
39,422,3776,101234,0.090633,0.125970
39,423,2977,1457,0.118740,0.077895
39,424,1932,13236,0.072990,0.066094
39,425,52835,317619,0.093961,0.090029
39,426,17,130,0.067814,0.068701
39,427,35090,64,0.087651,0.080425
39,428,22975,102008,0.114520,0.088113
39,429,1594,75757,0.073915,0.080368
39,430,14542,1273,0.083063,0.085200
39,431,3290,11463,0.090757,0.088951
39,432,205881,126965,0.105550,0.085013
39,433,778,1712,0.073558,0.071880
39,434,3763,142688,0.067326,0.076100
39,435,11590,215849,0.125175,0.090195
39,436,0,0,0.000000,0.000000
39,437,362,173392,0.064111,0.099454
39,438,70,3186,0.084821,0.077169
39,439,5479,31353,0.079516,0.079717
39,440,173933,305966,0.109305,0.097129
39,441,26723,265875,0.123905,0.087093
39,442,13983,339,0.097214,0.078166
39,443,547,41658,0.062563,0.080433
39,444,3509,70711,0.077059,0.093136
39,445,581,2357,0.084321,0.062762
39,446,124364,424289,0.103608,0.089889
39,447,518,23210,0.071975,0.073009
39,448,12643,80778,0.084401,0.097450
39,449,499,9646,0.069248,0.080192
39,450,21421,94566,0.060146,0.063535
39,451,17,14,0.072438,0.063965
39,452,442,205,0.072026,0.091703
39,453,5755,13458,0.089802,0.077913
39,454,6369,35289,0.105563,0.094385
39,455,30785,306974,0.097557,0.098151
39,456,499,401246,0.076970,0.094448
39,457,962,102579,0.074121,0.091621
39,458,55741,398928,0.098157,0.095618
39,459,10924,84272,0.091786,0.080180
39,460,7873,110895,0.078873,0.090506
39,461,1655,25341,0.092516,0.104022
39,462,1501,4814,0.059042,0.070559
39,463,307,253677,0.076871,0.101766
39,464,6521,30808,0.068794,0.088407
39,465,3583,44793,0.087104,0.087045
39,466,27815,249262,0.099437,0.088731
39,467,12,0,0.054830,0.000000
39,468,39279,241785,0.130075,0.119399
39,469,34195,513991,0.102397,0.130567
39,470,44312,495923,0.163363,0.191714
39,471,7513,158621,0.082183,0.094321
39,472,18774,110711,0.097780,0.083859
39,473,396143,364836,0.125769,0.095997
39,474,15170,90655,0.128712,0.144084
39,475,3521,55637,0.088794,0.084858
39,476,77,92,0.066057,0.071784
39,477,15306,201834,0.096227,0.094199
39,478,59244,557632,0.080852,0.115225
39,479,1779,5170,0.072310,0.067275
39,480,2486,80,0.081345,0.075064
39,481,11070,23193,0.050597,0.068119
39,482,102,104365,0.079760,0.084363
39,483,38,1701,0.071607,0.069434
39,484,9495,151117,0.093854,0.122690
39,485,31590,349970,0.059980,0.072523
39,486,5393,169251,0.087881,0.095729
39,487,1084,13154,0.074055,0.079165
39,488,2875,198265,0.086182,0.093389
39,489,19026,220024,0.118832,0.096444
39,490,862,4447,0.094613,0.063349
39,491,41,101,0.051805,0.062195
39,492,1498,186594,0.080213,0.095379
39,493,3262,460075,0.075427,0.081437
39,494,6762,75424,0.081362,0.085946
39,495,25646,301337,0.097551,0.111652
39,496,1638,2886,0.073880,0.079353
39,497,8597,234061,0.074421,0.084591
39,498,521,8355,0.074629,0.081301
39,499,7196,369870,0.076375,0.084522
39,500,28499,68355,0.090978,0.117671
39,501,576,20751,0.060382,0.073574
39,502,1251,224,0.083628,0.074759
39,503,164,34692,0.071956,0.077677
39,504,7942,148,0.083196,0.088750
39,505,384,21372,0.077032,0.086248
39,506,53,14413,0.074518,0.079326
39,507,97528,674392,0.120147,0.129129
39,508,5396,209284,0.075530,0.131251
39,509,179,38326,0.075053,0.074089
39,510,7396,21653,0.087915,0.086860
39,511,1154,6742,0.062787,0.063760
40,0,18509,274566,nan,nan
40,1,17941,211001,nan,nan
40,2,20276,291645,nan,nan
40,3,58855,447451,nan,nan
40,4,18188,210857,nan,nan
40,5,70484,634438,nan,nan
40,6,17732,211412,nan,nan
40,7,18208,213236,nan,nan
40,8,17731,210738,nan,nan
40,9,17752,211246,nan,nan
40,10,65053,400157,0.091022,0.106155
40,11,124,40,0.064686,0.062646
40,12,17333,32950,0.069209,0.070250
40,13,61375,328384,0.116006,0.125208
40,14,8646,113320,0.073701,0.079684
40,15,561,105980,0.071889,0.077973
40,16,14307,1084328,0.070928,0.086615
40,17,810,19484,0.070546,0.074051
40,18,19180,376784,0.086379,0.093107
40,19,18465,116137,0.069052,0.063001
40,20,883,10751,0.064182,0.086788
40,21,2853,148851,0.069518,0.080723
40,22,0,434,0.000000,0.051642
40,23,2,4,0.047607,0.061584
40,24,40036,194803,0.081572,0.100440
40,25,3771,12949,0.069140,0.061892
40,26,249,163405,0.053529,0.071363
40,27,22,1961,0.079912,0.078236
40,28,15061,51704,0.084548,0.091869
40,29,1456,41219,0.066313,0.071391
40,30,9299,44122,0.075892,0.094387
40,31,1903,268532,0.057924,0.093326
40,32,8734,204438,0.062358,0.072323
40,33,7078,172868,0.079160,0.091524
40,34,5936,92693,0.081920,0.094004
40,35,1772,14647,0.056528,0.067410
40,36,3751,52398,0.063245,0.072166
40,37,2156,918,0.097702,0.099667
40,38,739,9969,0.062330,0.067547
40,39,7611,2291,0.088912,0.070345
40,40,32103,307518,0.071468,0.089999
40,41,1594,6858,0.061179,0.079814
40,42,11031,37163,0.069433,0.079471
40,43,9710,20282,0.071563,0.070523
40,44,10118,54935,0.096765,0.107206
40,45,113377,134766,0.117241,0.124305
40,46,29535,16308,0.057710,0.063780
40,47,2550,298860,0.081051,0.095542
40,48,6318,117288,0.070624,0.087582
40,49,12,1917,0.073263,0.081073
40,50,1264,77434,0.078987,0.085327
40,51,23591,784557,0.066903,0.100403
40,52,79396,264984,0.105088,0.120933
40,53,964,3,0.058217,0.062256
40,54,77,8949,0.058746,0.078641
40,55,3891,177111,0.061649,0.073693
40,56,19440,342430,0.078568,0.095960
40,57,853,73195,0.071541,0.083142
40,58,0,104,0.000000,0.067005
40,59,2448,55943,0.078011,0.071406
40,60,446,463,0.058054,0.064978
40,61,11106,1211,0.074237,0.063717
40,62,2135,76787,0.075792,0.106046
40,63,215680,277948,0.115249,0.103569
40,64,171,57155,0.076175,0.076194
40,65,25,28171,0.057266,0.062596
40,66,1324,14224,0.068897,0.072775
40,67,4113,222797,0.066603,0.076288
40,68,318715,933667,0.088739,0.081607
40,69,26171,1350,0.090281,0.091038
40,70,109664,553699,0.103837,0.134585
40,71,1124,365,0.062209,0.064794
40,72,1421,18131,0.063446,0.090133
40,73,1224,123437,0.066569,0.110056
40,74,5819,47595,0.059360,0.072902
40,75,2048,769,0.062090,0.071914
40,76,696,43349,0.065243,0.074660
40,77,678,180219,0.073652,0.088993
40,78,1750,202606,0.072244,0.092741
40,79,35145,61847,0.078780,0.077960
40,80,8195,118847,0.073691,0.100677
40,81,8685,228827,0.078527,0.095618
40,82,66395,672954,0.097248,0.112856
40,83,2735,1511,0.045669,0.064992
40,84,37311,201488,0.113139,0.109676
40,85,262,93829,0.073192,0.096356
40,86,7979,144361,0.065141,0.074952
40,87,4980,91056,0.073242,0.082225
40,88,5621,5325,0.100514,0.077095
40,89,14395,390853,0.064293,0.074878
40,90,12198,94912,0.089444,0.106278
40,91,3145,143526,0.061149,0.057418
40,92,286,37601,0.099523,0.089715
40,93,31794,348875,0.069515,0.085595
40,94,3431,241549,0.059117,0.095782
40,95,0,0,0.000000,0.000000
40,96,3047,21417,0.078049,0.083101
40,97,69,23085,0.055097,0.082265
40,98,3416,345312,0.096579,0.095021
40,99,1878,10365,0.072953,0.069335
40,100,15,5,0.066927,0.078564
40,101,7075,272931,0.069136,0.098125
40,102,8512,88428,0.098118,0.093218
40,103,14720,154930,0.090685,0.093965
40,104,63325,1192,0.075868,0.058019
40,105,1566,13476,0.127475,0.119088
40,106,40857,228393,0.119840,0.118885
40,107,3,3564,0.066162,0.066349
40,108,24513,1734,0.061755,0.063771
40,109,15657,166116,0.047653,0.080488
40,110,25434,226237,0.116533,0.116493
40,111,5857,563,0.063598,0.072228
40,112,1737,29959,0.102518,0.101686
40,113,5639,1081,0.068811,0.065544
40,114,16356,606445,0.085322,0.097592
40,115,11278,105955,0.092051,0.085436
40,116,230,4570,0.076929,0.066109
40,117,818,38126,0.068627,0.075095
40,118,19778,117853,0.092033,0.087510
40,119,70,5162,0.049142,0.060496
40,120,1777,123755,0.077760,0.084215
40,121,3924,151901,0.063780,0.079897
40,122,29925,76083,0.084629,0.076823
40,123,112687,123704,0.099517,0.080190
40,124,230,32052,0.069522,0.080009
40,125,24858,299609,0.081811,0.098409
40,126,6825,2980,0.053673,0.078307
40,127,314,183,0.080926,0.080416
40,128,4331,14997,0.067471,0.075632
40,129,380,224,0.073244,0.072187
40,130,154465,177927,0.154548,0.074568
40,131,144,702,0.065876,0.060841
40,132,26607,504700,0.095391,0.100603
40,133,43593,91395,0.092929,0.101797
40,134,14601,14511,0.086493,0.092066
40,135,14889,133208,0.112006,0.122244
40,136,7079,263,0.077665,0.108417
40,137,12344,254608,0.082083,0.097694
40,138,13349,58504,0.111906,0.116260
40,139,1634,23308,0.067498,0.079331
40,140,3206,12347,0.073534,0.072950
40,141,1463,1355,0.070681,0.078975
40,142,1336,225570,0.073010,0.077497
40,143,43537,6023,0.073233,0.072851
40,144,1054,884,0.079289,0.076507
40,145,1230,53,0.063758,0.069013
40,146,7878,207656,0.084583,0.088179
40,147,15043,130872,0.076873,0.086898
40,148,30636,436444,0.138655,0.173766
40,149,14801,225946,0.098631,0.098531
40,150,2057,23639,0.076807,0.070503
40,151,81,134,0.057680,0.061468
40,152,5746,333142,0.078439,0.085585
40,153,85528,225102,0.091816,0.097605
40,154,380,26881,0.074300,0.076342
40,155,2306,17928,0.073374,0.079114
40,156,26254,117083,0.111588,0.141335
40,157,32828,180808,0.073110,0.091403
40,158,98447,631687,0.124357,0.100978
40,159,26413,216170,0.112595,0.118277
40,160,422,2424,0.069742,0.077836
40,161,776,9617,0.064811,0.068699
40,162,1366,24400,0.078756,0.089023
40,163,2286,831320,0.075372,0.080617
40,164,345,3011,0.082164,0.083595
40,165,27797,256839,0.110976,0.135591
40,166,174051,607241,0.096997,0.098968
40,167,19783,43397,0.081884,0.087089
40,168,3445,79144,0.082513,0.096189
40,169,3091,545087,0.075727,0.081422
40,170,277,20297,0.065874,0.077039
40,171,25149,192189,0.083873,0.093751
40,172,86730,561651,0.094751,0.105354
40,173,8355,169171,0.071635,0.079675
40,174,25065,306257,0.064851,0.079778
40,175,7417,124495,0.075586,0.110176
40,176,100202,735096,0.088871,0.094332
40,177,14758,159348,0.097973,0.139936
40,178,12768,397994,0.076829,0.085491
40,179,228,9043,0.070809,0.072709
40,180,3706,419455,0.078355,0.092020
40,181,323,56,0.057386,0.067588
40,182,27944,196110,0.083657,0.081158
40,183,4302,157188,0.092514,0.105133
40,184,650,94698,0.071169,0.075609
40,185,32432,331865,0.083654,0.095851
40,186,40,58,0.066620,0.070544
40,187,17961,71973,0.091183,0.090023
40,188,17047,115457,0.104579,0.110106
40,189,202,19805,0.075454,0.080295
40,190,4680,81240,0.061841,0.094007
40,191,157093,771155,0.097216,0.087971
40,192,165715,96078,0.167983,0.091191
40,193,25843,1300,0.078458,0.072351
40,194,13399,481,0.066810,0.080704
40,195,31988,327776,0.097520,0.116252
40,196,3772,84368,0.069980,0.080817
40,197,1491,3700,0.085028,0.074618
40,198,777,44617,0.064869,0.076485
40,199,13382,179178,0.096155,0.092962
40,200,2696,1068164,0.077373,0.138258
40,201,137001,401613,0.119772,0.106648
40,202,7702,34356,0.081521,0.090995
40,203,44349,169734,0.103486,0.096533
40,204,3991,146606,0.059752,0.093489
40,205,2388,64027,0.068650,0.088764
40,206,59012,1001959,0.078342,0.107968
40,207,2914,102311,0.069991,0.075006
40,208,1939,52000,0.061823,0.072569
40,209,2214,1730,0.063536,0.074273
40,210,6298,209719,0.076849,0.095599
40,211,337,346,0.092785,0.078747
40,212,17958,268,0.064903,0.072480
40,213,3895,294548,0.078633,0.077691
40,214,1627,14107,0.060145,0.066159
40,215,7988,26605,0.094191,0.093791
40,216,4525,64754,0.061578,0.070458
40,217,5109,162193,0.077004,0.099064
40,218,1896,2283,0.061156,0.067952
40,219,4193,252281,0.078514,0.078865
40,220,185,38489,0.059735,0.076840
40,221,63928,533920,0.067858,0.094572
40,222,694,12251,0.060502,0.071255
40,223,9890,162020,0.071517,0.119823
40,224,1211,143828,0.105239,0.109966
40,225,2284,109863,0.072998,0.080205
40,226,348,65620,0.080614,0.096548
40,227,17167,26385,0.080717,0.105236
40,228,2239,1446,0.080907,0.082933
40,229,13270,327488,0.068010,0.087010
40,230,713,39549,0.070157,0.066365
40,231,731,98360,0.075133,0.074162
40,232,54274,465215,0.127077,0.116879
40,233,3122,41704,0.112796,0.084320
40,234,6598,11593,0.065783,0.080430
40,235,5962,16699,0.088342,0.087289
40,236,5447,57171,0.100256,0.092630
40,237,251314,772651,0.108067,0.114898
40,238,3340,464265,0.080023,0.091121
40,239,35804,34910,0.088016,0.083272
40,240,6524,22041,0.141092,0.091397
40,241,11623,207998,0.097758,0.109751
40,242,13016,553142,0.085608,0.095968
40,243,4099,728,0.047775,0.064997
40,244,1373,2166,0.086486,0.067499
40,245,2854,3720,0.075494,0.078689
40,246,71282,87912,0.060472,0.072097
40,247,26824,134255,0.130699,0.117265
40,248,16982,205912,0.082927,0.105279
40,249,3147,579633,0.078827,0.081576
40,250,79407,702761,0.095678,0.124831
40,251,41855,296703,0.080099,0.091684
40,252,2500,171170,0.082028,0.086124
40,253,6584,114865,0.057197,0.073957
40,254,2802,2015,0.065588,0.090791
40,255,1709,445451,0.054424,0.087931
40,256,791,118089,0.066664,0.080795
40,257,5412,15232,0.076534,0.077868
40,258,9845,120265,0.085024,0.090282
40,259,36654,566901,0.104746,0.126991
40,260,6133,268963,0.083769,0.094711
40,261,925,75307,0.113760,0.097362
40,262,871,5090,0.071054,0.074473
40,263,69,55,0.073028,0.085099
40,264,22557,244094,0.086216,0.126046
40,265,17271,1575,0.088389,0.090206
40,266,870,26828,0.068866,0.078960
40,267,10906,416,0.053287,0.063555
40,268,3037,66428,0.074072,0.077810
40,269,19426,276917,0.079879,0.081557
40,270,837,749,0.075746,0.084814
40,271,890,314,0.092047,0.093382
40,272,1233,85104,0.068186,0.073197
40,273,2755,139423,0.061500,0.087672
40,274,5150,590,0.063296,0.077075
40,275,0,0,0.000000,0.000000
40,276,5551,4728,0.069401,0.077100
40,277,39647,74477,0.114544,0.153039
40,278,73,1893,0.056320,0.076990
40,279,10414,495844,0.082116,0.099585
40,280,805,177227,0.079185,0.081354
40,281,2347,66406,0.070279,0.091415
40,282,428,63581,0.071192,0.081685
40,283,4382,97766,0.105156,0.121609
40,284,4097,200605,0.068025,0.078849
40,285,26313,60211,0.085784,0.091718
40,286,7502,176405,0.100035,0.093456
40,287,1951,6695,0.054926,0.072779
40,288,68886,374470,0.118066,0.090583
40,289,8980,377556,0.081332,0.093105
40,290,12661,51289,0.095121,0.080810
40,291,58838,166910,0.078927,0.088394
40,292,2230,178823,0.075530,0.106356
40,293,6218,820,0.057392,0.070822
40,294,25734,190410,0.046801,0.103758
40,295,279,204,0.065859,0.067134
40,296,1547,69625,0.075060,0.082389
40,297,694,34319,0.062697,0.068729
40,298,226415,215456,0.127484,0.061964
40,299,12244,352582,0.077685,0.091047
40,300,536,1402,0.061999,0.077438
40,301,196797,533076,0.139347,0.094901
40,302,10718,137457,0.086818,0.105362
40,303,11111,76923,0.091239,0.119766
40,304,38915,107866,0.089780,0.119489
40,305,42728,788717,0.099387,0.131505
40,306,15010,9000,0.098615,0.069174
40,307,7668,80272,0.092981,0.092524
40,308,1077,2716,0.046633,0.067474
40,309,7888,145926,0.090739,0.120740
40,310,6426,68347,0.092735,0.086271
40,311,3708,263447,0.076538,0.083720
40,312,105495,120555,0.106930,0.104338
40,313,1116,163860,0.078313,0.094750
40,314,5279,172995,0.076578,0.081966
40,315,67532,655026,0.127824,0.093579
40,316,24614,382058,0.068130,0.116464
40,317,2821,158318,0.091935,0.099098
40,318,6897,11041,0.081145,0.080224
40,319,85109,1910,0.100790,0.077735
40,320,7388,5173,0.076147,0.078589
40,321,11163,125873,0.083580,0.090179
40,322,1024,24447,0.108971,0.100381
40,323,12753,126023,0.096482,0.111372
40,324,711,134032,0.067582,0.089589
40,325,16418,285711,0.064254,0.083283
40,326,4823,730805,0.074333,0.079054
40,327,26553,602479,0.060957,0.074644
40,328,25439,304619,0.074905,0.121018
40,329,3508,12510,0.093357,0.082606
40,330,10264,81910,0.062918,0.071456
40,331,174690,96685,0.087951,0.079961
40,332,5712,328,0.065485,0.073090
40,333,54886,534216,0.089289,0.098683
40,334,5072,508717,0.128340,0.093665
40,335,58326,87,0.102601,0.082125
40,336,5312,141684,0.113296,0.121983
40,337,19825,184074,0.080264,0.096112
40,338,12349,43079,0.068233,0.081229
40,339,47222,215544,0.109959,0.116198
40,340,74800,219822,0.106725,0.105301
40,341,1203,152,0.095500,0.105790
40,342,3984,19519,0.088959,0.071929
40,343,2177,23525,0.075975,0.067137
40,344,0,0,0.000000,0.000000
40,345,28026,298733,0.080737,0.092890
40,346,20208,103060,0.123266,0.139685
40,347,74519,551943,0.083150,0.107914
40,348,10363,72246,0.107067,0.132720
40,349,539,950,0.070028,0.070293
40,350,283,1195259,0.072644,0.116154
40,351,2493,101050,0.087668,0.111776
40,352,2800,98276,0.073494,0.087510
40,353,3988,18629,0.075545,0.091417
40,354,4610,123640,0.072608,0.090141
40,355,4737,119658,0.082696,0.096760
40,356,13368,979,0.099474,0.075323
40,357,69,48,0.096496,0.085480
40,358,601,5562,0.065225,0.073440
40,359,98466,541405,0.097136,0.113400
40,360,13137,71684,0.105193,0.119951
40,361,24972,10981,0.109186,0.093500
40,362,13764,100192,0.092385,0.115986
40,363,2497,89106,0.071319,0.084103
40,364,4725,141060,0.070065,0.090661
40,365,17822,111742,0.078185,0.092818
40,366,425,64498,0.062012,0.070844
40,367,6095,88435,0.108238,0.111507
40,368,14166,176768,0.108624,0.135148
40,369,221544,744483,0.107714,0.117888
40,370,1190,64425,0.071331,0.079765
40,371,2809,173196,0.075930,0.091561
40,372,4983,60637,0.084362,0.089278
40,373,55,1101,0.064000,0.064457
40,374,3865,25998,0.058138,0.088939
40,375,15544,168792,0.089136,0.091998
40,376,203,28756,0.070267,0.079836
40,377,1558,343012,0.076647,0.128349
40,378,593,13936,0.070248,0.087543
40,379,159,15559,0.073153,0.079147
40,380,1952,219335,0.075737,0.090626
40,381,81463,505006,0.059385,0.106392
40,382,17973,83621,0.103245,0.100559
40,383,261891,1138090,0.123734,0.100564
40,384,0,0,0.000000,0.000000
40,385,236,15495,0.058663,0.068496
40,386,19300,54,0.077617,0.075525
40,387,3657,8943,0.077469,0.071732
40,388,4968,658,0.060735,0.103812
40,389,8236,113585,0.065581,0.081338
40,390,362,75127,0.074016,0.078304
40,391,18319,133421,0.087532,0.102096
40,392,12807,232759,0.066873,0.086222
40,393,881,4,0.043221,0.065796
40,394,22457,115353,0.141257,0.131678
40,395,3928,381695,0.088716,0.106929
40,396,13805,394872,0.069982,0.114532
40,397,1432,6440,0.065073,0.077512
40,398,900,125528,0.073247,0.083154
40,399,81,723416,0.081251,0.111631
40,400,10891,209909,0.081891,0.088287
40,401,4837,123413,0.107009,0.090646
40,402,5263,112033,0.085722,0.089982
40,403,5691,293487,0.078444,0.089433
40,404,4,12961,0.039795,0.074866
40,405,16008,188157,0.099600,0.134683
40,406,1073,255223,0.076787,0.103379
40,407,21431,168699,0.077725,0.096275
40,408,58,7419,0.073225,0.084079
40,409,50752,106430,0.088370,0.084742
40,410,3280,636,0.070899,0.067302
40,411,28898,274636,0.131293,0.101209
40,412,20412,211262,0.106695,0.103896
40,413,225,16863,0.071260,0.070948
40,414,225,4092,0.065328,0.072639
40,415,2111,500211,0.073041,0.085120
40,416,4197,71021,0.106462,0.117037
40,417,3302,165633,0.072175,0.089031
40,418,234648,401815,0.101070,0.088739
40,419,20508,2114,0.098521,0.085950
40,420,4834,49113,0.068525,0.077074
40,421,591,64156,0.065959,0.087577
40,422,7339,138751,0.070500,0.087958
40,423,881,596,0.068099,0.076644
40,424,2739,4242,0.077117,0.079283
40,425,60888,491773,0.089320,0.100413
40,426,732,109969,0.077771,0.085796
40,427,77705,269191,0.121128,0.129404
40,428,5799,125528,0.077193,0.098648
40,429,2779,43811,0.075458,0.095492
40,430,24882,582113,0.085701,0.100995
40,431,118526,38536,0.137086,0.090834
40,432,2557,28981,0.084374,0.092884
40,433,478,15283,0.052873,0.082250
40,434,13246,59647,0.093393,0.096121
40,435,111174,78276,0.078799,0.085663
40,436,3261,54249,0.080584,0.081959
40,437,9678,485683,0.062891,0.080996
40,438,8800,7531,0.084922,0.073767
40,439,9705,65538,0.088705,0.090362
40,440,1687,192046,0.068260,0.086548
40,441,717,191,0.065904,0.073608
40,442,0,0,0.000000,0.000000
40,443,11711,299,0.089004,0.070534
40,444,8014,1556,0.070527,0.071577
40,445,12120,78870,0.093593,0.111068
40,446,0,0,0.000000,0.000000
40,447,8621,78228,0.078944,0.094473
40,448,76687,15,0.058703,0.046069
40,449,6768,58460,0.088016,0.089474
40,450,2710,107992,0.070639,0.090314
40,451,4612,146205,0.073144,0.087901
40,452,63922,700489,0.111473,0.103535
40,453,13299,185736,0.083473,0.100390
40,454,744,1663,0.071236,0.081415
40,455,773,1956,0.061051,0.074027
40,456,34116,215188,0.102201,0.091661
40,457,736,7907,0.084610,0.077742
40,458,3055,3069,0.075457,0.073066
40,459,12852,596,0.086148,0.081820
40,460,52500,133958,0.137079,0.141057
40,461,1919,89185,0.073087,0.089077
40,462,2828,84162,0.105434,0.100411
40,463,42988,538490,0.158715,0.167649
40,464,2984,110855,0.062359,0.087148
40,465,569,6487,0.069729,0.071816
40,466,1416,142260,0.079866,0.093824
40,467,8068,655316,0.060857,0.080054
40,468,0,0,0.000000,0.000000
40,469,3149,22094,0.061898,0.069196
40,470,61609,354427,0.109838,0.144630
40,471,2105,754668,0.068665,0.091902
40,472,2120,45262,0.075680,0.072206
40,473,5446,11793,0.081445,0.073313
40,474,1415,663498,0.071801,0.082947
40,475,3747,73133,0.090303,0.094083
40,476,25025,207898,0.072922,0.086497
40,477,986,11097,0.073208,0.078974
40,478,7225,339401,0.095424,0.103242
40,479,26,6,0.070622,0.067708
40,480,946,4862,0.078048,0.085469
40,481,1,0,0.060547,0.000000
40,482,38,8875,0.078967,0.081905
40,483,0,0,0.000000,0.000000
40,484,2985,4264,0.071431,0.071933
40,485,3022,8606,0.087597,0.084273
40,486,56316,75929,0.080876,0.097196
40,487,1271,26722,0.076061,0.082713
40,488,109839,489195,0.112457,0.104001
40,489,217,208623,0.066338,0.123049
40,490,4549,42446,0.055567,0.074443
40,491,5939,31365,0.129399,0.094786
40,492,3393,89227,0.084623,0.101151
40,493,25312,359340,0.098534,0.096405
40,494,748,11118,0.080140,0.065835
40,495,52482,396802,0.076630,0.185204
40,496,4877,51948,0.070493,0.083330
40,497,46183,25152,0.116481,0.066810
40,498,69390,406967,0.116235,0.113071
40,499,378,1056,0.032899,0.064211
40,500,0,0,0.000000,0.000000
40,501,749,41523,0.067378,0.079259
40,502,258,1295,0.064494,0.062198
40,503,1434,381,0.050131,0.070892
40,504,220,109062,0.085807,0.104312
40,505,1525,99417,0.058147,0.078734
40,506,5286,52056,0.097253,0.087922
40,507,999,156677,0.069644,0.083925
40,508,12150,104608,0.154545,0.188185
40,509,333,28394,0.063727,0.073892
40,510,126580,116296,0.100473,0.081750
40,511,10181,371969,0.070023,0.097838
41,0,17731,211376,nan,nan
41,1,85283,708219,nan,nan
41,2,17731,210738,nan,nan
41,3,108820,474599,nan,nan
41,4,22402,261688,nan,nan
41,5,23575,374842,nan,nan
41,6,17738,210743,nan,nan
41,7,17731,210738,nan,nan
41,8,19346,854783,nan,nan
41,9,62318,619247,nan,nan
41,10,698,38731,0.064656,0.077597
41,11,35142,78220,0.078392,0.099935
41,12,39953,245275,0.097314,0.098586
41,13,341,90475,0.056306,0.070273
41,14,0,0,0.000000,0.000000
41,15,20625,79284,0.069924,0.075299
41,16,10556,471725,0.086115,0.088577
41,17,4380,142891,0.075879,0.077767
41,18,25950,436489,0.101481,0.099979
41,19,645,22182,0.077464,0.078777
41,20,3282,7222,0.067280,0.068365
41,21,2923,14990,0.080881,0.068041
41,22,1677,143677,0.068766,0.074104
41,23,25153,332791,0.077665,0.092174
41,24,204899,456710,0.122165,0.111430
41,25,0,0,0.000000,0.000000
41,26,5495,379679,0.081176,0.086217
41,27,3283,33922,0.060808,0.071780
41,28,48899,1103204,0.089460,0.090284
41,29,7824,21636,0.083773,0.086571
41,30,16011,34211,0.098763,0.060469
41,31,25239,147012,0.148998,0.175245
41,32,71744,558706,0.085879,0.085833
41,33,25343,440109,0.072880,0.079666
41,34,52802,396392,0.073424,0.105583
41,35,5357,9707,0.114170,0.089331
41,36,26121,369432,0.108205,0.097413
41,37,3,0,0.072021,0.000000
41,38,2095,178628,0.078007,0.084904
41,39,16888,272758,0.074721,0.089852
41,40,1695,4579,0.068880,0.063301
41,41,419,755,0.077762,0.062322
41,42,32192,13112,0.152801,0.089261
41,43,666,3093,0.071958,0.063659
41,44,143,260,0.068914,0.063617
41,45,8406,106864,0.110823,0.103690
41,46,35958,485003,0.094910,0.115646
41,47,0,0,0.000000,0.000000
41,48,1690,16789,0.065589,0.065385
41,49,85258,528527,0.118831,0.127098
41,50,16733,28023,0.082958,0.075241
41,51,7626,17941,0.088902,0.078336
41,52,58120,198156,0.166058,0.123039
41,53,15946,591020,0.081600,0.126305
41,54,862,1454,0.070433,0.051173
41,55,42506,280443,0.117852,0.113476
41,56,4512,57493,0.068115,0.078210
41,57,280,22272,0.068606,0.064616
41,58,7241,54334,0.131122,0.112977
41,59,358,2162,0.061911,0.065861
41,60,1853,734414,0.060079,0.103858
41,61,4977,78289,0.098095,0.092831
41,62,925,659265,0.071760,0.092561
41,63,20985,2000,0.061444,0.069965
41,64,10074,75275,0.104949,0.101669
41,65,25602,123284,0.156441,0.148790
41,66,49981,678216,0.084899,0.093300
41,67,17439,38786,0.057829,0.073149
41,68,267,25072,0.066316,0.073966
41,69,44595,254352,0.089417,0.104630
41,70,66259,481866,0.097978,0.095227
41,71,8906,60106,0.098687,0.086736
41,72,1366,295306,0.078732,0.095481
41,73,9833,310579,0.078426,0.068991
41,74,66458,715656,0.084268,0.095232
41,75,181,14328,0.078427,0.077621
41,76,33218,80701,0.092024,0.083857
41,77,774,5257,0.069418,0.064652
41,78,19377,109992,0.131996,0.135250
41,79,6022,99787,0.110761,0.112892
41,80,6670,145091,0.056625,0.094498
41,81,14692,3453,0.057068,0.072301
41,82,121377,59140,0.163293,0.056804
41,83,89810,20644,0.073485,0.087476
41,84,13068,208282,0.072759,0.087155
41,85,2835,15112,0.054863,0.048206
41,86,53815,102566,0.068816,0.073728
41,87,6997,131752,0.070421,0.079966
41,88,813,8209,0.065970,0.060471
41,89,4218,435985,0.083227,0.095848
41,90,7474,5412,0.076009,0.078011
41,91,974,22413,0.065781,0.065227
41,92,9360,98791,0.121818,0.134385
41,93,27463,205096,0.094545,0.101512
41,94,7514,103990,0.085985,0.087954
41,95,0,0,0.000000,0.000000
41,96,4530,48540,0.081892,0.082927
41,97,3809,430602,0.085094,0.108221
41,98,1271,1730,0.097434,0.081834
41,99,75,984,0.064004,0.066509
41,100,1671,91144,0.077436,0.090595
41,101,248,511,0.077371,0.075229
41,102,2659,161985,0.083002,0.091223
41,103,18649,7693,0.050969,0.067566
41,104,5054,36471,0.071070,0.072418
41,105,7866,4485,0.074474,0.066326
41,106,2715,65035,0.065396,0.081414
41,107,18726,124788,0.090120,0.098169
41,108,1194,721,0.053773,0.072294
41,109,41941,1042198,0.092122,0.103576
41,110,103,68727,0.069329,0.078728
41,111,20740,25788,0.062966,0.077064
41,112,8464,73728,0.059414,0.076859
41,113,36,45,0.050096,0.062131
41,114,10978,65587,0.088198,0.085659
41,115,115764,427033,0.127738,0.074595
41,116,140229,565381,0.099998,0.100779
41,117,35,12,0.063327,0.052795
41,118,27854,92121,0.125834,0.099410
41,119,22920,128971,0.105747,0.086798
41,120,14294,132396,0.101891,0.086741
41,121,1297,182100,0.078572,0.091548
41,122,3308,16406,0.074751,0.068167
41,123,37,1,0.049956,0.033447
41,124,1899,3530,0.052227,0.065492
41,125,16504,221876,0.063613,0.069732
41,126,903,50282,0.076435,0.078613
41,127,551,1086,0.072017,0.068949
41,128,107,16546,0.064062,0.079989
41,129,32919,184941,0.071993,0.075548
41,130,0,0,0.000000,0.000000
41,131,430,643,0.065371,0.075754
41,132,15056,5745,0.064909,0.061140
41,133,15300,495252,0.075566,0.091659
41,134,3732,520,0.093257,0.085763
41,135,5692,1017,0.071395,0.073052
41,136,124843,1061772,0.155583,0.159500
41,137,25137,664,0.089068,0.072917
41,138,15972,137517,0.097209,0.121717
41,139,3708,2122,0.058856,0.065164
41,140,28923,110888,0.097403,0.097489
41,141,64173,799252,0.068547,0.101220
41,142,9278,130809,0.137304,0.101011
41,143,0,1,0.000000,0.064941
41,144,10709,115015,0.101419,0.108775
41,145,76139,118855,0.095232,0.107659
41,146,445,33195,0.085140,0.078524
41,147,3275,325292,0.080586,0.085783
41,148,7420,18437,0.090711,0.081579
41,149,1473,203504,0.068805,0.098543
41,150,1602,140722,0.070944,0.079458
41,151,4498,156739,0.108493,0.142567
41,152,4439,76266,0.103712,0.084110
41,153,15745,159070,0.107046,0.121430
41,154,15869,101389,0.130920,0.113496
41,155,1245,133465,0.078675,0.067597
41,156,197620,33156,0.106878,0.070137
41,157,17702,776,0.107107,0.088826
41,158,91542,733191,0.085060,0.109620
41,159,54030,262304,0.117298,0.159174
41,160,19051,68973,0.072372,0.086325
41,161,42519,67017,0.065573,0.084638
41,162,41,938,0.057051,0.060491
41,163,153,1819,0.064818,0.067359
41,164,458,175858,0.074356,0.083025
41,165,889,899,0.064054,0.064964
41,166,8241,154496,0.077850,0.081249
41,167,51,60,0.083455,0.059078
41,168,42969,178053,0.112155,0.118137
41,169,11230,30225,0.074670,0.070364
41,170,141264,162824,0.130584,0.118620
41,171,8341,167137,0.057442,0.091586
41,172,5455,274242,0.092554,0.100369
41,173,3240,7664,0.080806,0.086557
41,174,14448,2817,0.072147,0.082646
41,175,17,7,0.075899,0.073277
41,176,18172,184831,0.100938,0.121109
41,177,19785,315179,0.125273,0.096782
41,178,48985,273780,0.068257,0.070430
41,179,745,40651,0.062939,0.069151
41,180,6064,111104,0.079977,0.111174
41,181,4740,349236,0.083565,0.098701
41,182,180,3268,0.078229,0.071131
41,183,1484,69531,0.077846,0.080689
41,184,61,2051,0.078099,0.057086
41,185,7797,39356,0.097436,0.090569
41,186,30126,193158,0.084232,0.084878
41,187,459,11299,0.065251,0.076230
41,188,37275,179776,0.061544,0.089709
41,189,21478,214092,0.099549,0.128209
41,190,9753,76719,0.080630,0.090891
41,191,28645,294870,0.096358,0.089989
41,192,8430,194128,0.142192,0.127644
41,193,14041,169864,0.094217,0.090590
41,194,5583,298229,0.081766,0.088359
41,195,6793,2415,0.047341,0.032314
41,196,12750,64110,0.147303,0.148062
41,197,60,14646,0.066711,0.069713
41,198,9236,291,0.066124,0.065033
41,199,0,0,0.000000,0.000000
41,200,47078,249602,0.123431,0.110099
41,201,523,117938,0.073926,0.091190
41,202,6211,6881,0.092614,0.100764
41,203,30995,306347,0.077606,0.123965
41,204,11986,87372,0.078424,0.089828
41,205,10940,17088,0.082679,0.073582
41,206,237428,117830,0.077519,0.077285
41,207,99675,235468,0.094745,0.096677
41,208,6336,276345,0.076770,0.078989
41,209,2484,227441,0.066698,0.081974
41,210,163,2050,0.076512,0.054715
41,211,10392,73729,0.074727,0.088740
41,212,14625,81493,0.131728,0.138860
41,213,8124,298661,0.114239,0.145849
41,214,4516,100491,0.075195,0.088021
41,215,58489,351187,0.100682,0.113818
41,216,2746,57233,0.063498,0.061554
41,217,41992,22091,0.118806,0.085181
41,218,196,6878,0.063637,0.072134
41,219,10545,208349,0.091281,0.095449
41,220,1309,1470,0.083192,0.080846
41,221,0,2,0.000000,0.044189
41,222,2406,144489,0.071466,0.075866
41,223,248,8974,0.069194,0.075831
41,224,7391,83629,0.071392,0.080955
41,225,1527,176055,0.077048,0.085335
41,226,3042,53383,0.066089,0.079106
41,227,0,0,0.000000,0.000000
41,228,716,1826,0.076349,0.065849
41,229,16635,171234,0.097830,0.095330
41,230,11990,142662,0.087794,0.082811
41,231,98968,433292,0.097970,0.100610
41,232,4538,69,0.059500,0.077414
41,233,18374,215290,0.102008,0.110077
41,234,12476,72212,0.100163,0.096877
41,235,12333,105802,0.107254,0.103365
41,236,2904,548011,0.081972,0.102097
41,237,4054,101524,0.072047,0.072295
41,238,190165,61801,0.162246,0.087025
41,239,10234,56559,0.078961,0.091555
41,240,1225,282816,0.078356,0.080016
41,241,8641,65579,0.070147,0.057541
41,242,7281,177512,0.097859,0.120872
41,243,73489,694881,0.087768,0.089850
41,244,30016,136341,0.120225,0.087808
41,245,953,6084,0.068595,0.076913
41,246,399,2114,0.052652,0.072593
41,247,20680,309508,0.087860,0.098013
41,248,2885,262091,0.073667,0.089039
41,249,2544,57633,0.083377,0.088240
41,250,20210,104664,0.080407,0.079207
41,251,4762,94377,0.067971,0.073437
41,252,197,1424,0.059957,0.068559
41,253,6,637,0.051432,0.060617
41,254,3911,2250,0.078175,0.069832
41,255,4768,22349,0.102614,0.089094
41,256,36,87,0.081584,0.065845
41,257,186263,432105,0.109680,0.122412
41,258,66,148,0.051456,0.056547
41,259,1846,9226,0.091008,0.090314
41,260,1322,244117,0.064045,0.079818
41,261,848,3198,0.062238,0.067641
41,262,2474,3842,0.071996,0.065578
41,263,500,116398,0.072608,0.078568
41,264,155,2456,0.063797,0.064397
41,265,219,3502,0.063577,0.061351
41,266,2467,5174,0.110832,0.088770
41,267,0,3,0.000000,0.065918
41,268,30,11,0.061621,0.062589
41,269,24009,143268,0.082351,0.086561
41,270,19540,167483,0.134205,0.147653
41,271,5020,301055,0.068427,0.077007
41,272,10146,385,0.079966,0.077109
41,273,385,90520,0.064361,0.083789
41,274,0,0,0.000000,0.000000
41,275,7777,124422,0.052425,0.143146
41,276,4430,24972,0.075502,0.062516
41,277,15691,398148,0.073355,0.084816
41,278,95383,189744,0.099441,0.102943
41,279,8975,57232,0.098678,0.102668
41,280,143,104,0.072131,0.067468
41,281,1937,151406,0.076875,0.093144
41,282,6535,337531,0.074462,0.088372
41,283,22050,216405,0.087051,0.098629
41,284,10204,130823,0.084578,0.102179
41,285,56019,95,0.093211,0.079447
41,286,2068,69834,0.080928,0.079749
41,287,6732,20518,0.079155,0.067490
41,288,7371,116498,0.092535,0.082773
41,289,229,2342,0.061272,0.059981
41,290,50352,432319,0.077642,0.096014
41,291,3460,69655,0.070827,0.099514
41,292,87,39,0.049311,0.070081
41,293,6334,105485,0.069116,0.084227
41,294,2175,6613,0.081977,0.070485
41,295,6115,23707,0.128362,0.090161
41,296,8821,169138,0.082711,0.081011
41,297,134494,233956,0.130568,0.110775
41,298,2308,207188,0.069957,0.075763
41,299,15088,83546,0.102716,0.119102
41,300,14878,65717,0.052845,0.066590
41,301,9115,664,0.067525,0.123333
41,302,11599,31160,0.095941,0.087055
41,303,83213,299038,0.141037,0.171097
41,304,3376,283600,0.076833,0.085854
41,305,6117,7307,0.091658,0.083267
41,306,538,92040,0.068017,0.074668
41,307,7411,123130,0.074658,0.090538
41,308,58337,487690,0.103953,0.102220
41,309,13069,140991,0.135236,0.084413
41,310,418175,501290,0.118505,0.086227
41,311,13521,150443,0.095127,0.086312
41,312,2356,273980,0.105960,0.116244
41,313,21591,261922,0.076131,0.099883
41,314,70909,23694,0.068042,0.074081
41,315,92390,136061,0.068782,0.074499
41,316,53046,298654,0.119761,0.114832
41,317,2398,61714,0.072388,0.082180
41,318,0,0,0.000000,0.000000
41,319,45037,750701,0.074387,0.099384
41,320,2666,18260,0.098131,0.091789
41,321,10119,232222,0.088839,0.096775
41,322,579,22340,0.065750,0.060007
41,323,9591,52058,0.093253,0.093635
41,324,16,14109,0.061028,0.085344
41,325,11857,143427,0.093301,0.081684
41,326,6395,266402,0.076374,0.096759
41,327,102325,453444,0.099703,0.101191
41,328,577,4223,0.059469,0.073005
41,329,1051,18236,0.068906,0.074901
41,330,48865,275146,0.116845,0.140169
41,331,8573,40319,0.108698,0.100619
41,332,10521,117119,0.148244,0.119933
41,333,10836,141576,0.078040,0.086979
41,334,8809,1322,0.104313,0.092660
41,335,54249,337803,0.087063,0.096750
41,336,3988,150079,0.080922,0.114693
41,337,47912,369963,0.086957,0.083434
41,338,6447,136879,0.079300,0.096181
41,339,32400,196842,0.064081,0.074716
41,340,6114,183133,0.106522,0.163175
41,341,11746,107314,0.060002,0.071056
41,342,8473,36744,0.101381,0.083312
41,343,2779,42487,0.067986,0.087959
41,344,1497,108178,0.077697,0.082277
41,345,4572,317306,0.082387,0.090227
41,346,10478,151549,0.068307,0.085229
41,347,8147,47424,0.076009,0.081886
41,348,26796,433059,0.080512,0.098519
41,349,10635,80034,0.096592,0.109631
41,350,14327,95421,0.109353,0.121089
41,351,113,8582,0.075597,0.074086
41,352,16541,141411,0.104629,0.090892
41,353,27,1246,0.078365,0.080977
41,354,8033,223,0.080113,0.059167
41,355,1580,41845,0.071195,0.075889
41,356,2271,125,0.057317,0.070326
41,357,81958,498138,0.094610,0.109507
41,358,14595,34107,0.098246,0.080579
41,359,0,0,0.000000,0.000000
41,360,6313,227234,0.135549,0.134702
41,361,534,1352,0.074931,0.069839
41,362,3046,88,0.073596,0.082076
41,363,25796,247827,0.079197,0.095627
41,364,0,0,0.000000,0.000000
41,365,3886,46244,0.078469,0.094181
41,366,4807,12077,0.111391,0.084664
41,367,216,290,0.063429,0.071367
41,368,0,6,0.000000,0.074870
41,369,21154,1123,0.093163,0.079768
41,370,37192,98041,0.082607,0.093972
41,371,0,47,0.000000,0.062975
41,372,13318,139155,0.067260,0.073342
41,373,1291,283241,0.079164,0.083443
41,374,8474,401747,0.081147,0.097376
41,375,18871,147354,0.192816,0.202340
41,376,6810,27309,0.070539,0.077600
41,377,12508,102535,0.082852,0.080423
41,378,55879,588558,0.078696,0.094972
41,379,69,67,0.066309,0.072889
41,380,376,27160,0.061495,0.074977
41,381,41616,405006,0.102491,0.145473
41,382,4192,105897,0.100052,0.103776
41,383,11944,102062,0.137006,0.182090
41,384,17266,421073,0.088310,0.098658
41,385,205,625,0.089469,0.071549
41,386,808,1153,0.063032,0.058570
41,387,48694,501701,0.080365,0.087673
41,388,411,27073,0.074636,0.088579
41,389,85734,762143,0.113581,0.125270
41,390,22452,499864,0.100894,0.101544
41,391,69817,445998,0.068111,0.084658
41,392,19861,437,0.101864,0.077960
41,393,20197,20609,0.075568,0.085414
41,394,23520,224701,0.082450,0.095384
41,395,15481,177053,0.101762,0.119912
41,396,722,64869,0.063188,0.074752
41,397,33148,947,0.087443,0.068206
41,398,655,72940,0.070104,0.079593
41,399,35381,221005,0.115513,0.098097
41,400,5284,58428,0.099974,0.108936
41,401,1943,626,0.074105,0.074753
41,402,55239,526588,0.111734,0.094969
41,403,1,6368,0.084473,0.084336
41,404,19719,205424,0.104682,0.115926
41,405,3240,3506,0.079366,0.066911
41,406,6085,148104,0.076989,0.078139
41,407,24247,85,0.074032,0.064121
41,408,3073,4558,0.085510,0.081240
41,409,11893,96827,0.090252,0.089694
41,410,222,2550,0.064807,0.060386
41,411,3048,140579,0.068088,0.071540
41,412,24680,217381,0.084562,0.106459
41,413,23993,158461,0.073017,0.086926
41,414,4796,373922,0.078104,0.086945
41,415,99104,697580,0.100750,0.099803
41,416,28596,183431,0.081816,0.093322
41,417,922,99966,0.086583,0.087939
41,418,7821,6,0.074430,0.049927
41,419,32134,535014,0.068549,0.080848
41,420,11694,121838,0.087812,0.114956
41,421,109719,494089,0.105479,0.124605
41,422,4721,215441,0.078632,0.086819
41,423,10444,291713,0.076151,0.088163
41,424,2658,240113,0.082989,0.087512
41,425,816,9449,0.071994,0.072517
41,426,30704,46540,0.088175,0.077330
41,427,1566,39626,0.080282,0.080466
41,428,105,131,0.082307,0.070141
41,429,214204,1216610,0.091025,0.093293
41,430,8390,420,0.121794,0.084622
41,431,31755,197660,0.136299,0.103413
41,432,2387,16984,0.087461,0.093305
41,433,41325,573807,0.080893,0.103571
41,434,0,0,0.000000,0.000000
41,435,9875,1535269,0.084316,0.099272
41,436,1619,76210,0.072670,0.083097
41,437,16312,243202,0.093180,0.112538
41,438,6,2262,0.078369,0.079787
41,439,20521,224222,0.098337,0.102126
41,440,16206,173217,0.126859,0.126248
41,441,20723,121287,0.098099,0.084741
41,442,3127,128062,0.082530,0.081052
41,443,657,39113,0.083469,0.082867
41,444,3510,84847,0.079017,0.083800
41,445,52078,372461,0.106770,0.102084
41,446,1720,38852,0.060445,0.080201
41,447,7919,183488,0.053642,0.108308
41,448,571,967,0.078888,0.074315
41,449,628,339,0.078308,0.073728
41,450,3865,112648,0.071593,0.077388
41,451,1216,41292,0.085935,0.077334
41,452,7132,39072,0.084448,0.086668
41,453,12132,184431,0.104302,0.143363
41,454,7041,23288,0.074868,0.078064
41,455,8681,41,0.066644,0.072260
41,456,12943,44175,0.093068,0.113613
41,457,0,0,0.000000,0.000000
41,458,94,1125,0.076634,0.058910
41,459,1946,33132,0.077228,0.082253
41,460,52775,265786,0.105105,0.104845
41,461,101355,100238,0.084958,0.080970
41,462,14,1667,0.059326,0.066559
41,463,74456,89655,0.076776,0.081930
41,464,50457,499980,0.078394,0.094030
41,465,58,903,0.089802,0.084608
41,466,1092,71353,0.077316,0.074059
41,467,0,0,0.000000,0.000000
41,468,4191,525980,0.084602,0.090281
41,469,25201,109170,0.089288,0.087498
41,470,3530,58463,0.077175,0.095080
41,471,8533,76312,0.070927,0.079703
41,472,57,460,0.060024,0.067301
41,473,203,13230,0.060032,0.064308
41,474,554,343,0.081734,0.069938
41,475,21782,905,0.102878,0.083589
41,476,56971,87516,0.087339,0.086584
41,477,27319,205452,0.114211,0.130890
41,478,39751,1140199,0.096116,0.102633
41,479,11840,216006,0.104968,0.113377
41,480,3573,22307,0.082181,0.064689
41,481,4246,821743,0.077916,0.078869
41,482,49,3216,0.059361,0.067698
41,483,4872,153,0.081156,0.065196
41,484,26699,274785,0.086270,0.084115
41,485,13014,48432,0.088943,0.084812
41,486,1196,58493,0.093980,0.085206
41,487,7769,337949,0.079644,0.087229
41,488,5360,147486,0.069181,0.143241
41,489,1253,539575,0.060629,0.075342
41,490,4201,100480,0.091550,0.117176
41,491,0,0,0.000000,0.000000
41,492,37621,318413,0.115230,0.106871
41,493,221,1995,0.061027,0.072140
41,494,34614,425995,0.085409,0.094505
41,495,95,9329,0.061180,0.065440
41,496,8768,94448,0.094758,0.096382
41,497,1521,63322,0.070913,0.079096
41,498,13249,35289,0.081987,0.064650
41,499,4861,10873,0.081865,0.073879
41,500,36422,290715,0.246132,0.222660
41,501,8075,344250,0.064283,0.073348
41,502,575,27,0.107166,0.050926
41,503,20543,71304,0.083063,0.097845
41,504,818,30063,0.060251,0.079792
41,505,622,2991,0.080563,0.069043
41,506,1325,7925,0.065517,0.066972
41,507,25469,1022542,0.092011,0.099787
41,508,5895,33384,0.077814,0.087123
41,509,66097,291227,0.113214,0.148630
41,510,1231,54428,0.066566,0.077390
41,511,18632,135505,0.147905,0.116877
42,0,35798,390421,nan,nan
42,1,25895,372591,nan,nan
42,2,30174,304237,nan,nan
42,3,32436,294397,nan,nan
42,4,40737,432095,nan,nan
42,5,140414,747333,nan,nan
42,6,21799,314365,nan,nan
42,7,117837,1000167,nan,nan
42,8,21462,473813,nan,nan
42,9,17944,210948,nan,nan
42,10,0,0,0.000000,0.000000
42,11,30149,379568,0.061822,0.081190
42,12,11344,127732,0.114964,0.115863
42,13,26647,131355,0.067067,0.063730
42,14,13723,190489,0.092750,0.111973
42,15,224,12736,0.076807,0.076300
42,16,3423,14,0.070761,0.061122
42,17,632,65533,0.062882,0.067892
42,18,1601,116816,0.070139,0.070300
42,19,61738,32615,0.117964,0.092869
42,20,7732,264056,0.059503,0.076242
42,21,171930,637257,0.109103,0.098246
42,22,78855,347315,0.090060,0.094460
42,23,1094,50444,0.081069,0.076302
42,24,21954,147932,0.079380,0.113739
42,25,7648,640030,0.121664,0.085913
42,26,2855,160997,0.073679,0.077144
42,27,273427,771033,0.120875,0.116816
42,28,883,109676,0.070872,0.073931
42,29,2664,88158,0.081118,0.098397
42,30,0,0,0.000000,0.000000
42,31,50432,513395,0.073471,0.073736
42,32,36848,509832,0.100541,0.099954
42,33,988,218925,0.060446,0.081933
42,34,872,7033,0.065318,0.062015
42,35,8543,84094,0.078123,0.095024
42,36,23,12,0.073104,0.072347
42,37,9988,121334,0.101404,0.139421
42,38,30475,292724,0.091723,0.084004
42,39,61361,149474,0.098140,0.083990
42,40,14858,179362,0.103722,0.093919
42,41,0,0,0.000000,0.000000
42,42,10799,289323,0.071425,0.084626
42,43,1718,40250,0.053968,0.057873
42,44,1295,87829,0.071360,0.080968
42,45,0,0,0.000000,0.000000
42,46,15,71,0.052197,0.065952
42,47,543,1210,0.081782,0.067267
42,48,489,38210,0.066642,0.077613
42,49,5,69,0.052197,0.061364
42,50,50377,394209,0.097058,0.112925
42,51,39951,281706,0.108902,0.117914
42,52,136764,439127,0.109046,0.106866
42,53,6508,166326,0.092937,0.111644
42,54,125391,52335,0.093020,0.071925
42,55,36178,295983,0.058324,0.118456
42,56,11168,149139,0.080569,0.089364
42,57,885,2140,0.069618,0.067218
42,58,435,18649,0.074922,0.081757
42,59,27919,200699,0.082202,0.085635
42,60,34766,189022,0.095897,0.092590
42,61,59254,390645,0.091959,0.111124
42,62,1111,5907,0.059190,0.058349
42,63,53378,24608,0.096213,0.068132
42,64,65484,202377,0.101951,0.090278
42,65,51975,1185169,0.070594,0.095204
42,66,64688,590117,0.091756,0.098164
42,67,1613,9723,0.053986,0.067987
42,68,38674,1099111,0.071374,0.073777
42,69,0,0,0.000000,0.000000
42,70,3317,445,0.098271,0.079177
42,71,1184,95,0.065761,0.054347
42,72,152586,1253749,0.101492,0.087386
42,73,269,19772,0.070696,0.061703
42,74,683,280,0.078015,0.075168
42,75,5076,252329,0.088577,0.189398
42,76,5211,47,0.062592,0.067040
42,77,2236,1601,0.045323,0.053594
42,78,9748,55699,0.080106,0.053818
42,79,441,27969,0.076152,0.066266
42,80,15571,41095,0.070641,0.070352
42,81,17723,336028,0.069734,0.070177
42,82,1001,14120,0.067551,0.067001
42,83,3056,58863,0.054514,0.061645
42,84,3794,2103,0.111441,0.087058
42,85,13884,502356,0.081247,0.083286
42,86,341,344,0.088872,0.078788
42,87,21869,418272,0.077507,0.092441
42,88,7706,42,0.073794,0.073152
42,89,104,35,0.071329,0.065116
42,90,0,0,0.000000,0.000000
42,91,432,41108,0.067889,0.065752
42,92,5807,136298,0.078003,0.076920
42,93,12127,177150,0.111019,0.096329
42,94,6817,124116,0.086547,0.098371
42,95,2544,216596,0.091242,0.100925
42,96,8818,610189,0.080226,0.086293
42,97,16905,183966,0.078209,0.090827
42,98,43849,457113,0.163678,0.163939
42,99,11603,127030,0.096184,0.115606
42,100,2,33,0.049194,0.056496
42,101,57875,235203,0.096027,0.111897
42,102,138881,935273,0.118124,0.096173
42,103,29272,245429,0.098498,0.108980
42,104,1451,2596,0.076412,0.062328
42,105,21957,176043,0.086092,0.098357
42,106,5523,27125,0.056492,0.061436
42,107,3,44,0.059082,0.053972
42,108,8924,105272,0.109977,0.118238
42,109,4930,18757,0.065028,0.060978
42,110,7262,160444,0.093696,0.079943
42,111,9335,301873,0.064918,0.075192
42,112,10315,9176,0.067051,0.059839
42,113,58794,79674,0.078053,0.096848
42,114,0,0,0.000000,0.000000
42,115,1073,132261,0.077486,0.079224
42,116,5238,89497,0.058833,0.063698
42,117,23961,697,0.081934,0.082783
42,118,1991,4498,0.080456,0.076192
42,119,8443,19765,0.079539,0.073475
42,120,103374,125244,0.114422,0.098580
42,121,71,16787,0.063403,0.067203
42,122,892,3292,0.075330,0.079260
42,123,6776,46,0.073599,0.089573
42,124,103988,9645,0.144944,0.058660
42,125,9,1,0.063341,0.037354
42,126,4529,22291,0.080025,0.074844
42,127,27,6,0.060176,0.057617
42,128,7200,54840,0.138656,0.131209
42,129,395,3572,0.053345,0.054160
42,130,24,2,0.097707,0.057251
42,131,4339,46727,0.087887,0.082887
42,132,5565,59432,0.069613,0.073804
42,133,3682,35024,0.064908,0.072180
42,134,67738,154938,0.140750,0.092176
42,135,667,1357,0.054636,0.057055
42,136,18670,96883,0.114995,0.066830
42,137,3,1,0.059977,0.055176
42,138,187,145,0.065475,0.060081
42,139,20772,161792,0.078215,0.104992
42,140,3915,27980,0.103251,0.095250
42,141,3384,181913,0.075224,0.084174
42,142,12868,169875,0.070050,0.074052
42,143,19792,338660,0.125103,0.131368
42,144,4608,226115,0.093653,0.124100
42,145,252,9127,0.069023,0.075702
42,146,11006,1335,0.086729,0.098911
42,147,808,49766,0.053775,0.058357
42,148,2167,1717,0.068390,0.068341
42,149,134232,493596,0.109467,0.118407
42,150,2115,83896,0.073076,0.073406
42,151,11277,2019771,0.067759,0.084972
42,152,19422,116658,0.125910,0.142783
42,153,1441,3588,0.076832,0.063455
42,154,5451,280565,0.061149,0.065615
42,155,6630,146457,0.103228,0.132582
42,156,5731,13552,0.088336,0.080804
42,157,2146,55105,0.070972,0.067545
42,158,355,107329,0.068863,0.070292
42,159,17368,390743,0.075917,0.083880
42,160,37,9254,0.079748,0.080525
42,161,1807,88649,0.049602,0.065513
42,162,645,15103,0.064642,0.056095
42,163,197,2598,0.074548,0.054700
42,164,15658,419095,0.092293,0.090144
42,165,5155,14256,0.075385,0.059813
42,166,5596,442,0.097363,0.100353
42,167,375,23872,0.078595,0.075238
42,168,1351,190784,0.072024,0.078016
42,169,220,97,0.069191,0.064984
42,170,2877,61696,0.074648,0.073599
42,171,4,768,0.043457,0.045447
42,172,5329,75885,0.070080,0.072605
42,173,14100,167593,0.111248,0.104050
42,174,0,0,0.000000,0.000000
42,175,4349,483112,0.068870,0.076509
42,176,127434,4821,0.112028,0.084411
42,177,14869,129207,0.074376,0.125483
42,178,2267,91431,0.074598,0.076299
42,179,117666,880394,0.122593,0.127373
42,180,11084,28396,0.082173,0.078522
42,181,1008,65251,0.069540,0.072919
42,182,0,0,0.000000,0.000000
42,183,4482,207975,0.158154,0.132819
42,184,15851,800,0.101191,0.081859
42,185,2190,104584,0.077300,0.087976
42,186,643,129343,0.066411,0.070002
42,187,223,35,0.060656,0.051549
42,188,38095,94947,0.082410,0.091462
42,189,35,5345,0.079004,0.078363
42,190,43291,109232,0.091368,0.092696
42,191,253,78,0.062723,0.062394
42,192,36577,166605,0.065028,0.086426
42,193,585,495,0.054678,0.065823
42,194,11770,747517,0.081018,0.086120
42,195,5162,13229,0.059635,0.076912
42,196,41656,312080,0.108141,0.125279
42,197,3018,1539,0.074894,0.061174
42,198,104666,94816,0.112359,0.118374
42,199,74047,190143,0.100261,0.097621
42,200,29021,69227,0.068017,0.121250
42,201,5181,97504,0.094942,0.093430
42,202,6,13,0.064779,0.056641
42,203,7,188,0.044224,0.046633
42,204,1011,161054,0.075900,0.076693
42,205,25069,146823,0.128435,0.146514
42,206,29615,254116,0.111638,0.103105
42,207,1350,280511,0.081838,0.088096
42,208,13688,175578,0.072489,0.070019
42,209,14774,205675,0.090790,0.069324
42,210,33,9516,0.080189,0.080521
42,211,8918,91440,0.087257,0.097092
42,212,2732,15653,0.072297,0.072395
42,213,2,13,0.061035,0.063899
42,214,2533,31825,0.097527,0.096533
42,215,18688,113689,0.087517,0.075775
42,216,83904,567674,0.110030,0.123128
42,217,49069,381494,0.103736,0.131135
42,218,24837,131083,0.177089,0.165416
42,219,16095,50513,0.107312,0.116278
42,220,4116,28135,0.107678,0.102160
42,221,2208,68938,0.080764,0.097300
42,222,7029,120234,0.066967,0.067539
42,223,0,46,0.000000,0.059761
42,224,36578,527119,0.073256,0.087913
42,225,62,719,0.061145,0.068388
42,226,3264,52632,0.083094,0.070035
42,227,2393,34455,0.080520,0.072343
42,228,2668,293295,0.082212,0.081070
42,229,21306,135920,0.084150,0.100806
42,230,3453,6874,0.071350,0.074613
42,231,56,12548,0.055265,0.071713
42,232,0,0,0.000000,0.000000
42,233,234628,289170,0.076348,0.066657
42,234,119515,900399,0.106857,0.114352
42,235,1146,11508,0.074930,0.076271
42,236,3974,10173,0.078075,0.076272
42,237,569,18350,0.088204,0.079200
42,238,497,29281,0.060740,0.062302
42,239,15632,358580,0.087767,0.099898
42,240,0,0,0.000000,0.000000
42,241,4129,14969,0.064204,0.060723
42,242,8989,627368,0.072972,0.083659
42,243,199,90073,0.076499,0.081919
42,244,46851,149984,0.156845,0.151688
42,245,15947,519,0.090443,0.076322
42,246,635,7919,0.064901,0.068702
42,247,13992,124067,0.103670,0.085060
42,248,512,2757,0.059132,0.064182
42,249,5502,92310,0.079757,0.084941
42,250,1,1,0.022095,0.057861
42,251,6494,320786,0.093111,0.120865
42,252,7664,5612,0.076461,0.077662
42,253,650,24131,0.065750,0.074237
42,254,9265,137084,0.122329,0.104417
42,255,4562,328996,0.085916,0.097843
42,256,6888,8430,0.075686,0.073131
42,257,493,75706,0.077014,0.079073
42,258,1952,69837,0.075477,0.074125
42,259,4668,236950,0.085113,0.086626
42,260,11706,2315,0.083335,0.062325
42,261,0,0,0.000000,0.000000
42,262,5422,4168,0.091712,0.088343
42,263,14215,112014,0.137874,0.137590
42,264,79,2218,0.070275,0.056057
42,265,18460,250893,0.073300,0.077572
42,266,8242,124776,0.075429,0.083887
42,267,34382,304499,0.090242,0.102863
42,268,580,1246,0.069089,0.064918
42,269,15769,169641,0.132080,0.075773
42,270,61953,186763,0.098046,0.090119
42,271,12255,511,0.075620,0.080763
42,272,43493,242744,0.124536,0.091908
42,273,38,1121,0.063444,0.062798
42,274,12792,63869,0.069373,0.064799
42,275,2355,817,0.076039,0.077316
42,276,24655,301882,0.101723,0.118819
42,277,3040,298718,0.077004,0.083085
42,278,35064,340710,0.082605,0.090607
42,279,976,899712,0.072592,0.122834
42,280,43495,961382,0.114370,0.110250
42,281,66101,156880,0.123901,0.170591
42,282,71299,603338,0.069795,0.101094
42,283,752,355836,0.076915,0.108741
42,284,419,814,0.072525,0.064199
42,285,51067,474189,0.145716,0.176952
42,286,178,92,0.045574,0.049653
42,287,221,184,0.081352,0.080014
42,288,20595,33269,0.057383,0.088921
42,289,111779,418145,0.095815,0.092476
42,290,1237,54802,0.078806,0.084046
42,291,22880,111,0.079106,0.073515
42,292,298,251,0.057203,0.055120
42,293,2814,247055,0.072115,0.101342
42,294,2714,32905,0.073718,0.082344
42,295,9420,65677,0.116308,0.111283
42,296,2819,5077,0.080889,0.079588
42,297,29464,76330,0.095900,0.090817
42,298,21,3163,0.056094,0.060811
42,299,50792,407220,0.131109,0.102138
42,300,681,102968,0.073751,0.075310
42,301,1752,343474,0.078245,0.084269
42,302,48265,113254,0.072304,0.071178
42,303,77585,656660,0.101627,0.114693
42,304,8,480,0.053680,0.058692
42,305,21917,191747,0.127399,0.109860
42,306,22228,762,0.086735,0.071130
42,307,4492,317913,0.083120,0.084924
42,308,30615,197509,0.109753,0.097212
42,309,847,29601,0.084754,0.076278
42,310,359,492,0.070291,0.069915
42,311,17747,125074,0.072019,0.097356
42,312,60091,870671,0.138157,0.106178
42,313,107336,123836,0.108748,0.089760
42,314,255,221,0.086466,0.087344
42,315,11663,128429,0.113177,0.076569
42,316,12104,250423,0.111652,0.105835
42,317,75339,10434,0.077149,0.075168
42,318,26133,337319,0.092014,0.112590
42,319,271,3920,0.071401,0.060825
42,320,135,7571,0.060303,0.060491
42,321,7924,75261,0.117481,0.111701
42,322,4364,27637,0.104115,0.095700
42,323,25242,207565,0.084564,0.093058
42,324,3445,39861,0.076801,0.067671
42,325,2498,115077,0.068753,0.092658
42,326,3856,365254,0.060134,0.093116
42,327,91,46757,0.107661,0.079057
42,328,42877,246123,0.081732,0.115035
42,329,2177,12543,0.064395,0.066407
42,330,35194,441380,0.096810,0.153297
42,331,6590,163740,0.119136,0.154314
42,332,15552,322333,0.054951,0.097983
42,333,551,135526,0.071664,0.072082
42,334,22339,281388,0.092903,0.124029
42,335,95155,358260,0.126596,0.112940
42,336,21255,67950,0.107235,0.095528
42,337,1307,4821,0.065774,0.059780
42,338,29905,68522,0.079167,0.086494
42,339,5696,355416,0.069497,0.072333
42,340,0,1,0.000000,0.047363
42,341,89378,725455,0.108039,0.110117
42,342,60842,98813,0.114058,0.082877
42,343,82100,580381,0.104220,0.105407
42,344,12450,52829,0.058846,0.043722
42,345,759,95690,0.074220,0.078770
42,346,5045,157223,0.064955,0.086606
42,347,14626,142547,0.130891,0.114058
42,348,0,1,0.000000,0.048828
42,349,175,11338,0.064387,0.073874
42,350,1467,14140,0.063377,0.077394
42,351,125521,333993,0.100538,0.081314
42,352,1253,1158,0.072900,0.065772
42,353,1935,9583,0.072374,0.070350
42,354,822,15322,0.062753,0.066062
42,355,5977,74610,0.079264,0.099144
42,356,21072,204078,0.124655,0.090108
42,357,5157,41827,0.072806,0.063190
42,358,773,16288,0.070991,0.072705
42,359,6341,22488,0.075137,0.074969
42,360,21835,226200,0.097111,0.098932
42,361,22393,144750,0.089413,0.103854
42,362,24,27,0.065938,0.054100
42,363,6075,71009,0.065308,0.067392
42,364,0,1,0.000000,0.040771
42,365,0,4,0.000000,0.061646
42,366,21,27,0.064360,0.047295
42,367,152,1080157,0.070515,0.133720
42,368,38,338,0.050611,0.055529
42,369,21562,786,0.093442,0.084745
42,370,6090,469,0.111654,0.121420
42,371,16168,57616,0.090299,0.081901
42,372,18397,165452,0.087283,0.096547
42,373,3560,262,0.113723,0.088178
42,374,6917,133156,0.081638,0.083823
42,375,6067,133345,0.066559,0.078714
42,376,37418,301150,0.321996,0.318787
42,377,9064,152813,0.082429,0.085256
42,378,313,167236,0.066551,0.074452
42,379,46637,487402,0.148040,0.160735
42,380,3539,8219,0.113358,0.077565
42,381,53,11,0.094298,0.089733
42,382,759,19489,0.058355,0.058416
42,383,6039,23367,0.079910,0.069389
42,384,8865,44259,0.086447,0.076894
42,385,25222,263312,0.075363,0.075891
42,386,23786,170106,0.081319,0.079369
42,387,42857,1000398,0.069588,0.074258
42,388,556,1028,0.070559,0.069863
42,389,2927,22083,0.070995,0.091031
42,390,66078,350,0.098178,0.046802
42,391,11760,157828,0.097484,0.104750
42,392,11978,75486,0.103088,0.118448
42,393,13905,605,0.110524,0.104867
42,394,7044,71372,0.097177,0.093632
42,395,427092,560415,0.107974,0.066006
42,396,48,16,0.084768,0.070816
42,397,2273,3256,0.082408,0.070339
42,398,7284,31,0.077112,0.078928
42,399,0,11,0.000000,0.072576
42,400,88340,456693,0.079675,0.088416
42,401,2679,14626,0.089650,0.085428
42,402,9399,48724,0.065615,0.061499
42,403,125,511,0.062039,0.063756
42,404,12285,152652,0.076926,0.083973
42,405,13044,207610,0.064451,0.071615
42,406,1362,140145,0.075481,0.077393
42,407,701,48643,0.076139,0.071247
42,408,13637,125900,0.096488,0.102730
42,409,0,0,0.000000,0.000000
42,410,6542,89154,0.122997,0.094611
42,411,1010,35535,0.060591,0.054416
42,412,12467,179708,0.091110,0.116543
42,413,1197,136447,0.106420,0.095635
42,414,79104,533455,0.114902,0.125187
42,415,807,208807,0.070367,0.086314
42,416,70943,181283,0.099327,0.095121
42,417,20831,107038,0.089356,0.075554
42,418,3046,189139,0.081486,0.079077
42,419,6,4381,0.052734,0.058100
42,420,12972,98372,0.107112,0.130457
42,421,5341,6876,0.090768,0.082016
42,422,47229,213032,0.111174,0.120482
42,423,5981,146927,0.159403,0.166666
42,424,12658,57079,0.067357,0.068106
42,425,54729,1576501,0.091236,0.124988
42,426,6177,125299,0.094745,0.105508
42,427,5275,11946,0.100371,0.085144
42,428,12206,103821,0.064850,0.084982
42,429,29917,222917,0.119848,0.127377
42,430,172669,50798,0.084168,0.076743
42,431,49488,177705,0.086424,0.104082
42,432,59,510,0.061631,0.052253
42,433,4001,35927,0.074449,0.073828
42,434,7,384,0.068708,0.071692
42,435,0,0,0.000000,0.000000
42,436,2176,29162,0.061405,0.063619
42,437,8399,284,0.116603,0.105030
42,438,28170,158422,0.105118,0.094470
42,439,6187,340,0.065554,0.059064
42,440,1864,30753,0.071323,0.072278
42,441,2169,40309,0.063365,0.068859
42,442,21,173,0.048229,0.051811
42,443,35970,118700,0.094483,0.114752
42,444,14790,217332,0.074269,0.069721
42,445,14279,76596,0.107468,0.085641
42,446,1236,29609,0.076529,0.077655
42,447,1328,800,0.078020,0.076637
42,448,5360,124,0.094065,0.059701
42,449,21315,432637,0.115091,0.123221
42,450,7574,15123,0.085590,0.072738
42,451,1295,5260,0.070602,0.067538
42,452,24,58026,0.071660,0.077737
42,453,5686,99728,0.096238,0.103703
42,454,29894,120436,0.118740,0.122857
42,455,41238,185588,0.130312,0.157372
42,456,1522,93106,0.092343,0.091204
42,457,16236,478,0.100025,0.080265
42,458,2744,18655,0.066501,0.063529
42,459,1197,24719,0.066153,0.072006
42,460,5394,91263,0.090173,0.082985
42,461,25594,192958,0.129984,0.122860
42,462,42177,209481,0.093540,0.091995
42,463,85929,607221,0.082012,0.079988
42,464,25770,804022,0.104259,0.164600
42,465,15233,225134,0.087671,0.105189
42,466,15586,382718,0.085572,0.090220
42,467,520,75553,0.074566,0.077203
42,468,17979,820308,0.140134,0.099494
42,469,2247,140626,0.065956,0.071020
42,470,101160,11943,0.081854,0.054963
42,471,17858,57344,0.100949,0.105918
42,472,47140,661591,0.064039,0.079868
42,473,0,7,0.000000,0.027640
42,474,51656,149334,0.091948,0.084215
42,475,2209,1543,0.066260,0.059742
42,476,3801,10755,0.077736,0.076916
42,477,40232,41286,0.062992,0.058479
42,478,585,674,0.096747,0.080646
42,479,610,107422,0.063836,0.069692
42,480,495,96422,0.072256,0.079265
42,481,1709,86341,0.074991,0.074657
42,482,0,0,0.000000,0.000000
42,483,0,0,0.000000,0.000000
42,484,42993,307783,0.072509,0.082998
42,485,5945,101428,0.097809,0.112010
42,486,20595,180735,0.086221,0.126482
42,487,70633,34949,0.115410,0.079040
42,488,7655,393,0.079537,0.074168
42,489,22617,150926,0.143329,0.134896
42,490,2078,99336,0.082263,0.084309
42,491,1159,50933,0.072497,0.081744
42,492,4020,29395,0.067455,0.076069
42,493,11604,287324,0.057438,0.073492
42,494,0,0,0.000000,0.000000
42,495,15800,82355,0.047645,0.071143
42,496,493,1277,0.070681,0.064317
42,497,3014,322,0.069668,0.078369
42,498,12989,198608,0.092929,0.105450
42,499,15287,164019,0.088492,0.077865
42,500,10302,80121,0.172670,0.165560
42,501,4403,58597,0.080623,0.095719
42,502,5257,2570,0.055098,0.064932
42,503,0,0,0.000000,0.000000
42,504,63054,662165,0.083066,0.079779
42,505,19461,213347,0.094549,0.098604
42,506,4922,335819,0.079391,0.088617
42,507,263,19126,0.062912,0.058927
42,508,5581,137252,0.091546,0.086871
42,509,1185,906,0.093349,0.087503
42,510,1835,18764,0.072410,0.077338
42,511,3922,13867,0.073376,0.073866
43,0,32048,396875,nan,nan
43,1,40604,493028,nan,nan
43,2,37548,291011,nan,nan
43,3,18761,211769,nan,nan
43,4,33944,334062,nan,nan
43,5,22535,338671,nan,nan
43,6,36218,915007,nan,nan
43,7,126851,710337,nan,nan
43,8,30134,317430,nan,nan
43,9,58547,499676,nan,nan
43,10,0,0,0.000000,0.000000
43,11,13577,61004,0.096437,0.097089
43,12,313,592,0.058638,0.068829
43,13,10625,71366,0.092914,0.092828
43,14,4980,69499,0.069201,0.076691
43,15,15899,172375,0.077507,0.093281
43,16,34612,319055,0.076780,0.088207
43,17,14310,410,0.067020,0.071474
43,18,550,43137,0.077960,0.078115
43,19,24052,69459,0.097615,0.085830
43,20,864,828,0.074148,0.068243
43,21,32995,599553,0.086923,0.091752
43,22,26956,90960,0.078790,0.114157
43,23,8743,170580,0.071111,0.088779
43,24,13610,219261,0.096111,0.106892
43,25,4250,200401,0.077916,0.095876
43,26,17529,2994,0.057749,0.070027
43,27,14463,917523,0.078954,0.133999
43,28,74,80,0.065159,0.078992
43,29,1301,667,0.081419,0.086726
43,30,98640,291617,0.095437,0.099460
43,31,0,0,0.000000,0.000000
43,32,9621,90241,0.076570,0.090152
43,33,3656,19783,0.114297,0.090071
43,34,13925,68545,0.094608,0.092993
43,35,9845,26885,0.090572,0.087060
43,36,2266,59156,0.062299,0.082380
43,37,87,11,0.042853,0.060258
43,38,43818,345760,0.082000,0.086334
43,39,150,8225,0.083680,0.080619
43,40,17861,114766,0.115065,0.072399
43,41,6796,287912,0.073745,0.080736
43,42,59599,184576,0.091190,0.107783
43,43,56653,384255,0.109786,0.108478
43,44,8401,5561,0.077557,0.092286
43,45,77,1704,0.071514,0.079928
43,46,151352,427542,0.097274,0.076118
43,47,15238,154269,0.088815,0.085390
43,48,101961,904430,0.119138,0.110123
43,49,35,99,0.023364,0.081247
43,50,263,299,0.084851,0.076890
43,51,2205,58161,0.077611,0.079087
43,52,64098,575723,0.094437,0.104025
43,53,32540,158081,0.089808,0.099109
43,54,0,0,0.000000,0.000000
43,55,230,249,0.070863,0.075367
43,56,12559,1322,0.108864,0.086288
43,57,1708,2369,0.082595,0.078911
43,58,12260,378390,0.074215,0.084933
43,59,53801,507819,0.137566,0.131718
43,60,10346,44588,0.076561,0.084572
43,61,195503,1020770,0.119343,0.129788
43,62,579,15019,0.064931,0.074741
43,63,16263,179670,0.071200,0.073434
43,64,12872,151852,0.086535,0.110401
43,65,137419,770008,0.108323,0.091627
43,66,12937,126266,0.102372,0.109765
43,67,11435,494463,0.091192,0.099370
43,68,28574,244199,0.088700,0.082454
43,69,0,0,0.000000,0.000000
43,70,7568,126531,0.076243,0.079320
43,71,11091,130833,0.101506,0.103115
43,72,44568,296509,0.101930,0.108010
43,73,35166,270105,0.096738,0.099246
43,74,30784,63777,0.193572,0.163430
43,75,14973,95878,0.058704,0.081163
43,76,856,34198,0.068676,0.070490
43,77,11469,52109,0.072644,0.080355
43,78,4,0,0.161743,0.000000
43,79,5202,4810,0.048106,0.061017
43,80,0,0,0.000000,0.000000
43,81,44558,44668,0.072696,0.060421
43,82,1704,24517,0.096010,0.092941
43,83,6314,17878,0.075919,0.076815
43,84,2509,6661,0.084828,0.090532
43,85,1907,206119,0.084144,0.082242
43,86,158936,592306,0.121423,0.113817
43,87,1446,13386,0.075162,0.085073
43,88,185120,785685,0.109907,0.110786
43,89,26636,242844,0.089120,0.091998
43,90,59035,330858,0.094898,0.105541
43,91,11314,77624,0.097239,0.099760
43,92,121427,548527,0.092626,0.104343
43,93,12123,139620,0.085866,0.123156
43,94,65539,447421,0.125343,0.113458
43,95,19266,113650,0.114585,0.128500
43,96,60750,10437,0.103267,0.091904
43,97,44,15296,0.045210,0.079577
43,98,590,1641,0.080704,0.075475
43,99,5743,29965,0.085136,0.091446
43,100,213,83,0.030813,0.064953
43,101,6673,288533,0.080008,0.085259
43,102,24423,122785,0.089981,0.092553
43,103,405,389,0.071979,0.048937
43,104,3035,7540,0.078588,0.068667
43,105,10899,109278,0.096983,0.094040
43,106,135115,857608,0.078360,0.082066
43,107,2061,103452,0.072809,0.081516
43,108,0,0,0.000000,0.000000
43,109,2788,244139,0.082894,0.084329
43,110,9300,427024,0.082830,0.088027
43,111,50093,3168,0.110508,0.088555
43,112,10310,60,0.076292,0.079163
43,113,69189,292770,0.093612,0.109467
43,114,7543,339509,0.081400,0.083279
43,115,16933,53398,0.098321,0.088223
43,116,5190,48975,0.075449,0.082935
43,117,0,0,0.000000,0.000000
43,118,200,1349,0.072819,0.079791
43,119,4304,78833,0.070719,0.083384
43,120,8421,8710,0.089099,0.091707
43,121,19,0,0.086477,0.000000
43,122,55,1088,0.083574,0.063162
43,123,10796,121856,0.084972,0.090905
43,124,13984,11516,0.084377,0.078581
43,125,1613,190846,0.082154,0.084274
43,126,199,1775,0.081945,0.083787
43,127,0,1,0.000000,0.052246
43,128,16510,68223,0.086461,0.089265
43,129,79,27,0.084500,0.081760
43,130,1162,46366,0.072003,0.081484
43,131,2846,587868,0.080471,0.109633
43,132,4556,13887,0.084615,0.078115
43,133,0,0,0.000000,0.000000
43,134,107817,332138,0.088644,0.092721
43,135,2834,254896,0.066738,0.084840
43,136,7427,286374,0.078740,0.082751
43,137,1552,16475,0.052509,0.071156
43,138,164745,442165,0.115703,0.103947
43,139,13893,14183,0.077888,0.074293
43,140,939,1751,0.069959,0.065098
43,141,111,107,0.090677,0.097424
43,142,2734,174520,0.084436,0.097921
43,143,2261,1770,0.087805,0.085646
43,144,15650,98711,0.072354,0.074968
43,145,15030,38111,0.087477,0.084986
43,146,912,17989,0.066375,0.037660
43,147,11447,167,0.069603,0.074844
43,148,19,3,0.049516,0.076172
43,149,66128,445818,0.087315,0.093876
43,150,24151,551657,0.103524,0.112375
43,151,82500,272620,0.104657,0.114421
43,152,21554,139147,0.087480,0.088388
43,153,19821,20458,0.064121,0.062701
43,154,1296,140931,0.057937,0.065950
43,155,5746,117535,0.101243,0.099276
43,156,59114,93559,0.087133,0.089224
43,157,53,7692,0.075168,0.081533
43,158,31691,136267,0.082510,0.096295
43,159,359,16024,0.072838,0.084527
43,160,52342,44584,0.101949,0.084741
43,161,800,544,0.085650,0.087332
43,162,85885,305360,0.106604,0.112422
43,163,0,0,0.000000,0.000000
43,164,32001,493543,0.073603,0.084088
43,165,13196,60439,0.077053,0.070697
43,166,23625,221830,0.073777,0.077262
43,167,23666,163480,0.100033,0.120331
43,168,23,4706,0.063317,0.085056
43,169,10299,62719,0.083488,0.081383
43,170,6620,4637,0.074270,0.071731
43,171,50816,269570,0.116302,0.095626
43,172,1718,76918,0.067018,0.080488
43,173,10325,141164,0.175946,0.174379
43,174,20396,105466,0.063518,0.071564
43,175,103,120,0.086419,0.106405
43,176,3067,186669,0.073656,0.082740
43,177,24,14,0.069132,0.060878
43,178,116872,676128,0.100458,0.116606
43,179,0,0,0.000000,0.000000
43,180,289,181,0.084648,0.087158
43,181,20356,99297,0.074125,0.083011
43,182,940,17240,0.058622,0.069142
43,183,221,7238,0.073626,0.065178
43,184,1113,15993,0.055513,0.063057
43,185,55375,313001,0.100517,0.097187
43,186,64756,290971,0.095240,0.106898
43,187,9898,205663,0.086645,0.087837
43,188,10047,161210,0.066293,0.075960
43,189,12,5584,0.057882,0.051443
43,190,2403,169607,0.086767,0.086290
43,191,3818,9928,0.081312,0.078725
43,192,3241,82906,0.075611,0.084424
43,193,386,1346,0.082470,0.076354
43,194,606,46321,0.077666,0.089958
43,195,1389,1395,0.065445,0.073881
43,196,300,2128,0.056337,0.072379
43,197,3257,62742,0.077074,0.062112
43,198,0,0,0.000000,0.000000
43,199,34375,175011,0.110366,0.110477
43,200,2988,109711,0.076043,0.082465
43,201,10394,114119,0.082283,0.083674
43,202,0,0,0.000000,0.000000
43,203,3994,104770,0.080210,0.074824
43,204,0,0,0.000000,0.000000
43,205,3510,62658,0.074896,0.079688
43,206,39955,437876,0.084743,0.087898
43,207,9166,292670,0.084159,0.085792
43,208,23062,354269,0.063200,0.097228
43,209,7768,51687,0.075178,0.075319
43,210,10995,180204,0.083709,0.086337
43,211,19,24,0.068115,0.071177
43,212,1,0,0.059082,0.000000
43,213,14625,751,0.068598,0.070286
43,214,27260,115635,0.082393,0.090634
43,215,4325,4595,0.082091,0.082161
43,216,9920,31553,0.089099,0.088119
43,217,0,0,0.000000,0.000000
43,218,14096,61941,0.088403,0.095023
43,219,89598,855703,0.126141,0.142633
43,220,544,6666,0.066098,0.058756
43,221,3213,257774,0.075510,0.088367
43,222,469,2292,0.080881,0.086884
43,223,13103,28194,0.083907,0.069119
43,224,18108,170169,0.081394,0.130005
43,225,6583,68918,0.080876,0.077685
43,226,6201,11569,0.089288,0.096034
43,227,127584,1078402,0.090290,0.095261
43,228,456,18160,0.088335,0.103840
43,229,49095,349153,0.079155,0.088830
43,230,39213,164893,0.084036,0.102563
43,231,1431,70338,0.062723,0.079201
43,232,15260,40167,0.054729,0.064413
43,233,1782,328338,0.074839,0.086411
43,234,0,0,0.000000,0.000000
43,235,90690,452100,0.071958,0.107102
43,236,5284,30131,0.080019,0.073987
43,237,482,7412,0.057163,0.078029
43,238,111,834,0.059117,0.067722
43,239,244,417,0.082383,0.075113
43,240,183245,875470,0.205795,0.099874
43,241,10490,15287,0.103564,0.107325
43,242,54,31,0.066791,0.073809
43,243,748,79146,0.052932,0.072028
43,244,1757,2299,0.039477,0.066846
43,245,818,98662,0.082168,0.081313
43,246,72501,66429,0.079326,0.107045
43,247,70444,458876,0.105928,0.100209
43,248,813,36989,0.070262,0.079214
43,249,389,214148,0.079067,0.071169
43,250,9315,85889,0.085758,0.089118
43,251,25564,161414,0.090429,0.121197
43,252,22350,76609,0.081519,0.083994
43,253,5636,112089,0.087289,0.100437
43,254,10402,37484,0.092554,0.092961
43,255,576,636,0.088539,0.088367
43,256,668,1086,0.075033,0.078106
43,257,30975,318574,0.101020,0.087606
43,258,1656,2571,0.065971,0.073009
43,259,271,3646,0.069213,0.074582
43,260,155,84,0.101425,0.100260
43,261,3464,40915,0.092854,0.085615
43,262,20019,138521,0.122249,0.108982
43,263,25925,102382,0.111463,0.092059
43,264,17357,81426,0.072740,0.078094
43,265,74596,1057983,0.080404,0.118593
43,266,64894,612459,0.212723,0.277741
43,267,89794,691926,0.095484,0.107467
43,268,8352,15962,0.076738,0.084275
43,269,1799,7379,0.080610,0.081700
43,270,22846,239809,0.092150,0.095733
43,271,4751,34384,0.098317,0.095564
43,272,10468,225298,0.072954,0.075290
43,273,69781,661921,0.076011,0.092454
43,274,18835,250596,0.098461,0.101711
43,275,49,24,0.073760,0.064229
43,276,8526,179639,0.076215,0.076922
43,277,895,2646,0.076771,0.072395
43,278,6944,92857,0.080787,0.080100
43,279,24,551,0.070068,0.077777
43,280,19487,16010,0.088817,0.085034
43,281,0,0,0.000000,0.000000
43,282,64780,999067,0.109642,0.121785
43,283,25518,145730,0.087720,0.107684
43,284,12567,59713,0.092818,0.108549
43,285,1429,31860,0.073326,0.074629
43,286,206,75,0.086666,0.074580
43,287,1242,131067,0.080141,0.081840
43,288,2874,175540,0.077356,0.081247
43,289,21869,177611,0.092119,0.095638
43,290,5104,152666,0.086220,0.100025
43,291,53,52,0.087319,0.078881
43,292,4070,190545,0.077681,0.083766
43,293,27614,493738,0.090612,0.102810
43,294,1714,7728,0.074749,0.066538
43,295,63,20,0.081190,0.081726
43,296,4132,211179,0.069766,0.093130
43,297,1681,39484,0.092966,0.091987
43,298,35280,237446,0.083171,0.082814
43,299,29047,425,0.096968,0.083292
43,300,16779,252906,0.065284,0.072853
43,301,8856,231951,0.084557,0.091118
43,302,2143,43307,0.075944,0.081051
43,303,707,54695,0.083789,0.089337
43,304,5215,35460,0.087801,0.094682
43,305,623,4000,0.069660,0.070394
43,306,4,0,0.073303,0.000000
43,307,323,1170,0.093696,0.080857
43,308,23670,700905,0.094720,0.113134
43,309,93071,53957,0.084348,0.065960
43,310,3796,6906,0.083841,0.079900
43,311,7413,159231,0.088612,0.104518
43,312,2125,313386,0.078954,0.083197
43,313,7603,114199,0.093420,0.090946
43,314,51461,212621,0.107184,0.121913
43,315,15121,104690,0.082708,0.077703
43,316,7645,58138,0.073038,0.080209
43,317,408,25411,0.083135,0.076241
43,318,0,39,0.000000,0.065380
43,319,2865,149927,0.074378,0.076016
43,320,60302,48,0.092894,0.074102
43,321,33690,300196,0.091622,0.080891
43,322,20641,107546,0.087767,0.093536
43,323,327,40,0.060140,0.083093
43,324,6437,57290,0.082598,0.078592
43,325,6788,375366,0.086996,0.090719
43,326,626,286561,0.080461,0.088544
43,327,540,1147,0.062030,0.082240
43,328,998,4976,0.090193,0.070677
43,329,2676,93455,0.079429,0.082064
43,330,1166,269720,0.080093,0.082798
43,331,62,22081,0.082772,0.082451
43,332,20565,157755,0.092542,0.090740
43,333,14109,527927,0.085467,0.111896
43,334,43,8333,0.082696,0.083039
43,335,69931,631753,0.084166,0.089693
43,336,73,6187,0.081600,0.080015
43,337,404,1922,0.072260,0.069513
43,338,102,37,0.088566,0.086677
43,339,18197,789,0.092320,0.077872
43,340,2,156,0.069824,0.080903
43,341,25198,310281,0.095719,0.084386
43,342,22457,8866,0.096492,0.074104
43,343,584,981,0.084765,0.081540
43,344,60178,594866,0.107448,0.115869
43,345,17477,320800,0.069753,0.080718
43,346,124917,1454201,0.106066,0.111746
43,347,7270,67389,0.068875,0.068990
43,348,23885,15993,0.131474,0.110855
43,349,144,1777,0.069326,0.078803
43,350,6360,35744,0.076285,0.071369
43,351,48570,150199,0.101231,0.114635
43,352,14243,65141,0.083918,0.084160
43,353,632,2452,0.083260,0.073964
43,354,1338,73098,0.079829,0.084950
43,355,24730,339006,0.099524,0.088239
43,356,13477,177289,0.143115,0.175658
43,357,6653,3526,0.058948,0.085515
43,358,85114,253229,0.067946,0.088028
43,359,84,647,0.070828,0.062602
43,360,5787,5245,0.079173,0.075535
43,361,14085,204210,0.072560,0.078417
43,362,21409,20245,0.105096,0.089292
43,363,3054,8940,0.097365,0.085166
43,364,4191,170958,0.092993,0.107728
43,365,65793,4033,0.140770,0.103757
43,366,11821,48659,0.100422,0.090322
43,367,2414,208449,0.076628,0.084982
43,368,12041,280364,0.097497,0.128595
43,369,8922,83264,0.071059,0.084252
43,370,44425,54936,0.070426,0.078227
43,371,1136,225,0.051347,0.067436
43,372,775,3639,0.074035,0.078582
43,373,810,3012,0.068365,0.060147
43,374,1386,258428,0.079265,0.086426
43,375,12537,88363,0.062340,0.062457
43,376,24353,213161,0.072350,0.079692
43,377,665,4878,0.056430,0.074897
43,378,4214,208379,0.077436,0.088365
43,379,74540,255002,0.068522,0.083198
43,380,0,1,0.000000,0.060303
43,381,0,0,0.000000,0.000000
43,382,14685,517512,0.076468,0.082968
43,383,422,1612,0.075972,0.081010
43,384,7381,55107,0.130388,0.091730
43,385,1909,21830,0.075471,0.082900
43,386,99,71,0.085918,0.080360
43,387,82436,262544,0.093528,0.099075
43,388,25268,146437,0.166926,0.144870
43,389,0,18864,0.000000,0.055270
43,390,27291,10685,0.107446,0.087160
43,391,15068,644597,0.101254,0.125556
43,392,2069,51651,0.061659,0.076355
43,393,1375,2684,0.076621,0.077657
43,394,5804,114915,0.074613,0.081454
43,395,1072,37429,0.072513,0.076946
43,396,223,127524,0.075865,0.086748
43,397,22302,3773,0.093788,0.104079
43,398,1966,94513,0.078746,0.087872
43,399,19329,136631,0.122208,0.110853
43,400,48516,374259,0.072311,0.084766
43,401,5859,131498,0.118426,0.142050
43,402,416,180,0.091530,0.083787
43,403,22894,781118,0.078648,0.088268
43,404,30,4902,0.056812,0.080566
43,405,635,306,0.077055,0.073055
43,406,7175,115068,0.101282,0.084633
43,407,3235,52514,0.078738,0.073916
43,408,2675,1860,0.068270,0.072398
43,409,6879,941917,0.069524,0.082877
43,410,162,619,0.072677,0.071780
43,411,4849,182929,0.088976,0.090467
43,412,386,446,0.087677,0.077962
43,413,544,20847,0.077273,0.086514
43,414,7545,49713,0.095685,0.094779
43,415,153,287,0.066018,0.073395
43,416,7083,141928,0.069552,0.077779
43,417,13094,188303,0.090727,0.083817
43,418,3230,310229,0.081679,0.085154
43,419,75855,454382,0.100678,0.096546
43,420,0,0,0.000000,0.000000
43,421,9943,112699,0.103715,0.090086
43,422,9904,93763,0.120560,0.135367
43,423,12951,207917,0.098936,0.078053
43,424,117,51,0.096079,0.093286
43,425,144,848,0.069246,0.070261
43,426,0,0,0.000000,0.000000
43,427,5398,54987,0.086926,0.097070
43,428,12033,550787,0.071147,0.088218
43,429,2030,15359,0.075978,0.060834
43,430,7064,166604,0.106881,0.144306
43,431,21122,230682,0.116806,0.095377
43,432,0,0,0.000000,0.000000
43,433,5581,134954,0.072368,0.088181
43,434,1542,34297,0.061869,0.082844
43,435,7606,30023,0.113860,0.123972
43,436,1588,7558,0.060089,0.069457
43,437,1201,173624,0.086780,0.082611
43,438,1,22,0.052734,0.036826
43,439,18807,133532,0.090898,0.094111
43,440,8651,24559,0.096566,0.091392
43,441,45317,71013,0.093915,0.089986
43,442,82806,709333,0.112346,0.116095
43,443,100,2,0.050306,0.060181
43,444,0,3509,0.000000,0.074111
43,445,1728,314228,0.084374,0.087341
43,446,6219,150393,0.092355,0.089830
43,447,6013,52953,0.078664,0.077365
43,448,0,0,0.000000,0.000000
43,449,5732,75420,0.072082,0.080328
43,450,6742,420387,0.081606,0.083330
43,451,101,229,0.066435,0.071827
43,452,5969,23606,0.089494,0.088773
43,453,143278,385018,0.127619,0.143433
43,454,15755,328340,0.074827,0.096600
43,455,55,1320,0.072104,0.074131
43,456,1841,86282,0.077726,0.080361
43,457,584,47383,0.071837,0.084620
43,458,5741,39366,0.089758,0.078285
43,459,2851,11070,0.081885,0.083623
43,460,3,33,0.073079,0.064253
43,461,1317,1620,0.089582,0.083367
43,462,172490,454647,0.143774,0.095559
43,463,3490,518465,0.081647,0.089852
43,464,185,36259,0.085718,0.078892
43,465,8300,80639,0.084825,0.072953
43,466,1258,17811,0.075804,0.073541
43,467,38884,252445,0.090329,0.088625
43,468,364,6432,0.069296,0.078741
43,469,2837,40610,0.070373,0.075579
43,470,81487,407360,0.140528,0.147338
43,471,4836,112354,0.072640,0.084014
43,472,7024,633864,0.080884,0.090433
43,473,26464,679268,0.081978,0.095801
43,474,1093,92283,0.082981,0.079460
43,475,4183,64295,0.076625,0.079670
43,476,1955,18757,0.077310,0.080603
43,477,282575,888665,0.117235,0.117160
43,478,24934,212961,0.070819,0.109852
43,479,13006,59068,0.096568,0.098761
43,480,55188,89037,0.062348,0.077630
43,481,41545,118729,0.096177,0.075139
43,482,21084,457469,0.147427,0.087488
43,483,209,305,0.070558,0.071231
43,484,0,0,0.000000,0.000000
43,485,29364,92173,0.077113,0.065076
43,486,21336,127798,0.116248,0.120794
43,487,11718,41914,0.099760,0.094606
43,488,19701,103025,0.105005,0.122497
43,489,12365,437000,0.078517,0.082048
43,490,12905,347285,0.086559,0.091735
43,491,132528,334155,0.087277,0.095037
43,492,11157,119492,0.095779,0.093009
43,493,15474,218536,0.100420,0.098793
43,494,6715,403881,0.071109,0.112955
43,495,12951,157456,0.082742,0.090770
43,496,6058,53517,0.073560,0.077414
43,497,54607,207,0.109309,0.096721
43,498,17179,585125,0.093004,0.095930
43,499,22002,11653,0.067582,0.080246
43,500,50,25,0.063342,0.073105
43,501,16116,386088,0.115037,0.133741
43,502,45571,254723,0.083687,0.090946
43,503,204,78,0.075013,0.076839
43,504,30835,234955,0.105145,0.106909
43,505,13463,167763,0.111651,0.129195
43,506,912,82812,0.086422,0.092757
43,507,14255,10705,0.096724,0.086783
43,508,143935,694947,0.100846,0.109596
43,509,30551,254052,0.089467,0.097704
43,510,7278,88615,0.079260,0.074989
43,511,23903,10531,0.068006,0.080372
44,0,18374,1267974,nan,nan
44,1,27287,211121,nan,nan
44,2,24555,364475,nan,nan
44,3,18371,322911,nan,nan
44,4,47247,585301,nan,nan
44,5,20181,214878,nan,nan
44,6,56333,454948,nan,nan
44,7,42726,218494,nan,nan
44,8,25829,420896,nan,nan
44,9,29224,353709,nan,nan
44,10,2410,55947,0.070749,0.079924
44,11,0,0,0.000000,0.000000
44,12,7971,294865,0.075055,0.065640
44,13,5471,174930,0.079309,0.080235
44,14,11132,2628,0.085110,0.076484
44,15,49330,591401,0.081404,0.085457
44,16,0,0,0.000000,0.000000
44,17,20261,221635,0.081380,0.078641
44,18,19,0,0.080644,0.000000
44,19,12087,153671,0.083031,0.125635
44,20,23833,128135,0.103883,0.103357
44,21,0,0,0.000000,0.000000
44,22,394,852,0.073162,0.066989
44,23,683,2404,0.069254,0.075420
44,24,93169,214164,0.200325,0.087474
44,25,23007,308194,0.074171,0.078463
44,26,6,44,0.075724,0.075134
44,27,13891,148097,0.087563,0.114547
44,28,92360,5190,0.116835,0.098431
44,29,29999,253526,0.168505,0.154515
44,30,0,0,0.000000,0.000000
44,31,31950,134375,0.085745,0.086794
44,32,0,1,0.000000,0.051270
44,33,8211,1336,0.104966,0.080950
44,34,55,60,0.063998,0.069767
44,35,4530,19140,0.059538,0.073194
44,36,5803,259389,0.081758,0.081936
44,37,3858,182944,0.078758,0.097443
44,38,8974,44415,0.083626,0.087718
44,39,1936,136852,0.072699,0.079870
44,40,30,58,0.068066,0.068534
44,41,27906,392658,0.100199,0.117422
44,42,2909,8202,0.076275,0.070996
44,43,36534,85507,0.105293,0.116659
44,44,22895,218011,0.095032,0.116674
44,45,0,0,0.000000,0.000000
44,46,2945,15701,0.076541,0.066069
44,47,1938,28261,0.074052,0.071345
44,48,223,198,0.078889,0.079724
44,49,3267,2469,0.069290,0.071754
44,50,50933,316454,0.107979,0.119142
44,51,16957,317968,0.084382,0.086506
44,52,11684,553470,0.080957,0.079665
44,53,4762,103493,0.078540,0.077464
44,54,8369,13145,0.083711,0.082937
44,55,1874,64906,0.078321,0.080363
44,56,26785,221952,0.145405,0.119994
44,57,130,7565,0.068356,0.080115
44,58,2798,44862,0.080814,0.082918
44,59,21049,317402,0.096688,0.078355
44,60,20259,151163,0.176204,0.186375
44,61,728,55263,0.056104,0.056060
44,62,138313,815942,0.115726,0.129666
44,63,177,43,0.044498,0.113622
44,64,0,0,0.000000,0.000000
44,65,17960,123314,0.100540,0.111154
44,66,789,22,0.102039,0.074097
44,67,42806,212007,0.079757,0.077729
44,68,9155,1006489,0.083382,0.099382
44,69,24180,410281,0.100295,0.091377
44,70,3,0,0.096110,0.000000
44,71,150,6509,0.068151,0.079549
44,72,19,8,0.064620,0.072327
44,73,3462,56808,0.083851,0.081634
44,74,27060,294321,0.108585,0.095749
44,75,9720,122542,0.106847,0.092933
44,76,164049,1088727,0.108953,0.107719
44,77,13673,147297,0.137439,0.092541
44,78,13857,139377,0.110256,0.119385
44,79,4484,41873,0.080460,0.077223
44,80,10783,332051,0.080051,0.077430
44,81,11123,210165,0.083398,0.095041
44,82,18947,187850,0.081556,0.084044
44,83,9915,64968,0.092501,0.088581
44,84,15745,116866,0.085856,0.098657
44,85,21647,143542,0.056134,0.081973
44,86,0,0,0.000000,0.000000
44,87,0,356,0.000000,0.083275
44,88,39483,348,0.072438,0.068481
44,89,549,10845,0.075560,0.083540
44,90,128160,388758,0.087358,0.085760
44,91,6480,241882,0.082114,0.082120
44,92,3091,75715,0.073113,0.067205
44,93,55900,183321,0.055617,0.058007
44,94,104777,327396,0.069455,0.066256
44,95,2232,101788,0.074304,0.075782
44,96,56300,173313,0.114046,0.108635
44,97,0,0,0.000000,0.000000
44,98,172,421,0.071217,0.064389
44,99,8168,102512,0.071816,0.078813
44,100,4672,113256,0.084774,0.113768
44,101,2074,142441,0.080720,0.078682
44,102,95862,5433,0.124917,0.103707
44,103,0,0,0.000000,0.000000
44,104,31884,293288,0.123963,0.116723
44,105,18165,372153,0.044964,0.093123
44,106,1415,12458,0.070936,0.079193
44,107,43545,560232,0.093094,0.133004
44,108,41,271,0.063619,0.057081
44,109,34,174,0.078563,0.058583
44,110,4875,7722,0.082971,0.069827
44,111,761,89390,0.074715,0.073218
44,112,5189,754954,0.099932,0.152997
44,113,28768,394977,0.046742,0.078322
44,114,4638,42459,0.066347,0.077866
44,115,7165,706131,0.078587,0.078689
44,116,18517,189866,0.096806,0.091070
44,117,32626,415186,0.153266,0.173058
44,118,2545,5183,0.072920,0.083899
44,119,40328,145711,0.109686,0.111679
44,120,13289,141658,0.139942,0.151374
44,121,4104,177108,0.093102,0.120658
44,122,4891,17617,0.081559,0.083776
44,123,12254,330662,0.091041,0.119722
44,124,11229,228616,0.091214,0.085063
44,125,2210,93961,0.078626,0.081513
44,126,92,5088,0.073701,0.073769
44,127,4942,274506,0.079074,0.078938
44,128,29275,838980,0.069870,0.082695
44,129,139,8040,0.068117,0.081715
44,130,666,1140,0.071488,0.074274
44,131,37218,255694,0.109715,0.104042
44,132,7063,172221,0.099907,0.101099
44,133,3897,46771,0.073906,0.076447
44,134,12060,102143,0.126249,0.104456
44,135,142060,484965,0.098479,0.090795
44,136,35683,134955,0.131673,0.114739
44,137,11395,89247,0.083623,0.091861
44,138,1301,15327,0.073487,0.075479
44,139,82,834,0.069020,0.080772
44,140,22222,136748,0.090611,0.113493
44,141,16865,903036,0.085140,0.081063
44,142,13740,5648,0.065592,0.076556
44,143,123423,362563,0.100746,0.111296
44,144,4562,215435,0.088433,0.085822
44,145,0,0,0.000000,0.000000
44,146,40734,436066,0.077315,0.078699
44,147,11930,456729,0.082847,0.089698
44,148,45060,904778,0.108007,0.106211
44,149,82,110,0.085601,0.087939
44,150,24238,71451,0.078557,0.072871
44,151,25122,157912,0.128301,0.120650
44,152,1238,7319,0.067152,0.070583
44,153,1711,33927,0.078271,0.080463
44,154,0,0,0.000000,0.000000
44,155,31946,267534,0.114517,0.114134
44,156,4685,20240,0.094984,0.089476
44,157,868,27427,0.072759,0.087713
44,158,165480,282474,0.117960,0.084279
44,159,1754,152907,0.081838,0.082007
44,160,1033,1407,0.099259,0.089820
44,161,25758,18950,0.050544,0.072253
44,162,6946,70863,0.084982,0.088558
44,163,2358,14727,0.078994,0.083525
44,164,156,262,0.065458,0.062947
44,165,2650,63,0.070720,0.080167
44,166,3459,169965,0.076334,0.079313
44,167,15402,226485,0.054420,0.066624
44,168,60272,9474,0.151634,0.136345
44,169,4580,225925,0.082041,0.085599
44,170,37271,390948,0.101442,0.161957
44,171,20260,97729,0.077104,0.078860
44,172,133372,145409,0.089492,0.083850
44,173,42481,43792,0.108855,0.086459
44,174,1332,13392,0.065045,0.062958
44,175,2311,76221,0.079701,0.082311
44,176,27458,176574,0.086460,0.099163
44,177,23,25,0.066895,0.066533
44,178,94915,498978,0.103120,0.113168
44,179,31800,243408,0.117127,0.126364
44,180,8290,140477,0.112729,0.117572
44,181,999,6054,0.065143,0.075188
44,182,25588,161715,0.109688,0.099672
44,183,22314,194095,0.108063,0.105539
44,184,0,0,0.000000,0.000000
44,185,44187,182212,0.096943,0.083933
44,186,19404,167205,0.158760,0.082614
44,187,3715,527,0.052732,0.050263
44,188,11310,240093,0.080275,0.109189
44,189,23741,128670,0.073370,0.075461
44,190,12684,76151,0.094987,0.097961
44,191,16343,25619,0.063266,0.059384
44,192,16444,159166,0.081205,0.088039
44,193,2,47,0.041870,0.047296
44,194,0,0,0.000000,0.000000
44,195,17537,131584,0.106033,0.110611
44,196,4276,8451,0.083419,0.099284
44,197,1198,124039,0.076610,0.078832
44,198,17121,107736,0.085963,0.081298
44,199,2189,31416,0.068197,0.066751
44,200,62552,4471,0.093962,0.084335
44,201,3792,205877,0.065677,0.077068
44,202,1059,102910,0.083025,0.082995
44,203,17,995,0.068230,0.080043
44,204,11375,237902,0.088270,0.099484
44,205,2929,13293,0.069598,0.071297
44,206,8,12,0.061615,0.065145
44,207,76277,154320,0.093213,0.093425
44,208,44515,473259,0.108750,0.105237
44,209,14845,177293,0.072928,0.074184
44,210,18105,141644,0.080783,0.085254
44,211,9319,28701,0.082923,0.088238
44,212,10965,19982,0.092611,0.085929
44,213,1373,114833,0.078411,0.081490
44,214,6465,44602,0.076328,0.087202
44,215,10964,714,0.070623,0.087715
44,216,6422,165049,0.102918,0.126189
44,217,170,2313,0.087990,0.072744
44,218,0,0,0.000000,0.000000
44,219,78,8251,0.082191,0.078581
44,220,36352,174023,0.085069,0.081892
44,221,682,66155,0.060547,0.058725
44,222,38975,313749,0.090612,0.091703
44,223,230,42544,0.074849,0.076652
44,224,31115,307903,0.127155,0.147767
44,225,869,201854,0.081075,0.076417
44,226,34903,354888,0.080941,0.106846
44,227,8637,785,0.065139,0.081526
44,228,9619,71878,0.082315,0.095311
44,229,2553,4903,0.066541,0.063950
44,230,1052,24254,0.079331,0.079462
44,231,46608,668,0.098592,0.087199
44,232,1108,4354,0.067263,0.063923
44,233,130,3415,0.040667,0.042745
44,234,23145,117228,0.137503,0.143353
44,235,24632,64618,0.073269,0.076383
44,236,7374,136263,0.104191,0.104585
44,237,0,0,0.000000,0.000000
44,238,169,648,0.063932,0.079140
44,239,236,7102,0.068624,0.066147
44,240,14,386,0.069815,0.068156
44,241,20830,200172,0.088303,0.106786
44,242,7763,113323,0.088441,0.092982
44,243,0,0,0.000000,0.000000
44,244,29481,35960,0.167148,0.176271
44,245,41856,241098,0.103490,0.109768
44,246,3327,14977,0.071334,0.075519
44,247,27618,334697,0.083501,0.097730
44,248,14995,137820,0.074228,0.072273
44,249,18029,147464,0.076741,0.075725
44,250,25913,324941,0.093729,0.083030
44,251,15381,128965,0.079702,0.084807
44,252,11429,96504,0.100538,0.109632
44,253,24720,292609,0.102680,0.119042
44,254,24131,154443,0.091102,0.093232
44,255,516,9768,0.073065,0.078500
44,256,14544,267726,0.094097,0.088684
44,257,1049,18549,0.074317,0.072801
44,258,12978,154720,0.088941,0.085233
44,259,25067,150599,0.120955,0.125421
44,260,91371,303793,0.091280,0.087054
44,261,238,108268,0.083614,0.080585
44,262,5122,64179,0.083158,0.077270
44,263,21880,76417,0.097414,0.097996
44,264,70543,451432,0.082130,0.106842
44,265,45305,709706,0.084498,0.124042
44,266,26986,508136,0.095880,0.083864
44,267,800,343,0.085054,0.079927
44,268,34649,353275,0.087821,0.092317
44,269,2780,9424,0.073382,0.073021
44,270,39361,262157,0.125978,0.113607
44,271,5559,535525,0.091038,0.094818
44,272,52407,69868,0.084900,0.084080
44,273,192,379571,0.077474,0.088702
44,274,18509,31501,0.071056,0.074728
44,275,148,6895,0.075007,0.072837
44,276,2434,10354,0.076086,0.082008
44,277,1005,1886,0.075559,0.077453
44,278,1141,257796,0.078435,0.081475
44,279,56,82974,0.072427,0.073849
44,280,1153,970,0.064782,0.062873
44,281,105,17993,0.069996,0.083520
44,282,5379,35658,0.174858,0.129774
44,283,3115,193,0.077564,0.088991
44,284,42237,1059356,0.101232,0.117593
44,285,389,72857,0.079976,0.080661
44,286,5660,187056,0.087902,0.079762
44,287,4515,11806,0.076580,0.071077
44,288,1053,48867,0.061916,0.076027
44,289,0,0,0.000000,0.000000
44,290,10,105,0.056201,0.067979
44,291,26988,265280,0.108360,0.109103
44,292,7059,77790,0.077578,0.086097
44,293,1080,134212,0.059141,0.083699
44,294,579,255464,0.083264,0.080887
44,295,34,6,0.077960,0.061768
44,296,1601,24137,0.062776,0.076879
44,297,5030,81600,0.057227,0.073057
44,298,0,0,0.000000,0.000000
44,299,0,0,0.000000,0.000000
44,300,103,1400,0.069196,0.064665
44,301,16528,312464,0.082136,0.084298
44,302,8002,177894,0.069689,0.076631
44,303,836,114868,0.079010,0.080720
44,304,111,2,0.059777,0.057617
44,305,45416,417231,0.112429,0.136845
44,306,8532,61296,0.095236,0.104812
44,307,0,0,0.000000,0.000000
44,308,448,126,0.048753,0.046278
44,309,18069,66772,0.064253,0.070317
44,310,30291,153685,0.101986,0.105424
44,311,11428,43967,0.071931,0.074056
44,312,20,7,0.069250,0.075753
44,313,939,1628,0.091931,0.080058
44,314,14918,196904,0.090904,0.093455
44,315,18424,28114,0.041664,0.065293
44,316,6278,153349,0.078799,0.090877
44,317,0,0,0.000000,0.000000
44,318,1557,41271,0.064943,0.080742
44,319,12282,165674,0.112490,0.126535
44,320,5159,74239,0.077571,0.081469
44,321,39610,519570,0.108061,0.114860
44,322,2129,152,0.084167,0.074628
44,323,9229,169657,0.093152,0.087723
44,324,21137,189463,0.095620,0.092078
44,325,33034,331192,0.058230,0.088726
44,326,2045,43945,0.072397,0.072940
44,327,15618,123919,0.075902,0.080484
44,328,12622,240,0.065239,0.075006
44,329,4288,31367,0.101021,0.103663
44,330,174,4812,0.069059,0.071518
44,331,60733,500343,0.063213,0.079109
44,332,425,459,0.063543,0.067095
44,333,22348,10885,0.105606,0.084501
44,334,12015,138413,0.113924,0.117460
44,335,218,138,0.077395,0.081102
44,336,3,36,0.074137,0.076440
44,337,59491,394965,0.113210,0.127939
44,338,22475,182309,0.108915,0.110272
44,339,23075,562815,0.078600,0.114885
44,340,869,189274,0.088529,0.100687
44,341,47073,639328,0.083435,0.081052
44,342,3096,22903,0.082901,0.084710
44,343,173532,572956,0.102024,0.104660
44,344,29933,666369,0.093463,0.086340
44,345,1415,35650,0.084868,0.068691
44,346,592,40279,0.080130,0.076136
44,347,19034,748,0.084378,0.089142
44,348,5889,36340,0.084543,0.079259
44,349,3361,14331,0.075193,0.078076
44,350,50994,228032,0.073932,0.099125
44,351,188255,604612,0.101667,0.096021
44,352,16376,154439,0.116763,0.143801
44,353,18611,77590,0.085193,0.077022
44,354,69179,823406,0.114180,0.129030
44,355,3218,211776,0.074830,0.077956
44,356,192,6632,0.068574,0.051278
44,357,24183,105789,0.117271,0.121876
44,358,39762,389311,0.094992,0.117215
44,359,1127,1643,0.091347,0.085614
44,360,13,13409,0.077806,0.078032
44,361,2287,10127,0.078496,0.072584
44,362,11787,74958,0.073965,0.085441
44,363,2204,29185,0.081483,0.071260
44,364,150,6627,0.063254,0.070572
44,365,4098,59274,0.080035,0.078903
44,366,697,105827,0.063237,0.072363
44,367,946,296,0.062330,0.079595
44,368,12588,39,0.066612,0.074588
44,369,160,86,0.086961,0.086128
44,370,6898,47921,0.074850,0.064609
44,371,1317,45710,0.072773,0.070148
44,372,44,33,0.070806,0.087476
44,373,69650,573467,0.109486,0.104184
44,374,1210,5825,0.069806,0.066247
44,375,150848,575690,0.114805,0.108674
44,376,9260,928033,0.100249,0.117128
44,377,16593,91049,0.101038,0.095816
44,378,8981,607453,0.081200,0.082353
44,379,17075,260130,0.112469,0.089619
44,380,2883,130722,0.085544,0.084281
44,381,35800,122313,0.060571,0.071193
44,382,58626,101,0.073452,0.069844
44,383,0,0,0.000000,0.000000
44,384,4148,170855,0.082018,0.079665
44,385,794,280784,0.081915,0.078385
44,386,124171,114903,0.148992,0.083174
44,387,99212,310481,0.102059,0.110992
44,388,17570,125865,0.132153,0.131720
44,389,20,4,0.061194,0.062805
44,390,18259,128858,0.117944,0.119039
44,391,20785,171489,0.094632,0.096371
44,392,8670,104799,0.090286,0.093351
44,393,95579,2989,0.116438,0.089296
44,394,8706,251114,0.086814,0.107676
44,395,60475,281711,0.093137,0.108168
44,396,1490,22038,0.074610,0.081123
44,397,16750,347461,0.077682,0.078847
44,398,64381,448747,0.114232,0.096510
44,399,5773,115112,0.082850,0.090244
44,400,24855,412131,0.112479,0.092498
44,401,0,0,0.000000,0.000000
44,402,38,18349,0.084428,0.078176
44,403,0,0,0.000000,0.000000
44,404,60149,97727,0.077786,0.083120
44,405,9073,196867,0.091849,0.086985
44,406,245,160,0.102159,0.099950
44,407,36546,421098,0.062164,0.112691
44,408,0,0,0.000000,0.000000
44,409,38096,65109,0.098039,0.085553
44,410,0,0,0.000000,0.000000
44,411,7639,119778,0.081947,0.083003
44,412,0,0,0.000000,0.000000
44,413,19130,85560,0.105823,0.097570
44,414,8847,69293,0.064010,0.076984
44,415,12959,1949,0.046114,0.056019
44,416,10497,54719,0.074362,0.072810
44,417,9186,38351,0.075198,0.082280
44,418,5261,88705,0.075977,0.080752
44,419,242438,522108,0.121428,0.096169
44,420,1878,12643,0.066553,0.069863
44,421,25641,177050,0.141626,0.122946
44,422,13573,300776,0.081647,0.080184
44,423,35613,325634,0.097999,0.108986
44,424,55028,450235,0.154076,0.134485
44,425,688,1591,0.069526,0.074675
44,426,18257,96996,0.088457,0.062938
44,427,0,0,0.000000,0.000000
44,428,20630,2965,0.103089,0.117725
44,429,1443,3578,0.074577,0.075322
44,430,0,0,0.000000,0.000000
44,431,8806,40943,0.103284,0.122149
44,432,9799,105850,0.085090,0.079845
44,433,19952,297894,0.090801,0.091429
44,434,327260,96704,0.101804,0.072315
44,435,3243,27207,0.086530,0.082716
44,436,199555,653979,0.130523,0.101476
44,437,9118,331050,0.082986,0.079692
44,438,1233,59874,0.063777,0.077460
44,439,20433,118049,0.080648,0.079295
44,440,12665,108004,0.106851,0.099974
44,441,0,1,0.000000,0.057373
44,442,840,24274,0.080272,0.079053
44,443,12550,142680,0.088578,0.108350
44,444,563,22007,0.075877,0.075912
44,445,2143,288382,0.082025,0.135081
44,446,58327,268820,0.096426,0.116018
44,447,9602,12731,0.053088,0.088910
44,448,135,144,0.083169,0.071493
44,449,5990,248852,0.089154,0.095347
44,450,18464,64074,0.087175,0.091305
44,451,1041,65,0.071565,0.077530
44,452,71888,8218,0.100103,0.079818
44,453,1154,1153,0.077108,0.078516
44,454,16832,739,0.072486,0.067265
44,455,40568,244002,0.112312,0.114164
44,456,106008,396131,0.083471,0.095084
44,457,2484,34832,0.062282,0.064669
44,458,2371,366468,0.082298,0.087354
44,459,45,793,0.064627,0.060026
44,460,2992,13688,0.074370,0.071915
44,461,6383,122278,0.082245,0.080857
44,462,579,47375,0.069110,0.077770
44,463,198,56016,0.076177,0.086376
44,464,101891,99827,0.104916,0.083186
44,465,19744,169264,0.123327,0.115353
44,466,28095,2971,0.089263,0.087620
44,467,1789,4038,0.077768,0.071934
44,468,13601,373929,0.062797,0.095870
44,469,3656,57747,0.084554,0.081904
44,470,11079,407801,0.084909,0.081619
44,471,4722,357628,0.067490,0.106270
44,472,6185,114138,0.075899,0.075382
44,473,8778,161800,0.116493,0.137859
44,474,42729,145145,0.086158,0.082984
44,475,0,67,0.000000,0.040037
44,476,11249,211483,0.102374,0.109110
44,477,7662,330663,0.069860,0.091764
44,478,3025,24823,0.089036,0.078292
44,479,18968,2347995,0.076608,0.156990
44,480,42638,58931,0.095334,0.079732
44,481,34905,4741,0.078316,0.081432
44,482,8445,350060,0.104943,0.145300
44,483,15544,308555,0.082005,0.080840
44,484,67509,231287,0.090994,0.081502
44,485,49876,264181,0.068661,0.079536
44,486,827,709,0.085311,0.092818
44,487,97039,594855,0.094836,0.099575
44,488,132,206,0.075791,0.072636
44,489,41571,351818,0.100720,0.132850
44,490,895,149141,0.077811,0.084134
44,491,0,0,0.000000,0.000000
44,492,23178,146084,0.083078,0.105762
44,493,563,8521,0.069852,0.076724
44,494,0,0,0.000000,0.000000
44,495,6508,177,0.077586,0.077183
44,496,5598,97973,0.101678,0.105909
44,497,15650,240748,0.121410,0.095416
44,498,11860,102048,0.085462,0.095194
44,499,136,9224,0.074016,0.099073
44,500,8520,185067,0.072996,0.076436
44,501,641,12,0.054105,0.067708
44,502,780,2344,0.090341,0.085686
44,503,2957,164005,0.083602,0.079578
44,504,19986,157701,0.081294,0.089230
44,505,1590,205454,0.075185,0.097670
44,506,217,170,0.063915,0.071849
44,507,1047,25705,0.086644,0.084251
44,508,11515,111326,0.087202,0.084772
44,509,137834,620083,0.095527,0.088576
44,510,6172,129647,0.082867,0.082842
44,511,5087,1048,0.067102,0.093058
45,0,18103,211069,nan,nan
45,1,26374,1983678,nan,nan
45,2,187726,1316136,nan,nan
45,3,19337,419539,nan,nan
45,4,17731,210738,nan,nan
45,5,20944,212633,nan,nan
45,6,24031,275548,nan,nan
45,7,17731,210738,nan,nan
45,8,17734,210771,nan,nan
45,9,25051,257638,nan,nan
45,10,2432,3980,0.077330,0.077456
45,11,3,0,0.051270,0.000000
45,12,40860,134753,0.084608,0.107040
45,13,14053,774778,0.091738,0.086343
45,14,1980,1687,0.067196,0.071469
45,15,2616,3079,0.081898,0.084623
45,16,901,15390,0.086640,0.080086
45,17,2385,230,0.064770,0.070078
45,18,24561,166764,0.116205,0.126983
45,19,321,242801,0.058573,0.068654
45,20,0,0,0.000000,0.000000
45,21,142,294,0.074846,0.070889
45,22,6146,321,0.117184,0.118783
45,23,174,524,0.085430,0.081980
45,24,36921,271821,0.088858,0.086778
45,25,21143,160136,0.141958,0.131405
45,26,693,54962,0.073639,0.083056
45,27,38210,283683,0.107789,0.129651
45,28,15,26,0.072461,0.085975
45,29,16833,257438,0.067044,0.078443
45,30,6,6,0.085368,0.079183
45,31,2835,97889,0.084053,0.084512
45,32,9746,249908,0.085967,0.086667
45,33,434,809,0.089255,0.074403
45,34,35416,131094,0.077665,0.081276
45,35,16411,365343,0.101425,0.088450
45,36,18301,215541,0.102887,0.096212
45,37,345,5119,0.079083,0.073105
45,38,1349,184779,0.075845,0.076943
45,39,7334,199104,0.105763,0.109941
45,40,60283,406456,0.120097,0.161254
45,41,42627,524605,0.087668,0.098037
45,42,24900,217860,0.080924,0.084421
45,43,163684,373160,0.100086,0.107257
45,44,5999,53967,0.081760,0.059234
45,45,12678,418290,0.076327,0.095103
45,46,12139,956,0.075221,0.070389
45,47,5005,129367,0.103527,0.098725
45,48,34258,206408,0.129433,0.109585
45,49,13829,126782,0.076345,0.075069
45,50,4599,270263,0.078782,0.087734
45,51,2040,37951,0.063592,0.082162
45,52,1,0,0.046875,0.000000
45,53,1548,57,0.060969,0.081200
45,54,54,46,0.110939,0.062914
45,55,6269,38487,0.075530,0.069179
45,56,8572,59340,0.079106,0.080051
45,57,15644,112726,0.112392,0.110701
45,58,0,3,0.000000,0.083008
45,59,11271,20878,0.078285,0.078760
45,60,4509,2531,0.047282,0.069736
45,61,2815,27047,0.083550,0.082984
45,62,45859,22047,0.060064,0.077831
45,63,2185,44359,0.098634,0.096757
45,64,53641,1922,0.074437,0.086436
45,65,14562,179967,0.097074,0.086223
45,66,430,11492,0.083563,0.084303
45,67,24557,154146,0.102622,0.118840
45,68,28546,231545,0.125173,0.117083
45,69,7448,7075,0.084554,0.073628
45,70,0,0,0.000000,0.000000
45,71,4306,204796,0.081627,0.090186
45,72,12939,1989,0.063534,0.069597
45,73,8171,56490,0.091102,0.076390
45,74,345,9713,0.081244,0.074109
45,75,8091,1467,0.061861,0.082373
45,76,63746,5211,0.057849,0.061828
45,77,3190,449781,0.072449,0.087897
45,78,1172,117832,0.083315,0.088103
45,79,17543,153130,0.084179,0.104630
45,80,137,96,0.072895,0.070473
45,81,1402,53799,0.079662,0.079273
45,82,19380,179548,0.090617,0.096821
45,83,3649,87658,0.086053,0.087255
45,84,1870,318719,0.083752,0.082746
45,85,23152,244010,0.117753,0.127605
45,86,6109,702985,0.077494,0.091130
45,87,1425,17243,0.093554,0.124341
45,88,3918,3126,0.075039,0.092970
45,89,763,2339,0.070682,0.078302
45,90,2357,11298,0.090112,0.076138
45,91,98176,264603,0.101298,0.097873
45,92,8793,19436,0.085857,0.091153
45,93,0,0,0.000000,0.000000
45,94,7210,202889,0.084885,0.090530
45,95,12669,60326,0.069100,0.123594
45,96,16365,208547,0.080212,0.086689
45,97,35238,361031,0.080147,0.086783
45,98,11132,44929,0.086359,0.084112
45,99,10326,96160,0.099360,0.105487
45,100,226,2042,0.061851,0.054725
45,101,21982,293650,0.088820,0.097329
45,102,25433,152270,0.086414,0.083279
45,103,261,912,0.087649,0.085428
45,104,26827,203126,0.106866,0.117449
45,105,5010,209167,0.085956,0.085812
45,106,376,1004,0.074239,0.084818
45,107,34854,219145,0.112209,0.128910
45,108,44316,203344,0.123740,0.095630
45,109,107722,17735,0.119736,0.119257
45,110,1647,188875,0.075200,0.076044
45,111,36670,76885,0.076999,0.080658
45,112,0,7,0.000000,0.082241
45,113,4,564,0.075928,0.085486
45,114,30276,29361,0.029727,0.071964
45,115,0,2,0.000000,0.051392
45,116,14932,79804,0.113280,0.103416
45,117,43833,142413,0.087083,0.097260
45,118,14469,139261,0.082877,0.081266
45,119,8991,130311,0.087516,0.096734
45,120,11691,124127,0.084865,0.106466
45,121,6147,45350,0.110603,0.100373
45,122,0,0,0.000000,0.000000
45,123,164271,1152811,0.113410,0.112352
45,124,4149,168584,0.084607,0.089868
45,125,11518,53390,0.078738,0.089794
45,126,48941,99824,0.102638,0.120326
45,127,9032,243053,0.076281,0.084999
45,128,48161,139410,0.095276,0.117933
45,129,21200,24812,0.031902,0.081336
45,130,7440,101982,0.076290,0.091079
45,131,433,43471,0.073188,0.089476
45,132,2650,52583,0.094252,0.090213
45,133,18404,153262,0.079374,0.083813
45,134,816,3203,0.080656,0.070120
45,135,19531,237553,0.114296,0.099296
45,136,16,3,0.062042,0.077393
45,137,0,0,0.000000,0.000000
45,138,40940,83392,0.091877,0.101015
45,139,4678,456747,0.086067,0.089646
45,140,1303,76001,0.084698,0.089944
45,141,5160,12405,0.078309,0.073119
45,142,11149,209429,0.094857,0.089414
45,143,9609,207731,0.140673,0.097916
45,144,28142,38202,0.103672,0.068618
45,145,0,926,0.000000,0.085717
45,146,18918,275452,0.112502,0.100538
45,147,93130,56744,0.212423,0.058497
45,148,0,0,0.000000,0.000000
45,149,12381,144717,0.104151,0.102350
45,150,2193,147482,0.081850,0.084041
45,151,27877,439314,0.109390,0.104200
45,152,6897,126374,0.082432,0.084636
45,153,44,235,0.131453,0.076714
45,154,48571,139444,0.075621,0.118483
45,155,7110,122863,0.094197,0.100444
45,156,4508,178791,0.076353,0.080229
45,157,71954,286030,0.087772,0.088264
45,158,57,60,0.072908,0.068933
45,159,9368,311,0.061664,0.065402
45,160,8,0,0.057007,0.000000
45,161,9446,158908,0.124802,0.136416
45,162,91127,292137,0.100713,0.096158
45,163,12469,185064,0.120668,0.162409
45,164,5553,40627,0.078279,0.082540
45,165,1296,1147,0.080791,0.073669
45,166,57127,379630,0.075136,0.091784
45,167,19219,345867,0.076669,0.072594
45,168,35626,198865,0.110807,0.085879
45,169,949,215302,0.074847,0.083464
45,170,15834,314477,0.102301,0.108656
45,171,88,714,0.076480,0.076968
45,172,37040,120587,0.088930,0.111562
45,173,5835,1080,0.069930,0.079991
45,174,5876,1102263,0.077280,0.133452
45,175,17947,159844,0.094190,0.098961
45,176,10384,268513,0.101769,0.127650
45,177,46208,291348,0.093937,0.113174
45,178,2792,9593,0.072509,0.080409
45,179,17514,213916,0.086233,0.110920
45,180,50,293,0.081626,0.082515
45,181,8597,325675,0.110177,0.141778
45,182,15543,108732,0.074006,0.087400
45,183,333,5115,0.084605,0.089907
45,184,3271,100237,0.109046,0.124945
45,185,831,16420,0.083204,0.086037
45,186,43069,1841,0.095704,0.087290
45,187,0,0,0.000000,0.000000
45,188,216159,30618,0.107541,0.067399
45,189,202242,399510,0.126791,0.105766
45,190,21309,154921,0.135046,0.140594
45,191,10578,296666,0.089720,0.089472
45,192,1929,463998,0.079812,0.080449
45,193,28502,197419,0.083789,0.084389
45,194,5026,412694,0.086175,0.090003
45,195,4467,557055,0.070199,0.100750
45,196,122553,518687,0.102761,0.140650
45,197,6464,23823,0.078097,0.085584
45,198,69091,10983,0.077258,0.079502
45,199,1537,8597,0.080323,0.083583
45,200,256511,1515337,0.146443,0.141122
45,201,249,740,0.082779,0.083188
45,202,2280,430956,0.084682,0.086101
45,203,9264,161849,0.114589,0.097048
45,204,18691,147231,0.103991,0.090233
45,205,37312,350518,0.081011,0.092536
45,206,2902,6665,0.092853,0.097066
45,207,934,18049,0.072269,0.069504
45,208,7127,71829,0.101610,0.083488
45,209,898,9637,0.047259,0.057732
45,210,428,4571,0.072259,0.069930
45,211,341621,68179,0.080016,0.083385
45,212,3450,21084,0.086142,0.091004
45,213,74959,215931,0.117276,0.085736
45,214,2544,246735,0.088309,0.091779
45,215,52714,534,0.080399,0.078763
45,216,29449,144325,0.087565,0.095591
45,217,1292,5266,0.084318,0.072176
45,218,12460,506,0.032400,0.053134
45,219,15113,355,0.097862,0.109073
45,220,0,0,0.000000,0.000000
45,221,185,158,0.071872,0.089199
45,222,156735,357231,0.124828,0.111695
45,223,6799,196633,0.089059,0.123779
45,224,3474,7500,0.062926,0.052977
45,225,4576,248608,0.064092,0.082277
45,226,1546,63815,0.082557,0.085466
45,227,12752,47955,0.076450,0.072065
45,228,90,10,0.076142,0.067896
45,229,33904,318792,0.104086,0.098273
45,230,955,6105,0.086206,0.082371
45,231,3768,69449,0.073795,0.078692
45,232,947,10514,0.074529,0.080171
45,233,12876,451138,0.085476,0.089518
45,234,8946,266239,0.084084,0.085661
45,235,69265,82510,0.073027,0.085906
45,236,28701,493406,0.074087,0.078360
45,237,1864,11805,0.082644,0.085583
45,238,5687,57760,0.115071,0.125197
45,239,1823,1512,0.064301,0.070560
45,240,7489,39199,0.099027,0.112768
45,241,0,0,0.000000,0.000000
45,242,11278,257674,0.117554,0.120328
45,243,12814,163662,0.105192,0.097720
45,244,1,2,0.058838,0.059692
45,245,13287,122352,0.118790,0.098751
45,246,69934,526180,0.116662,0.130752
45,247,563,104425,0.066545,0.064231
45,248,17493,13930,0.087035,0.082077
45,249,19725,333224,0.083418,0.081997
45,250,22619,131625,0.085857,0.093692
45,251,2050,52078,0.074916,0.074093
45,252,24006,55710,0.088142,0.106176
45,253,62612,543344,0.086818,0.088908
45,254,8943,2749,0.064677,0.076974
45,255,4527,66443,0.072648,0.073479
45,256,7283,36640,0.078389,0.075936
45,257,8032,234425,0.082939,0.084248
45,258,215,33849,0.085740,0.084002
45,259,174865,424648,0.095015,0.084194
45,260,0,2,0.000000,0.059082
45,261,168959,122298,0.135546,0.102441
45,262,2167,524182,0.089091,0.091764
45,263,6171,33781,0.075416,0.082787
45,264,30042,362069,0.096038,0.116307
45,265,828,100411,0.078758,0.089709
45,266,23455,930109,0.072688,0.084897
45,267,13,56,0.057889,0.082136
45,268,3089,16242,0.081799,0.087077
45,269,14512,175264,0.111663,0.107105
45,270,22109,2126,0.116200,0.113614
45,271,11815,185911,0.080854,0.083939
45,272,8112,35399,0.102196,0.094004
45,273,6119,10381,0.073471,0.071298
45,274,61865,381481,0.087164,0.082610
45,275,72,0,0.059547,0.000000
45,276,77955,902871,0.095220,0.113162
45,277,6,0,0.068807,0.000000
45,278,53251,132010,0.104139,0.102356
45,279,2865,108078,0.083943,0.087107
45,280,10050,89947,0.080667,0.080420
45,281,8636,106153,0.104939,0.117533
45,282,14333,190983,0.106052,0.119144
45,283,23867,441292,0.086458,0.092088
45,284,516,407,0.083006,0.087272
45,285,21373,436100,0.080190,0.081486
45,286,0,0,0.000000,0.000000
45,287,46453,245587,0.084454,0.077743
45,288,15992,199802,0.084791,0.172449
45,289,6791,29975,0.087160,0.094098
45,290,12745,102309,0.107275,0.131260
45,291,534,5820,0.070862,0.065332
45,292,5279,1101,0.056043,0.072370
45,293,8767,28944,0.072815,0.078976
45,294,125631,397385,0.107032,0.129856
45,295,2825,193010,0.089863,0.086623
45,296,17,1,0.080523,0.069336
45,297,0,0,0.000000,0.000000
45,298,41626,142930,0.087922,0.089683
45,299,629,3212,0.068715,0.075316
45,300,1389,18165,0.070057,0.072127
45,301,27276,271343,0.092113,0.095816
45,302,5195,27405,0.079761,0.075432
45,303,130411,602818,0.140516,0.090562
45,304,1001,36117,0.073469,0.072955
45,305,29738,171290,0.079633,0.083101
45,306,6975,193933,0.076319,0.083232
45,307,365,9721,0.088624,0.093548
45,308,12,6,0.061615,0.068034
45,309,853,7854,0.080227,0.078857
45,310,0,0,0.000000,0.000000
45,311,7344,114043,0.082088,0.103695
45,312,18489,374418,0.082745,0.087800
45,313,950,11452,0.074740,0.071663
45,314,1855,120119,0.089661,0.086804
45,315,0,341,0.000000,0.082037
45,316,6697,82705,0.087008,0.089848
45,317,12211,85419,0.087380,0.090027
45,318,0,0,0.000000,0.000000
45,319,0,0,0.000000,0.000000
45,320,105,595,0.077841,0.066346
45,321,3409,91169,0.071825,0.081988
45,322,0,0,0.000000,0.000000
45,323,24802,274956,0.083982,0.081073
45,324,4510,513746,0.061716,0.075289
45,325,32904,259545,0.092128,0.101746
45,326,18062,158610,0.073615,0.077282
45,327,74780,306724,0.114341,0.091090
45,328,1784,34599,0.083828,0.083322
45,329,1272,28452,0.083582,0.086394
45,330,15,0,0.059701,0.000000
45,331,223,251,0.077397,0.074806
45,332,3352,191333,0.086715,0.085289
45,333,13148,263073,0.118087,0.087321
45,334,33258,9150,0.087046,0.052357
45,335,16987,135,0.079666,0.073596
45,336,4701,13456,0.080233,0.085151
45,337,7318,174525,0.080511,0.083509
45,338,1287,81842,0.085289,0.085878
45,339,17808,199022,0.076452,0.080668
45,340,4,646,0.079590,0.082974
45,341,1340,37108,0.062019,0.061997
45,342,26073,764684,0.067234,0.088594
45,343,80,7037,0.064386,0.066448
45,344,1542,1677,0.079675,0.079328
45,345,160428,681990,0.112562,0.107609
45,346,54189,236483,0.071162,0.084265
45,347,24631,339037,0.104192,0.113395
45,348,12375,193959,0.086482,0.085954
45,349,5378,79079,0.065881,0.079049
45,350,9841,23992,0.088515,0.108216
45,351,6651,56644,0.070974,0.068290
45,352,19782,523607,0.084753,0.081181
45,353,17845,194317,0.080338,0.087993
45,354,12936,195837,0.124153,0.098449
45,355,13809,113612,0.155225,0.129016
45,356,16823,39032,0.085456,0.088247
45,357,314,144,0.074272,0.076948
45,358,7472,71610,0.104141,0.123964
45,359,21082,283713,0.085215,0.116249
45,360,6654,116155,0.042527,0.077263
45,361,1565,39073,0.084364,0.081647
45,362,9542,76468,0.080734,0.085704
45,363,95,310,0.066905,0.057623
45,364,96728,781592,0.068880,0.086502
45,365,14110,115106,0.107308,0.098671
45,366,7,312,0.077881,0.066675
45,367,30725,126149,0.089855,0.099984
45,368,892,95586,0.079284,0.085837
45,369,0,0,0.000000,0.000000
45,370,1388,1928,0.098317,0.074152
45,371,2878,51901,0.080463,0.086630
45,372,956,1333,0.088036,0.090795
45,373,2889,35742,0.072869,0.070247
45,374,5,0,0.073535,0.000000
45,375,107757,515993,0.125823,0.127363
45,376,12716,164207,0.105331,0.130350
45,377,12459,133712,0.091711,0.105984
45,378,28787,188507,0.113288,0.112489
45,379,2991,131918,0.083872,0.082708
45,380,19948,146326,0.098473,0.097911
45,381,99611,336523,0.080651,0.083338
45,382,136749,513974,0.101025,0.115845
45,383,18816,9319,0.072974,0.078621
45,384,2149,87615,0.087296,0.085804
45,385,0,0,0.000000,0.000000
45,386,18783,227758,0.079514,0.081563
45,387,8201,1033580,0.111763,0.116892
45,388,2625,5623,0.082872,0.084920
45,389,1326,52448,0.085717,0.081260
45,390,122168,102838,0.077473,0.091722
45,391,3465,251483,0.087706,0.087063
45,392,14026,160331,0.028403,0.082962
45,393,53496,569312,0.093136,0.125386
45,394,5256,11817,0.091373,0.082304
45,395,10147,4384,0.049604,0.091551
45,396,52990,342412,0.095885,0.104371
45,397,91,85,0.078082,0.073173
45,398,15521,19052,0.068491,0.083408
45,399,96066,131063,0.116468,0.183638
45,400,14662,695810,0.084915,0.089304
45,401,5213,482565,0.083206,0.085135
45,402,49125,234444,0.136507,0.150335
45,403,0,0,0.000000,0.000000
45,404,31094,116700,0.051569,0.127726
45,405,4873,500371,0.086858,0.087712
45,406,33286,3844,0.177064,0.130369
45,407,107,6833,0.074347,0.073409
45,408,0,0,0.000000,0.000000
45,409,5376,99352,0.083136,0.089377
45,410,11838,232544,0.092172,0.084460
45,411,72885,466364,0.095086,0.087082
45,412,4,997,0.088257,0.052450
45,413,4070,219592,0.094308,0.103812
45,414,116455,53174,0.107955,0.087260
45,415,746,456642,0.079741,0.078966
45,416,744,1791,0.073803,0.067141
45,417,5649,53680,0.084423,0.083251
45,418,2042,3520,0.088021,0.091964
45,419,21991,123445,0.148271,0.134157
45,420,20257,333565,0.094245,0.103958
45,421,1781,45542,0.084772,0.084486
45,422,21580,191339,0.112813,0.123801
45,423,14632,148843,0.099615,0.100341
45,424,4936,31,0.063341,0.083535
45,425,106753,812760,0.084760,0.095295
45,426,0,0,0.000000,0.000000
45,427,27373,361793,0.042148,0.086288
45,428,7672,45444,0.093944,0.089977
45,429,8401,54912,0.081300,0.069377
45,430,1,58,0.094238,0.064430
45,431,70828,515477,0.110120,0.138375
45,432,6609,49619,0.080383,0.060820
45,433,5584,59286,0.081743,0.086764
45,434,56570,204627,0.121759,0.078943
45,435,41777,470603,0.098395,0.098601
45,436,32056,301782,0.085206,0.089672
45,437,225556,989727,0.126299,0.119173
45,438,10624,3183,0.087847,0.093231
45,439,0,0,0.000000,0.000000
45,440,807,8368,0.084506,0.087950
45,441,12,1,0.074890,0.037842
45,442,2890,68703,0.055787,0.070738
45,443,8055,504812,0.088349,0.119257
45,444,3710,331604,0.088157,0.091160
45,445,735,16338,0.076517,0.102212
45,446,0,0,0.000000,0.000000
45,447,215,1114,0.064487,0.071569
45,448,27111,813056,0.076818,0.098580
45,449,2726,90962,0.090550,0.087728
45,450,10870,137971,0.081319,0.095308
45,451,43,4276,0.073208,0.076963
45,452,4907,3789,0.074325,0.072476
45,453,20693,219263,0.119733,0.124505
45,454,2950,24140,0.097117,0.089789
45,455,0,0,0.000000,0.000000
45,456,10331,116806,0.086840,0.089866
45,457,14978,780622,0.081500,0.093136
45,458,3116,34962,0.079230,0.083150
45,459,260,9,0.060424,0.074110
45,460,1119,2007,0.075681,0.079152
45,461,21962,57257,0.071044,0.084772
45,462,25042,442464,0.074758,0.102277
45,463,48,17,0.078059,0.070427
45,464,17590,265088,0.081661,0.080347
45,465,13795,274526,0.079463,0.084687
45,466,479,42052,0.086548,0.082066
45,467,461,4577,0.070193,0.069296
45,468,16017,230676,0.093828,0.094721
45,469,9527,144226,0.105924,0.099933
45,470,3353,213035,0.086708,0.085171
45,471,1,4,0.089355,0.085083
45,472,4066,58125,0.099665,0.097411
45,473,3044,26741,0.065314,0.085628
45,474,575,7488,0.073039,0.074905
45,475,368,25645,0.088895,0.095864
45,476,10,21362,0.075928,0.085726
45,477,3919,367141,0.108726,0.118194
45,478,10678,179937,0.078709,0.107868
45,479,24327,232505,0.070933,0.072167
45,480,17676,174855,0.087090,0.084692
45,481,0,0,0.000000,0.000000
45,482,65,24,0.092195,0.109843
45,483,5,88,0.061670,0.083230
45,484,1409,17786,0.070827,0.085986
45,485,13230,121222,0.085000,0.090966
45,486,19602,377822,0.107143,0.095824
45,487,0,0,0.000000,0.000000
45,488,4214,23261,0.086739,0.086599
45,489,90028,206792,0.117159,0.104483
45,490,1489,178296,0.082870,0.081314
45,491,59,21842,0.091007,0.085503
45,492,3865,830004,0.104053,0.150788
45,493,381,6244,0.073433,0.082959
45,494,14588,338234,0.101142,0.098545
45,495,3695,676,0.065003,0.074468
45,496,261,4220,0.078366,0.092206
45,497,28096,506195,0.079332,0.128129
45,498,2299,11403,0.070743,0.078021
45,499,5768,59510,0.087737,0.106330
45,500,11,34,0.072998,0.076258
45,501,6251,225536,0.089732,0.088461
45,502,1242,1685,0.083201,0.085912
45,503,11,2,0.063588,0.122559
45,504,6600,132293,0.103361,0.103987
45,505,3660,29863,0.215958,0.151660
45,506,38,33,0.073409,0.073583
45,507,0,0,0.000000,0.000000
45,508,55854,160950,0.140499,0.099078
45,509,2120,48831,0.084027,0.081929
45,510,1651,56008,0.095492,0.088676
45,511,1196,3640,0.076356,0.073075
46,0,17742,210826,nan,nan
46,1,25821,233921,nan,nan
46,2,18570,280863,nan,nan
46,3,17731,210738,nan,nan
46,4,32053,216611,nan,nan
46,5,17731,210738,nan,nan
46,6,36507,469733,nan,nan
46,7,20652,437455,nan,nan
46,8,82722,759342,nan,nan
46,9,36071,378375,nan,nan
46,10,4279,393862,0.078333,0.085366
46,11,31222,469871,0.081684,0.089619
46,12,2786,3760,0.080216,0.074643
46,13,111212,4355,0.099286,0.099138
46,14,3864,5298,0.049488,0.079225
46,15,14676,96884,0.067456,0.078044
46,16,2506,460398,0.083906,0.086177
46,17,0,47,0.000000,0.063071
46,18,11041,12454,0.065847,0.088420
46,19,61,563,0.075692,0.076478
46,20,1156,57250,0.080578,0.085275
46,21,15524,2620,0.118051,0.091161
46,22,204,36181,0.073519,0.074196
46,23,27,48247,0.079156,0.089279
46,24,18519,477889,0.085025,0.090321
46,25,80,1,0.045358,0.050293
46,26,7958,52321,0.114272,0.104213
46,27,91379,927945,0.085649,0.084056
46,28,11915,283157,0.081714,0.090307
46,29,1695,207339,0.088263,0.089633
46,30,640,1905,0.036496,0.066511
46,31,2239,11708,0.088166,0.087681
46,32,12619,267248,0.094697,0.088150
46,33,36,6229,0.078484,0.074339
46,34,31554,4714,0.098089,0.108382
46,35,6978,20502,0.089946,0.105882
46,36,2186,298935,0.074196,0.094069
46,37,9811,57681,0.096116,0.095685
46,38,13,7,0.068134,0.068185
46,39,2781,44612,0.080025,0.079789
46,40,849,1207,0.084548,0.087161
46,41,10124,2568,0.040571,0.081460
46,42,1263,294,0.056814,0.060752
46,43,6407,378683,0.076253,0.082781
46,44,4707,77740,0.058719,0.081862
46,45,4484,104780,0.072243,0.086026
46,46,394,61,0.051069,0.072058
46,47,143750,15438,0.110267,0.075700
46,48,41889,785248,0.084422,0.093400
46,49,29,307,0.077182,0.063835
46,50,9000,260464,0.078401,0.087372
46,51,13413,187949,0.076605,0.084459
46,52,28625,91792,0.078263,0.098807
46,53,2717,34645,0.086626,0.072271
46,54,30716,369915,0.099151,0.100704
46,55,35380,2069,0.076666,0.096631
46,56,0,0,0.000000,0.000000
46,57,0,936,0.000000,0.088132
46,58,20314,128347,0.080390,0.082039
46,59,0,0,0.000000,0.000000
46,60,8,18,0.073120,0.068766
46,61,23386,240286,0.088969,0.098585
46,62,1,4,0.052002,0.065063
46,63,5057,32225,0.103344,0.096667
46,64,0,0,0.000000,0.000000
46,65,265434,1550019,0.128701,0.130545
46,66,6296,65438,0.081720,0.104321
46,67,468,571052,0.045046,0.104533
46,68,13660,152012,0.075521,0.089407
46,69,11,854,0.085161,0.077352
46,70,184507,776282,0.103997,0.106763
46,71,845,7339,0.078378,0.076368
46,72,7819,287,0.074050,0.079882
46,73,446,4109,0.070689,0.065816
46,74,10047,257969,0.106021,0.088570
46,75,24089,252685,0.090787,0.093498
46,76,0,0,0.000000,0.000000
46,77,0,0,0.000000,0.000000
46,78,1007,15650,0.068010,0.073515
46,79,32736,255858,0.104844,0.120733
46,80,387,11271,0.057372,0.081629
46,81,107856,694080,0.104250,0.104175
46,82,445,177267,0.086019,0.088466
46,83,1832,18334,0.076188,0.081949
46,84,13243,494631,0.074939,0.084269
46,85,3248,5713,0.059474,0.080179
46,86,268154,531825,0.166357,0.099686
46,87,18546,74670,0.073300,0.080010
46,88,68859,227531,0.052321,0.075139
46,89,78,1374,0.053166,0.070172
46,90,1057,22424,0.082727,0.069321
46,91,12430,156828,0.081375,0.086854
46,92,11891,115324,0.124153,0.115127
46,93,426390,16524,0.116090,0.062893
46,94,19324,388030,0.088750,0.098085
46,95,664,10323,0.075384,0.077007
46,96,7301,1148622,0.076127,0.084135
46,97,1829,28652,0.077502,0.084989
46,98,10075,81043,0.082908,0.088376
46,99,6523,21965,0.076051,0.084634
46,100,0,979,0.000000,0.051473
46,101,65804,546085,0.115346,0.135445
46,102,20523,678,0.077675,0.110757
46,103,14307,93575,0.052232,0.068076
46,104,1402,18247,0.068355,0.084549
46,105,48,23,0.075719,0.070302
46,106,32830,385385,0.067513,0.092540
46,107,3601,30713,0.086962,0.082824
46,108,16859,147192,0.078999,0.112398
46,109,0,0,0.000000,0.000000
46,110,9888,47129,0.080921,0.086140
46,111,61062,154004,0.094817,0.114428
46,112,8564,484253,0.061696,0.098033
46,113,10025,608599,0.083055,0.093160
46,114,160,995,0.084154,0.061871
46,115,8025,113426,0.075536,0.086485
46,116,5938,42538,0.079144,0.084242
46,117,14210,6604,0.072949,0.083806
46,118,179411,12078,0.147192,0.080194
46,119,1257,223825,0.081899,0.088997
46,120,2129,128232,0.088780,0.091290
46,121,88,510,0.074765,0.077102
46,122,477,22823,0.076609,0.081861
46,123,4247,236727,0.067414,0.090018
46,124,5801,168038,0.076931,0.100950
46,125,46096,74247,0.071939,0.081579
46,126,269,41300,0.073121,0.085112
46,127,4683,80816,0.082418,0.094291
46,128,3245,13433,0.101607,0.100521
46,129,218,2602,0.076623,0.074898
46,130,18,161,0.049547,0.072080
46,131,73431,108755,0.111296,0.121165
46,132,1916,261349,0.081964,0.083837
46,133,0,0,0.000000,0.000000
46,134,20484,368364,0.051652,0.130944
46,135,0,0,0.000000,0.000000
46,136,176291,1102172,0.098829,0.096713
46,137,6766,141719,0.126911,0.082255
46,138,532,20653,0.076020,0.078019
46,139,2448,21813,0.066110,0.107998
46,140,198,370,0.073575,0.072274
46,141,252194,721816,0.090425,0.087342
46,142,17164,99560,0.088008,0.076556
46,143,106165,200630,0.074546,0.075368
46,144,108030,11246,0.102480,0.069736
46,145,13981,175596,0.092624,0.126506
46,146,95540,284775,0.120885,0.095048
46,147,6568,212215,0.109016,0.092268
46,148,3021,89408,0.081701,0.082163
46,149,13417,114372,0.086780,0.082668
46,150,20306,298288,0.075638,0.095263
46,151,3664,116450,0.081069,0.079267
46,152,870,65368,0.080976,0.086505
46,153,70,112,0.074812,0.075906
46,154,4206,154186,0.079773,0.084802
46,155,12789,236065,0.086613,0.123495
46,156,5472,448884,0.096664,0.116823
46,157,2877,158,0.048119,0.063246
46,158,9208,353807,0.079712,0.097142
46,159,0,0,0.000000,0.000000
46,160,7072,62711,0.103329,0.129983
46,161,1456,77680,0.079242,0.087148
46,162,10004,120056,0.078137,0.086492
46,163,1586,325194,0.080222,0.091139
46,164,898,78885,0.085617,0.085553
46,165,12756,157929,0.078859,0.096272
46,166,5525,9812,0.090518,0.103511
46,167,1269,29660,0.079484,0.082876
46,168,105514,38596,0.141086,0.087859
46,169,15587,142726,0.087458,0.099596
46,170,37553,101371,0.108080,0.124983
46,171,3991,440279,0.087553,0.088532
46,172,13367,184351,0.084679,0.113015
46,173,1092,76132,0.077230,0.090954
46,174,2802,14573,0.077820,0.085362
46,175,39816,232991,0.104736,0.112024
46,176,1138,636384,0.083252,0.085626
46,177,13251,13514,0.078063,0.092525
46,178,100,48,0.084553,0.083125
46,179,0,39,0.000000,0.051617
46,180,2275,1756,0.049676,0.074648
46,181,1572,78480,0.079292,0.083684
46,182,18844,232766,0.120128,0.117596
46,183,5510,9547,0.078340,0.078827
46,184,110125,86431,0.095297,0.069504
46,185,130109,353171,0.108295,0.103786
46,186,276,228318,0.081378,0.085721
46,187,8239,339552,0.084865,0.087631
46,188,2608,5,0.062382,0.055420
46,189,1142,67913,0.062758,0.064909
46,190,473,6443,0.067639,0.072235
46,191,0,0,0.000000,0.000000
46,192,0,0,0.000000,0.000000
46,193,38368,109791,0.086537,0.101856
46,194,1063,211260,0.075337,0.089687
46,195,5824,114904,0.073756,0.080159
46,196,3014,178020,0.076191,0.083256
46,197,125,782,0.067912,0.063368
46,198,5704,185431,0.089369,0.108463
46,199,65999,309079,0.063127,0.068206
46,200,17102,538,0.092030,0.070899
46,201,13159,250196,0.098531,0.089095
46,202,0,0,0.000000,0.000000
46,203,58,43,0.087284,0.070074
46,204,1973,8491,0.087644,0.088456
46,205,605,2028,0.076878,0.074372
46,206,18148,103401,0.079595,0.080543
46,207,4152,18722,0.078833,0.078821
46,208,40607,76467,0.083807,0.095621
46,209,2672,14821,0.071026,0.076580
46,210,65239,433456,0.130058,0.139133
46,211,18,29415,0.055623,0.058455
46,212,88351,9824,0.079497,0.089891
46,213,46143,308302,0.120552,0.128386
46,214,3195,185219,0.072360,0.078655
46,215,8168,359343,0.059992,0.073296
46,216,23088,465208,0.080675,0.110729
46,217,12332,461585,0.085697,0.093167
46,218,2547,19449,0.094191,0.107586
46,219,27476,153805,0.061613,0.065991
46,220,4427,289577,0.082349,0.087227
46,221,9039,124050,0.082954,0.117624
46,222,2801,131923,0.078821,0.085650
46,223,54872,429711,0.103667,0.139918
46,224,222963,698103,0.108374,0.105947
46,225,14193,55750,0.068267,0.077356
46,226,335,69466,0.087972,0.087681
46,227,365,823,0.070748,0.073419
46,228,21755,20544,0.050339,0.070127
46,229,44009,5273,0.069500,0.077531
46,230,69686,636073,0.074827,0.091493
46,231,345,97477,0.081604,0.086684
46,232,15793,195442,0.082212,0.097912
46,233,262,571,0.040151,0.075060
46,234,21743,218434,0.105420,0.104207
46,235,68330,576410,0.123676,0.132844
46,236,1793,184947,0.087474,0.090236
46,237,1085,668,0.077965,0.080049
46,238,13188,91907,0.114246,0.102390
46,239,0,0,0.000000,0.000000
46,240,185028,1216390,0.109741,0.120310
46,241,27007,225598,0.173346,0.159870
46,242,17300,353542,0.087745,0.097937
46,243,7665,187319,0.094151,0.094639
46,244,639,461,0.040250,0.066061
46,245,13324,68157,0.082799,0.084132
46,246,154,52594,0.078605,0.085938
46,247,284,22453,0.061916,0.070658
46,248,4662,129476,0.071281,0.100079
46,249,66,40,0.048336,0.074524
46,250,16063,149117,0.097163,0.116246
46,251,27242,234465,0.085002,0.086242
46,252,9,0,0.080675,0.000000
46,253,2496,432,0.080569,0.064190
46,254,11873,141001,0.085494,0.093005
46,255,2027,1673,0.053110,0.081455
46,256,680,9624,0.074731,0.080332
46,257,451,150948,0.079228,0.089004
46,258,923,117648,0.090419,0.088165
46,259,804,97,0.063551,0.085396
46,260,33228,958911,0.074245,0.087872
46,261,19576,282340,0.071615,0.081877
46,262,70675,341600,0.076345,0.096088
46,263,8819,121933,0.077999,0.083380
46,264,10334,15189,0.078681,0.078517
46,265,8033,405198,0.087429,0.087222
46,266,27348,797932,0.069147,0.136058
46,267,17353,442,0.051857,0.062707
46,268,18436,130286,0.090940,0.104569
46,269,3348,26106,0.053017,0.076221
46,270,13807,338595,0.082154,0.084584
46,271,8599,423721,0.070488,0.090029
46,272,15243,161208,0.112066,0.142223
46,273,257,214,0.079354,0.077595
46,274,10347,194580,0.088299,0.101505
46,275,49938,134186,0.077689,0.090715
46,276,15291,4631,0.109560,0.086767
46,277,502,1767,0.074977,0.066513
46,278,11394,383039,0.080043,0.085302
46,279,2,15,0.057983,0.055046
46,280,19410,204354,0.091199,0.101225
46,281,18145,173110,0.122982,0.122479
46,282,95,4064,0.071515,0.074604
46,283,885,2083,0.083183,0.088561
46,284,30688,20957,0.059510,0.084987
46,285,4829,19010,0.071898,0.078346
46,286,5558,84244,0.083160,0.088586
46,287,14755,78887,0.034019,0.078813
46,288,4173,860264,0.110828,0.177841
46,289,8070,19754,0.086231,0.085177
46,290,522,105335,0.059579,0.082375
46,291,15925,103129,0.075186,0.086496
46,292,6300,551456,0.095256,0.106438
46,293,15696,114402,0.076179,0.089151
46,294,1283,6478,0.075003,0.076388
46,295,3569,309666,0.074528,0.096480
46,296,21133,109230,0.074413,0.082356
46,297,7305,84485,0.096481,0.095253
46,298,64,1666,0.057037,0.062330
46,299,10573,315047,0.085392,0.087685
46,300,2430,22819,0.079017,0.090207
46,301,8436,201347,0.095570,0.094305
46,302,178050,554889,0.106880,0.104475
46,303,0,1,0.000000,0.017700
46,304,592,6779,0.051280,0.073996
46,305,33081,98475,0.085970,0.096876
46,306,5037,14559,0.081647,0.087976
46,307,46430,347701,0.084946,0.090241
46,308,20168,340736,0.078261,0.083937
46,309,4424,136722,0.085563,0.145089
46,310,2685,31966,0.081657,0.083032
46,311,103665,389544,0.084729,0.101320
46,312,12301,121685,0.094775,0.093631
46,313,14944,821094,0.088197,0.096480
46,314,233,1548,0.072667,0.072761
46,315,369,148114,0.086346,0.087334
46,316,11,0,0.065940,0.000000
46,317,57168,408708,0.060875,0.073715
46,318,25,8,0.080410,0.080994
46,319,18735,308947,0.043974,0.092037
46,320,7900,1020,0.063633,0.086589
46,321,2122,501190,0.086641,0.092866
46,322,16450,154701,0.099349,0.098778
46,323,137,1,0.049808,0.077637
46,324,2201,5212,0.063772,0.070531
46,325,17325,135805,0.073289,0.093680
46,326,0,0,0.000000,0.000000
46,327,0,0,0.000000,0.000000
46,328,23010,76932,0.080391,0.106764
46,329,56301,212219,0.105659,0.113362
46,330,3513,491205,0.085541,0.090043
46,331,4506,35409,0.083182,0.081188
46,332,21488,80460,0.025433,0.087190
46,333,38979,562757,0.082102,0.087225
46,334,5573,106288,0.084988,0.090458
46,335,1893,23154,0.044392,0.074123
46,336,153095,498532,0.117714,0.087412
46,337,0,0,0.000000,0.000000
46,338,12478,353821,0.057328,0.094281
46,339,537,1600,0.070545,0.073427
46,340,14858,249064,0.081368,0.101000
46,341,4699,68997,0.085825,0.088860
46,342,28292,150227,0.077026,0.092736
46,343,5202,365075,0.088569,0.087467
46,344,30,32,0.081185,0.071938
46,345,4,4,0.059143,0.059204
46,346,2824,165,0.056579,0.079671
46,347,5584,60142,0.081278,0.093153
46,348,5991,103842,0.086347,0.089562
46,349,5431,3037,0.066123,0.076270
46,350,0,0,0.000000,0.000000
46,351,244,2080,0.058883,0.071846
46,352,0,0,0.000000,0.000000
46,353,596,755,0.066681,0.068664
46,354,306,440,0.089517,0.079705
46,355,915,9508,0.076653,0.075338
46,356,1388,309918,0.082797,0.085644
46,357,926,184980,0.085095,0.089705
46,358,1627,5987,0.053762,0.077327
46,359,27,51,0.072555,0.076995
46,360,4075,70007,0.060521,0.089709
46,361,2827,478498,0.088076,0.090894
46,362,250,421,0.080563,0.091873
46,363,6124,637587,0.085278,0.092038
46,364,54255,705986,0.069067,0.096192
46,365,6806,44473,0.087735,0.106993
46,366,0,0,0.000000,0.000000
46,367,61,76,0.090740,0.080448
46,368,0,0,0.000000,0.000000
46,369,11196,125278,0.080510,0.092514
46,370,24496,219839,0.087983,0.091871
46,371,488,49349,0.070116,0.071028
46,372,1273,4080,0.095980,0.080469
46,373,344,8563,0.080826,0.066058
46,374,2872,1456,0.073566,0.089100
46,375,77814,227079,0.106860,0.107860
46,376,1883,82276,0.060303,0.074224
46,377,13666,174193,0.114689,0.140888
46,378,13702,293824,0.093726,0.102745
46,379,169,76122,0.090130,0.090259
46,380,173,9057,0.079042,0.083638
46,381,2185,13033,0.069831,0.077525
46,382,12544,358733,0.086722,0.097295
46,383,4868,159387,0.086268,0.090262
46,384,0,0,0.000000,0.000000
46,385,9127,75491,0.072530,0.082792
46,386,46,386,0.062264,0.068633
46,387,678,449,0.063804,0.058371
46,388,24703,144918,0.106225,0.079082
46,389,1719,89175,0.076389,0.070086
46,390,23962,592049,0.079253,0.098316
46,391,22539,153049,0.101919,0.113755
46,392,60232,386285,0.090928,0.093676
46,393,90390,361550,0.110060,0.127191
46,394,2,4,0.095215,0.064270
46,395,499,42824,0.079833,0.084610
46,396,0,273,0.000000,0.079965
46,397,9461,336582,0.060737,0.104150
46,398,2998,4267,0.050825,0.069615
46,399,960,3998,0.089233,0.077639
46,400,0,0,0.000000,0.000000
46,401,3392,309093,0.075747,0.088513
46,402,12780,50279,0.085340,0.087120
46,403,10579,127677,0.118835,0.095731
46,404,86996,425603,0.136040,0.145155
46,405,5081,15659,0.081694,0.076206
46,406,952,37221,0.064991,0.089030
46,407,9675,207730,0.095379,0.094045
46,408,0,0,0.000000,0.000000
46,409,100921,5249,0.094639,0.105894
46,410,56,90382,0.092773,0.089420
46,411,142,54,0.088864,0.083189
46,412,18635,102787,0.073969,0.111328
46,413,18363,540418,0.089050,0.094322
46,414,555,5814,0.075487,0.071745
46,415,85800,31289,0.118704,0.124604
46,416,2090,25778,0.085969,0.085165
46,417,0,0,0.000000,0.000000
46,418,14654,362294,0.088601,0.090598
46,419,5277,20758,0.086750,0.089212
46,420,0,0,0.000000,0.000000
46,421,15245,431265,0.085155,0.092414
46,422,0,0,0.000000,0.000000
46,423,28,7,0.074934,0.077288
46,424,3727,250258,0.063415,0.085393
46,425,2461,78025,0.075205,0.094342
46,426,190,315,0.074163,0.083698
46,427,89167,24990,0.118296,0.128035
46,428,221360,2606,0.095844,0.074797
46,429,8352,325433,0.103227,0.101442
46,430,7616,193257,0.085913,0.089277
46,431,2,14638,0.072510,0.073558
46,432,74632,108993,0.104139,0.107082
46,433,18301,249563,0.098500,0.092019
46,434,5727,55322,0.065521,0.089909
46,435,16241,421619,0.080051,0.082710
46,436,2589,1005,0.064046,0.091764
46,437,43967,412046,0.086224,0.124624
46,438,29687,144004,0.083092,0.090715
46,439,135752,12007,0.110160,0.117327
46,440,7678,50269,0.069680,0.090679
46,441,0,0,0.000000,0.000000
46,442,26539,195111,0.092296,0.090512
46,443,2114,6795,0.084296,0.076129
46,444,5214,23213,0.079648,0.096210
46,445,4408,335,0.055844,0.080433
46,446,9326,540,0.074224,0.095919
46,447,0,0,0.000000,0.000000
46,448,9557,229639,0.115026,0.123004
46,449,35004,1025,0.085328,0.094096
46,450,4793,202506,0.088059,0.095863
46,451,13091,338833,0.075962,0.101858
46,452,86,29900,0.083749,0.084377
46,453,431,52781,0.077165,0.091895
46,454,38348,79408,0.096754,0.121043
46,455,1543,408062,0.082064,0.100606
46,456,731,199150,0.066250,0.081701
46,457,6052,238273,0.070986,0.076993
46,458,58448,476719,0.101235,0.165996
46,459,7549,489939,0.082066,0.078679
46,460,11250,108472,0.064188,0.067419
46,461,5,61,0.062793,0.070381
46,462,0,0,0.000000,0.000000
46,463,163,185,0.057956,0.063488
46,464,33868,48660,0.104455,0.103500
46,465,343,18849,0.069438,0.077587
46,466,0,0,0.000000,0.000000
46,467,476,4766,0.055275,0.082317
46,468,13578,57111,0.081709,0.091726
46,469,1847,4859,0.082082,0.079028
46,470,3620,201476,0.088234,0.090355
46,471,2003,3830,0.076622,0.078751
46,472,934,94770,0.082683,0.088456
46,473,0,0,0.000000,0.000000
46,474,1082,77371,0.086702,0.089638
46,475,13920,104555,0.091661,0.091257
46,476,2494,172686,0.083972,0.120163
46,477,29200,390088,0.063821,0.091345
46,478,0,0,0.000000,0.000000
46,479,12830,422650,0.100036,0.132394
46,480,7030,122681,0.078081,0.086214
46,481,31885,117890,0.083772,0.090286
46,482,15089,397423,0.083564,0.091608
46,483,6798,22542,0.087489,0.072793
46,484,131440,1539481,0.082412,0.106381
46,485,4423,111636,0.082166,0.100716
46,486,5765,479397,0.090659,0.096706
46,487,0,0,0.000000,0.000000
46,488,28831,266,0.082728,0.098613
46,489,0,64,0.000000,0.062618
46,490,24645,14861,0.084850,0.092785
46,491,788,5296,0.058827,0.072748
46,492,895,31510,0.078860,0.085080
46,493,1916,26416,0.074228,0.097015
46,494,264863,1282057,0.146895,0.120811
46,495,1199,2520,0.084445,0.080115
46,496,66,9592,0.078687,0.086751
46,497,20000,119461,0.096991,0.087805
46,498,20382,65968,0.070462,0.083994
46,499,10927,193950,0.088061,0.104452
46,500,3740,32750,0.073812,0.080181
46,501,3050,131129,0.075136,0.081511
46,502,51176,426353,0.133294,0.141609
46,503,13141,89207,0.070512,0.084086
46,504,13777,414434,0.082828,0.099169
46,505,298,3,0.049411,0.047933
46,506,7154,62490,0.082684,0.088610
46,507,3539,40224,0.055949,0.078131
46,508,186,1067,0.073436,0.080401
46,509,42,8,0.057896,0.060547
46,510,0,0,0.000000,0.000000
46,511,1402,94365,0.079086,0.087164
47,0,48108,408070,nan,nan
47,1,45950,221516,nan,nan
47,2,25696,387026,nan,nan
47,3,41298,713658,nan,nan
47,4,41465,336776,nan,nan
47,5,33674,369579,nan,nan
47,6,23744,312786,nan,nan
47,7,17731,210738,nan,nan
47,8,93544,510605,nan,nan
47,9,33640,211533,nan,nan
47,10,10721,32036,0.041726,0.093942
47,11,15614,113915,0.092852,0.089767
47,12,76278,212882,0.119356,0.128514
47,13,0,0,0.000000,0.000000
47,14,6272,11516,0.074932,0.090962
47,15,16511,59036,0.048060,0.075396
47,16,8415,149053,0.120074,0.114997
47,17,11095,110434,0.078324,0.079146
47,18,21817,167657,0.134237,0.129081
47,19,2067,10214,0.066986,0.073498
47,20,1944,101019,0.077346,0.082171
47,21,619,13671,0.054594,0.062944
47,22,9403,38090,0.080935,0.084490
47,23,48,50,0.059031,0.056389
47,24,1154,1916,0.074613,0.072176
47,25,56431,134677,0.114928,0.118289
47,26,630,209,0.071556,0.069288
47,27,61287,67764,0.060010,0.062113
47,28,18601,169363,0.119200,0.134760
47,29,23598,140488,0.122716,0.122602
47,30,3297,45147,0.073359,0.082255
47,31,9464,590775,0.077263,0.080332
47,32,32194,227094,0.109029,0.107640
47,33,29653,127970,0.066901,0.079863
47,34,2442,85963,0.052093,0.079849
47,35,4047,14317,0.078848,0.073425
47,36,8762,142936,0.070867,0.083554
47,37,5421,23475,0.063298,0.074461
47,38,10151,119,0.079384,0.075169
47,39,10530,120,0.084502,0.086816
47,40,41547,695840,0.085243,0.095979
47,41,24507,108469,0.070903,0.073209
47,42,9016,280412,0.077802,0.079980
47,43,0,0,0.000000,0.000000
47,44,20429,325314,0.065500,0.088067
47,45,6640,55471,0.070203,0.065982
47,46,13168,159483,0.096021,0.102554
47,47,17634,154493,0.098839,0.109672
47,48,0,0,0.000000,0.000000
47,49,13737,195915,0.071685,0.072488
47,50,370,16971,0.062526,0.083937
47,51,21888,561139,0.063644,0.078285
47,52,128269,400668,0.092382,0.084428
47,53,31477,240038,0.112261,0.103948
47,54,8778,18534,0.076687,0.073805
47,55,0,0,0.000000,0.000000
47,56,5847,167897,0.074853,0.079385
47,57,0,0,0.000000,0.000000
47,58,159,182159,0.039977,0.066300
47,59,0,0,0.000000,0.000000
47,60,3937,81,0.073895,0.079478
47,61,63209,27514,0.067051,0.060536
47,62,13757,88164,0.107842,0.107221
47,63,2165,76696,0.063205,0.068111
47,64,2516,44,0.057818,0.067061
47,65,3705,6419,0.070707,0.074502
47,66,19725,45208,0.088550,0.082941
47,67,7674,167972,0.079831,0.078366
47,68,11833,149447,0.073285,0.062331
47,69,0,0,0.000000,0.000000
47,70,3921,98748,0.075567,0.083459
47,71,22849,179732,0.095634,0.098746
47,72,10123,260749,0.083545,0.109796
47,73,16855,116812,0.095941,0.108629
47,74,3927,54522,0.063752,0.069745
47,75,85948,549673,0.088602,0.096187
47,76,19140,125227,0.078607,0.089611
47,77,939,133481,0.067445,0.079245
47,78,14947,100785,0.093432,0.089328
47,79,98635,359881,0.103834,0.096425
47,80,62328,262534,0.110298,0.120901
47,81,6562,19723,0.064336,0.090858
47,82,54,54845,0.069024,0.078861
47,83,0,0,0.000000,0.000000
47,84,0,0,0.000000,0.000000
47,85,0,0,0.000000,0.000000
47,86,0,0,0.000000,0.000000
47,87,7421,46149,0.070880,0.069632
47,88,4941,494579,0.064021,0.076561
47,89,6964,127471,0.077862,0.082804
47,90,464,984,0.075983,0.072168
47,91,38844,489598,0.120611,0.134196
47,92,8464,564088,0.089874,0.111350
47,93,18137,229155,0.111154,0.122989
47,94,3785,31314,0.065945,0.062268
47,95,11603,30939,0.071596,0.072132
47,96,189,635,0.113850,0.135001
47,97,33426,42102,0.076422,0.090844
47,98,5806,258453,0.066977,0.078863
47,99,3505,27348,0.080022,0.082683
47,100,27677,120586,0.184612,0.211471
47,101,96444,562874,0.071692,0.086922
47,102,63504,241962,0.100896,0.165726
47,103,1656,79158,0.070374,0.079194
47,104,6525,24156,0.062150,0.074584
47,105,20656,198098,0.075249,0.087554
47,106,0,0,0.000000,0.000000
47,107,28740,482181,0.074989,0.073422
47,108,9557,81134,0.059162,0.075190
47,109,31032,124538,0.096492,0.114551
47,110,41505,154163,0.070399,0.115328
47,111,23943,153693,0.083812,0.105277
47,112,94393,36489,0.178804,0.090610
47,113,0,0,0.000000,0.000000
47,114,29134,169903,0.140783,0.139522
47,115,18978,100704,0.116285,0.101663
47,116,0,0,0.000000,0.000000
47,117,888,13175,0.148957,0.146474
47,118,3472,57171,0.072972,0.080875
47,119,11574,309,0.103587,0.099908
47,120,16251,77804,0.135080,0.114767
47,121,0,0,0.000000,0.000000
47,122,0,0,0.000000,0.000000
47,123,3213,25,0.067021,0.073730
47,124,18231,182,0.071812,0.071509
47,125,6447,35844,0.076981,0.099925
47,126,9588,71907,0.089474,0.080003
47,127,170640,917214,0.093058,0.098386
47,128,0,4616,0.000000,0.029754
47,129,8067,21596,0.087796,0.072018
47,130,12622,37007,0.072722,0.069995
47,131,0,0,0.000000,0.000000
47,132,38144,173810,0.141675,0.104213
47,133,19653,159723,0.069408,0.071590
47,134,79400,430219,0.124961,0.192418
47,135,26551,1420,0.073555,0.048474
47,136,34243,368024,0.050064,0.092024
47,137,595,1051,0.074982,0.072342
47,138,11503,58471,0.067216,0.070528
47,139,2113,41766,0.068881,0.064189
47,140,6584,157617,0.084879,0.095998
47,141,26,27,0.077468,0.064218
47,142,391404,2283786,0.106906,0.127681
47,143,2377,126240,0.067275,0.063457
47,144,6806,159203,0.101916,0.118909
47,145,2513,4023,0.066973,0.071127
47,146,9730,10729,0.062652,0.073090
47,147,11448,34782,0.055154,0.081658
47,148,6849,33315,0.059814,0.067030
47,149,30753,1102,0.094773,0.088947
47,150,24956,196438,0.105733,0.095700
47,151,2106,289507,0.074315,0.081643
47,152,94,1,0.057521,0.038574
47,153,22022,265359,0.083421,0.083511
47,154,9636,30887,0.068927,0.081616
47,155,21701,845,0.073469,0.058916
47,156,47347,254144,0.078305,0.077696
47,157,3842,122716,0.058695,0.059999
47,158,32999,228386,0.094377,0.095396
47,159,0,0,0.000000,0.000000
47,160,62519,1065644,0.061433,0.073894
47,161,3199,21995,0.067871,0.049746
47,162,3375,599348,0.106120,0.115112
47,163,0,0,0.000000,0.000000
47,164,39523,388345,0.089174,0.103130
47,165,0,0,0.000000,0.000000
47,166,7774,128235,0.059095,0.063978
47,167,1683,3066,0.074436,0.077437
47,168,3292,172241,0.076286,0.075452
47,169,30592,12071,0.080745,0.115132
47,170,5656,40419,0.096594,0.102979
47,171,26876,171720,0.078506,0.081055
47,172,13500,220516,0.069190,0.070512
47,173,0,0,0.000000,0.000000
47,174,10353,250628,0.091398,0.078702
47,175,6751,104705,0.080001,0.054208
47,176,4182,5802,0.086995,0.091395
47,177,311,2102,0.072217,0.074067
47,178,15090,222,0.082700,0.074586
47,179,4600,85,0.072707,0.075827
47,180,41472,54245,0.050454,0.076222
47,181,74,2736,0.070408,0.068643
47,182,9289,150927,0.067916,0.074534
47,183,16744,373464,0.089521,0.097426
47,184,23008,645908,0.150394,0.155379
47,185,1218,160044,0.068940,0.078984
47,186,24251,277818,0.116967,0.114100
47,187,0,0,0.000000,0.000000
47,188,5504,17759,0.070314,0.066926
47,189,17556,130154,0.063189,0.078113
47,190,440,256,0.075559,0.076867
47,191,543,204738,0.067469,0.081293
47,192,12557,175350,0.077065,0.122312
47,193,0,0,0.000000,0.000000
47,194,12434,150858,0.077588,0.087965
47,195,17404,164160,0.077654,0.089533
47,196,52099,267184,0.098486,0.128145
47,197,3031,82596,0.074791,0.087788
47,198,40757,260441,0.106901,0.100536
47,199,8075,33060,0.078510,0.075319
47,200,1611,380,0.070168,0.076726
47,201,2719,104972,0.077152,0.073917
47,202,16056,169137,0.079769,0.079794
47,203,10320,36743,0.089264,0.077036
47,204,3103,167221,0.076521,0.088280
47,205,4412,3373,0.064558,0.054232
47,206,87826,239434,0.090720,0.111735
47,207,3047,131973,0.058536,0.063145
47,208,1993,116067,0.060131,0.077511
47,209,34270,133528,0.062149,0.065212
47,210,15033,624891,0.074956,0.078918
47,211,5613,19238,0.102704,0.094769
47,212,3725,82972,0.064475,0.070187
47,213,25795,145859,0.069468,0.100138
47,214,0,0,0.000000,0.000000
47,215,19948,223329,0.128859,0.139815
47,216,561,19397,0.052512,0.053104
47,217,13376,27161,0.066310,0.063146
47,218,56938,264763,0.084582,0.084788
47,219,13300,686525,0.073602,0.081381
47,220,11689,230641,0.086690,0.104997
47,221,14268,13419,0.088849,0.080831
47,222,48109,467890,0.135025,0.167329
47,223,17748,512473,0.075745,0.081211
47,224,781,5097,0.077290,0.081760
47,225,32403,433467,0.093481,0.105605
47,226,26853,110433,0.086986,0.089724
47,227,16880,222037,0.071948,0.081063
47,228,17109,47011,0.078105,0.086724
47,229,1882,336220,0.078324,0.083850
47,230,37505,164149,0.072171,0.077185
47,231,4469,46369,0.070039,0.069866
47,232,11844,212613,0.117833,0.139676
47,233,10543,129833,0.080931,0.084454
47,234,59017,31870,0.099776,0.081945
47,235,1655,78995,0.088914,0.095490
47,236,246,92113,0.071618,0.081059
47,237,14259,93105,0.079139,0.078722
47,238,7992,342180,0.047554,0.072452
47,239,5005,101638,0.062474,0.064478
47,240,2740,365216,0.083307,0.124942
47,241,110848,250986,0.116240,0.090708
47,242,5214,46633,0.083387,0.108968
47,243,40791,204946,0.076941,0.082838
47,244,8970,246232,0.111140,0.089414
47,245,396,6878,0.069537,0.071406
47,246,29285,180284,0.150408,0.126852
47,247,14360,67902,0.056595,0.109826
47,248,47709,387810,0.151580,0.147580
47,249,37691,119352,0.091744,0.174943
47,250,13334,37413,0.101597,0.067934
47,251,325,9180,0.068083,0.059990
47,252,44070,439660,0.106641,0.116389
47,253,4735,72525,0.062018,0.079783
47,254,30779,357477,0.081778,0.108199
47,255,14119,88885,0.081312,0.078724
47,256,16060,342543,0.069006,0.098566
47,257,814,968,0.076720,0.083094
47,258,167006,586444,0.109413,0.096888
47,259,14285,1326,0.058486,0.116238
47,260,15401,106732,0.099580,0.119941
47,261,17550,67417,0.087089,0.070812
47,262,39142,102887,0.096247,0.117931
47,263,18970,1370755,0.071628,0.086962
47,264,34425,274351,0.153723,0.233503
47,265,850,179278,0.076094,0.078801
47,266,8,0,0.083130,0.000000
47,267,5302,236437,0.070447,0.075260
47,268,33226,258671,0.096289,0.107677
47,269,91408,509791,0.121529,0.109415
47,270,2199,941010,0.068185,0.075700
47,271,0,0,0.000000,0.000000
47,272,16826,122828,0.112654,0.105148
47,273,24739,220377,0.082163,0.079671
47,274,9995,125251,0.094965,0.111952
47,275,3155,8727,0.067334,0.072529
47,276,2137,23296,0.082475,0.087376
47,277,13423,1659,0.100093,0.087969
47,278,29442,153665,0.124137,0.153150
47,279,53064,222036,0.117052,0.111759
47,280,12644,255959,0.079375,0.074949
47,281,40116,397036,0.115037,0.110136
47,282,23532,103203,0.071524,0.081102
47,283,11431,749313,0.071280,0.077478
47,284,55921,124939,0.080979,0.062747
47,285,24628,169403,0.081453,0.084560
47,286,3595,41016,0.083020,0.080037
47,287,0,2,0.000000,0.054810
47,288,16153,119947,0.137960,0.119188
47,289,616,22611,0.065367,0.062571
47,290,137,5010,0.078031,0.080393
47,291,92,51,0.081482,0.069676
47,292,4575,30897,0.079276,0.073421
47,293,131223,619517,0.130839,0.161521
47,294,55109,130748,0.119084,0.110136
47,295,6494,206939,0.068841,0.085436
47,296,110436,1088831,0.091578,0.092669
47,297,84932,160782,0.160796,0.162490
47,298,36,10,0.068254,0.037061
47,299,9699,180309,0.070188,0.092077
47,300,60,36406,0.067344,0.048141
47,301,10223,323069,0.079652,0.075416
47,302,23416,182283,0.107791,0.102822
47,303,74359,30180,0.109965,0.077776
47,304,1415,207683,0.075121,0.078525
47,305,83884,3214,0.112385,0.094511
47,306,10038,763082,0.068966,0.088845
47,307,424,516,0.075430,0.070371
47,308,17025,190121,0.090848,0.082555
47,309,4846,85254,0.075970,0.076427
47,310,9488,132152,0.144551,0.154237
47,311,2418,54348,0.069603,0.067426
47,312,126054,348371,0.104466,0.111747
47,313,0,0,0.000000,0.000000
47,314,0,0,0.000000,0.000000
47,315,1717,56564,0.063138,0.069841
47,316,646,1698,0.049047,0.056896
47,317,8446,25678,0.083957,0.074910
47,318,2572,59293,0.067450,0.077029
47,319,24772,203549,0.116845,0.113342
47,320,20186,6314,0.092089,0.068909
47,321,4028,143533,0.074886,0.078051
47,322,0,0,0.000000,0.000000
47,323,5089,53940,0.072961,0.078043
47,324,80244,502413,0.115339,0.111824
47,325,4947,12966,0.087345,0.085862
47,326,21881,424656,0.071816,0.078951
47,327,76942,366701,0.095146,0.106624
47,328,5577,31735,0.071288,0.070260
47,329,99,55908,0.074308,0.082552
47,330,15436,132819,0.074179,0.073567
47,331,99425,216215,0.092277,0.161718
47,332,91976,375377,0.126535,0.140130
47,333,0,0,0.000000,0.000000
47,334,30952,64110,0.079598,0.103411
47,335,11516,10739,0.083789,0.085326
47,336,34173,51162,0.099089,0.175576
47,337,841,262373,0.071262,0.081203
47,338,8146,101746,0.069226,0.087246
47,339,2169,106397,0.072452,0.073887
47,340,19833,3231,0.157079,0.116836
47,341,16191,399520,0.071357,0.090094
47,342,0,0,0.000000,0.000000
47,343,15435,299735,0.064830,0.081029
47,344,3773,19178,0.059308,0.064557
47,345,76250,166314,0.123929,0.103725
47,346,26497,402258,0.053294,0.080060
47,347,0,0,0.000000,0.000000
47,348,20581,206860,0.096060,0.089639
47,349,23472,139746,0.102135,0.145758
47,350,31785,350117,0.202846,0.227337
47,351,2029,3082,0.077588,0.077766
47,352,11798,67564,0.086350,0.100623
47,353,2,6,0.056885,0.057617
47,354,405,2487,0.064702,0.062714
47,355,4212,17066,0.067849,0.059773
47,356,9,35,0.086860,0.032214
47,357,7249,60104,0.113274,0.123863
47,358,30789,37838,0.086117,0.055494
47,359,41578,232163,0.073306,0.084324
47,360,6243,51314,0.075196,0.086508
47,361,40,2,0.059070,0.069092
47,362,43,243,0.077909,0.069060
47,363,8390,26616,0.112274,0.098272
47,364,125,38577,0.062751,0.055206
47,365,2678,842318,0.074286,0.082296
47,366,1193,72847,0.070676,0.075986
47,367,19650,62308,0.083216,0.109979
47,368,2367,108155,0.060098,0.072261
47,369,571,4259,0.065513,0.066907
47,370,26801,281248,0.072069,0.070252
47,371,8581,52708,0.070968,0.070108
47,372,16,4,0.055740,0.053955
47,373,110772,679527,0.172261,0.129462
47,374,125696,662127,0.124967,0.114529
47,375,23433,84844,0.086417,0.071351
47,376,39537,292515,0.113900,0.096671
47,377,6345,74410,0.071239,0.074265
47,378,11200,339727,0.037144,0.085450
47,379,84766,431928,0.104481,0.193016
47,380,8302,8503,0.086743,0.074702
47,381,16282,286114,0.078686,0.078425
47,382,1137,25986,0.072659,0.073770
47,383,4921,58388,0.074651,0.079739
47,384,0,0,0.000000,0.000000
47,385,14646,813,0.047523,0.065628
47,386,12054,90978,0.085059,0.099751
47,387,159,60,0.078088,0.072424
47,388,5614,33347,0.091625,0.087869
47,389,5886,112983,0.068016,0.072381
47,390,1400,109806,0.069993,0.075336
47,391,1828,6014,0.070133,0.072102
47,392,2000,183385,0.073522,0.081245
47,393,6840,49819,0.096939,0.106131
47,394,9261,474980,0.089682,0.111571
47,395,3161,1981,0.073079,0.071970
47,396,14856,353056,0.079536,0.084795
47,397,168,119,0.070372,0.068413
47,398,6848,300866,0.082551,0.094294
47,399,18963,40402,0.064826,0.109828
47,400,2,6,0.082275,0.085368
47,401,4653,44882,0.073337,0.073573
47,402,47,621,0.077616,0.056794
47,403,5059,58777,0.068388,0.068064
47,404,29078,277687,0.077771,0.081920
47,405,22166,138262,0.099794,0.099744
47,406,69,50,0.069863,0.058315
47,407,40679,157857,0.075643,0.079640
47,408,330,12734,0.071054,0.078575
47,409,990,2117,0.080074,0.070053
47,410,40919,336338,0.116406,0.108899
47,411,91,23056,0.047342,0.068623
47,412,13352,150073,0.093504,0.102339
47,413,46420,61006,0.094134,0.116269
47,414,16598,427215,0.079682,0.083220
47,415,0,0,0.000000,0.000000
47,416,6186,141527,0.095618,0.118879
47,417,1950,263060,0.081333,0.086854
47,418,2233,59112,0.074154,0.072712
47,419,9876,26818,0.073947,0.065810
47,420,45244,358640,0.113357,0.102503
47,421,269,172,0.080477,0.079076
47,422,980,87106,0.082454,0.083137
47,423,10197,165364,0.094580,0.085378
47,424,5271,69292,0.059048,0.120004
47,425,2847,42382,0.072895,0.074549
47,426,932,141113,0.077580,0.082169
47,427,22662,165809,0.116347,0.130169
47,428,17337,297510,0.103259,0.114686
47,429,37854,90674,0.072471,0.079702
47,430,115142,353016,0.090849,0.089757
47,431,88,4162,0.081807,0.071244
47,432,1593,472931,0.078488,0.085211
47,433,1883,181782,0.094891,0.119747
47,434,9421,436023,0.072724,0.077943
47,435,10729,20108,0.074162,0.077704
47,436,0,0,0.000000,0.000000
47,437,27549,76460,0.074402,0.069932
47,438,15906,77870,0.045611,0.067074
47,439,0,0,0.000000,0.000000
47,440,13429,69939,0.051103,0.086892
47,441,10009,98965,0.112643,0.112170
47,442,44041,488421,0.092370,0.128927
47,443,14607,141760,0.059001,0.066575
47,444,0,0,0.000000,0.000000
47,445,2550,227697,0.078905,0.082547
47,446,19654,193859,0.058597,0.076851
47,447,22082,256316,0.145970,0.159841
47,448,10378,267298,0.079012,0.085695
47,449,7955,460335,0.077685,0.086187
47,450,78441,232898,0.110675,0.123150
47,451,63187,411842,0.092098,0.089208
47,452,52308,10359,0.088676,0.120202
47,453,1314,124547,0.067817,0.079051
47,454,73,30913,0.069249,0.072344
47,455,11,0,0.048584,0.000000
47,456,9187,16280,0.049720,0.053511
47,457,2018,59507,0.070031,0.076334
47,458,5867,269740,0.081413,0.081909
47,459,4111,614,0.097707,0.069144
47,460,84163,88210,0.091044,0.101682
47,461,6876,29321,0.079213,0.069548
47,462,8580,53582,0.097563,0.108229
47,463,6377,122940,0.080157,0.083661
47,464,4255,37442,0.071948,0.064910
47,465,0,2,0.000000,0.056274
47,466,6065,30864,0.087176,0.090944
47,467,20921,275133,0.075972,0.099773
47,468,4537,19212,0.079119,0.074408
47,469,17942,123975,0.046760,0.060556
47,470,9694,64008,0.070950,0.078126
47,471,17831,78785,0.066458,0.089913
47,472,7272,45589,0.089930,0.076378
47,473,39434,533749,0.162959,0.206726
47,474,4,0,0.062805,0.000000
47,475,4604,368463,0.078466,0.085197
47,476,8862,130618,0.067458,0.077292
47,477,765,345927,0.081658,0.088202
47,478,30827,144576,0.100140,0.104208
47,479,0,0,0.000000,0.000000
47,480,0,0,0.000000,0.000000
47,481,7018,102467,0.071831,0.098072
47,482,1912,288562,0.080450,0.086850
47,483,205443,855445,0.115370,0.113647
47,484,5061,1368,0.064480,0.063871
47,485,10935,40450,0.075866,0.071231
47,486,12008,122226,0.074421,0.149546
47,487,26641,206149,0.094366,0.121931
47,488,123025,249093,0.098340,0.078620
47,489,1944,78878,0.069649,0.077890
47,490,26100,224116,0.083670,0.084162
47,491,958,8915,0.067964,0.068243
47,492,2531,282647,0.081285,0.083682
47,493,2014,596571,0.085313,0.102182
47,494,94684,480881,0.106035,0.117761
47,495,1953,2687,0.078290,0.087152
47,496,8172,325745,0.070879,0.076436
47,497,10609,46699,0.080345,0.075394
47,498,67628,184386,0.070281,0.107925
47,499,8028,15178,0.090550,0.099513
47,500,95241,67800,0.300991,0.103057
47,501,613,20405,0.079915,0.082063
47,502,35091,172174,0.093593,0.155410
47,503,0,0,0.000000,0.000000
47,504,18385,87328,0.135721,0.144471
47,505,3695,4831,0.076806,0.078200
47,506,7217,267902,0.089547,0.094965
47,507,872,3162,0.076615,0.076097
47,508,12485,6480,0.051748,0.080296
47,509,2793,14917,0.058888,0.074499
47,510,3249,9095,0.076565,0.080358
47,511,9982,108862,0.063847,0.081500
