layer,expert,prefill_count,decode_count,prefill_mean_weight,decode_mean_weight
0,0,5445,31791,0.148849,0.164374
0,1,2431,13415,0.111720,0.106598
0,2,2124,4973,0.083936,0.092928
0,3,2355,13569,0.136607,0.165564
0,4,7834,39143,0.099920,0.129345
0,5,2687,24262,0.098943,0.093739
0,6,3747,8130,0.126453,0.127771
0,7,1220,13939,0.080259,0.086516
0,8,1651,12710,0.125378,0.125786
0,9,786,18111,0.115550,0.105155
0,10,2171,23493,0.124770,0.125913
0,11,5268,17352,0.118757,0.082959
0,12,3152,25553,0.104702,0.105752
0,13,3149,7432,0.143621,0.116629
0,14,3544,17014,0.119424,0.133659
0,15,2229,9949,0.157676,0.107970
0,16,2692,8657,0.093756,0.085255
0,17,529,4533,0.100747,0.084945
0,18,2317,16292,0.099520,0.109085
0,19,2183,14142,0.162240,0.161455
0,20,1488,8394,0.091248,0.092307
0,21,6881,20209,0.119944,0.130571
0,22,2523,7907,0.139430,0.149518
0,23,4287,15539,0.135824,0.115327
0,24,6147,24539,0.176506,0.135683
0,25,5100,32610,0.139258,0.143030
0,26,2224,5494,0.093640,0.094887
0,27,2959,10059,0.242490,0.262789
0,28,850,3545,0.099233,0.099558
0,29,3050,11819,0.150224,0.151276
0,30,5894,16696,0.074676,0.075519
0,31,593,5796,0.103913,0.100675
0,32,3382,8588,0.157070,0.242984
0,33,1557,6758,0.069204,0.070663
0,34,1666,30592,0.098257,0.113213
0,35,2264,17188,0.114161,0.163497
0,36,2301,14550,0.119004,0.125766
0,37,2631,7233,0.125504,0.113303
0,38,3081,22817,0.119048,0.157109
0,39,3203,17927,0.069227,0.079259
0,40,5078,12529,0.124027,0.143165
0,41,3634,10146,0.121528,0.137819
0,42,4932,33949,0.138055,0.142872
0,43,4094,34352,0.118412,0.157801
0,44,1661,18770,0.125799,0.108785
0,45,3945,33060,0.105014,0.113911
0,46,456,6219,0.112170,0.118547
0,47,4123,17864,0.099238,0.090343
0,48,4094,18094,0.113721,0.098205
0,49,2699,10453,0.126959,0.170381
0,50,2583,8859,0.093027,0.120624
0,51,2419,9117,0.135557,0.153612
0,52,1120,8520,0.112762,0.118844
0,53,1765,16790,0.094484,0.118126
0,54,2015,21687,0.127296,0.124961
0,55,783,7094,0.094235,0.103551
0,56,3597,10684,0.101658,0.108503
0,57,2708,19894,0.156818,0.116566
0,58,3088,18360,0.111234,0.097098
0,59,4549,26808,0.119499,0.115943
0,60,2082,15596,0.109236,0.112005
0,61,2431,8397,0.094559,0.094501
0,62,757,6422,0.065359,0.077649
0,63,625,4937,0.113653,0.105169
0,64,810,5467,0.075622,0.070851
0,65,2490,9138,0.106632,0.104589
0,66,5052,10369,0.105986,0.108868
0,67,4151,19099,0.113620,0.115542
0,68,4227,18163,0.092432,0.086221
0,69,2060,10994,0.105084,0.126450
0,70,4556,16961,0.134850,0.146183
0,71,5419,14967,0.098404,0.116203
0,72,3085,19440,0.066808,0.099045
0,73,1620,9719,0.093281,0.095438
0,74,1571,9993,0.094697,0.101950
0,75,2664,2350,0.090140,0.088989
0,76,3709,24898,0.095405,0.097924
0,77,2702,9114,0.187886,0.124510
0,78,1711,12796,0.127769,0.143407
0,79,8244,26783,0.118454,0.117737
0,80,2589,14316,0.117023,0.119780
0,81,8089,12760,0.169705,0.094066
0,82,3195,17129,0.158558,0.171857
0,83,4053,27317,0.114566,0.148522
0,84,887,11225,0.119778,0.107688
0,85,3364,11863,0.087918,0.125021
0,86,4594,8831,0.080381,0.120522
0,87,1263,8170,0.096686,0.104106
0,88,3736,38624,0.137432,0.105347
0,89,667,9254,0.066168,0.079527
0,90,888,7732,0.105821,0.107584
0,91,2955,12278,0.118860,0.127600
0,92,5324,16059,0.170111,0.182348
0,93,1864,17007,0.105163,0.127535
0,94,2871,31632,0.113572,0.105602
0,95,3609,19100,0.091121,0.112915
0,96,4500,12423,0.126657,0.145783
0,97,3545,10352,0.157852,0.170555
0,98,1297,8122,0.113183,0.116632
0,99,4477,14248,0.089712,0.077623
0,100,2980,21205,0.087364,0.090291
0,101,3513,20931,0.134977,0.171902
0,102,5949,19657,0.111183,0.112300
0,103,6668,20106,0.103945,0.099772
0,104,2667,17349,0.133378,0.117970
0,105,4044,19284,0.090541,0.115511
0,106,5651,15208,0.156423,0.141736
0,107,3523,19115,0.164109,0.162756
0,108,5318,25132,0.114246,0.118735
0,109,5275,20655,0.110360,0.125654
0,110,1958,5665,0.110316,0.082596
0,111,1711,9796,0.080316,0.091125
0,112,4377,29435,0.136582,0.116045
0,113,4213,10585,0.179198,0.187045
0,114,5260,11212,0.133522,0.095825
0,115,6876,20820,0.145396,0.107371
0,116,1773,13052,0.110672,0.123405
0,117,3561,10843,0.141601,0.169482
0,118,2455,14952,0.098266,0.076679
0,119,1150,13470,0.229890,0.285019
0,120,3429,6263,0.110672,0.122129
0,121,579,3967,0.068465,0.081236
0,122,2818,10249,0.129347,0.132171
0,123,4263,17155,0.188469,0.182833
0,124,6657,16706,0.105023,0.137102
0,125,1470,18460,0.132643,0.155544
0,126,2164,11668,0.105767,0.092374
0,127,2746,13807,0.153290,0.154488
0,128,2927,9602,0.088294,0.080742
0,129,3519,24143,0.145946,0.104867
0,130,7944,48253,0.147846,0.125224
0,131,4112,14656,0.173200,0.134239
0,132,2607,6820,0.142421,0.258225
0,133,2484,11542,0.105312,0.088912
0,134,4780,13823,0.132002,0.136704
0,135,5038,25126,0.157334,0.118515
0,136,5070,14942,0.145109,0.161978
0,137,9136,42117,0.113881,0.100532
0,138,1596,4117,0.107809,0.105436
0,139,1959,5068,0.087820,0.119550
0,140,3492,11524,0.151386,0.138195
0,141,2362,22279,0.086037,0.191375
0,142,3909,10644,0.194884,0.140604
0,143,1365,6229,0.094736,0.119121
0,144,3480,12705,0.147101,0.138913
0,145,3702,21502,0.106631,0.127667
0,146,2885,13109,0.115797,0.104465
0,147,13906,24934,0.100748,0.093744
0,148,5276,25281,0.141814,0.146931
0,149,2956,23967,0.093763,0.111426
0,150,3788,13160,0.098535,0.100630
0,151,15125,43890,0.268650,0.214729
0,152,1109,12493,0.108487,0.113974
0,153,4923,11176,0.097716,0.116852
0,154,3321,29458,0.121505,0.128773
0,155,944,9806,0.119437,0.101718
0,156,3192,7832,0.194946,0.130911
0,157,2090,8663,0.059476,0.086046
0,158,3750,21455,0.120595,0.112987
0,159,3797,9999,0.122298,0.157964
0,160,1787,4657,0.068557,0.078213
0,161,718,8026,0.077743,0.085132
0,162,1136,10396,0.094156,0.097214
0,163,2151,11418,0.108063,0.109999
0,164,1711,8912,0.104996,0.103115
0,165,3334,20102,0.103317,0.110336
0,166,3680,13554,0.155082,0.142943
0,167,2261,28793,0.129642,0.178534
0,168,4150,38640,0.148283,0.141390
0,169,1905,8281,0.111626,0.098177
0,170,2526,17018,0.105929,0.103129
0,171,3326,13871,0.092360,0.109503
0,172,2628,13632,0.148483,0.150568
0,173,2664,17929,0.103149,0.104332
0,174,2633,4785,0.072781,0.116287
0,175,482,5878,0.091373,0.086859
0,176,3902,28175,0.087750,0.090062
0,177,3209,11201,0.132506,0.090361
0,178,1539,13835,0.120751,0.121752
0,179,6012,31391,0.151857,0.138288
0,180,5363,18277,0.145903,0.129585
0,181,4864,37094,0.168771,0.137577
0,182,2449,6623,0.100576,0.101310
0,183,1813,14398,0.105534,0.096591
0,184,3673,14602,0.114027,0.123427
0,185,2537,9171,0.153056,0.145044
0,186,2758,16427,0.103328,0.073971
0,187,5214,12676,0.113270,0.093364
0,188,2695,10874,0.126479,0.101747
0,189,5266,35908,0.164640,0.143718
0,190,1572,23557,0.164480,0.145194
0,191,1818,12178,0.123105,0.117728
0,192,5145,12349,0.106002,0.085998
0,193,3231,42877,0.150702,0.135885
0,194,4299,17781,0.114769,0.103736
0,195,2583,9418,0.125004,0.112832
0,196,6157,17748,0.146761,0.157854
0,197,7723,26585,0.123992,0.131090
0,198,2712,13041,0.097872,0.095356
0,199,3905,12481,0.076399,0.110223
0,200,3769,19198,0.099129,0.118771
0,201,2955,9742,0.107416,0.093040
0,202,270,2177,0.075439,0.076412
0,203,1481,5761,0.085928,0.091507
0,204,2985,9639,0.067206,0.101991
0,205,4178,18254,0.117914,0.152751
0,206,3461,26611,0.105465,0.146772
0,207,4349,13524,0.072899,0.093802
0,208,3059,12140,0.074083,0.101468
0,209,1272,14995,0.127090,0.142125
0,210,4029,17617,0.082360,0.142691
0,211,4890,24289,0.105889,0.107039
0,212,1626,8649,0.159849,0.166309
0,213,9298,39421,0.108856,0.104030
0,214,1700,15665,0.100617,0.097448
0,215,899,6525,0.069901,0.078659
0,216,4338,16259,0.096465,0.093826
0,217,1678,12537,0.095781,0.099903
0,218,1403,8751,0.147670,0.155366
0,219,3225,24099,0.134545,0.140646
0,220,1582,8557,0.104775,0.118469
0,221,667,30291,0.077920,0.081153
0,222,3385,9894,0.073246,0.117602
0,223,3666,7712,0.097031,0.121188
0,224,1111,9467,0.100453,0.108168
0,225,5140,18883,0.147173,0.123717
0,226,4419,14448,0.165286,0.172029
0,227,1233,16092,0.088141,0.084477
0,228,4443,18416,0.130604,0.122802
0,229,4358,17825,0.104400,0.134920
0,230,4035,28972,0.267722,0.253061
0,231,1308,7207,0.050486,0.074695
0,232,616,5434,0.092404,0.099934
0,233,1752,8002,0.158645,0.168197
0,234,2927,10637,0.103479,0.126386
0,235,5761,26616,0.143259,0.154248
0,236,4788,13683,0.110493,0.104516
0,237,446,7341,0.076618,0.074893
0,238,6172,37567,0.161323,0.140117
0,239,4313,16188,0.104486,0.148086
0,240,1061,10567,0.128611,0.127150
0,241,1447,10520,0.146086,0.136461
0,242,1547,16949,0.079442,0.075763
0,243,1100,12428,0.104000,0.101386
0,244,1634,17379,0.094649,0.096284
0,245,775,11722,0.074934,0.073660
0,246,1741,20998,0.109979,0.119133
0,247,1827,10045,0.098445,0.101360
0,248,8910,32063,0.119679,0.110436
0,249,4465,14292,0.133130,0.107648
0,250,2273,10993,0.112828,0.094191
0,251,2824,15037,0.112889,0.112606
0,252,6351,40688,0.191657,0.159996
0,253,2505,15806,0.112556,0.080354
0,254,2326,9755,0.141556,0.137036
0,255,2385,27566,0.160433,0.190962
1,0,1058,9938,0.099031,0.094092
1,1,1506,5059,0.099599,0.110696
1,2,1558,11222,0.110820,0.112453
1,3,1752,10331,0.088943,0.107961
1,4,2977,20698,0.117745,0.125199
1,5,2719,16665,0.116105,0.114181
1,6,3249,19456,0.120280,0.127609
1,7,1172,7736,0.114442,0.117528
1,8,3586,13629,0.090929,0.098584
1,9,1876,15656,0.114833,0.121541
1,10,431,6054,0.097550,0.087457
1,11,6579,21345,0.089362,0.089137
1,12,6047,30977,0.100371,0.104866
1,13,3188,11282,0.213136,0.142876
1,14,617,7987,0.073845,0.087634
1,15,3250,20637,0.112414,0.122584
1,16,13360,25525,0.145012,0.129023
1,17,2575,13785,0.103477,0.098901
1,18,1060,2507,0.105061,0.102036
1,19,4842,11882,0.115586,0.079224
1,20,341,21356,0.096990,0.090576
1,21,2027,21129,0.123340,0.119524
1,22,8741,28020,0.113672,0.156647
1,23,1865,8524,0.088770,0.107391
1,24,3794,3311,0.087930,0.100203
1,25,569,12003,0.087564,0.094134
1,26,2205,7858,0.190985,0.175450
1,27,4312,24939,0.128462,0.153664
1,28,5161,13145,0.153508,0.176461
1,29,1719,16792,0.108254,0.133192
1,30,3149,14421,0.151548,0.167711
1,31,5237,33575,0.126485,0.132221
1,32,1774,10557,0.117730,0.139681
1,33,2197,16594,0.059699,0.091742
1,34,2635,8144,0.214763,0.177995
1,35,1590,10739,0.118224,0.131286
1,36,1185,22282,0.107934,0.117105
1,37,1426,9656,0.100495,0.109140
1,38,48,3774,0.091370,0.103307
1,39,1565,24361,0.079609,0.124414
1,40,6024,16465,0.147550,0.144135
1,41,3627,23896,0.128000,0.138981
1,42,1045,11498,0.096060,0.100944
1,43,3377,12949,0.142371,0.153373
1,44,2661,11144,0.112093,0.128558
1,45,323,4569,0.102899,0.108667
1,46,589,24360,0.100142,0.170957
1,47,803,30537,0.120823,0.127983
1,48,3386,14455,0.106214,0.128174
1,49,3126,18004,0.086268,0.117606
1,50,54,1262,0.066334,0.066653
1,51,142,1301,0.083537,0.084295
1,52,1649,10074,0.106310,0.111794
1,53,5813,22528,0.132675,0.128733
1,54,1375,7104,0.099190,0.101517
1,55,2604,7324,0.117647,0.096703
1,56,3265,18872,0.146690,0.124569
1,57,3007,9211,0.085229,0.092104
1,58,2090,31107,0.102730,0.121742
1,59,2124,15607,0.103435,0.106454
1,60,2035,14231,0.123598,0.113139
1,61,1803,8584,0.068357,0.119220
1,62,250,33422,0.090106,0.150857
1,63,2199,14129,0.089495,0.100941
1,64,3196,23012,0.159912,0.149841
1,65,2506,11933,0.122322,0.113783
1,66,2731,14484,0.142480,0.132949
1,67,5356,24571,0.105951,0.116800
1,68,744,13770,0.096284,0.095675
1,69,2090,9263,0.136127,0.111155
1,70,426,25107,0.105637,0.091412
1,71,2680,14252,0.097524,0.127127
1,72,1247,12335,0.109210,0.123524
1,73,1274,12830,0.077551,0.118032
1,74,826,10773,0.071509,0.097908
1,75,1549,13455,0.108897,0.099990
1,76,1767,9641,0.070543,0.115755
1,77,812,21853,0.111119,0.113274
1,78,180,17421,0.090248,0.096221
1,79,1190,10447,0.109912,0.125836
1,80,1219,8503,0.111903,0.127461
1,81,1500,12219,0.107150,0.106379
1,82,4775,15867,0.147901,0.146977
1,83,766,7261,0.100774,0.096873
1,84,1997,13667,0.104516,0.114151
1,85,3215,17524,0.088752,0.120179
1,86,2316,8217,0.067424,0.092562
1,87,4937,21781,0.110610,0.121989
1,88,4035,15357,0.177321,0.160852
1,89,3976,14382,0.105984,0.128060
1,90,757,10022,0.106353,0.104954
1,91,1600,12652,0.117974,0.121276
1,92,2093,14858,0.109653,0.106146
1,93,758,26803,0.080178,0.143420
1,94,10311,11320,0.139120,0.119157
1,95,1046,13776,0.113229,0.119553
1,96,4602,14434,0.119045,0.101850
1,97,3808,18183,0.123437,0.115963
1,98,3130,15401,0.099148,0.117562
1,99,496,20282,0.102220,0.118420
1,100,1274,13644,0.108334,0.112562
1,101,4419,16319,0.142579,0.157797
1,102,979,6106,0.136752,0.091366
1,103,2282,19785,0.085489,0.098531
1,104,3408,27657,0.127911,0.142697
1,105,725,30426,0.099859,0.109896
1,106,2202,20882,0.126725,0.147711
1,107,6794,20116,0.118477,0.117132
1,108,835,5745,0.112467,0.106454
1,109,1675,10409,0.119739,0.123664
1,110,3611,19476,0.091930,0.115121
1,111,4242,11177,0.224044,0.125984
1,112,21767,6139,0.134275,0.101003
1,113,1523,12608,0.117543,0.093399
1,114,1409,8439,0.100941,0.099202
1,115,22,17801,0.090243,0.111837
1,116,4249,27722,0.141911,0.149514
1,117,1188,20777,0.103576,0.129332
1,118,303,6566,0.081736,0.080570
1,119,5382,18069,0.137805,0.135201
1,120,2789,11444,0.078798,0.132336
1,121,2387,4979,0.082944,0.073545
1,122,473,24251,0.120478,0.160200
1,123,1936,15621,0.090693,0.100343
1,124,3480,24144,0.103984,0.169274
1,125,1439,11452,0.061804,0.105693
1,126,3439,19119,0.111123,0.144597
1,127,3359,15945,0.099424,0.118157
1,128,2830,29288,0.077239,0.177275
1,129,6798,14118,0.099954,0.121386
1,130,2443,10426,0.085651,0.086878
1,131,3793,18251,0.111088,0.126609
1,132,2101,13062,0.090474,0.130901
1,133,4633,18391,0.137646,0.152042
1,134,3045,14960,0.144437,0.125089
1,135,6652,26859,0.144766,0.147295
1,136,1190,22983,0.110351,0.124255
1,137,4088,33625,0.122050,0.109357
1,138,29635,13536,0.093024,0.091193
1,139,4337,19573,0.129470,0.185033
1,140,4010,44319,0.091918,0.136399
1,141,1696,6811,0.187644,0.112943
1,142,2466,6768,0.114585,0.096753
1,143,2565,27208,0.096553,0.128689
1,144,1141,10267,0.106170,0.107026
1,145,2142,20034,0.109379,0.120619
1,146,8028,37444,0.107853,0.120060
1,147,7270,8827,0.104374,0.085322
1,148,5203,28025,0.107431,0.148699
1,149,1635,12144,0.104751,0.114786
1,150,2544,21550,0.088780,0.159882
1,151,1804,32582,0.090549,0.100249
1,152,122,38877,0.073730,0.100800
1,153,1460,11564,0.153362,0.158702
1,154,3749,16168,0.145798,0.118171
1,155,1333,33073,0.060645,0.110105
1,156,2335,24319,0.125857,0.110210
1,157,3295,12429,0.156205,0.150695
1,158,5172,12371,0.089015,0.113085
1,159,636,12685,0.102289,0.100848
1,160,4792,21588,0.111917,0.117856
1,161,1956,3633,0.077776,0.084697
1,162,1878,13369,0.200195,0.151473
1,163,2002,11644,0.088378,0.111680
1,164,1736,10163,0.070951,0.116860
1,165,1941,12841,0.106276,0.107775
1,166,5925,19883,0.131701,0.146597
1,167,2792,8636,0.087749,0.099299
1,168,2790,18773,0.124106,0.120940
1,169,2417,14437,0.146605,0.169378
1,170,3452,19929,0.084973,0.095277
1,171,618,8388,0.087243,0.096340
1,172,9354,7375,0.150647,0.095858
1,173,5322,22997,0.148906,0.160390
1,174,1323,6106,0.139002,0.106580
1,175,3389,13303,0.111956,0.111910
1,176,5652,15344,0.108791,0.114402
1,177,605,11433,0.104808,0.110232
1,178,3459,13035,0.149506,0.119452
1,179,2224,12999,0.091246,0.096621
1,180,3261,26649,0.127593,0.135469
1,181,444,17290,0.094165,0.161015
1,182,4319,58314,0.109020,0.140369
1,183,1405,13982,0.132699,0.122905
1,184,3271,12357,0.168885,0.131476
1,185,1716,12128,0.117605,0.128681
1,186,2956,19045,0.118364,0.136661
1,187,1241,12962,0.113073,0.117204
1,188,1545,25500,0.179658,0.124264
1,189,6964,9076,0.138898,0.110618
1,190,4885,18077,0.108285,0.110255
1,191,5819,13223,0.104724,0.123498
1,192,1941,18609,0.066715,0.115932
1,193,446,7874,0.073883,0.081853
1,194,681,8443,0.096559,0.095659
1,195,1638,17635,0.145913,0.151176
1,196,11473,43857,0.108524,0.119676
1,197,1096,23770,0.108266,0.095715
1,198,2459,14847,0.100066,0.158332
1,199,3376,22973,0.132438,0.147799
1,200,219,12473,0.098128,0.093703
1,201,382,18498,0.137084,0.111793
1,202,1743,11499,0.111144,0.125771
1,203,1572,8687,0.146687,0.120899
1,204,197,11839,0.096369,0.109883
1,205,80188,46909,0.174910,0.105045
1,206,1228,8220,0.105287,0.096952
1,207,21696,27105,0.104821,0.177205
1,208,1294,12251,0.111574,0.112898
1,209,7107,20826,0.186342,0.154151
1,210,3870,19485,0.131547,0.158732
1,211,270,10761,0.055703,0.077789
1,212,1390,5616,0.074542,0.104430
1,213,90,5505,0.091981,0.100403
1,214,6185,5118,0.285172,0.112012
1,215,752,8552,0.110667,0.106871
1,216,1238,19787,0.088048,0.094298
1,217,1413,26991,0.137428,0.167846
1,218,199,5671,0.097374,0.098743
1,219,485,5070,0.110062,0.109101
1,220,862,13874,0.110956,0.108739
1,221,4584,16575,0.115956,0.136825
1,222,3105,17546,0.090610,0.114401
1,223,2499,11649,0.102689,0.137103
1,224,10903,9062,0.123366,0.131931
1,225,4102,17521,0.112904,0.188111
1,226,2299,18527,0.133190,0.156892
1,227,3867,15882,0.134780,0.150638
1,228,2407,17425,0.120986,0.118773
1,229,268,8429,0.100217,0.101877
1,230,2043,12072,0.148077,0.163553
1,231,3910,20224,0.121197,0.172562
1,232,1809,7402,0.086175,0.096084
1,233,1672,32772,0.062158,0.106121
1,234,9553,22836,0.110095,0.159835
1,235,1586,10823,0.114158,0.089841
1,236,3612,25861,0.142171,0.145156
1,237,981,15722,0.112132,0.106486
1,238,913,14870,0.101895,0.120379
1,239,2140,11445,0.083481,0.101652
1,240,1998,21399,0.136484,0.164339
1,241,2705,14235,0.141254,0.153325
1,242,574,12632,0.072824,0.114608
1,243,2536,14360,0.089335,0.111742
1,244,2915,26161,0.073372,0.128305
1,245,137,6584,0.108226,0.102658
1,246,76,3530,0.094113,0.082446
1,247,2846,24546,0.092798,0.099321
1,248,7119,9019,0.127406,0.107976
1,249,16,5159,0.090698,0.105603
1,250,14136,19752,0.139237,0.141232
1,251,2234,10791,0.105117,0.122371
1,252,958,11508,0.092453,0.114928
1,253,3332,13688,0.130030,0.127631
1,254,2660,15160,0.148660,0.148195
1,255,548,11942,0.098300,0.098893
2,0,6809,12591,0.189885,0.113988
2,1,4667,23435,0.117861,0.127062
2,2,4260,14958,0.080407,0.112760
2,3,3699,27579,0.130707,0.157129
2,4,1766,17546,0.113958,0.118630
2,5,1559,17297,0.086237,0.105254
2,6,468,8143,0.073246,0.098644
2,7,2037,19046,0.096763,0.117574
2,8,8509,31946,0.191182,0.164097
2,9,3585,21240,0.083361,0.105812
2,10,6737,20764,0.115480,0.159981
2,11,11259,26723,0.169134,0.129268
2,12,2032,13500,0.124242,0.107966
2,13,1903,13438,0.130643,0.149939
2,14,629,10225,0.090105,0.102415
2,15,715,9016,0.103245,0.106507
2,16,6103,16879,0.181176,0.156934
2,17,2326,28451,0.110533,0.127636
2,18,12052,28558,0.109011,0.107837
2,19,5108,15023,0.126922,0.108967
2,20,2100,32009,0.104051,0.154763
2,21,1217,22924,0.124248,0.128768
2,22,2664,14844,0.120116,0.141754
2,23,1390,12135,0.116104,0.136582
2,24,2944,12184,0.143513,0.136138
2,25,5603,22126,0.137197,0.139916
2,26,3649,19978,0.115160,0.113514
2,27,3005,11670,0.109803,0.125312
2,28,1379,21997,0.116473,0.121654
2,29,6405,10642,0.119081,0.156857
2,30,2117,12012,0.123642,0.131213
2,31,1536,11859,0.137086,0.126088
2,32,8468,30485,0.140397,0.159184
2,33,610,14929,0.112488,0.147510
2,34,4864,22874,0.131407,0.142558
2,35,2771,14653,0.100771,0.124944
2,36,4264,25285,0.095279,0.126683
2,37,4224,17039,0.112036,0.115117
2,38,391,10422,0.088029,0.102071
2,39,7103,18464,0.124321,0.112555
2,40,1294,12371,0.091538,0.106994
2,41,15699,13214,0.147895,0.108838
2,42,1394,2937,0.094469,0.092087
2,43,2999,30597,0.128066,0.119270
2,44,3087,18763,0.120629,0.131708
2,45,3183,12662,0.128940,0.124359
2,46,2390,6720,0.111660,0.102761
2,47,5872,13229,0.171289,0.167534
2,48,7497,27586,0.126267,0.130765
2,49,8234,39410,0.122647,0.150678
2,50,4921,26008,0.116121,0.114704
2,51,785,6855,0.111146,0.115515
2,52,2866,25121,0.099700,0.122461
2,53,946,21702,0.123113,0.116115
2,54,689,17008,0.124450,0.096204
2,55,1103,14785,0.101631,0.101361
2,56,4175,13391,0.294013,0.130270
2,57,714,19993,0.095043,0.135192
2,58,6256,14962,0.128902,0.147802
2,59,5394,21230,0.118803,0.133433
2,60,6439,27840,0.110049,0.138143
2,61,6486,24646,0.160107,0.173806
2,62,718,10975,0.101774,0.115299
2,63,719,6245,0.097271,0.109189
2,64,1261,12162,0.131599,0.143044
2,65,1828,17405,0.104087,0.117522
2,66,1696,11418,0.115010,0.126777
2,67,949,18108,0.110773,0.115321
2,68,2728,11096,0.123473,0.127566
2,69,908,9367,0.111216,0.106257
2,70,1353,11495,0.097470,0.101593
2,71,1840,12400,0.103661,0.122829
2,72,1612,24988,0.127842,0.124529
2,73,1021,17686,0.112725,0.118949
2,74,4816,14755,0.140734,0.119926
2,75,2067,9081,0.125857,0.101140
2,76,3959,12746,0.146269,0.143633
2,77,2131,17732,0.074152,0.095904
2,78,1111,9861,0.099063,0.096484
2,79,1536,15440,0.106154,0.111074
2,80,2097,12779,0.342832,0.123210
2,81,4868,14631,0.114980,0.159352
2,82,847,21688,0.110703,0.124409
2,83,2634,10525,0.104513,0.110326
2,84,2510,18211,0.173157,0.162033
2,85,3185,12908,0.130055,0.113812
2,86,1945,11536,0.087500,0.077961
2,87,5020,9603,0.118482,0.139002
2,88,7709,21309,0.125303,0.119801
2,89,4734,9276,0.141173,0.134205
2,90,3747,18438,0.149555,0.127919
2,91,4330,13530,0.112645,0.094838
2,92,3716,16937,0.204450,0.192483
2,93,3384,8017,0.075070,0.085498
2,94,4667,17914,0.123979,0.123620
2,95,4064,17872,0.106211,0.154189
2,96,3678,20282,0.129244,0.137263
2,97,1925,16991,0.106705,0.108014
2,98,2777,19015,0.141212,0.135284
2,99,1286,16650,0.096630,0.104608
2,100,2661,14946,0.112080,0.120987
2,101,3340,12453,0.099981,0.117243
2,102,1677,19528,0.120039,0.113139
2,103,1578,20921,0.120189,0.133861
2,104,2611,14508,0.101671,0.106400
2,105,1070,15270,0.113284,0.112376
2,106,5153,14386,0.087014,0.086141
2,107,2855,9674,0.100370,0.137111
2,108,4388,17744,0.089920,0.119064
2,109,4010,24878,0.080512,0.130062
2,110,1455,9684,0.155962,0.163609
2,111,1106,11246,0.118217,0.124663
2,112,1807,13031,0.128096,0.133156
2,113,2320,10038,0.152959,0.132383
2,114,5337,19557,0.152755,0.147263
2,115,4080,15053,0.099594,0.145688
2,116,3168,14952,0.074369,0.099297
2,117,4101,12323,0.129518,0.129518
2,118,642,8028,0.087224,0.094923
2,119,2274,9186,0.131928,0.121044
2,120,2844,20293,0.090797,0.148544
2,121,967,29048,0.092932,0.144609
2,122,1360,7121,0.046621,0.099896
2,123,3003,20252,0.102086,0.104087
2,124,3936,27853,0.100196,0.113984
2,125,3854,14122,0.082088,0.111041
2,126,396,5965,0.081832,0.101286
2,127,1701,13852,0.079499,0.096110
2,128,1000,27640,0.100094,0.125729
2,129,3646,8547,0.101025,0.104162
2,130,1757,11807,0.097143,0.118405
2,131,3369,15297,0.132020,0.118585
2,132,1496,10756,0.130801,0.123415
2,133,5076,8416,0.091992,0.080556
2,134,713,11910,0.103242,0.137669
2,135,952,16039,0.097250,0.101549
2,136,1812,9510,0.101935,0.101412
2,137,5161,17780,0.073113,0.104397
2,138,2120,12124,0.123381,0.115105
2,139,1710,10433,0.106785,0.124715
2,140,1097,22870,0.099077,0.142645
2,141,5725,16170,0.293347,0.154999
2,142,3124,12208,0.204450,0.114892
2,143,9231,31494,0.132348,0.129368
2,144,3020,18847,0.133382,0.129050
2,145,2613,21821,0.097614,0.121580
2,146,1825,15980,0.114837,0.116607
2,147,1273,8844,0.131302,0.135986
2,148,1293,10283,0.096248,0.102307
2,149,5493,20930,0.104305,0.123666
2,150,3352,19050,0.084662,0.117886
2,151,1503,16722,0.118886,0.121350
2,152,2234,14170,0.094811,0.105081
2,153,15067,12372,0.155156,0.085325
2,154,1085,20576,0.097640,0.117103
2,155,1710,19349,0.101689,0.109106
2,156,1007,14833,0.098654,0.112886
2,157,117,10904,0.075693,0.088678
2,158,46540,7732,0.131056,0.082298
2,159,1352,14225,0.136767,0.139105
2,160,2718,16684,0.123285,0.125391
2,161,2248,12407,0.101940,0.118472
2,162,2203,17262,0.099733,0.121983
2,163,1025,12678,0.115471,0.114616
2,164,3352,22550,0.121182,0.127438
2,165,4789,18014,0.101088,0.141679
2,166,1209,10677,0.112126,0.112056
2,167,2763,20654,0.121566,0.117660
2,168,1259,11508,0.115169,0.108499
2,169,1538,15445,0.112145,0.127827
2,170,3754,11380,0.153660,0.168863
2,171,2588,18454,0.088917,0.117795
2,172,3228,21310,0.077397,0.102567
2,173,1033,14518,0.093698,0.098607
2,174,1615,14663,0.118806,0.108800
2,175,3358,20071,0.106847,0.122598
2,176,856,10484,0.106066,0.107621
2,177,3627,18745,0.137584,0.131645
2,178,4186,12682,0.106220,0.111108
2,179,12112,13130,0.105428,0.126267
2,180,6066,19723,0.128801,0.119049
2,181,1630,13199,0.115769,0.111145
2,182,3911,20283,0.129849,0.136450
2,183,2789,14292,0.106989,0.113721
2,184,495,6578,0.104083,0.100222
2,185,4784,11744,0.126590,0.150098
2,186,918,24307,0.104671,0.109903
2,187,2402,7477,0.106506,0.096346
2,188,3942,27617,0.100999,0.141180
2,189,2488,14148,0.154143,0.106432
2,190,4289,15598,0.096402,0.128046
2,191,5101,20502,0.147410,0.119189
2,192,2141,11160,0.116731,0.113347
2,193,308,15222,0.075207,0.113833
2,194,2720,16374,0.142795,0.146563
2,195,9350,26591,0.142701,0.144482
2,196,935,12213,0.112282,0.100697
2,197,6285,13176,0.083392,0.108140
2,198,5262,8608,0.183966,0.161106
2,199,937,8318,0.088087,0.097830
2,200,775,11430,0.093488,0.112543
2,201,1852,9380,0.142906,0.130002
2,202,1921,11323,0.121621,0.113674
2,203,3179,18037,0.107877,0.111596
2,204,2331,14588,0.085465,0.110839
2,205,3885,20953,0.147016,0.161987
2,206,1331,12060,0.104305,0.115459
2,207,254,3179,0.087789,0.112935
2,208,195,4673,0.097645,0.109245
2,209,2376,25468,0.115508,0.116410
2,210,3805,19091,0.114120,0.153523
2,211,4587,27126,0.173931,0.175615
2,212,2540,9461,0.106495,0.119353
2,213,1565,11560,0.101671,0.105741
2,214,2248,9558,0.120964,0.128729
2,215,2207,16836,0.123614,0.128563
2,216,709,6532,0.078713,0.101001
2,217,13372,28522,0.115295,0.126640
2,218,2160,23027,0.124210,0.116635
2,219,9128,14804,0.137027,0.105258
2,220,1291,14442,0.125977,0.123774
2,221,5256,22146,0.132989,0.155908
2,222,6020,19815,0.132285,0.151248
2,223,1101,12143,0.105899,0.106681
2,224,1648,9618,0.136708,0.132788
2,225,1424,10461,0.114368,0.121028
2,226,4186,21380,0.114289,0.113849
2,227,2195,22635,0.120250,0.158442
2,228,1486,7237,0.076662,0.143267
2,229,5395,12622,0.082609,0.097165
2,230,998,6708,0.123667,0.078291
2,231,2259,19135,0.084678,0.135796
2,232,2189,13039,0.112198,0.115353
2,233,4987,24685,0.133032,0.120766
2,234,1178,11552,0.136334,0.125357
2,235,1938,7024,0.094423,0.111361
2,236,2642,15213,0.123711,0.138140
2,237,3052,15677,0.094083,0.107067
2,238,1827,13756,0.078436,0.123777
2,239,1326,10082,0.115341,0.100914
2,240,1873,14980,0.105773,0.106303
2,241,2101,14675,0.139353,0.124633
2,242,3946,10833,0.142451,0.112992
2,243,1017,10168,0.126191,0.118300
2,244,850,9642,0.100854,0.102710
2,245,1630,16902,0.125362,0.121477
2,246,2122,17671,0.106694,0.112715
2,247,5141,24900,0.118492,0.119996
2,248,4700,35118,0.143722,0.136705
2,249,2390,15259,0.150890,0.161348
2,250,1909,12871,0.097847,0.100211
2,251,1404,17133,0.119599,0.124420
2,252,689,8669,0.097546,0.117139
2,253,5034,26442,0.079802,0.116243
2,254,1663,12590,0.102864,0.101923
2,255,2558,19709,0.134662,0.134455
3,0,3831,16134,0.109417,0.116487
3,1,3495,17077,0.126877,0.116025
3,2,3063,10825,0.112907,0.122996
3,3,2479,15198,0.117145,0.112941
3,4,2303,12744,0.120101,0.113951
3,5,1193,13383,0.115019,0.110996
3,6,4352,679,0.119757,0.076874
3,7,2040,6446,0.097848,0.098541
3,8,831,11329,0.082392,0.095631
3,9,1498,14988,0.106373,0.112722
3,10,3465,1806,0.085816,0.099795
3,11,1507,11692,0.053758,0.087253
3,12,5114,26888,0.106435,0.120328
3,13,1022,18228,0.102962,0.109272
3,14,1365,10404,0.108298,0.117505
3,15,4252,17926,0.164646,0.138649
3,16,2623,12343,0.114296,0.134961
3,17,4121,20792,0.099229,0.123377
3,18,732,4267,0.090534,0.088952
3,19,3062,13831,0.116295,0.099746
3,20,3151,19348,0.143992,0.158378
3,21,3451,22993,0.116642,0.116915
3,22,3237,18064,0.108298,0.103840
3,23,975,6071,0.079885,0.086087
3,24,50,1667,0.109014,0.099523
3,25,36614,20394,0.191039,0.107454
3,26,2235,33984,0.199332,0.169980
3,27,25384,20510,0.142373,0.107622
3,28,1186,15660,0.108287,0.106027
3,29,4335,29149,0.087925,0.118279
3,30,1990,37227,0.084567,0.155193
3,31,3854,16970,0.146909,0.123470
3,32,886,9405,0.118480,0.129164
3,33,3342,24248,0.127540,0.121890
3,34,2155,21323,0.140272,0.117645
3,35,2652,27269,0.116773,0.123526
3,36,459,5977,0.085499,0.096167
3,37,7906,27130,0.103694,0.138131
3,38,5488,8609,0.088430,0.110848
3,39,3582,17355,0.070646,0.094951
3,40,1338,19098,0.113704,0.098097
3,41,5515,21148,0.093255,0.105156
3,42,3439,12738,0.147875,0.149419
3,43,1274,5677,0.078207,0.109262
3,44,3458,19755,0.101585,0.121237
3,45,1924,12349,0.109822,0.117688
3,46,949,14594,0.083862,0.099962
3,47,1555,15096,0.083107,0.108189
3,48,694,11058,0.099701,0.108274
3,49,1605,12934,0.100224,0.110181
3,50,3789,17875,0.135652,0.130520
3,51,2301,15381,0.115396,0.117106
3,52,490,13080,0.090716,0.094524
3,53,3555,17244,0.119837,0.114690
3,54,508,4985,0.084721,0.086790
3,55,1921,15815,0.117872,0.139463
3,56,6507,18055,0.132191,0.111131
3,57,3213,21051,0.145116,0.164226
3,58,1286,9479,0.057873,0.087731
3,59,5992,23309,0.153063,0.237481
3,60,987,12624,0.117535,0.112956
3,61,425,5736,0.067208,0.111861
3,62,17,2666,0.099193,0.114366
3,63,301,7294,0.090777,0.102829
3,64,315,7167,0.079649,0.097195
3,65,3989,10985,0.068285,0.115632
3,66,847,12361,0.112389,0.119174
3,67,610,6847,0.096098,0.111979
3,68,1471,20687,0.118055,0.127300
3,69,18024,10430,0.149130,0.114629
3,70,3428,14189,0.158505,0.185555
3,71,11617,38072,0.144460,0.142917
3,72,4031,20776,0.127644,0.129732
3,73,953,13316,0.098325,0.116363
3,74,38,4893,0.100914,0.109746
3,75,1545,8547,0.097006,0.101533
3,76,1191,13328,0.111300,0.124604
3,77,2691,29784,0.121236,0.108854
3,78,926,17845,0.083753,0.085332
3,79,2476,9880,0.147986,0.100743
3,80,908,8444,0.078201,0.076645
3,81,409,7351,0.098453,0.100346
3,82,1322,8417,0.070851,0.103823
3,83,1636,18769,0.095698,0.162853
3,84,1864,22957,0.082165,0.091869
3,85,2129,20720,0.107055,0.122356
3,86,3385,22552,0.127777,0.131111
3,87,5036,7247,0.111725,0.109654
3,88,4098,10401,0.124377,0.106822
3,89,1945,9900,0.106546,0.105227
3,90,2455,13747,0.106742,0.106352
3,91,1661,17849,0.128093,0.126544
3,92,1180,18473,0.106806,0.149558
3,93,6833,20423,0.095338,0.107229
3,94,425,9706,0.101516,0.111651
3,95,3885,6665,0.076091,0.070369
3,96,822,13745,0.092977,0.107582
3,97,1860,9895,0.092423,0.109677
3,98,2746,10972,0.162734,0.167188
3,99,4659,7923,0.111560,0.103454
3,100,2001,15029,0.120118,0.122204
3,101,877,2308,0.095097,0.073190
3,102,1930,17434,0.088052,0.133188
3,103,1328,22329,0.104736,0.107356
3,104,14176,32501,0.123522,0.125191
3,105,955,14396,0.097611,0.117353
3,106,7557,37741,0.164202,0.208645
3,107,1832,15026,0.100941,0.105245
3,108,3723,4275,0.079517,0.111904
3,109,8758,30237,0.143593,0.159054
3,110,4415,20286,0.051795,0.084720
3,111,3196,16891,0.130680,0.126629
3,112,4211,12125,0.088659,0.087443
3,113,1175,13583,0.098834,0.097189
3,114,1498,16303,0.110891,0.124646
3,115,143,3269,0.099683,0.117138
3,116,2127,15632,0.190108,0.188988
3,117,1333,40245,0.080899,0.135485
3,118,4622,18633,0.078792,0.088030
3,119,322,41519,0.111972,0.131898
3,120,529,12451,0.116162,0.128046
3,121,1625,20168,0.113428,0.115093
3,122,445,5467,0.089106,0.092934
3,123,2498,15407,0.116952,0.124172
3,124,2806,14051,0.121950,0.118959
3,125,3,548,0.103190,0.090467
3,126,4486,4534,0.093764,0.116991
3,127,1480,19474,0.114908,0.122987
3,128,2703,21572,0.118435,0.130443
3,129,11982,32736,0.154563,0.120692
3,130,2670,24279,0.132285,0.120931
3,131,3082,21112,0.124375,0.114306
3,132,2438,14396,0.121315,0.119287
3,133,3142,25727,0.120053,0.154710
3,134,3505,23579,0.102652,0.108761
3,135,478,8191,0.068359,0.090402
3,136,3288,6065,0.131134,0.118510
3,137,1688,12481,0.108836,0.113101
3,138,2436,16495,0.108202,0.113919
3,139,4012,22262,0.135633,0.146094
3,140,452,11824,0.091254,0.091012
3,141,119,7283,0.088008,0.082926
3,142,2843,22367,0.109677,0.136884
3,143,1318,24754,0.106866,0.105042
3,144,7297,30264,0.091348,0.109600
3,145,1822,10740,0.127985,0.110749
3,146,3388,11596,0.089311,0.129333
3,147,1768,8775,0.093580,0.101800
3,148,3512,23391,0.111609,0.154666
3,149,2201,2430,0.096115,0.109603
3,150,1952,28493,0.095242,0.102854
3,151,19930,33482,0.132006,0.114438
3,152,1784,18189,0.106514,0.153080
3,153,1429,15072,0.109146,0.115238
3,154,3265,9345,0.096416,0.123659
3,155,2254,13531,0.100494,0.117840
3,156,2488,14009,0.111562,0.108932
3,157,6616,3495,0.059920,0.080487
3,158,912,13962,0.098923,0.110408
3,159,25207,47063,0.121657,0.140822
3,160,1996,6955,0.074034,0.095502
3,161,1609,17391,0.119867,0.122176
3,162,1754,10000,0.168396,0.110066
3,163,7316,3816,0.131054,0.136361
3,164,1687,7560,0.114758,0.108434
3,165,6656,24019,0.100158,0.104640
3,166,6817,22432,0.116938,0.116079
3,167,5149,26476,0.155896,0.178933
3,168,201,8842,0.094634,0.101190
3,169,753,19811,0.101737,0.109922
3,170,2832,12229,0.131170,0.125644
3,171,3492,13522,0.175723,0.120597
3,172,12,485,0.052470,0.065011
3,173,1657,7418,0.098810,0.104791
3,174,2334,13336,0.092931,0.117392
3,175,739,8647,0.102308,0.105004
3,176,37,8444,0.085746,0.070996
3,177,194,36740,0.111299,0.161037
3,178,761,24613,0.122644,0.119632
3,179,1019,10127,0.111779,0.107892
3,180,13986,36347,0.156881,0.167023
3,181,809,12700,0.093942,0.104906
3,182,2780,13032,0.099891,0.102668
3,183,1766,24186,0.096252,0.131248
3,184,5642,29087,0.151086,0.200501
3,185,2200,15651,0.142243,0.163685
3,186,472,7214,0.090344,0.097771
3,187,2927,32962,0.098446,0.149299
3,188,4815,15296,0.127037,0.158761
3,189,3006,15313,0.156194,0.142307
3,190,1694,21437,0.091889,0.131940
3,191,3420,22425,0.152938,0.157223
3,192,8743,25231,0.149337,0.149520
3,193,186,8687,0.088874,0.101267
3,194,762,12678,0.124289,0.112891
3,195,3918,15466,0.097362,0.103332
3,196,2725,1383,0.101800,0.112984
3,197,5214,15451,0.112865,0.129683
3,198,184,3922,0.087847,0.109684
3,199,18177,30069,0.088348,0.100155
3,200,1612,21519,0.105241,0.109276
3,201,296,2841,0.087050,0.082446
3,202,293,7746,0.096272,0.091681
3,203,707,16236,0.108780,0.113588
3,204,2565,16796,0.102913,0.102360
3,205,766,15492,0.124730,0.115932
3,206,2420,4133,0.068585,0.105924
3,207,438,7387,0.111518,0.111168
3,208,664,13255,0.129870,0.117716
3,209,3799,14933,0.106995,0.105233
3,210,556,19362,0.085198,0.095643
3,211,2839,18693,0.146793,0.144314
3,212,3677,11143,0.099040,0.100789
3,213,2161,8693,0.093991,0.133027
3,214,3585,14135,0.177243,0.106241
3,215,2111,23656,0.115224,0.118230
3,216,5540,14416,0.155511,0.139938
3,217,1153,16225,0.120330,0.114338
3,218,501,4556,0.078254,0.074055
3,219,346,15125,0.089379,0.124831
3,220,73,5934,0.101323,0.114678
3,221,3351,13101,0.149457,0.198127
3,222,3737,25202,0.143637,0.137988
3,223,1065,12272,0.117134,0.123009
3,224,2066,3834,0.103224,0.106469
3,225,45381,18587,0.171957,0.102130
3,226,3870,37254,0.082964,0.133414
3,227,817,20362,0.110393,0.120033
3,228,5363,12068,0.119782,0.098673
3,229,809,9185,0.136487,0.119410
3,230,2558,30835,0.140171,0.144613
3,231,1603,25121,0.095609,0.130173
3,232,1725,12553,0.118955,0.115818
3,233,2222,44570,0.114048,0.159795
3,234,1008,11658,0.112522,0.105875
3,235,1605,33205,0.094966,0.135586
3,236,6576,28268,0.117009,0.136127
3,237,1958,24668,0.123697,0.126806
3,238,734,6306,0.070531,0.097438
3,239,2910,15099,0.106229,0.118697
3,240,5589,19067,0.115422,0.119167
3,241,295,4780,0.100536,0.103732
3,242,10181,38234,0.119773,0.130416
3,243,2739,30062,0.114017,0.159030
3,244,7969,20088,0.119000,0.113591
3,245,741,8978,0.110436,0.099378
3,246,1313,11548,0.115105,0.118786
3,247,7421,16398,0.141606,0.120063
3,248,1958,7027,0.125778,0.173332
3,249,410,9014,0.114920,0.124119
3,250,300,16461,0.075527,0.092016
3,251,135,2350,0.103426,0.103510
3,252,1301,19543,0.112443,0.107865
3,253,2633,17569,0.106673,0.127994
3,254,685,7909,0.111231,0.111300
3,255,2616,25217,0.107567,0.113493
4,0,4339,7325,0.150696,0.088740
4,1,543,7557,0.087730,0.097244
4,2,892,7936,0.111004,0.098959
4,3,1101,12775,0.094486,0.094405
4,4,659,6531,0.080863,0.079801
4,5,1805,16215,0.076224,0.104921
4,6,524,9503,0.090248,0.106830
4,7,763,17283,0.100953,0.099496
4,8,3629,16133,0.120116,0.142766
4,9,2510,18916,0.105335,0.118476
4,10,8591,32500,0.139163,0.136165
4,11,2134,10506,0.096249,0.088994
4,12,2180,15252,0.157741,0.173007
4,13,3923,18379,0.137632,0.185951
4,14,4489,12671,0.149869,0.197023
4,15,7047,29106,0.117523,0.127962
4,16,2501,25241,0.127374,0.174451
4,17,2300,13066,0.160034,0.188887
4,18,563,15701,0.094747,0.103119
4,19,660,16187,0.102221,0.095282
4,20,3137,39771,0.131064,0.134897
4,21,2242,21468,0.120424,0.118698
4,22,13546,56880,0.133103,0.142297
4,23,3659,23810,0.113535,0.111717
4,24,2923,9360,0.098548,0.108945
4,25,340,4428,0.085647,0.113887
4,26,10175,37239,0.116269,0.128678
4,27,171,9712,0.078490,0.091026
4,28,180,6067,0.100623,0.127544
4,29,3107,20620,0.101060,0.092708
4,30,374,2067,0.071038,0.073870
4,31,1567,11923,0.127818,0.114991
4,32,1078,11023,0.105783,0.107364
4,33,31387,5410,0.085089,0.072165
4,34,33,904,0.060096,0.056619
4,35,6199,26475,0.117395,0.108135
4,36,29,1208,0.082570,0.090825
4,37,3203,19840,0.098290,0.124057
4,38,278,9746,0.094574,0.098528
4,39,678,10098,0.099643,0.102688
4,40,6727,13804,0.097079,0.092645
4,41,375,18474,0.101997,0.127676
4,42,458,3411,0.083843,0.085278
4,43,1053,10495,0.072022,0.068792
4,44,4304,17387,0.148045,0.156076
4,45,196,24142,0.084210,0.142293
4,46,5548,6191,0.139219,0.120569
4,47,54,2006,0.092543,0.100692
4,48,1857,13506,0.114566,0.119524
4,49,807,10273,0.105688,0.095577
4,50,1782,15938,0.109074,0.123667
4,51,2366,17283,0.084261,0.093878
4,52,2164,23981,0.087349,0.094681
4,53,243,4988,0.073110,0.065708
4,54,56,27590,0.073465,0.106771
4,55,4635,11991,0.127147,0.117886
4,56,12084,46750,0.139170,0.146478
4,57,13629,18725,0.120343,0.101975
4,58,8011,29238,0.158859,0.130739
4,59,259,775,0.083965,0.069993
4,60,302,3642,0.084782,0.083156
4,61,1830,20205,0.102413,0.085606
4,62,558,20614,0.098790,0.109975
4,63,2561,11628,0.103822,0.097402
4,64,2565,21455,0.137868,0.122855
4,65,3596,10859,0.134412,0.176108
4,66,729,17734,0.096517,0.104424
4,67,3838,21787,0.139855,0.144748
4,68,230,4999,0.089996,0.100523
4,69,1741,23282,0.118378,0.125786
4,70,28,2007,0.096819,0.114089
4,71,1136,10256,0.117027,0.116123
4,72,1960,15059,0.115137,0.089952
4,73,63,1584,0.092525,0.111224
4,74,1090,19460,0.107369,0.137205
4,75,11835,13702,0.091539,0.076302
4,76,1736,9085,0.097319,0.094507
4,77,39877,70374,0.120817,0.122978
4,78,557,4720,0.085587,0.081661
4,79,3914,24015,0.121647,0.103455
4,80,2004,8855,0.091329,0.097693
4,81,1287,20662,0.108353,0.129312
4,82,1107,5005,0.091929,0.086773
4,83,257,10549,0.091521,0.104519
4,84,7932,48355,0.175227,0.223813
4,85,399,13306,0.076266,0.085314
4,86,1582,9273,0.073389,0.086716
4,87,5986,24807,0.115629,0.106875
4,88,10497,23429,0.205407,0.109912
4,89,1486,16520,0.081286,0.095255
4,90,2212,1744,0.084186,0.082322
4,91,851,20127,0.108320,0.103709
4,92,685,19583,0.104875,0.094734
4,93,127,1503,0.081105,0.097318
4,94,3494,19453,0.154612,0.168138
4,95,3649,22473,0.093009,0.150500
4,96,789,9109,0.088424,0.091091
4,97,5696,30587,0.137717,0.153106
4,98,12265,30423,0.170223,0.177535
4,99,992,14346,0.105469,0.113807
4,100,264,6627,0.082516,0.095371
4,101,739,12425,0.099009,0.098339
4,102,6194,36403,0.103993,0.139902
4,103,8433,15570,0.123016,0.104861
4,104,12742,2776,0.086591,0.061429
4,105,2235,12875,0.073649,0.092075
4,106,303,6713,0.110388,0.111691
4,107,141,1603,0.113766,0.113978
4,108,13346,25912,0.165428,0.124111
4,109,1031,3976,0.050658,0.086843
4,110,3449,24967,0.084179,0.090034
4,111,733,9010,0.099575,0.100327
4,112,1878,14990,0.104500,0.105355
4,113,254,7335,0.098988,0.104836
4,114,1931,18038,0.092101,0.100818
4,115,188,1136,0.100852,0.114900
4,116,310,3791,0.065926,0.052367
4,117,274,7949,0.099315,0.103218
4,118,4100,14892,0.153380,0.130709
4,119,3351,16066,0.158139,0.184079
4,120,1009,32181,0.102646,0.115635
4,121,1093,809,0.074451,0.075674
4,122,4294,13230,0.135458,0.145951
4,123,6073,27057,0.121643,0.136452
4,124,136,3420,0.098857,0.117790
4,125,207,8982,0.104867,0.114437
4,126,876,16917,0.111193,0.135747
4,127,1354,13899,0.092616,0.090970
4,128,4180,21861,0.141418,0.158872
4,129,9212,16361,0.120080,0.105162
4,130,1574,12928,0.094208,0.091390
4,131,6758,27370,0.160913,0.173640
4,132,3232,35675,0.090398,0.095759
4,133,2340,18542,0.128352,0.145730
4,134,47222,120529,0.142979,0.151164
4,135,860,11480,0.098517,0.098923
4,136,360,8180,0.089890,0.096973
4,137,918,18288,0.104995,0.111506
4,138,1568,7600,0.108906,0.093059
4,139,2006,10506,0.122063,0.131986
4,140,2566,7950,0.089549,0.105321
4,141,736,11266,0.114792,0.114349
4,142,8040,45428,0.156614,0.144210
4,143,5,2645,0.075000,0.095076
4,144,893,42100,0.119472,0.133139
4,145,2146,23716,0.081398,0.102786
4,146,2216,21460,0.107774,0.093927
4,147,1371,5210,0.110329,0.103285
4,148,2568,6170,0.107943,0.128761
4,149,3805,12847,0.140266,0.177770
4,150,2406,20163,0.102786,0.104711
4,151,4668,26824,0.105865,0.130066
4,152,6,1215,0.058350,0.058374
4,153,7039,7681,0.111128,0.103962
4,154,12719,28579,0.105541,0.109665
4,155,2947,17303,0.169145,0.162556
4,156,7561,22533,0.122360,0.132977
4,157,2000,5519,0.081159,0.095321
4,158,184,4639,0.090584,0.100475
4,159,4654,27326,0.117213,0.098944
4,160,5102,2723,0.075795,0.089461
4,161,4752,10394,0.200977,0.220843
4,162,2288,7980,0.094052,0.094341
4,163,9793,13416,0.153250,0.086442
4,164,3175,11247,0.141405,0.139832
4,165,4183,28197,0.099137,0.138491
4,166,161,3804,0.088470,0.086541
4,167,5233,14895,0.157083,0.100329
4,168,1668,16495,0.123298,0.122263
4,169,2432,14158,0.106220,0.099355
4,170,1113,8427,0.061477,0.061957
4,171,3518,29447,0.111771,0.165979
4,172,1035,14830,0.105354,0.103939
4,173,454,7279,0.089123,0.090410
4,174,1045,12586,0.097488,0.102573
4,175,6585,25608,0.108255,0.120476
4,176,1028,13029,0.113917,0.116940
4,177,56,7296,0.093070,0.100650
4,178,1945,11761,0.086443,0.114121
4,179,1370,16895,0.117287,0.108575
4,180,7501,19933,0.173162,0.126159
4,181,839,14377,0.081740,0.089695
4,182,2736,20681,0.112856,0.102934
4,183,757,11925,0.097001,0.095142
4,184,3292,31375,0.118545,0.135630
4,185,10820,29759,0.127978,0.154646
4,186,7251,27712,0.094465,0.107250
4,187,1807,27196,0.132878,0.118530
4,188,2496,11376,0.088550,0.103224
4,189,2460,10185,0.101899,0.097069
4,190,1287,9329,0.098451,0.090782
4,191,2515,16485,0.096744,0.082401
4,192,5332,18929,0.082820,0.099050
4,193,160,27644,0.102924,0.141846
4,194,281,3846,0.100059,0.102786
4,195,13805,17721,0.118845,0.125104
4,196,3226,12363,0.101832,0.101809
4,197,72,8235,0.091546,0.111185
4,198,842,15867,0.091543,0.091126
4,199,2582,21149,0.131933,0.116124
4,200,5682,13557,0.110074,0.126066
4,201,553,4272,0.067869,0.075018
4,202,731,13695,0.098822,0.101013
4,203,6817,29873,0.151413,0.163061
4,204,562,5153,0.102672,0.104572
4,205,1440,19628,0.119255,0.152361
4,206,4510,3026,0.123338,0.119052
4,207,44,3201,0.108060,0.105633
4,208,477,2123,0.101231,0.104840
4,209,45,3501,0.094851,0.106079
4,210,6940,11267,0.124432,0.102170
4,211,1378,7533,0.096278,0.099148
4,212,48,2171,0.108220,0.100977
4,213,442,33849,0.107910,0.124688
4,214,274,13052,0.103473,0.089450
4,215,2011,14439,0.136501,0.158283
4,216,2618,11985,0.108279,0.115605
4,217,537,9332,0.101595,0.102084
4,218,243,8706,0.096297,0.111562
4,219,6133,13355,0.115196,0.100206
4,220,55,874,0.089999,0.108920
4,221,2755,12701,0.138653,0.148157
4,222,7200,27977,0.148814,0.103205
4,223,159,7726,0.093968,0.095458
4,224,321,12780,0.105426,0.089684
4,225,812,5710,0.097139,0.102263
4,226,4077,14777,0.110200,0.120240
4,227,990,20100,0.141833,0.151598
4,228,3611,26481,0.159841,0.179643
4,229,878,10116,0.119725,0.104492
4,230,3357,18485,0.081252,0.098777
4,231,2990,2292,0.133827,0.089382
4,232,390,8846,0.104933,0.109553
4,233,17051,37137,0.170976,0.129524
4,234,2393,9412,0.119080,0.104771
4,235,2147,10967,0.105663,0.096359
4,236,2616,33271,0.125800,0.143878
4,237,14,2768,0.109166,0.113398
4,238,208,11394,0.090633,0.105521
4,239,1184,8772,0.137333,0.130304
4,240,3386,13433,0.103464,0.115555
4,241,9181,42689,0.183388,0.174744
4,242,1576,15568,0.084954,0.141263
4,243,5368,25033,0.145704,0.193687
4,244,6497,24889,0.151435,0.151689
4,245,1106,25516,0.297911,0.111145
4,246,1228,11471,0.126688,0.108108
4,247,1697,24722,0.126198,0.171084
4,248,492,13647,0.102929,0.109616
4,249,1277,24763,0.095788,0.103379
4,250,3639,25787,0.120451,0.125621
4,251,393,8679,0.079583,0.085274
4,252,20,1288,0.099561,0.098278
4,253,2798,15697,0.193076,0.200691
4,254,3871,27329,0.115575,0.198034
4,255,525,14360,0.108645,0.105255
5,0,2673,10189,0.077871,0.085849
5,1,465,2172,0.122219,0.103880
5,2,5076,13159,0.079663,0.088078
5,3,5160,13487,0.112212,0.119472
5,4,11262,39650,0.137086,0.160477
5,5,1309,8495,0.084591,0.091222
5,6,1953,20784,0.088805,0.111633
5,7,28,903,0.070060,0.118383
5,8,62,2108,0.065107,0.115222
5,9,9137,46850,0.149578,0.154612
5,10,2211,14645,0.146127,0.145932
5,11,348,19218,0.097528,0.156064
5,12,802,7022,0.119350,0.130802
5,13,8883,39166,0.134253,0.142680
5,14,1383,8850,0.122427,0.112759
5,15,4984,14763,0.129197,0.102635
5,16,683,11460,0.090199,0.093731
5,17,1185,7555,0.095417,0.099204
5,18,2593,15993,0.105313,0.102775
5,19,9627,17323,0.151256,0.145187
5,20,1886,20499,0.128448,0.121723
5,21,1707,23420,0.113016,0.122677
5,22,206,74,0.083243,0.099095
5,23,3156,24644,0.116505,0.131129
5,24,2147,9593,0.142287,0.125806
5,25,4268,26286,0.110286,0.140108
5,26,47,641,0.073066,0.088767
5,27,792,11661,0.151342,0.166168
5,28,166,15745,0.095975,0.100499
5,29,1375,28337,0.086894,0.096954
5,30,405,8854,0.098538,0.107265
5,31,4014,10062,0.144066,0.121744
5,32,1292,28306,0.091441,0.110638
5,33,305,14196,0.086994,0.105741
5,34,38,2092,0.115453,0.114963
5,35,158,4262,0.098832,0.112414
5,36,6700,37574,0.183490,0.186776
5,37,137,5923,0.098300,0.102066
5,38,629,14711,0.099341,0.102553
5,39,1392,7334,0.063971,0.078789
5,40,271,4920,0.090128,0.095812
5,41,2763,19977,0.103301,0.111749
5,42,701,29061,0.088026,0.117785
5,43,5252,36500,0.085191,0.142487
5,44,1032,12164,0.078209,0.088793
5,45,110,2980,0.090818,0.117147
5,46,344,6419,0.089075,0.100418
5,47,2391,25003,0.140791,0.171124
5,48,483,6645,0.110546,0.106488
5,49,254,754,0.096096,0.104445
5,50,1308,1642,0.061846,0.096041
5,51,2140,20946,0.089190,0.095964
5,52,302,2452,0.092662,0.085316
5,53,458,2093,0.059844,0.109868
5,54,214,1695,0.086868,0.101371
5,55,18746,21386,0.220484,0.125223
5,56,2567,13986,0.083320,0.109075
5,57,3280,20629,0.091509,0.121172
5,58,1042,1915,0.064350,0.091858
5,59,6886,24837,0.120769,0.131592
5,60,7309,38564,0.159385,0.139328
5,61,3482,16421,0.184087,0.195486
5,62,119,2634,0.091399,0.074947
5,63,938,6101,0.117232,0.110968
5,64,4587,2391,0.109402,0.112147
5,65,22998,29615,0.151395,0.089262
5,66,104,1660,0.097278,0.100109
5,67,3312,9345,0.179554,0.189394
5,68,418,17279,0.098732,0.103248
5,69,881,15360,0.070989,0.107042
5,70,8,2396,0.101868,0.121715
5,71,7921,6071,0.101333,0.093441
5,72,1254,11073,0.092037,0.100435
5,73,732,5459,0.073599,0.093122
5,74,93,4017,0.078760,0.081177
5,75,672,8058,0.108197,0.102686
5,76,2863,9859,0.089264,0.099035
5,77,1625,12395,0.106508,0.125307
5,78,1258,19982,0.104080,0.130537
5,79,4143,12413,0.090263,0.086523
5,80,2571,24300,0.108873,0.120663
5,81,6781,10518,0.163892,0.125228
5,82,6607,55891,0.130359,0.146329
5,83,1086,14477,0.109130,0.107558
5,84,1458,5479,0.100993,0.104181
5,85,650,23342,0.093667,0.122959
5,86,4957,2012,0.085542,0.064684
5,87,277,23121,0.100598,0.176195
5,88,2906,19383,0.088929,0.095244
5,89,2208,20730,0.103004,0.100815
5,90,227,46932,0.081990,0.161711
5,91,3441,22271,0.093572,0.104872
5,92,299,4341,0.094642,0.102212
5,93,31,1222,0.106185,0.115556
5,94,234,5259,0.090904,0.099074
5,95,15817,70352,0.143284,0.148067
5,96,123,5692,0.095092,0.118010
5,97,48,5555,0.061127,0.055151
5,98,149,614,0.097805,0.099312
5,99,5534,20710,0.095548,0.092704
5,100,1507,8568,0.075572,0.127150
5,101,24,10133,0.087402,0.105943
5,102,1205,16848,0.101453,0.103229
5,103,5989,30998,0.106254,0.130786
5,104,5106,20374,0.151882,0.199847
5,105,51,4274,0.096517,0.111426
5,106,745,24264,0.100399,0.109511
5,107,218,10701,0.089306,0.095983
5,108,2654,6443,0.126863,0.096115
5,109,961,30190,0.090272,0.113944
5,110,13458,23409,0.126042,0.092343
5,111,3078,29959,0.097280,0.109719
5,112,202,13208,0.088178,0.093007
5,113,176,8797,0.095039,0.103363
5,114,2558,12250,0.111230,0.131981
5,115,1325,20556,0.076138,0.122142
5,116,6726,38635,0.128741,0.153223
5,117,161,1321,0.071234,0.086775
5,118,3098,5897,0.085217,0.089317
5,119,11198,39482,0.142717,0.139178
5,120,1415,7734,0.176778,0.111892
5,121,1782,22966,0.121202,0.128484
5,122,1534,24904,0.119737,0.122408
5,123,3235,19510,0.098756,0.105406
5,124,250,11561,0.101354,0.108575
5,125,67,1945,0.103024,0.110672
5,126,12517,51637,0.130805,0.154723
5,127,7331,5644,0.094542,0.074242
5,128,6841,6813,0.093496,0.097213
5,129,7825,13248,0.090120,0.099188
5,130,2170,10102,0.089962,0.100010
5,131,2768,18243,0.096451,0.100223
5,132,337,16980,0.094576,0.101099
5,133,504,6611,0.088281,0.102061
5,134,853,18261,0.103892,0.100489
5,135,7827,29694,0.112318,0.115605
5,136,76,7404,0.082830,0.100965
5,137,69,436,0.103717,0.096622
5,138,497,5653,0.090349,0.110062
5,139,1997,18368,0.098514,0.108322
5,140,6989,30914,0.095710,0.119614
5,141,24,3606,0.107585,0.104689
5,142,3203,15634,0.092218,0.101506
5,143,2011,19819,0.123833,0.120521
5,144,4784,13828,0.130946,0.152083
5,145,2323,23635,0.112731,0.129585
5,146,370,7765,0.096618,0.091977
5,147,4685,29342,0.119779,0.165148
5,148,358,4575,0.075654,0.080567
5,149,811,9622,0.102596,0.105530
5,150,52,3951,0.089360,0.100061
5,151,22148,15703,0.120545,0.102496
5,152,6638,9309,0.100625,0.104502
5,153,2,767,0.060425,0.099777
5,154,1227,5365,0.074764,0.109961
5,155,8134,18218,0.074518,0.071933
5,156,112,7392,0.116823,0.107881
5,157,4970,10486,0.107695,0.122058
5,158,9747,34838,0.082030,0.135695
5,159,3761,42271,0.115686,0.113713
5,160,661,34352,0.095537,0.112228
5,161,394,20250,0.085486,0.125212
5,162,1923,20393,0.111965,0.113607
5,163,25,1071,0.091777,0.111431
5,164,3473,30773,0.134004,0.167271
5,165,13198,10855,0.082187,0.080859
5,166,2195,22388,0.098487,0.122018
5,167,389,4261,0.091105,0.097272
5,168,753,9930,0.108039,0.108997
5,169,2052,15541,0.137512,0.118226
5,170,314,1317,0.104287,0.086944
5,171,16619,11016,0.129587,0.103058
5,172,1994,13586,0.130244,0.134170
5,173,10090,37182,0.118029,0.123705
5,174,4952,21253,0.229029,0.256413
5,175,401,8643,0.091262,0.099597
5,176,227,16459,0.095616,0.100953
5,177,41,4790,0.106803,0.117990
5,178,4825,11451,0.142518,0.136470
5,179,356,5222,0.093871,0.109955
5,180,883,13016,0.109351,0.125134
5,181,1412,11502,0.092182,0.112169
5,182,1272,2617,0.080409,0.080831
5,183,7797,41885,0.082761,0.100865
5,184,2386,15209,0.092592,0.090674
5,185,116,5965,0.075974,0.109150
5,186,5418,26883,0.147931,0.139307
5,187,298,4214,0.093667,0.101873
5,188,4947,49712,0.093504,0.148019
5,189,820,10165,0.097460,0.104581
5,190,3470,11200,0.093513,0.100994
5,191,2148,2928,0.119730,0.079956
5,192,275,8260,0.080552,0.091928
5,193,3528,34293,0.114119,0.172193
5,194,138,11822,0.086675,0.109780
5,195,127,3844,0.088255,0.097809
5,196,1177,32745,0.085109,0.105054
5,197,2498,14886,0.120231,0.110036
5,198,1754,5791,0.125736,0.085518
5,199,1680,7558,0.086385,0.097497
5,200,2553,21533,0.132791,0.122488
5,201,413,3968,0.106145,0.107553
5,202,8679,13960,0.094913,0.103010
5,203,69,10376,0.117916,0.105695
5,204,190,15527,0.075869,0.120233
5,205,16295,4821,0.085084,0.068529
5,206,12695,54285,0.146038,0.160627
5,207,526,17032,0.096301,0.104066
5,208,87,2597,0.086336,0.092833
5,209,252,4815,0.091045,0.100953
5,210,185,2020,0.072218,0.075741
5,211,54,3513,0.095753,0.112384
5,212,380,7170,0.077098,0.092073
5,213,5283,14620,0.134506,0.163229
5,214,3507,17097,0.095210,0.107763
5,215,3482,26672,0.138903,0.122100
5,216,4617,31044,0.072002,0.088092
5,217,3855,12483,0.096478,0.105748
5,218,19316,15435,0.099770,0.079158
5,219,65,3013,0.102085,0.114711
5,220,999,25008,0.114603,0.135657
5,221,595,7515,0.068264,0.079943
5,222,614,9893,0.091396,0.100128
5,223,4933,9983,0.166989,0.169996
5,224,4902,23650,0.173624,0.170730
5,225,6561,16261,0.095933,0.111420
5,226,408,6016,0.119536,0.115453
5,227,257,16103,0.101744,0.109993
5,228,1684,2701,0.096808,0.106384
5,229,606,12922,0.116231,0.110697
5,230,1287,38385,0.091085,0.120534
5,231,3388,32043,0.104522,0.104312
5,232,8349,22855,0.106387,0.123141
5,233,7726,25051,0.100011,0.104083
5,234,958,14447,0.114724,0.122853
5,235,656,10825,0.090508,0.123365
5,236,9340,21237,0.094167,0.118443
5,237,30892,59075,0.147569,0.143841
5,238,742,11879,0.102395,0.107143
5,239,1024,33067,0.095873,0.133324
5,240,2440,14355,0.102366,0.099999
5,241,2440,3621,0.076500,0.082086
5,242,251,5380,0.104932,0.107323
5,243,3284,34083,0.101724,0.101642
5,244,1759,11159,0.126550,0.109368
5,245,392,4064,0.068374,0.075639
5,246,16258,51553,0.140454,0.145948
5,247,422,13719,0.124194,0.119876
5,248,368,15874,0.095256,0.110177
5,249,1835,15386,0.147292,0.171180
5,250,5076,25675,0.085265,0.140720
5,251,45431,87261,0.218376,0.174489
5,252,4089,20158,0.108401,0.122964
5,253,1322,7366,0.112580,0.078883
5,254,607,8514,0.118396,0.139336
5,255,535,34870,0.088684,0.115266
6,0,1412,4570,0.118627,0.094077
6,1,69,1764,0.107878,0.104891
6,2,4570,15578,0.141117,0.121832
6,3,3884,12567,0.120432,0.140212
6,4,789,9507,0.108944,0.110644
6,5,65,4738,0.089994,0.110690
6,6,22,8090,0.094660,0.110954
6,7,6693,21668,0.123090,0.129028
6,8,191,5419,0.093985,0.099230
6,9,4329,11449,0.099979,0.098527
6,10,271,5574,0.103969,0.100082
6,11,3761,17901,0.131050,0.127183
6,12,6703,29573,0.110173,0.111640
6,13,63,2664,0.110402,0.107519
6,14,2173,58493,0.074068,0.158681
6,15,278,7938,0.072725,0.071045
6,16,2823,15605,0.162694,0.165624
6,17,84,3049,0.097037,0.106189
6,18,953,7886,0.136102,0.133958
6,19,5528,11875,0.151365,0.143714
6,20,27516,51826,0.153529,0.144224
6,21,2843,12006,0.114776,0.117167
6,22,19104,12879,0.152604,0.076134
6,23,6939,35434,0.134827,0.146446
6,24,1415,15216,0.088392,0.121321
6,25,457,5816,0.096884,0.098457
6,26,4,644,0.111816,0.116638
6,27,9876,22526,0.109741,0.108389
6,28,274,22397,0.095088,0.107573
6,29,181,5520,0.094662,0.107132
6,30,971,2142,0.099854,0.106452
6,31,11372,20812,0.115753,0.114883
6,32,5364,17654,0.109634,0.111445
6,33,8427,27802,0.136254,0.125495
6,34,1551,1951,0.078192,0.115789
6,35,76,263,0.117698,0.112838
6,36,7624,15677,0.096499,0.097505
6,37,3183,32383,0.110141,0.112799
6,38,108,164,0.085316,0.085596
6,39,5642,28025,0.152664,0.146597
6,40,4692,26505,0.111303,0.134595
6,41,796,16125,0.111347,0.121521
6,42,363,14746,0.097773,0.096046
6,43,3758,70885,0.097573,0.162611
6,44,74,3049,0.086752,0.083490
6,45,503,10171,0.101377,0.113436
6,46,1518,16548,0.143695,0.130667
6,47,279,4965,0.096258,0.101728
6,48,52,1002,0.114295,0.106908
6,49,2157,20671,0.122903,0.121779
6,50,472,3540,0.093638,0.094543
6,51,4312,22832,0.112481,0.135839
6,52,12726,20707,0.172395,0.109267
6,53,2006,15781,0.116039,0.109106
6,54,6618,26868,0.144839,0.151483
6,55,7,3954,0.075126,0.099304
6,56,1530,19698,0.078509,0.121110
6,57,1393,12630,0.129607,0.141859
6,58,721,3228,0.110409,0.108121
6,59,539,6616,0.100767,0.100644
6,60,7025,30913,0.120198,0.186103
6,61,247,7833,0.100353,0.125512
6,62,2461,20561,0.132344,0.142224
6,63,603,24904,0.108184,0.113273
6,64,146,13886,0.094260,0.094975
6,65,7963,40984,0.092579,0.169362
6,66,13832,40235,0.109641,0.106758
6,67,680,15690,0.108603,0.113804
6,68,6769,18425,0.094586,0.113716
6,69,216,3909,0.100943,0.104120
6,70,1213,5415,0.096332,0.101405
6,71,2333,16476,0.110198,0.116834
6,72,816,1173,0.101495,0.108351
6,73,945,8916,0.102339,0.094712
6,74,2076,14744,0.119863,0.107625
6,75,556,14074,0.079704,0.083934
6,76,842,27158,0.101670,0.109650
6,77,2016,10245,0.076028,0.095884
6,78,736,11354,0.123092,0.113303
6,79,24025,43583,0.140900,0.129825
6,80,176,4300,0.087853,0.099146
6,81,460,15641,0.098896,0.109196
6,82,170,6815,0.132596,0.148727
6,83,580,15202,0.089837,0.098483
6,84,2563,24126,0.101851,0.134901
6,85,613,9236,0.105908,0.107285
6,86,158,2236,0.114456,0.101168
6,87,641,19234,0.107747,0.110642
6,88,65,1965,0.088364,0.086984
6,89,470,33469,0.101527,0.114022
6,90,1197,15052,0.141832,0.148593
6,91,3670,10041,0.094668,0.108919
6,92,7256,17002,0.120703,0.139773
6,93,171,4754,0.073543,0.073717
6,94,613,1220,0.083505,0.086998
6,95,987,12361,0.122070,0.110922
6,96,959,22012,0.106477,0.109810
6,97,180,12932,0.101308,0.105057
6,98,4113,37011,0.114497,0.115119
6,99,5449,18996,0.100682,0.110560
6,100,2286,10237,0.084991,0.096178
6,101,337,12207,0.104311,0.123612
6,102,319,2434,0.112831,0.102742
6,103,232,12425,0.105212,0.107271
6,104,870,7952,0.109958,0.106689
6,105,9789,6027,0.125975,0.108667
6,106,981,12144,0.097567,0.099440
6,107,1269,12403,0.121596,0.114471
6,108,2429,6385,0.102767,0.100827
6,109,27,3103,0.096851,0.108334
6,110,2994,22241,0.187923,0.118440
6,111,529,14539,0.108716,0.118768
6,112,1061,4083,0.124872,0.104109
6,113,6001,4390,0.149230,0.110756
6,114,5312,11840,0.154444,0.138361
6,115,1320,4060,0.074432,0.106374
6,116,830,6457,0.098181,0.106694
6,117,2900,35207,0.104003,0.115686
6,118,4190,38485,0.125880,0.158137
6,119,792,16069,0.113012,0.114711
6,120,376,6285,0.100814,0.105033
6,121,2043,32771,0.108029,0.107085
6,122,401,17343,0.049824,0.100340
6,123,691,6110,0.123009,0.105362
6,124,803,28936,0.105291,0.122816
6,125,3580,44397,0.097295,0.113444
6,126,784,1503,0.115135,0.096879
6,127,1380,14789,0.120778,0.117105
6,128,1160,5868,0.119387,0.135466
6,129,5986,25248,0.146640,0.146381
6,130,9894,35740,0.101495,0.108463
6,131,6919,28150,0.122563,0.121836
6,132,22204,30020,0.153893,0.140504
6,133,6917,19450,0.128524,0.109473
6,134,40,1185,0.104480,0.112783
6,135,10867,9554,0.109985,0.097627
6,136,2343,17137,0.133481,0.136979
6,137,10248,19993,0.109869,0.105424
6,138,21265,25767,0.177207,0.122484
6,139,2259,17205,0.102994,0.127915
6,140,3677,14721,0.108644,0.104156
6,141,337,11533,0.099259,0.097280
6,142,2234,10322,0.071759,0.096678
6,143,10576,19531,0.118330,0.105456
6,144,812,5444,0.112106,0.110838
6,145,7862,39316,0.147800,0.141028
6,146,863,10929,0.125897,0.109812
6,147,3414,11315,0.150021,0.129967
6,148,200,1628,0.097889,0.113051
6,149,6292,34126,0.135465,0.153969
6,150,242,2402,0.080975,0.099217
6,151,1249,2005,0.096508,0.089695
6,152,8701,32776,0.131229,0.145512
6,153,5654,34218,0.113015,0.158603
6,154,1283,13665,0.155160,0.128490
6,155,223,1645,0.102449,0.090191
6,156,42,15913,0.092105,0.097861
6,157,1165,23588,0.058622,0.119825
6,158,189,7053,0.100873,0.103976
6,159,15,879,0.114388,0.128585
6,160,228,23252,0.108186,0.112970
6,161,2055,20135,0.112153,0.131717
6,162,351,1530,0.085753,0.103154
6,163,949,18849,0.115074,0.124460
6,164,605,16154,0.103140,0.114732
6,165,612,1272,0.106291,0.100469
6,166,777,21115,0.108650,0.150570
6,167,5440,28423,0.111868,0.138362
6,168,1596,7211,0.126183,0.143913
6,169,7870,1452,0.159765,0.108120
6,170,149,4166,0.091903,0.093352
6,171,8449,17130,0.115447,0.111709
6,172,399,8643,0.103724,0.110366
6,173,3382,13827,0.080055,0.090884
6,174,3547,9795,0.109954,0.112767
6,175,1186,7903,0.136590,0.156844
6,176,1180,12896,0.080694,0.114574
6,177,2041,1705,0.070200,0.085602
6,178,1024,5970,0.111593,0.098438
6,179,155,10499,0.108463,0.108041
6,180,19528,85828,0.138304,0.128418
6,181,2003,18961,0.117322,0.107269
6,182,6349,49482,0.125568,0.179570
6,183,3013,20346,0.181632,0.173717
6,184,753,8156,0.094454,0.101057
6,185,180,3168,0.098800,0.095431
6,186,1950,8766,0.115027,0.112380
6,187,1650,12996,0.098648,0.105119
6,188,9046,49871,0.160177,0.163802
6,189,920,16302,0.100222,0.104439
6,190,949,12887,0.114860,0.115393
6,191,727,24326,0.108312,0.111414
6,192,311,5959,0.086553,0.095621
6,193,1801,21719,0.099049,0.104221
6,194,146,13584,0.090586,0.108562
6,195,3365,2145,0.132780,0.135477
6,196,19612,29566,0.093663,0.087304
6,197,29,2894,0.110200,0.111324
6,198,1100,19087,0.103727,0.116071
6,199,1548,25727,0.111258,0.115074
6,200,5212,4490,0.123326,0.092498
6,201,2181,5390,0.119074,0.112288
6,202,4214,4519,0.121698,0.116580
6,203,7422,1065,0.148235,0.091450
6,204,2477,10783,0.095385,0.119527
6,205,2410,14513,0.151598,0.147070
6,206,1549,29489,0.116599,0.135273
6,207,14715,35797,0.133635,0.114109
6,208,330,12306,0.106793,0.119039
6,209,100,2887,0.075164,0.089664
6,210,6062,5068,0.134605,0.120271
6,211,2248,26109,0.133035,0.135577
6,212,579,10612,0.113180,0.116070
6,213,8355,42856,0.096193,0.098680
6,214,2172,16328,0.136999,0.126189
6,215,645,29343,0.109314,0.140877
6,216,116,3938,0.102813,0.110540
6,217,100,13872,0.103062,0.115922
6,218,6633,2546,0.120713,0.099925
6,219,908,10198,0.097049,0.099933
6,220,1288,10165,0.082594,0.087556
6,221,1041,11035,0.116591,0.100962
6,222,137,4982,0.096580,0.112161
6,223,591,4935,0.101461,0.107697
6,224,12,1602,0.079142,0.111744
6,225,1092,21937,0.114202,0.127590
6,226,13778,5146,0.082682,0.075387
6,227,5386,47942,0.092949,0.122079
6,228,135,2918,0.105093,0.101208
6,229,9213,49199,0.152982,0.152792
6,230,3013,29717,0.116767,0.133583
6,231,1486,13260,0.104316,0.119074
6,232,61,1727,0.096980,0.107732
6,233,13117,77658,0.141863,0.150513
6,234,12334,63765,0.141295,0.151871
6,235,1006,8280,0.130459,0.146789
6,236,19975,32730,0.107593,0.100265
6,237,369,7235,0.109439,0.108272
6,238,8,347,0.100006,0.073515
6,239,2603,13130,0.103346,0.110436
6,240,16325,54099,0.114779,0.127150
6,241,2650,11562,0.127013,0.129169
6,242,861,9086,0.103833,0.108288
6,243,2136,10731,0.129426,0.125962
6,244,278,3789,0.097084,0.106000
6,245,161,2656,0.113020,0.115001
6,246,1008,26370,0.108458,0.116347
6,247,240,11047,0.112665,0.116047
6,248,2294,17846,0.133439,0.132397
6,249,431,686,0.109747,0.111757
6,250,2957,11746,0.133928,0.108074
6,251,9,1682,0.089328,0.077534
6,252,423,20104,0.107858,0.118036
6,253,753,19740,0.100095,0.100768
6,254,9220,17481,0.111561,0.124504
6,255,6405,30590,0.150120,0.147166
7,0,1315,3645,0.072738,0.088328
7,1,269,3770,0.100509,0.101698
7,2,779,14760,0.118362,0.171164
7,3,496,11501,0.065166,0.107951
7,4,1707,7297,0.101661,0.118623
7,5,27,8286,0.076100,0.100960
7,6,2517,22951,0.106878,0.117102
7,7,46,4073,0.097072,0.127992
7,8,54,752,0.085635,0.096756
7,9,638,22827,0.089940,0.102823
7,10,75,8269,0.097119,0.100903
7,11,19807,105450,0.131051,0.152189
7,12,471,6171,0.080226,0.102631
7,13,11821,42300,0.114659,0.125455
7,14,25,46464,0.084102,0.114847
7,15,604,12504,0.091841,0.097741
7,16,2134,8696,0.116262,0.125884
7,17,480,3751,0.088675,0.102365
7,18,4587,29772,0.130265,0.142828
7,19,2733,9039,0.082315,0.112583
7,20,159,4765,0.076800,0.084265
7,21,1123,3384,0.085840,0.075544
7,22,2736,32052,0.093555,0.128037
7,23,1,55899,0.079590,0.153796
7,24,301,13819,0.080057,0.095152
7,25,778,3006,0.075116,0.088859
7,26,7932,10521,0.080007,0.098046
7,27,1129,758,0.085190,0.079321
7,28,21,914,0.088844,0.094020
7,29,2762,36733,0.097382,0.174257
7,30,4290,22456,0.091366,0.127220
7,31,5627,20235,0.102087,0.118746
7,32,1567,32371,0.070755,0.119942
7,33,8675,21886,0.075108,0.098450
7,34,338,12708,0.090770,0.097834
7,35,15752,35241,0.125739,0.153430
7,36,44880,37904,0.153300,0.122130
7,37,10425,7465,0.101960,0.106084
7,38,2473,19280,0.134987,0.143375
7,39,3373,913,0.053631,0.101506
7,40,1806,17083,0.130263,0.165395
7,41,1555,5949,0.081627,0.091493
7,42,509,2968,0.063709,0.074857
7,43,29,1262,0.079725,0.089754
7,44,2673,11380,0.158105,0.177724
7,45,42,7702,0.104713,0.106694
7,46,10,3376,0.089746,0.083021
7,47,4273,43308,0.091557,0.111392
7,48,6007,18616,0.082440,0.098892
7,49,7512,18345,0.122110,0.108835
7,50,483,10413,0.093204,0.098513
7,51,179,5098,0.092473,0.107395
7,52,1988,17020,0.089715,0.104487
7,53,9006,48563,0.109870,0.127067
7,54,275,24107,0.096709,0.109882
7,55,141,8460,0.083046,0.100372
7,56,1402,16351,0.142529,0.183016
7,57,2469,39162,0.086753,0.101087
7,58,2149,6592,0.086614,0.129094
7,59,223,10372,0.075719,0.088509
7,60,1553,8726,0.086085,0.097030
7,61,4330,20595,0.148473,0.174569
7,62,2324,19141,0.150403,0.137785
7,63,1845,14798,0.073216,0.118631
7,64,4731,29764,0.062267,0.099354
7,65,24,10961,0.091359,0.139314
7,66,721,9319,0.116860,0.132165
7,67,299,10340,0.098780,0.104997
7,68,253,5596,0.075297,0.094905
7,69,30810,70875,0.154584,0.159833
7,70,1499,22941,0.144048,0.118387
7,71,1848,8130,0.107382,0.106082
7,72,3141,22316,0.087230,0.102625
7,73,634,6386,0.093066,0.106793
7,74,129,1170,0.075691,0.098355
7,75,38764,91386,0.151323,0.139905
7,76,4289,16183,0.078236,0.101491
7,77,1599,14784,0.108597,0.109269
7,78,1853,30022,0.052531,0.102082
7,79,41,7227,0.096894,0.094514
7,80,3,1089,0.094320,0.107720
7,81,1688,3026,0.076040,0.095329
7,82,19,522,0.094123,0.107005
7,83,5427,47454,0.120543,0.159092
7,84,642,1819,0.090016,0.095610
7,85,1057,13596,0.108421,0.122469
7,86,23,1965,0.091829,0.111565
7,87,1408,4221,0.079021,0.083185
7,88,3396,20985,0.140056,0.150706
7,89,862,3507,0.077353,0.087910
7,90,518,23469,0.079790,0.115069
7,91,4451,10012,0.182250,0.165859
7,92,287,5302,0.073487,0.107252
7,93,2589,11674,0.102445,0.105571
7,94,2819,7437,0.084173,0.104747
7,95,1085,24226,0.079070,0.098769
7,96,562,1825,0.088014,0.086809
7,97,9155,24179,0.096651,0.101946
7,98,481,12567,0.105949,0.115455
7,99,554,11022,0.096531,0.102167
7,100,525,5854,0.096522,0.102888
7,101,281,24296,0.099650,0.175580
7,102,164,1251,0.076712,0.101639
7,103,1200,15649,0.090692,0.104847
7,104,84,5181,0.100246,0.117098
7,105,11923,10114,0.107169,0.125821
7,106,2349,20863,0.074757,0.099026
7,107,50,2758,0.106699,0.107778
7,108,7877,21544,0.102196,0.094407
7,109,291,7896,0.087487,0.108249
7,110,511,21821,0.087293,0.101177
7,111,127,13430,0.101584,0.108242
7,112,1522,23649,0.136162,0.181857
7,113,1333,28389,0.097482,0.113649
7,114,36,1095,0.097480,0.109699
7,115,595,4051,0.089428,0.099981
7,116,76130,104931,0.180890,0.119672
7,117,6620,42409,0.096537,0.173503
7,118,3106,10044,0.107956,0.108069
7,119,821,11169,0.097215,0.101961
7,120,126,5522,0.094740,0.101727
7,121,186,4364,0.094268,0.105546
7,122,2651,14257,0.117060,0.108482
7,123,10734,19183,0.088934,0.103443
7,124,1054,6564,0.078361,0.090503
7,125,12007,3842,0.121202,0.103250
7,126,1449,23135,0.081483,0.100389
7,127,55,851,0.076585,0.095337
7,128,360,3046,0.099929,0.109671
7,129,5691,11399,0.165813,0.134408
7,130,1501,22683,0.096370,0.114118
7,131,3064,13602,0.129404,0.147057
7,132,409,2690,0.085948,0.086998
7,133,7189,20934,0.121344,0.136753
7,134,1731,17345,0.078713,0.102411
7,135,961,11177,0.112968,0.107120
7,136,2671,21511,0.100152,0.115877
7,137,3540,17006,0.111343,0.116247
7,138,3620,18187,0.095230,0.112764
7,139,206,5606,0.079733,0.088382
7,140,1445,4520,0.122462,0.098853
7,141,1704,25021,0.130078,0.139191
7,142,3750,43017,0.122353,0.137994
7,143,654,14390,0.107299,0.120085
7,144,1223,13351,0.122219,0.118285
7,145,7858,48505,0.109848,0.124538
7,146,1681,3124,0.096528,0.097398
7,147,33074,25352,0.104085,0.088786
7,148,1955,21184,0.077769,0.116139
7,149,3670,30901,0.158581,0.232763
7,150,1039,26788,0.095285,0.106641
7,151,1007,11421,0.084748,0.096412
7,152,36,1417,0.107931,0.110548
7,153,50,8053,0.098813,0.104723
7,154,180,1674,0.082326,0.103879
7,155,1098,16601,0.086161,0.109319
7,156,203,28554,0.088881,0.101396
7,157,828,11640,0.103659,0.101248
7,158,54,8474,0.074804,0.107346
7,159,960,13111,0.097525,0.115933
7,160,299,10296,0.114487,0.124631
7,161,1521,10438,0.127559,0.145218
7,162,92,7674,0.087015,0.101036
7,163,726,7771,0.100634,0.105407
7,164,48,4554,0.090144,0.108629
7,165,4418,17888,0.068232,0.117192
7,166,3824,1660,0.096447,0.114019
7,167,111,4327,0.108676,0.101068
7,168,338,8864,0.075088,0.083028
7,169,3563,25010,0.097196,0.128909
7,170,5,320,0.117773,0.101073
7,171,9038,15809,0.096117,0.122438
7,172,1884,14153,0.074072,0.098478
7,173,143,832,0.084749,0.097023
7,174,13,1664,0.091252,0.116905
7,175,148,1731,0.052716,0.106883
7,176,1226,31271,0.112297,0.160490
7,177,1578,11110,0.058734,0.099437
7,178,8602,57419,0.087472,0.107890
7,179,2073,8705,0.088965,0.117424
7,180,1196,15311,0.122538,0.118916
7,181,3290,21655,0.105857,0.171428
7,182,86,2553,0.107280,0.107648
7,183,137,4981,0.063034,0.102606
7,184,29077,14781,0.150285,0.106495
7,185,36,5005,0.092048,0.091421
7,186,758,18934,0.122362,0.136888
7,187,2527,20406,0.100856,0.110532
7,188,803,7549,0.109932,0.120843
7,189,126,7761,0.086589,0.102475
7,190,1536,9792,0.065593,0.082993
7,191,7276,65307,0.116628,0.130437
7,192,4,162,0.076416,0.080669
7,193,2424,19076,0.088252,0.107692
7,194,955,15896,0.109934,0.118286
7,195,2095,34316,0.119111,0.171532
7,196,1274,4074,0.070009,0.085769
7,197,204,9138,0.102062,0.100431
7,198,18763,94385,0.126231,0.157719
7,199,254,21320,0.099934,0.133256
7,200,1396,11462,0.113628,0.115189
7,201,111,9276,0.075129,0.105975
7,202,1601,3618,0.082295,0.097208
7,203,5002,8145,0.063140,0.101606
7,204,4184,28049,0.079788,0.097263
7,205,73,5297,0.090927,0.099212
7,206,4482,27141,0.141067,0.119141
7,207,2470,25279,0.103222,0.111126
7,208,205,1652,0.047796,0.084372
7,209,1328,8856,0.049201,0.108383
7,210,711,10009,0.088484,0.103882
7,211,1442,5988,0.115779,0.104009
7,212,195,1102,0.082570,0.091531
7,213,2653,23369,0.091456,0.135987
7,214,180,5876,0.091500,0.102740
7,215,212,4920,0.102145,0.104840
7,216,433,16340,0.091804,0.102892
7,217,1731,11259,0.098207,0.101465
7,218,259,4157,0.090402,0.092986
7,219,140,1868,0.112823,0.113020
7,220,347,2148,0.101158,0.100025
7,221,4994,22869,0.138608,0.122100
7,222,584,7739,0.101342,0.107165
7,223,1841,11546,0.141961,0.186925
7,224,728,12478,0.106512,0.106409
7,225,313,7083,0.095715,0.107832
7,226,24,2826,0.104889,0.098041
7,227,2093,1719,0.067190,0.095364
7,228,1017,12810,0.095950,0.116376
7,229,20645,37848,0.092417,0.103264
7,230,1662,20212,0.098862,0.113326
7,231,627,22255,0.105092,0.108086
7,232,492,7101,0.091149,0.104298
7,233,21,4003,0.094285,0.108813
7,234,174,11505,0.105458,0.100329
7,235,193,11726,0.111300,0.111509
7,236,2025,18804,0.101193,0.116029
7,237,509,31591,0.087923,0.110355
7,238,829,10902,0.083102,0.095297
7,239,79,4904,0.094436,0.110837
7,240,2716,12390,0.139409,0.147346
7,241,3331,20393,0.231277,0.120812
7,242,189,10620,0.126662,0.160874
7,243,6814,10549,0.111681,0.109037
7,244,147,6321,0.109302,0.114901
7,245,3764,16326,0.087340,0.104706
7,246,1824,23040,0.098488,0.134736
7,247,1156,19900,0.123511,0.123000
7,248,10714,22931,0.083795,0.107381
7,249,2901,58058,0.138258,0.190747
7,250,820,12574,0.109437,0.101496
7,251,425,10249,0.081525,0.086564
7,252,3817,27931,0.113547,0.148791
7,253,1699,10419,0.131366,0.128354
7,254,32543,27156,0.219816,0.129962
7,255,26,1373,0.106783,0.103034
8,0,1498,15187,0.092574,0.098122
8,1,2420,7274,0.088920,0.092551
8,2,2,555,0.107666,0.109834
8,3,574,19931,0.070089,0.092982
8,4,26,4596,0.071806,0.090281
8,5,161,2035,0.093319,0.108684
8,6,1709,16510,0.093264,0.099855
8,7,207,3472,0.109317,0.110543
8,8,1231,8362,0.082474,0.101953
8,9,1546,14418,0.093769,0.105949
8,10,1123,4381,0.076104,0.085843
8,11,2854,22501,0.105213,0.148152
8,12,389,15336,0.090287,0.100451
8,13,5794,40824,0.119543,0.150395
8,14,33,534,0.084739,0.093379
8,15,12,2701,0.093221,0.096003
8,16,2071,4289,0.072199,0.097432
8,17,2418,10965,0.100792,0.108451
8,18,1359,6359,0.094738,0.109569
8,19,187,4465,0.087308,0.102336
8,20,2374,12364,0.067758,0.090516
8,21,1364,8167,0.080647,0.095767
8,22,22318,106500,0.139839,0.147289
8,23,8590,34995,0.084157,0.087617
8,24,148,14063,0.101942,0.108117
8,25,465,10719,0.087657,0.102890
8,26,1323,11992,0.104096,0.107321
8,27,54919,139764,0.164458,0.148510
8,28,892,5218,0.089152,0.089806
8,29,327,2985,0.064865,0.105998
8,30,18,4014,0.097154,0.110905
8,31,3788,3376,0.073225,0.075087
8,32,157,7703,0.088771,0.107784
8,33,4697,11407,0.171887,0.182665
8,34,53,2165,0.089595,0.112299
8,35,347,36960,0.109532,0.133471
8,36,2666,31553,0.088834,0.099879
8,37,453,10543,0.095853,0.107118
8,38,3902,19378,0.182867,0.189556
8,39,153,4530,0.099258,0.114798
8,40,290,33116,0.109981,0.119149
8,41,411,3248,0.088230,0.095741
8,42,265,16336,0.072792,0.100542
8,43,330,3414,0.080751,0.100531
8,44,765,10911,0.083634,0.097831
8,45,1690,9753,0.092150,0.099166
8,46,337,1005,0.098453,0.096053
8,47,1960,10069,0.091533,0.151461
8,48,1422,10406,0.062384,0.096869
8,49,606,6658,0.136861,0.144862
8,50,12594,2522,0.123804,0.123498
8,51,5,1247,0.102344,0.105486
8,52,8229,18403,0.100953,0.084776
8,53,682,8457,0.090679,0.100763
8,54,104,728,0.092048,0.109939
8,55,1106,4209,0.085334,0.088413
8,56,395,13078,0.076137,0.094645
8,57,181,31042,0.075220,0.096163
8,58,292,4671,0.104566,0.105818
8,59,278,7856,0.083877,0.102824
8,60,1007,6920,0.098383,0.099229
8,61,24611,47108,0.136967,0.177940
8,62,529,3297,0.085859,0.090049
8,63,1780,35282,0.093607,0.136008
8,64,1255,14284,0.092947,0.102966
8,65,2889,9485,0.109864,0.122335
8,66,1247,10107,0.090157,0.094138
8,67,179,9256,0.087461,0.107012
8,68,566,7750,0.089589,0.119161
8,69,161,3108,0.103817,0.092384
8,70,134,6235,0.108996,0.104034
8,71,46,2407,0.089828,0.110590
8,72,5678,15741,0.081743,0.090359
8,73,504,19273,0.083608,0.100799
8,74,94,2542,0.081018,0.104131
8,75,164,3487,0.089576,0.100862
8,76,470,937,0.081740,0.095116
8,77,0,19837,0.000000,0.092897
8,78,1694,13932,0.087520,0.118115
8,79,6615,23354,0.102202,0.113971
8,80,72,1319,0.094991,0.088507
8,81,1129,27791,0.123125,0.157175
8,82,344,11605,0.088196,0.104629
8,83,1663,13390,0.079913,0.097808
8,84,16029,66576,0.110436,0.123261
8,85,45,749,0.106429,0.091121
8,86,66,9634,0.115730,0.112950
8,87,21,3067,0.107375,0.108890
8,88,211,3898,0.084011,0.097810
8,89,3603,44819,0.124105,0.190583
8,90,199,461,0.079136,0.076868
8,91,842,21715,0.098519,0.112704
8,92,1229,27173,0.101655,0.125297
8,93,305,6273,0.093813,0.105276
8,94,7576,50475,0.137530,0.134187
8,95,420,11962,0.102127,0.105436
8,96,192,6389,0.103966,0.103513
8,97,144,3373,0.098835,0.110887
8,98,13406,7502,0.129828,0.102407
8,99,5587,37010,0.106074,0.120927
8,100,1805,12773,0.088456,0.092582
8,101,71,1889,0.086801,0.104050
8,102,418,621,0.106766,0.105109
8,103,1126,6850,0.090759,0.089646
8,104,2434,47812,0.264099,0.196621
8,105,2582,15504,0.085651,0.102684
8,106,1251,27739,0.087146,0.106792
8,107,21311,20590,0.123585,0.114923
8,108,11789,56538,0.097509,0.117261
8,109,183,4542,0.076145,0.100117
8,110,9160,67156,0.093790,0.104796
8,111,1217,17694,0.068168,0.113917
8,112,2835,17549,0.140681,0.185946
8,113,2573,12220,0.187398,0.141014
8,114,358,7940,0.076369,0.089158
8,115,956,11196,0.090996,0.103151
8,116,132,57030,0.066140,0.140118
8,117,1563,21648,0.099457,0.110716
8,118,6512,20307,0.101775,0.107252
8,119,228,22644,0.077646,0.118129
8,120,1976,15366,0.177975,0.230766
8,121,4247,11022,0.124981,0.108185
8,122,7534,39698,0.136645,0.171290
8,123,18070,4202,0.158830,0.097520
8,124,230,1773,0.096757,0.097765
8,125,904,8943,0.074644,0.097874
8,126,41,269,0.086438,0.099009
8,127,2533,11952,0.158702,0.112736
8,128,2801,12770,0.110014,0.108562
8,129,314,10348,0.093574,0.104437
8,130,14314,9677,0.103575,0.096311
8,131,644,4258,0.083441,0.098648
8,132,103,1805,0.097659,0.103597
8,133,1945,3184,0.085678,0.081369
8,134,1253,12507,0.096611,0.097400
8,135,15423,67396,0.163663,0.195432
8,136,69,993,0.094245,0.111597
8,137,81,1777,0.087574,0.095593
8,138,525,16662,0.088071,0.110267
8,139,2409,12746,0.068628,0.112172
8,140,48,2198,0.088954,0.085995
8,141,2626,6897,0.099223,0.102184
8,142,112,7395,0.076322,0.102454
8,143,113,3962,0.082444,0.109250
8,144,10483,89091,0.113792,0.156097
8,145,2063,9615,0.100074,0.106535
8,146,2081,16647,0.099032,0.119294
8,147,91,3444,0.102002,0.111091
8,148,1610,23169,0.088330,0.108494
8,149,654,21327,0.093512,0.119517
8,150,3053,14163,0.081918,0.088268
8,151,3560,1820,0.073555,0.083615
8,152,771,13253,0.076693,0.087623
8,153,220,5852,0.081744,0.107854
8,154,87,5544,0.091962,0.099969
8,155,25,1297,0.101914,0.107192
8,156,495,20115,0.097929,0.111512
8,157,3936,16916,0.173202,0.189328
8,158,225,12731,0.088599,0.100900
8,159,3779,17386,0.081229,0.153648
8,160,6460,5538,0.119467,0.107937
8,161,4946,17824,0.087559,0.089700
8,162,14,1857,0.091553,0.104037
8,163,468,7749,0.079490,0.098591
8,164,0,1714,0.000000,0.090679
8,165,498,2315,0.081964,0.097696
8,166,259,8365,0.099655,0.115441
8,167,398,15741,0.094931,0.106077
8,168,3376,15516,0.078599,0.093756
8,169,272,1750,0.087034,0.108687
8,170,573,3124,0.082626,0.092481
8,171,12,258,0.082621,0.101745
8,172,2944,1124,0.120625,0.106866
8,173,1558,42443,0.064146,0.125568
8,174,7082,9276,0.154978,0.153655
8,175,3558,16439,0.170958,0.109343
8,176,3055,6374,0.090951,0.111098
8,177,147,3756,0.093024,0.109763
8,178,23609,25250,0.095577,0.101098
8,179,1411,31940,0.082098,0.109620
8,180,3003,60714,0.065430,0.114608
8,181,245,7675,0.101441,0.115741
8,182,1274,13380,0.091470,0.106204
8,183,5647,20419,0.095518,0.107181
8,184,153,14087,0.106787,0.126251
8,185,1674,14165,0.096775,0.117938
8,186,144,3966,0.090931,0.095696
8,187,1515,11233,0.101571,0.107387
8,188,15,395,0.100163,0.100042
8,189,216,3450,0.080917,0.097110
8,190,463,7941,0.093892,0.102477
8,191,70504,22442,0.147321,0.096562
8,192,399,9903,0.094973,0.104036
8,193,2600,7445,0.083730,0.102341
8,194,29022,60470,0.095493,0.110459
8,195,286,1058,0.107430,0.117125
8,196,1039,7686,0.064422,0.101930
8,197,1152,8978,0.093593,0.118654
8,198,9965,94267,0.111581,0.142446
8,199,328,18774,0.085597,0.113432
8,200,535,13278,0.081149,0.102955
8,201,86,6343,0.080887,0.099654
8,202,1295,20398,0.102098,0.108636
8,203,414,1739,0.063563,0.078088
8,204,7180,60380,0.140217,0.175786
8,205,2714,16065,0.095000,0.101680
8,206,47,1620,0.087330,0.112463
8,207,111,10711,0.084288,0.104148
8,208,184,6845,0.114777,0.110618
8,209,255,2926,0.100237,0.112231
8,210,650,10588,0.098237,0.106919
8,211,148,7267,0.113504,0.102835
8,212,135,4249,0.077094,0.085010
8,213,1496,30128,0.102598,0.112081
8,214,3013,17029,0.084860,0.102305
8,215,1555,24257,0.092395,0.111409
8,216,7771,30854,0.140778,0.153490
8,217,2562,17980,0.149030,0.119037
8,218,169,11072,0.097968,0.096293
8,219,142,15162,0.100543,0.100832
8,220,16294,13136,0.121282,0.125216
8,221,1201,882,0.072709,0.082262
8,222,1144,5286,0.097901,0.095401
8,223,1212,5631,0.076440,0.109648
8,224,24395,9498,0.179716,0.111571
8,225,1359,3884,0.140756,0.121991
8,226,12590,50511,0.120763,0.138395
8,227,1679,6779,0.086066,0.089700
8,228,203,15314,0.092541,0.104721
8,229,114,1545,0.087231,0.101549
8,230,572,25263,0.084007,0.100846
8,231,411,5748,0.090512,0.103969
8,232,63822,137055,0.155834,0.137267
8,233,538,5429,0.096303,0.111576
8,234,6056,37048,0.110475,0.154892
8,235,1631,14392,0.189739,0.113654
8,236,511,19394,0.091590,0.108348
8,237,750,25502,0.087562,0.105035
8,238,223,1709,0.088220,0.099725
8,239,1840,62326,0.111539,0.147685
8,240,3782,7390,0.109254,0.111777
8,241,3,69,0.100749,0.104414
8,242,1387,6216,0.128077,0.150191
8,243,4111,5107,0.096723,0.118773
8,244,688,17649,0.093909,0.111097
8,245,463,26021,0.093370,0.117521
8,246,826,28101,0.096876,0.127807
8,247,7115,38021,0.125349,0.147658
8,248,624,4217,0.094202,0.101071
8,249,183,14172,0.089110,0.110742
8,250,622,5059,0.102514,0.106013
8,251,418,9180,0.085782,0.095537
8,252,3039,19031,0.108184,0.111353
8,253,328,15271,0.087193,0.113618
8,254,3164,26857,0.073768,0.095147
8,255,2740,22988,0.080636,0.096149
9,0,253,5594,0.086569,0.090078
9,1,352,2385,0.089047,0.089842
9,2,10370,17928,0.145438,0.096590
9,3,655,3721,0.084625,0.087091
9,4,462,4360,0.093726,0.101244
9,5,994,2847,0.062679,0.098229
9,6,2168,3780,0.081599,0.072611
9,7,93,5967,0.089925,0.090989
9,8,3894,15367,0.079865,0.102067
9,9,106,2154,0.067275,0.061513
9,10,205,567,0.084909,0.085587
9,11,172,6669,0.105253,0.102405
9,12,1664,13390,0.105686,0.121941
9,13,243,6444,0.084795,0.076857
9,14,227,5839,0.107432,0.099669
9,15,1370,13341,0.093138,0.094882
9,16,71,6905,0.084445,0.090316
9,17,1381,27765,0.095032,0.097899
9,18,3621,5600,0.160303,0.101578
9,19,3395,15089,0.169253,0.141123
9,20,7734,19076,0.080026,0.116021
9,21,96,1809,0.107778,0.086667
9,22,5454,27144,0.119746,0.129294
9,23,49,507,0.082295,0.082207
9,24,987,12850,0.094657,0.092449
9,25,2003,7141,0.121176,0.093923
9,26,255,10018,0.098561,0.094706
9,27,2712,11700,0.093647,0.089485
9,28,25,1894,0.094805,0.104336
9,29,6023,28917,0.120779,0.158205
9,30,110,9083,0.087071,0.088466
9,31,9362,51335,0.172282,0.176069
9,32,2515,4166,0.095002,0.113401
9,33,39,8618,0.103178,0.103853
9,34,170,10413,0.090223,0.094090
9,35,2333,13015,0.086152,0.087770
9,36,4257,6487,0.104992,0.073543
9,37,219,12874,0.085610,0.094602
9,38,3114,3057,0.151728,0.083795
9,39,3136,8988,0.190529,0.196033
9,40,27,2830,0.087402,0.104492
9,41,34,730,0.065667,0.067520
9,42,69,3609,0.086419,0.096301
9,43,560,11361,0.087997,0.097958
9,44,17687,17975,0.082971,0.100806
9,45,19720,8254,0.160637,0.092245
9,46,51,2088,0.101869,0.108443
9,47,6091,6586,0.089969,0.109552
9,48,2837,16697,0.080853,0.100057
9,49,2631,205693,0.091322,0.146662
9,50,6129,21003,0.095757,0.101123
9,51,22,2776,0.095370,0.099444
9,52,460,7787,0.096222,0.096030
9,53,1779,28917,0.111314,0.126957
9,54,2023,5038,0.078641,0.121602
9,55,310,4246,0.103076,0.099906
9,56,201,23743,0.079801,0.083915
9,57,3,3901,0.085368,0.085413
9,58,17748,2687,0.178553,0.089421
9,59,3102,53066,0.079005,0.131960
9,60,1369,24787,0.113569,0.126641
9,61,24,73,0.104390,0.105713
9,62,247,16588,0.104831,0.111946
9,63,1143,31775,0.117151,0.138841
9,64,5546,18802,0.114664,0.119245
9,65,459,7397,0.095914,0.096813
9,66,163,7224,0.095634,0.095983
9,67,4551,2149,0.092894,0.068491
9,68,9,833,0.086914,0.097990
9,69,8003,45661,0.141725,0.163764
9,70,19909,72668,0.137857,0.143179
9,71,1417,12721,0.072685,0.112902
9,72,5185,15765,0.122867,0.120102
9,73,4062,4549,0.104921,0.109665
9,74,263,2876,0.074737,0.086210
9,75,692,9194,0.097532,0.106527
9,76,23,79,0.073794,0.081596
9,77,5266,30238,0.158511,0.169913
9,78,289,10703,0.075217,0.087251
9,79,1087,8383,0.095114,0.091668
9,80,1368,17653,0.086492,0.096508
9,81,9,148,0.087891,0.093247
9,82,170,2065,0.111067,0.099474
9,83,736,15192,0.095448,0.086772
9,84,22,15018,0.074674,0.080888
9,85,9952,105051,0.095025,0.137446
9,86,8614,84780,0.091446,0.100939
9,87,14,1441,0.098598,0.102983
9,88,14,20059,0.090123,0.107263
9,89,9604,65149,0.149106,0.167157
9,90,14185,33173,0.113776,0.114364
9,91,524,12385,0.087317,0.093146
9,92,12,898,0.081238,0.084308
9,93,19,2764,0.066458,0.059394
9,94,4955,33567,0.118324,0.134730
9,95,66623,216,0.134096,0.096447
9,96,847,8610,0.125630,0.150122
9,97,40787,65235,0.145644,0.139644
9,98,0,40582,0.000000,0.096606
9,99,6392,29723,0.095454,0.091325
9,100,39439,174483,0.148211,0.169559
9,101,400,6644,0.084301,0.095145
9,102,217,3093,0.096656,0.088321
9,103,177,13125,0.084364,0.087734
9,104,1001,30277,0.090466,0.128568
9,105,922,5386,0.095970,0.093613
9,106,423,3735,0.105275,0.095545
9,107,675,24871,0.095801,0.096573
9,108,358,1637,0.095636,0.093157
9,109,8919,44812,0.146490,0.170806
9,110,1029,4203,0.126863,0.102334
9,111,290,1254,0.099524,0.104831
9,112,673,9984,0.113723,0.104956
9,113,304,30800,0.098255,0.144796
9,114,173,14472,0.090846,0.097334
9,115,83,486,0.071630,0.073710
9,116,4780,34960,0.160355,0.174563
9,117,358,6940,0.091140,0.091856
9,118,258,15218,0.089595,0.094154
9,119,503,6291,0.077215,0.080146
9,120,3499,20777,0.076666,0.140863
9,121,4032,21737,0.094188,0.110820
9,122,4003,11239,0.110965,0.122329
9,123,64,4091,0.092190,0.113127
9,124,26,3494,0.091008,0.093967
9,125,166,3795,0.082527,0.092570
9,126,2465,34890,0.135358,0.154214
9,127,1643,22361,0.113787,0.119007
9,128,447,6907,0.130353,0.087027
9,129,430,6751,0.087364,0.089989
9,130,18,4533,0.077094,0.100883
9,131,11,336,0.071200,0.064261
9,132,6051,20069,0.160473,0.176184
9,133,806,10323,0.105444,0.091113
9,134,3534,27725,0.115617,0.119346
9,135,2476,29365,0.113572,0.135247
9,136,603,14289,0.114827,0.113693
9,137,3504,4838,0.098014,0.093290
9,138,14431,28437,0.091553,0.092908
9,139,274,3802,0.090762,0.097401
9,140,93,4409,0.088421,0.098021
9,141,1513,17206,0.089850,0.093656
9,142,1209,888,0.061147,0.101069
9,143,6162,35655,0.106849,0.098504
9,144,18510,33774,0.131156,0.136152
9,145,58,2065,0.102413,0.105215
9,146,75,3100,0.084202,0.099187
9,147,57,5625,0.090829,0.096556
9,148,1824,9546,0.297505,0.188130
9,149,352,10930,0.089821,0.111232
9,150,52400,78966,0.116097,0.100408
9,151,242,14640,0.100314,0.166457
9,152,3796,26525,0.133366,0.175264
9,153,31,2126,0.087489,0.097067
9,154,1082,10916,0.088333,0.089072
9,155,502,16652,0.118893,0.131422
9,156,10506,24130,0.141543,0.142070
9,157,1083,10809,0.101933,0.098118
9,158,998,25706,0.099618,0.125090
9,159,133,9916,0.092439,0.099558
9,160,6023,36968,0.191698,0.194620
9,161,10285,21936,0.099897,0.100444
9,162,1762,10394,0.106862,0.099504
9,163,591,20257,0.095935,0.100093
9,164,5746,29245,0.115752,0.138940
9,165,16,449,0.082916,0.094762
9,166,1898,6835,0.131068,0.125300
9,167,83,6442,0.091462,0.102706
9,168,79,6323,0.077763,0.092751
9,169,8668,25385,0.087061,0.089484
9,170,1734,12631,0.062839,0.093223
9,171,148,16342,0.113314,0.114093
9,172,6,957,0.080485,0.099327
9,173,328,5547,0.084560,0.097311
9,174,869,7760,0.081791,0.091949
9,175,22,2267,0.089045,0.103004
9,176,309,46,0.052652,0.108600
9,177,1576,17844,0.089649,0.092050
9,178,1747,13905,0.131237,0.149224
9,179,629,3822,0.095953,0.092773
9,180,6187,28557,0.130870,0.136744
9,181,91,600,0.085331,0.088108
9,182,79,10070,0.091642,0.101041
9,183,477,7593,0.049724,0.099441
9,184,1220,9771,0.071774,0.110538
9,185,2082,11256,0.114671,0.122334
9,186,0,86,0.000000,0.106519
9,187,1789,9808,0.106863,0.110308
9,188,151,4320,0.085764,0.099177
9,189,1058,4959,0.083218,0.104750
9,190,39,2022,0.094439,0.098812
9,191,5317,38868,0.123467,0.152836
9,192,710,9660,0.099145,0.098097
9,193,1023,12210,0.104768,0.113147
9,194,858,13974,0.123237,0.119082
9,195,351,20427,0.094843,0.089440
9,196,200,1860,0.102579,0.091284
9,197,1000,18838,0.071463,0.085000
9,198,11898,31574,0.096597,0.111858
9,199,137,14843,0.101356,0.099498
9,200,78,36210,0.098254,0.106879
9,201,1280,18702,0.117478,0.117198
9,202,12391,8525,0.150118,0.118542
9,203,4430,37158,0.149705,0.168694
9,204,171,4763,0.102558,0.104381
9,205,1869,8170,0.135682,0.119439
9,206,3908,15814,0.166507,0.185739
9,207,5,1442,0.097559,0.090252
9,208,2309,12185,0.118198,0.096801
9,209,1205,13440,0.132375,0.123402
9,210,2210,6109,0.168296,0.115768
9,211,870,6807,0.097762,0.104341
9,212,1144,3025,0.105553,0.104214
9,213,1687,12252,0.087479,0.115640
9,214,1725,7791,0.072194,0.095691
9,215,873,11479,0.139686,0.123554
9,216,3043,16191,0.102541,0.094754
9,217,2548,16980,0.157632,0.158094
9,218,3619,29811,0.095628,0.099717
9,219,462,9858,0.097899,0.100659
9,220,723,6362,0.120029,0.106467
9,221,12212,8866,0.119345,0.107027
9,222,1113,21228,0.096754,0.104452
9,223,9,1427,0.097195,0.103152
9,224,88,38294,0.118766,0.111119
9,225,11430,63887,0.120699,0.124362
9,226,1291,6803,0.093721,0.098332
9,227,681,8752,0.116084,0.102245
9,228,2019,25203,0.106659,0.126940
9,229,663,12640,0.086824,0.093122
9,230,90,5789,0.082251,0.093622
9,231,4118,15776,0.132594,0.113751
9,232,2549,16244,0.104715,0.116904
9,233,793,16805,0.097218,0.100738
9,234,305,4949,0.102588,0.105112
9,235,750,16861,0.111809,0.119477
9,236,1292,7288,0.102716,0.095605
9,237,522,7941,0.097798,0.098572
9,238,65,317,0.088030,0.095185
9,239,3335,17001,0.148526,0.150216
9,240,827,8730,0.135955,0.139995
9,241,7163,20460,0.169827,0.190013
9,242,676,3841,0.097262,0.096488
9,243,21628,14268,0.134213,0.121727
9,244,5526,16341,0.101898,0.103257
9,245,5399,24303,0.116380,0.129672
9,246,2228,12092,0.159033,0.116375
9,247,412,12610,0.065613,0.093815
9,248,1624,21740,0.094362,0.144307
9,249,1392,5518,0.089992,0.098913
9,250,213,3797,0.098818,0.097784
9,251,891,4731,0.102744,0.118835
9,252,4016,31762,0.123532,0.149376
9,253,7175,40096,0.139592,0.142236
9,254,58,1532,0.083113,0.099443
9,255,11245,13932,0.137354,0.110687
10,0,61,2557,0.071665,0.076819
10,1,1487,18544,0.109914,0.125206
10,2,95,5297,0.074987,0.097003
10,3,17,2762,0.078226,0.073743
10,4,1228,16536,0.104402,0.121413
10,5,213,2975,0.103184,0.112028
10,6,1982,10504,0.094667,0.101804
10,7,925,6948,0.100157,0.100656
10,8,22,4719,0.086026,0.093764
10,9,994,19330,0.092347,0.135294
10,10,1998,19241,0.100800,0.108789
10,11,1935,8518,0.100604,0.097936
10,12,3578,18557,0.125239,0.146108
10,13,1196,18962,0.085873,0.097066
10,14,2366,9728,0.225178,0.102835
10,15,273,822,0.100398,0.102624
10,16,0,58,0.000000,0.081021
10,17,571,6756,0.095968,0.131347
10,18,357,4124,0.067148,0.075796
10,19,2243,16995,0.106821,0.139608
10,20,354,2837,0.096906,0.111251
10,21,596,19220,0.102927,0.116290
10,22,516,28745,0.096671,0.108775
10,23,3956,28101,0.127146,0.144375
10,24,1966,18795,0.148081,0.211369
10,25,4749,8550,0.144590,0.110873
10,26,259,17817,0.100707,0.105850
10,27,6837,9007,0.120177,0.115183
10,28,1441,26276,0.083568,0.097433
10,29,2612,26698,0.100548,0.114918
10,30,1157,7361,0.086645,0.088497
10,31,898,4912,0.101335,0.099659
10,32,5307,29849,0.125374,0.135605
10,33,863,25043,0.087407,0.096856
10,34,3707,77748,0.108907,0.133134
10,35,3126,49234,0.098229,0.153772
10,36,1698,23416,0.133626,0.122633
10,37,2217,19140,0.140233,0.170895
10,38,2637,15549,0.128211,0.097247
10,39,5727,19572,0.081198,0.079586
10,40,4282,10154,0.073659,0.076039
10,41,415,8067,0.080353,0.089999
10,42,890,7163,0.092743,0.094742
10,43,2702,25992,0.092464,0.132190
10,44,1211,19605,0.121952,0.127330
10,45,7148,39437,0.116653,0.139662
10,46,1498,10930,0.100746,0.144828
10,47,886,7841,0.092025,0.094477
10,48,58,7218,0.113770,0.097189
10,49,851,14255,0.094053,0.106472
10,50,1158,8480,0.101906,0.100783
10,51,145,4287,0.088549,0.097471
10,52,194,3824,0.080739,0.094072
10,53,2837,14101,0.105397,0.103303
10,54,2397,11274,0.094005,0.097499
10,55,0,718,0.000000,0.061960
10,56,2863,5560,0.077855,0.101194
10,57,606,2994,0.083034,0.087826
10,58,123,2628,0.082337,0.104062
10,59,1101,7505,0.114460,0.109805
10,60,593,9535,0.109156,0.113878
10,61,1100,13135,0.101981,0.097048
10,62,2046,20076,0.129337,0.186333
10,63,29,4624,0.080634,0.085564
10,64,584,19120,0.086353,0.109603
10,65,22999,24638,0.122283,0.110807
10,66,305,1014,0.087027,0.093903
10,67,1150,9550,0.078310,0.090936
10,68,5008,22279,0.210505,0.245023
10,69,95,8385,0.089289,0.103044
10,70,6053,44568,0.082926,0.122045
10,71,1121,11409,0.081005,0.095643
10,72,64,11602,0.093910,0.101097
10,73,1898,5122,0.103462,0.119772
10,74,18044,60072,0.143263,0.150705
10,75,193,3572,0.101124,0.094791
10,76,2285,26636,0.088823,0.113393
10,77,1141,24291,0.077084,0.105489
10,78,1779,26691,0.112997,0.130095
10,79,1028,16232,0.112817,0.125677
10,80,891,13617,0.108684,0.118429
10,81,2182,10787,0.079200,0.110366
10,82,5077,8293,0.120515,0.104715
10,83,1352,15050,0.105234,0.099267
10,84,24,3935,0.066640,0.078983
10,85,945,1869,0.105528,0.107277
10,86,12001,41170,0.122022,0.125641
10,87,424,3107,0.070887,0.109600
10,88,8364,46037,0.153222,0.212576
10,89,18249,83811,0.136438,0.148571
10,90,784,8179,0.103954,0.091720
10,91,7760,7262,0.090538,0.104954
10,92,856,4824,0.115500,0.126045
10,93,2081,16132,0.099195,0.103798
10,94,94,6720,0.086745,0.087935
10,95,21735,33662,0.181010,0.121623
10,96,182,23065,0.110474,0.131938
10,97,1923,7338,0.095058,0.100132
10,98,11365,43520,0.125792,0.132476
10,99,2,1927,0.077637,0.059101
10,100,1591,12504,0.058800,0.102885
10,101,0,401,0.000000,0.063356
10,102,812,345,0.099147,0.082408
10,103,6616,7010,0.129513,0.097973
10,104,786,12382,0.102542,0.108011
10,105,1092,15791,0.076674,0.095478
10,106,41,3555,0.082275,0.105220
10,107,642,8785,0.080970,0.086287
10,108,6692,37157,0.092495,0.111258
10,109,991,11911,0.133565,0.148329
10,110,7985,22730,0.134823,0.120901
10,111,36610,58745,0.139950,0.120452
10,112,84,4797,0.087545,0.106837
10,113,11527,55551,0.169250,0.191883
10,114,162,13878,0.097753,0.104787
10,115,873,39178,0.101570,0.147552
10,116,564,9695,0.097367,0.109856
10,117,255,3834,0.093446,0.101999
10,118,972,20979,0.098651,0.099911
10,119,1340,2260,0.125738,0.107368
10,120,3237,4963,0.175131,0.090466
10,121,1955,16347,0.077994,0.110343
10,122,52,37331,0.086506,0.171841
10,123,1828,16334,0.118563,0.108509
10,124,67024,52750,0.169459,0.110701
10,125,11032,26211,0.134721,0.115282
10,126,205,5978,0.091479,0.101092
10,127,869,18662,0.104614,0.118764
10,128,581,3562,0.092304,0.094379
10,129,1960,9367,0.093286,0.103421
10,130,3622,32957,0.111281,0.155423
10,131,31600,135336,0.136567,0.146866
10,132,18,1539,0.110853,0.086507
10,133,6417,26730,0.160876,0.117274
10,134,564,5233,0.089445,0.091465
10,135,1000,2829,0.117897,0.096673
10,136,842,9775,0.112352,0.110262
10,137,359,7332,0.086099,0.106772
10,138,139,2537,0.069260,0.073263
10,139,7244,30725,0.113228,0.117391
10,140,830,4728,0.090770,0.099912
10,141,389,8907,0.100528,0.102414
10,142,1985,11190,0.147440,0.168984
10,143,185,2241,0.091924,0.104495
10,144,3739,29865,0.116494,0.145232
10,145,1251,20935,0.103318,0.133617
10,146,2542,10859,0.099486,0.114373
10,147,1292,258,0.099219,0.101296
10,148,1839,2312,0.127059,0.098317
10,149,5374,13019,0.148034,0.112428
10,150,2127,8379,0.075514,0.104778
10,151,1116,10626,0.070187,0.097708
10,152,4032,10091,0.108009,0.099614
10,153,506,3305,0.098669,0.096591
10,154,3592,14938,0.091170,0.119846
10,155,11,5307,0.063166,0.069002
10,156,354,548,0.087627,0.102290
10,157,6289,41997,0.163166,0.156543
10,158,75,2321,0.090570,0.104866
10,159,1926,12930,0.113625,0.117366
10,160,482,12994,0.114150,0.110435
10,161,5418,14726,0.167172,0.143314
10,162,15740,7644,0.096344,0.084553
10,163,3643,16259,0.142200,0.179110
10,164,118,2013,0.092668,0.107845
10,165,3039,6177,0.133667,0.091017
10,166,628,18130,0.109847,0.126756
10,167,4362,18613,0.104261,0.108783
10,168,617,7844,0.075041,0.085073
10,169,7191,38684,0.118767,0.157286
10,170,2480,10885,0.100270,0.097732
10,171,1252,4091,0.067813,0.070436
10,172,630,5010,0.102365,0.095604
10,173,2384,20741,0.097167,0.129466
10,174,115,4466,0.089778,0.109440
10,175,2916,11509,0.217228,0.101332
10,176,3243,24791,0.122560,0.133263
10,177,2124,13289,0.083227,0.113211
10,178,5379,53572,0.095860,0.110195
10,179,2093,5812,0.066035,0.104652
10,180,7091,27080,0.091852,0.100211
10,181,316,1849,0.089335,0.103149
10,182,745,6928,0.108481,0.098170
10,183,1304,18366,0.047237,0.102139
10,184,9349,14178,0.102932,0.096359
10,185,4349,22152,0.080130,0.109761
10,186,9256,33989,0.104554,0.113690
10,187,78,7251,0.106956,0.082466
10,188,1052,5984,0.078642,0.106133
10,189,2246,15763,0.114455,0.117056
10,190,87,251,0.110430,0.082411
10,191,1110,11340,0.104513,0.104479
10,192,5497,8393,0.115658,0.100826
10,193,2053,11652,0.111635,0.114233
10,194,1227,10892,0.082242,0.097660
10,195,1856,9286,0.115494,0.099025
10,196,2,50014,0.097900,0.101481
10,197,14872,35707,0.135904,0.133972
10,198,9127,28046,0.141432,0.127455
10,199,994,18010,0.094914,0.107199
10,200,2241,6444,0.100472,0.101209
10,201,1262,2576,0.075018,0.106233
10,202,1954,8066,0.096848,0.105335
10,203,1177,4875,0.033787,0.110615
10,204,801,4039,0.094614,0.102943
10,205,207,1611,0.079795,0.086061
10,206,1843,14837,0.083230,0.100471
10,207,3370,27158,0.105926,0.152518
10,208,606,24680,0.097083,0.108293
10,209,1109,5033,0.079399,0.088308
10,210,715,17902,0.107152,0.101914
10,211,863,21398,0.093629,0.113355
10,212,692,16766,0.105216,0.108492
10,213,268,6802,0.100306,0.099296
10,214,2116,5140,0.105390,0.099719
10,215,427,22249,0.097616,0.136816
10,216,2225,3424,0.100563,0.094542
10,217,3079,1544,0.108384,0.095032
10,218,1716,17148,0.101471,0.150845
10,219,1340,22006,0.071442,0.107835
10,220,1913,8608,0.126961,0.129710
10,221,9504,44154,0.134766,0.163269
10,222,87,6693,0.107442,0.096708
10,223,416,3662,0.093175,0.098296
10,224,412,11595,0.096340,0.107413
10,225,160,1423,0.110283,0.106870
10,226,6251,58723,0.107304,0.126558
10,227,1658,19181,0.110515,0.115224
10,228,3018,23599,0.120198,0.151737
10,229,1832,16519,0.124402,0.156133
10,230,18179,46043,0.111512,0.112572
10,231,1866,21926,0.092177,0.110878
10,232,39,5872,0.102527,0.092811
10,233,2397,18920,0.110334,0.125857
10,234,12548,22931,0.118054,0.109350
10,235,1514,7432,0.096497,0.103933
10,236,2880,8613,0.082291,0.117195
10,237,122,385,0.081917,0.087507
10,238,4475,15597,0.051636,0.106590
10,239,336,5682,0.084154,0.101436
10,240,1523,18976,0.111416,0.112291
10,241,180,8774,0.091066,0.098601
10,242,3108,26001,0.107698,0.150383
10,243,12040,16719,0.125598,0.131993
10,244,2294,15010,0.091207,0.100570
10,245,4663,26605,0.103375,0.119105
10,246,928,4746,0.106138,0.095423
10,247,29838,29937,0.133870,0.139169
10,248,2129,15247,0.163684,0.139630
10,249,1394,12525,0.051096,0.113361
10,250,3041,15873,0.114199,0.116455
10,251,8093,35818,0.143346,0.153858
10,252,1533,6896,0.110274,0.108026
10,253,1223,7901,0.106738,0.123998
10,254,410,6134,0.096884,0.101489
10,255,2500,15295,0.104933,0.110778
11,0,11106,46042,0.113042,0.112112
11,1,1468,16559,0.075643,0.083767
11,2,4625,15960,0.105828,0.109026
11,3,9385,23331,0.127709,0.115090
11,4,4295,16319,0.104204,0.100289
11,5,1210,9584,0.103070,0.092566
11,6,284,1557,0.081884,0.081291
11,7,7192,3822,0.086303,0.074878
11,8,58,561,0.095905,0.084221
11,9,753,9468,0.080951,0.102596
11,10,1150,2508,0.106829,0.103361
11,11,7849,32750,0.138072,0.136516
11,12,1628,20467,0.093660,0.108816
11,13,2316,3521,0.126708,0.086805
11,14,399,2236,0.071425,0.081791
11,15,364,3582,0.097496,0.101386
11,16,1999,12736,0.057545,0.097553
11,17,881,12435,0.108127,0.104415
11,18,3715,16179,0.148074,0.196575
11,19,8558,20975,0.158059,0.134686
11,20,3088,11288,0.182705,0.165614
11,21,0,241,0.000000,0.096943
11,22,727,6513,0.117305,0.117124
11,23,5640,20325,0.145503,0.141616
11,24,3730,15568,0.141298,0.115201
11,25,732,7166,0.106390,0.106964
11,26,1251,35148,0.078700,0.095730
11,27,6233,23402,0.152962,0.153545
11,28,931,11296,0.106154,0.099220
11,29,7363,26788,0.113416,0.113966
11,30,84,2411,0.078828,0.081404
11,31,3049,7211,0.082992,0.095562
11,32,788,155,0.090326,0.075180
11,33,3414,24551,0.113457,0.116794
11,34,2589,9802,0.109973,0.111159
11,35,320,5896,0.089764,0.092271
11,36,6695,26283,0.168974,0.178995
11,37,3412,13584,0.110661,0.110205
11,38,450,9856,0.091072,0.091951
11,39,5442,36042,0.163705,0.178671
11,40,448,12063,0.076029,0.082336
11,41,2799,22592,0.089824,0.113536
11,42,7521,71683,0.141915,0.151467
11,43,9743,33641,0.145498,0.148089
11,44,39,252,0.070513,0.082416
11,45,1605,26072,0.113089,0.114320
11,46,368,8283,0.101429,0.105780
11,47,6330,16164,0.071910,0.101756
11,48,4658,21923,0.132063,0.134973
11,49,503,8503,0.109046,0.112381
11,50,996,2074,0.054885,0.092226
11,51,1862,16656,0.082618,0.102570
11,52,4761,1587,0.090450,0.098763
11,53,893,3817,0.075996,0.075634
11,54,3216,21901,0.112324,0.114883
11,55,412,3305,0.074180,0.077877
11,56,867,7852,0.086733,0.086779
11,57,2446,13269,0.065773,0.101697
11,58,2634,26485,0.132279,0.121291
11,59,1139,12613,0.055569,0.107866
11,60,199,793,0.100284,0.117998
11,61,6984,29176,0.114680,0.115847
11,62,1132,9388,0.051172,0.090372
11,63,5316,8548,0.136044,0.097836
11,64,3819,22616,0.245711,0.271589
11,65,985,4070,0.072744,0.077941
11,66,497,15758,0.107283,0.098591
11,67,16,163,0.071701,0.107928
11,68,1913,6963,0.091365,0.090763
11,69,1809,15489,0.118084,0.135475
11,70,597,13043,0.101809,0.102976
11,71,288,1775,0.104007,0.107607
11,72,3733,24771,0.165675,0.179469
11,73,4205,18004,0.104947,0.106425
11,74,1749,18789,0.111179,0.103849
11,75,1663,9333,0.109621,0.089842
11,76,2740,17490,0.094316,0.109548
11,77,18799,66565,0.142697,0.131350
11,78,491,16958,0.113221,0.137374
11,79,694,5802,0.142594,0.141956
11,80,1417,12875,0.119548,0.116796
11,81,894,7643,0.104770,0.101119
11,82,4017,5961,0.106456,0.096238
11,83,35901,185888,0.154742,0.154424
11,84,321,1448,0.090450,0.093105
11,85,2127,20203,0.080039,0.141445
11,86,3796,19489,0.092240,0.092216
11,87,2592,9640,0.105065,0.091602
11,88,4008,18988,0.119324,0.101117
11,89,7728,7311,0.106078,0.086442
11,90,4403,10938,0.151478,0.105250
11,91,74,5632,0.081223,0.086394
11,92,4139,12452,0.113820,0.101064
11,93,1096,14693,0.133305,0.135628
11,94,378,5061,0.080737,0.087650
11,95,153,19736,0.083204,0.097091
11,96,1364,10430,0.062047,0.110193
11,97,8277,49089,0.108894,0.111678
11,98,5229,25203,0.124045,0.099031
11,99,2409,14954,0.091473,0.111966
11,100,429,9342,0.104049,0.094495
11,101,319,4949,0.073303,0.059489
11,102,4192,15836,0.116165,0.096912
11,103,21,686,0.093273,0.082180
11,104,1447,3006,0.158041,0.096944
11,105,2262,2709,0.089317,0.086346
11,106,2785,11000,0.143422,0.108666
11,107,19700,51011,0.114868,0.119613
11,108,20573,16848,0.125033,0.096182
11,109,2309,7596,0.115477,0.116623
11,110,128,7313,0.091764,0.097760
11,111,315,37845,0.087875,0.115819
11,112,3944,15697,0.081274,0.092996
11,113,305,3035,0.111278,0.095618
11,114,2412,16090,0.161601,0.192875
11,115,214,2259,0.082316,0.087238
11,116,2878,13486,0.132509,0.133596
11,117,3102,10964,0.100188,0.088456
11,118,7645,37845,0.150470,0.154986
11,119,3665,10790,0.086564,0.085133
11,120,4609,24083,0.104054,0.117608
11,121,909,9390,0.108480,0.102227
11,122,51,2790,0.081337,0.091781
11,123,257,24726,0.085833,0.089565
11,124,11202,81373,0.115063,0.133426
11,125,50,6230,0.086504,0.088485
11,126,1342,3746,0.109058,0.109628
11,127,273,16771,0.091042,0.090820
11,128,8509,27239,0.110904,0.130210
11,129,92,4236,0.105049,0.101692
11,130,1914,20580,0.118204,0.122894
11,131,592,9073,0.098272,0.096298
11,132,2760,14040,0.078418,0.093392
11,133,5437,35217,0.143441,0.164088
11,134,813,3585,0.084055,0.082271
11,135,3169,31263,0.119208,0.148008
11,136,4296,23108,0.117077,0.128342
11,137,120,1857,0.071901,0.064864
11,138,2487,5659,0.112045,0.114118
11,139,6439,2622,0.144254,0.097436
11,140,4428,22767,0.117209,0.128871
11,141,43,352,0.079283,0.088310
11,142,2154,12780,0.135350,0.146010
11,143,9292,3526,0.122302,0.092760
11,144,1644,10490,0.095308,0.103233
11,145,5086,29825,0.101076,0.123926
11,146,872,4308,0.110896,0.096796
11,147,1600,12381,0.134391,0.129853
11,148,2295,6855,0.094391,0.103030
11,149,5700,15677,0.113509,0.093178
11,150,27225,27672,0.149247,0.097036
11,151,935,4113,0.127102,0.134999
11,152,4262,11667,0.070745,0.115567
11,153,4238,16802,0.159919,0.180354
11,154,992,6165,0.147790,0.120188
11,155,1233,5202,0.109721,0.095813
11,156,1296,6241,0.100344,0.090463
11,157,1257,865,0.101158,0.100580
11,158,5013,19857,0.125095,0.120647
11,159,192,2217,0.090113,0.092906
11,160,6508,45979,0.104430,0.105140
11,161,2720,27053,0.169796,0.184811
11,162,2863,21687,0.101496,0.095218
11,163,1511,6961,0.102893,0.096387
11,164,1576,19733,0.104839,0.109807
11,165,11,466,0.072710,0.070609
11,166,2360,1941,0.104730,0.087795
11,167,2986,18413,0.108217,0.122360
11,168,1583,23761,0.103293,0.099109
11,169,7939,21089,0.113666,0.106815
11,170,404,4541,0.092792,0.102775
11,171,1856,11449,0.099080,0.100798
11,172,627,11112,0.105961,0.110087
11,173,1385,8222,0.104065,0.095745
11,174,2581,28521,0.106838,0.135362
11,175,8336,33831,0.124006,0.137569
11,176,2389,8033,0.146327,0.096865
11,177,1039,4708,0.100201,0.101032
11,178,4908,6217,0.145623,0.092800
11,179,1464,60935,0.094551,0.181439
11,180,3588,7653,0.267914,0.094474
11,181,350,90830,0.104314,0.166053
11,182,77,2818,0.076931,0.095132
11,183,2787,11163,0.105245,0.099676
11,184,3613,27689,0.148376,0.150224
11,185,1294,13915,0.067648,0.085064
11,186,1418,11580,0.124613,0.114006
11,187,942,12229,0.094124,0.098967
11,188,4905,28016,0.088823,0.105094
11,189,7112,34242,0.184985,0.187529
11,190,286,1288,0.090722,0.088945
11,191,3046,18834,0.101455,0.092091
11,192,4827,17130,0.250317,0.135409
11,193,131,4557,0.096828,0.114445
11,194,6575,35000,0.131202,0.127417
11,195,1168,19089,0.110103,0.132733
11,196,402,11769,0.102543,0.103254
11,197,1423,4626,0.110674,0.101623
11,198,85,1506,0.094841,0.105491
11,199,11135,46613,0.149576,0.162738
11,200,86,11702,0.087365,0.093225
11,201,4264,23381,0.121787,0.118339
11,202,1120,13968,0.116072,0.115826
11,203,1601,12922,0.150363,0.155469
11,204,23227,30344,0.132076,0.126589
11,205,3279,10782,0.100248,0.101733
11,206,7126,20046,0.156002,0.134284
11,207,736,8996,0.102406,0.104403
11,208,213,1634,0.110011,0.092388
11,209,466,5137,0.100803,0.125325
11,210,1701,10575,0.217808,0.138914
11,211,16606,40581,0.130450,0.136201
11,212,295,609,0.079803,0.086349
11,213,1208,11953,0.112760,0.096515
11,214,539,7107,0.093588,0.095529
11,215,1400,11521,0.102760,0.101804
11,216,1035,9883,0.098504,0.104432
11,217,3276,14990,0.101963,0.102007
11,218,3828,27920,0.106682,0.141360
11,219,1257,4649,0.078030,0.104767
11,220,1706,9577,0.098840,0.134846
11,221,1274,11521,0.122347,0.100711
11,222,413,3541,0.104935,0.093333
11,223,4449,7285,0.115757,0.089765
11,224,227,16471,0.105635,0.096659
11,225,12323,16758,0.125772,0.108474
11,226,2662,8892,0.112899,0.113070
11,227,14,427,0.100725,0.092833
11,228,2063,1151,0.091644,0.094685
11,229,14341,13578,0.146221,0.109007
11,230,934,5115,0.097750,0.086455
11,231,2265,4643,0.186898,0.117967
11,232,19281,41660,0.105949,0.109707
11,233,1065,28497,0.100704,0.156166
11,234,11,1002,0.062833,0.060679
11,235,35,1384,0.076828,0.071323
11,236,82,10888,0.086429,0.103227
11,237,3009,7635,0.095514,0.109203
11,238,7892,8732,0.129632,0.124381
11,239,2702,44206,0.145985,0.147148
11,240,232,2596,0.088606,0.098803
11,241,4309,33514,0.133347,0.139804
11,242,53,3319,0.097099,0.096291
11,243,1118,21527,0.090024,0.106669
11,244,9252,47259,0.130847,0.146743
11,245,9635,43920,0.103577,0.105951
11,246,1885,10294,0.076836,0.093772
11,247,1022,15813,0.137622,0.132954
11,248,895,14989,0.100645,0.110464
11,249,3789,32980,0.102050,0.108288
11,250,299,1814,0.093566,0.085712
11,251,282,4842,0.075189,0.077229
11,252,158,2557,0.079696,0.087712
11,253,909,32225,0.108456,0.126420
11,254,1156,12408,0.116876,0.095581
11,255,649,16971,0.104897,0.101832
12,0,2268,36568,0.101598,0.133490
12,1,16841,5761,0.096138,0.091195
12,2,2816,25992,0.102800,0.114114
12,3,218,19087,0.087231,0.100300
12,4,4001,14732,0.204434,0.110199
12,5,2912,26175,0.089790,0.093464
12,6,1640,17813,0.103821,0.105535
12,7,61,1879,0.103884,0.092067
12,8,502,7275,0.116113,0.113849
12,9,453,2291,0.083952,0.090911
12,10,1233,12623,0.099645,0.100001
12,11,3387,36800,0.136174,0.169628
12,12,723,6128,0.102530,0.102288
12,13,16397,10092,0.117373,0.097556
12,14,4608,8311,0.142589,0.114242
12,15,3130,36634,0.058555,0.087081
12,16,4402,30709,0.097819,0.148476
12,17,143,797,0.083728,0.091044
12,18,2157,14884,0.101106,0.096600
12,19,63,1935,0.096804,0.098192
12,20,3328,2241,0.086463,0.097764
12,21,1651,6036,0.099926,0.102643
12,22,576,9714,0.085480,0.092255
12,23,1503,1711,0.062761,0.106801
12,24,2340,5847,0.053577,0.113073
12,25,23474,89505,0.130062,0.124110
12,26,1230,31257,0.089211,0.124376
12,27,734,11964,0.085531,0.093039
12,28,8992,67161,0.107382,0.119871
12,29,654,9662,0.104107,0.096999
12,30,2104,8005,0.087143,0.100788
12,31,2307,17253,0.098850,0.110769
12,32,824,8447,0.126073,0.130187
12,33,6661,25932,0.111815,0.127498
12,34,5867,15104,0.159310,0.099240
12,35,64,13788,0.086441,0.114890
12,36,173,3207,0.094971,0.104787
12,37,1989,31384,0.091752,0.102137
12,38,443,3423,0.095503,0.101919
12,39,22954,35312,0.122242,0.121804
12,40,9707,56014,0.153310,0.154394
12,41,1873,12212,0.097825,0.111113
12,42,1511,6719,0.051992,0.092372
12,43,607,16110,0.127775,0.180247
12,44,2678,17470,0.122529,0.157446
12,45,190,1577,0.078030,0.099177
12,46,1511,11806,0.114800,0.108450
12,47,2738,9540,0.101355,0.148700
12,48,1610,33839,0.095976,0.110348
12,49,6169,26876,0.065165,0.092904
12,50,2435,20594,0.109488,0.134801
12,51,1611,7406,0.099707,0.100205
12,52,2472,7478,0.086849,0.111017
12,53,2873,24439,0.122137,0.114588
12,54,2290,13579,0.073594,0.096440
12,55,1811,9292,0.094617,0.121930
12,56,87,11659,0.109678,0.116866
12,57,604,1773,0.100951,0.098623
12,58,2369,12802,0.215145,0.119998
12,59,26,3391,0.086820,0.090574
12,60,36809,82409,0.220003,0.128986
12,61,116,1736,0.091681,0.103180
12,62,1099,24069,0.082511,0.124080
12,63,2782,36869,0.103488,0.151812
12,64,2956,12673,0.090323,0.091521
12,65,5138,6602,0.075285,0.106467
12,66,502,2584,0.094451,0.099584
12,67,2984,12955,0.100457,0.150279
12,68,14186,13063,0.098727,0.126028
12,69,282,10139,0.093718,0.100555
12,70,1504,12096,0.110883,0.113106
12,71,147,531,0.091242,0.102191
12,72,819,5752,0.090393,0.098965
12,73,2489,7465,0.090368,0.094010
12,74,5372,25527,0.136702,0.117450
12,75,11454,78621,0.130676,0.155386
12,76,7043,10799,0.116196,0.125259
12,77,2000,9417,0.078465,0.119965
12,78,1285,7203,0.118648,0.112421
12,79,1569,10296,0.104832,0.126225
12,80,809,2959,0.095088,0.096349
12,81,3432,9397,0.083750,0.093026
12,82,151,7356,0.090122,0.096855
12,83,1178,15548,0.090567,0.108350
12,84,1739,4173,0.170011,0.129574
12,85,2344,13415,0.101755,0.102154
12,86,7073,23320,0.120962,0.126953
12,87,633,18443,0.092783,0.108675
12,88,5402,16383,0.073505,0.118544
12,89,706,7313,0.086351,0.095497
12,90,99,2518,0.091375,0.113289
12,91,2006,15240,0.126824,0.119441
12,92,7316,8892,0.147207,0.108351
12,93,5324,38920,0.155780,0.169651
12,94,686,7410,0.086804,0.096043
12,95,178,2653,0.093002,0.106159
12,96,9414,32356,0.109923,0.107170
12,97,532,4504,0.103223,0.100195
12,98,1025,16935,0.090821,0.100555
12,99,2351,9254,0.063894,0.105220
12,100,1684,7115,0.120661,0.115458
12,101,3405,8909,0.093912,0.114787
12,102,1813,22662,0.144545,0.116070
12,103,3015,4535,0.111050,0.094702
12,104,706,9609,0.112181,0.104039
12,105,1800,12699,0.127001,0.115365
12,106,4965,25682,0.157581,0.213554
12,107,1296,3025,0.095720,0.104390
12,108,7653,8705,0.115247,0.113002
12,109,7328,33138,0.105493,0.113305
12,110,3462,27501,0.109930,0.126101
12,111,517,8577,0.090673,0.101962
12,112,797,14088,0.099090,0.101044
12,113,704,10026,0.108066,0.125345
12,114,246,9041,0.098083,0.096216
12,115,447,4929,0.096069,0.118528
12,116,1511,37482,0.103938,0.114605
12,117,686,13954,0.093377,0.107732
12,118,33,514,0.080870,0.091519
12,119,1826,33737,0.110126,0.128102
12,120,353,5178,0.111873,0.111888
12,121,733,5501,0.105795,0.100193
12,122,55,4643,0.080735,0.097673
12,123,71,6484,0.091505,0.100859
12,124,3022,11013,0.198783,0.115460
12,125,433,2414,0.100402,0.103999
12,126,3531,21330,0.098716,0.124125
12,127,1512,6208,0.094638,0.117005
12,128,999,6623,0.055331,0.075963
12,129,106,669,0.070202,0.083271
12,130,2656,10917,0.087527,0.097740
12,131,11796,46119,0.138323,0.151309
12,132,98,1851,0.088758,0.081875
12,133,131,3459,0.082872,0.102789
12,134,3110,12934,0.063523,0.086400
12,135,723,4960,0.082468,0.090460
12,136,68,4428,0.085754,0.099392
12,137,1367,8206,0.108240,0.101666
12,138,201,17073,0.137372,0.157480
12,139,6205,19269,0.092683,0.097566
12,140,396,1302,0.071888,0.103983
12,141,143,9038,0.083209,0.098320
12,142,2587,8979,0.120654,0.116553
12,143,9,482,0.084174,0.099985
12,144,6170,30062,0.111664,0.118839
12,145,27927,36370,0.104668,0.146975
12,146,1703,10386,0.100466,0.106823
12,147,741,4053,0.111009,0.105907
12,148,6482,43433,0.103199,0.116405
12,149,4852,13819,0.113665,0.124453
12,150,295,3184,0.083257,0.093888
12,151,6471,15307,0.150898,0.137453
12,152,98,2757,0.135837,0.106690
12,153,1759,13957,0.077756,0.114978
12,154,0,3791,0.000000,0.105971
12,155,124,14007,0.098463,0.107648
12,156,13,842,0.100586,0.107306
12,157,1334,15603,0.103898,0.123186
12,158,735,357,0.096704,0.090474
12,159,27173,76378,0.193648,0.169912
12,160,835,17597,0.102947,0.120500
12,161,371,469,0.086735,0.105482
12,162,6625,23124,0.096916,0.105808
12,163,496,1121,0.113220,0.118770
12,164,233,28280,0.082055,0.113258
12,165,488,20585,0.106499,0.110704
12,166,2656,11199,0.111846,0.155431
12,167,3375,9048,0.107549,0.125128
12,168,399,2981,0.105145,0.099770
12,169,5790,9369,0.164455,0.147862
12,170,151,1401,0.091039,0.106961
12,171,33606,103012,0.145629,0.135506
12,172,215,1581,0.081209,0.101733
12,173,5995,20441,0.109348,0.106271
12,174,393,4780,0.107979,0.113716
12,175,2521,49635,0.092125,0.121600
12,176,207,3010,0.088302,0.110509
12,177,200,9042,0.105500,0.102901
12,178,1392,10621,0.126194,0.118055
12,179,1384,6570,0.085268,0.091140
12,180,1098,23295,0.095657,0.120391
12,181,53,1144,0.088969,0.090290
12,182,371,5586,0.086258,0.101301
12,183,4208,12849,0.115473,0.121183
12,184,1121,13529,0.107535,0.112423
12,185,26713,95860,0.168386,0.144198
12,186,2096,3010,0.084980,0.095229
12,187,2813,10031,0.090449,0.109426
12,188,1339,19448,0.092039,0.100718
12,189,224,5472,0.093303,0.104838
12,190,1116,20061,0.100820,0.143163
12,191,932,33202,0.116275,0.163536
12,192,2356,6614,0.069139,0.092168
12,193,4860,86660,0.068515,0.143218
12,194,36,1119,0.096015,0.084715
12,195,679,14910,0.091840,0.106316
12,196,347,7350,0.086600,0.102145
12,197,22,3613,0.082053,0.085989
12,198,10242,35420,0.138281,0.152516
12,199,7305,10264,0.070030,0.112137
12,200,964,12140,0.095338,0.097642
12,201,295,9055,0.089629,0.097054
12,202,14058,77280,0.139416,0.151653
12,203,972,10641,0.118694,0.144693
12,204,3173,14601,0.086753,0.095893
12,205,392,3057,0.095247,0.099061
12,206,1221,9410,0.085946,0.125797
12,207,110,3304,0.082566,0.107593
12,208,1106,7183,0.092462,0.111776
12,209,2153,4492,0.068111,0.094079
12,210,73,7185,0.103713,0.124455
12,211,1647,18831,0.106227,0.122081
12,212,4077,28799,0.210412,0.172182
12,213,1669,21960,0.112077,0.117930
12,214,1630,10731,0.115745,0.111634
12,215,9,173,0.067383,0.082643
12,216,3529,5085,0.083734,0.115770
12,217,153,2856,0.105413,0.119023
12,218,1121,18210,0.108855,0.110952
12,219,3012,5322,0.086850,0.116175
12,220,7494,34919,0.074698,0.151802
12,221,29184,9100,0.184802,0.094859
12,222,48,2650,0.111771,0.127782
12,223,30,9801,0.083089,0.100966
12,224,240,11589,0.119496,0.105363
12,225,115,2351,0.093240,0.093419
12,226,111,8491,0.085069,0.100667
12,227,1243,9382,0.115759,0.098421
12,228,2355,9736,0.122192,0.139717
12,229,6605,90922,0.123281,0.152797
12,230,447,3521,0.087348,0.100661
12,231,3756,13662,0.090942,0.097027
12,232,5558,20406,0.112444,0.104752
12,233,4225,9616,0.088827,0.096248
12,234,3423,25980,0.090142,0.111049
12,235,1544,5179,0.072261,0.119810
12,236,169,3032,0.090322,0.096288
12,237,0,3568,0.000000,0.094982
12,238,99,991,0.082487,0.087760
12,239,16099,48290,0.093790,0.100197
12,240,4168,3660,0.113176,0.107416
12,241,397,4272,0.092460,0.098813
12,242,10108,43536,0.144176,0.154577
12,243,839,10038,0.109129,0.111856
12,244,845,6507,0.090336,0.104956
12,245,31,1502,0.095168,0.110976
12,246,1071,6689,0.093630,0.102720
12,247,2764,15526,0.102266,0.121209
12,248,14776,66751,0.141310,0.155394
12,249,5436,27169,0.113009,0.130874
12,250,10,1466,0.103711,0.111767
12,251,821,19632,0.127104,0.137700
12,252,1283,26699,0.091452,0.100225
12,253,3686,15887,0.096491,0.098839
12,254,5862,29388,0.104573,0.103727
12,255,478,26878,0.085266,0.101378
13,0,2254,16356,0.101083,0.116553
13,1,1295,9355,0.108945,0.124280
13,2,683,36074,0.096233,0.107175
13,3,8835,44900,0.104833,0.106205
13,4,496,24117,0.077795,0.085060
13,5,2830,20839,0.091041,0.109238
13,6,85,25165,0.105710,0.148154
13,7,730,3689,0.089718,0.086142
13,8,250,3401,0.097369,0.091669
13,9,89,652,0.081068,0.087704
13,10,1246,143941,0.085150,0.131528
13,11,2101,9333,0.117223,0.120086
13,12,775,3300,0.082074,0.086904
13,13,1346,43877,0.096201,0.116263
13,14,510,4648,0.084352,0.099217
13,15,4776,56885,0.063973,0.144697
13,16,50,1559,0.113042,0.109099
13,17,62,1908,0.099239,0.094934
13,18,21,1643,0.124000,0.107352
13,19,1682,15903,0.102985,0.124538
13,20,6533,22877,0.151241,0.126270
13,21,5536,32346,0.122382,0.138912
13,22,101,12069,0.111299,0.107416
13,23,1096,4190,0.100352,0.105242
13,24,80,1123,0.123532,0.107382
13,25,1,1071,0.060791,0.084630
13,26,1287,9724,0.113683,0.102835
13,27,1103,10446,0.088411,0.093695
13,28,0,9111,0.000000,0.098052
13,29,1,36505,0.089844,0.119704
13,30,251,3941,0.088066,0.094157
13,31,1010,9515,0.078775,0.085935
13,32,5,12898,0.074023,0.081427
13,33,4125,21194,0.127452,0.159291
13,34,415,9206,0.095075,0.111679
13,35,340,7606,0.111081,0.109164
13,36,580,5390,0.097074,0.093269
13,37,9220,50726,0.119823,0.127288
13,38,648,14717,0.107130,0.162913
13,39,61,919,0.103960,0.103752
13,40,99,668,0.081286,0.083044
13,41,353,2739,0.098916,0.091342
13,42,3872,13478,0.125251,0.166391
13,43,3198,34525,0.095403,0.131330
13,44,11609,113664,0.095074,0.150599
13,45,7847,15364,0.118854,0.109301
13,46,609,17050,0.079912,0.091470
13,47,53185,5919,0.128255,0.083775
13,48,37,1579,0.093961,0.085514
13,49,275,4343,0.100003,0.102461
13,50,2414,53005,0.089191,0.103003
13,51,185,3084,0.102926,0.093190
13,52,454,10050,0.107477,0.113578
13,53,4852,13946,0.091506,0.094038
13,54,102,1684,0.086160,0.094629
13,55,2087,8378,0.115005,0.110105
13,56,3704,9815,0.086864,0.084760
13,57,847,6509,0.120225,0.116537
13,58,2190,1903,0.141419,0.098279
13,59,8,971,0.085571,0.095660
13,60,10657,5000,0.145331,0.114635
13,61,1598,8304,0.144953,0.115574
13,62,514,2030,0.083001,0.085889
13,63,286,4198,0.113968,0.113428
13,64,4500,9196,0.064647,0.121655
13,65,8356,24087,0.113645,0.111404
13,66,15058,17605,0.086693,0.106321
13,67,520,7038,0.149809,0.093965
13,68,215,12137,0.089140,0.092488
13,69,39,952,0.087127,0.106479
13,70,892,18992,0.101121,0.100517
13,71,2267,11798,0.157444,0.129759
13,72,114,5521,0.123507,0.123994
13,73,369,3997,0.084824,0.086809
13,74,11,3546,0.096347,0.087358
13,75,375,9578,0.080892,0.088138
13,76,216,5647,0.109522,0.127033
13,77,158,738,0.092219,0.091974
13,78,4979,12169,0.076231,0.096179
13,79,600,5347,0.098132,0.100443
13,80,948,8712,0.087026,0.092308
13,81,144,5143,0.104246,0.106944
13,82,963,9933,0.084205,0.092735
13,83,4269,34546,0.093820,0.099248
13,84,3251,16629,0.126751,0.103574
13,85,26,1372,0.097328,0.110947
13,86,109,3804,0.091257,0.097587
13,87,2348,7113,0.107888,0.107110
13,88,363,4098,0.098366,0.092063
13,89,21701,13716,0.307728,0.181582
13,90,24774,123181,0.140417,0.136353
13,91,834,33461,0.081131,0.120562
13,92,17,8410,0.137092,0.107543
13,93,427,730,0.056403,0.101986
13,94,13645,59585,0.148324,0.156862
13,95,1304,1348,0.059184,0.082458
13,96,5541,18736,0.087636,0.092480
13,97,3814,47844,0.111610,0.177421
13,98,37,318,0.109659,0.096811
13,99,2214,24126,0.075622,0.098514
13,100,1628,11976,0.122385,0.115758
13,101,934,6427,0.105472,0.115598
13,102,318,5016,0.088300,0.095834
13,103,5921,22713,0.175367,0.156086
13,104,7322,27406,0.161364,0.179523
13,105,1344,10030,0.105703,0.095727
13,106,148,3214,0.092925,0.091943
13,107,1116,4461,0.080408,0.085857
13,108,14117,14014,0.102331,0.101015
13,109,163,1835,0.090353,0.092726
13,110,411,3548,0.096728,0.096923
13,111,40,5531,0.110144,0.118353
13,112,3180,45211,0.097073,0.162723
13,113,115,24241,0.115315,0.133590
13,114,3801,12274,0.064895,0.121452
13,115,2968,25285,0.134908,0.144990
13,116,123,6083,0.114377,0.119554
13,117,292,6320,0.086658,0.092305
13,118,2653,21137,0.097733,0.118150
13,119,2386,8426,0.144920,0.104615
13,120,5784,38215,0.106911,0.111487
13,121,398,14884,0.101246,0.108945
13,122,174,518,0.097634,0.100205
13,123,11,1007,0.120650,0.111167
13,124,664,6899,0.103233,0.099032
13,125,22537,37370,0.099363,0.106297
13,126,225,1272,0.085090,0.088480
13,127,59,394,0.088443,0.085021
13,128,305,8881,0.089356,0.095085
13,129,1628,14459,0.118980,0.100962
13,130,48793,128412,0.137469,0.122640
13,131,7657,43331,0.135309,0.138034
13,132,6115,7601,0.104477,0.111315
13,133,412,3202,0.094437,0.101875
13,134,4985,32288,0.107744,0.155374
13,135,4034,13913,0.105783,0.116026
13,136,9639,35212,0.118641,0.116077
13,137,94,7245,0.106523,0.110708
13,138,1068,12404,0.080779,0.105994
13,139,1751,10400,0.115470,0.119265
13,140,190,5802,0.104060,0.100390
13,141,2433,8380,0.106261,0.097276
13,142,2398,16197,0.084991,0.134789
13,143,397,2450,0.097886,0.097301
13,144,3261,1533,0.112257,0.099892
13,145,43,997,0.077177,0.106009
13,146,2290,12547,0.126328,0.103762
13,147,3153,28447,0.118627,0.148709
13,148,6103,36746,0.104640,0.111765
13,149,3111,24468,0.118703,0.108037
13,150,8,1094,0.087524,0.104148
13,151,5165,2709,0.062027,0.102323
13,152,859,36132,0.091852,0.110312
13,153,678,15536,0.089741,0.091510
13,154,1000,17983,0.056153,0.120591
13,155,2497,3183,0.089352,0.128107
13,156,76,2354,0.108729,0.108069
13,157,299,3671,0.092530,0.091069
13,158,52,4292,0.082205,0.097792
13,159,195,7368,0.100810,0.105360
13,160,3,14782,0.080566,0.110992
13,161,2007,7851,0.070104,0.125455
13,162,19642,131883,0.158503,0.173426
13,163,1058,3025,0.101505,0.099133
13,164,5370,19821,0.180509,0.242150
13,165,17,640,0.083266,0.106123
13,166,214,1459,0.098638,0.100372
13,167,2425,6889,0.083459,0.117493
13,168,434,22436,0.103724,0.132715
13,169,270,2530,0.088739,0.089663
13,170,151,281,0.093330,0.106617
13,171,10997,10575,0.111468,0.099412
13,172,31,658,0.090395,0.102334
13,173,371,4837,0.105243,0.100288
13,174,462,1814,0.108955,0.095875
13,175,305,6026,0.076028,0.089937
13,176,6795,18844,0.126788,0.100667
13,177,3100,11737,0.083136,0.108113
13,178,2435,18795,0.119748,0.148802
13,179,9702,55210,0.144258,0.168224
13,180,17079,10337,0.115482,0.097482
13,181,2305,5765,0.127984,0.112168
13,182,11830,15537,0.142439,0.122123
13,183,36,2185,0.097731,0.094283
13,184,916,15150,0.091325,0.097248
13,185,692,45905,0.101749,0.142456
13,186,18,871,0.102756,0.106403
13,187,593,581,0.094760,0.094819
13,188,5054,30219,0.087415,0.094669
13,189,1899,21326,0.113894,0.107234
13,190,651,5984,0.078029,0.086251
13,191,475,4790,0.090073,0.095768
13,192,4335,28170,0.117420,0.118206
13,193,1107,19509,0.092717,0.089586
13,194,6839,1477,0.097609,0.095873
13,195,580,5444,0.131774,0.129385
13,196,298,3347,0.098877,0.097342
13,197,253,80,0.087045,0.078668
13,198,349,10955,0.083036,0.091427
13,199,2676,7220,0.086831,0.128880
13,200,3490,17455,0.114598,0.199423
13,201,323,19925,0.096077,0.110645
13,202,23246,8136,0.149084,0.074656
13,203,183,1372,0.102716,0.105138
13,204,1267,14445,0.097718,0.096962
13,205,3549,20905,0.104047,0.097920
13,206,545,23789,0.098218,0.104448
13,207,892,5492,0.093810,0.094319
13,208,12945,35826,0.117659,0.117218
13,209,690,8109,0.116468,0.118922
13,210,180,12860,0.122411,0.124513
13,211,2898,37822,0.118513,0.139801
13,212,2153,823,0.066596,0.088906
13,213,1102,5859,0.082930,0.085819
13,214,3245,20644,0.090228,0.103411
13,215,2067,13824,0.122614,0.129149
13,216,2020,12414,0.086637,0.110982
13,217,934,2874,0.126463,0.111028
13,218,50539,167194,0.155024,0.141624
13,219,3110,13558,0.068551,0.119002
13,220,10459,5058,0.123573,0.116115
13,221,2299,3972,0.115890,0.113520
13,222,260,14861,0.101262,0.111054
13,223,10923,59792,0.119700,0.126566
13,224,10841,7824,0.099303,0.104120
13,225,236,6296,0.114290,0.096439
13,226,224,3690,0.095292,0.091537
13,227,1098,15993,0.111547,0.155351
13,228,272,1378,0.091121,0.102659
13,229,8889,38544,0.114055,0.117642
13,230,1579,22091,0.114802,0.129005
13,231,2515,4312,0.329307,0.114745
13,232,348,3001,0.087013,0.106630
13,233,1122,9380,0.117127,0.111009
13,234,2404,6820,0.090248,0.110027
13,235,4,1854,0.075439,0.082123
13,236,2094,5466,0.128352,0.107083
13,237,252,7213,0.097458,0.097740
13,238,2347,10207,0.109341,0.100928
13,239,229,6997,0.094398,0.094075
13,240,7417,82333,0.123533,0.143119
13,241,1875,8602,0.097257,0.101580
13,242,3031,12105,0.095595,0.109030
13,243,6139,20376,0.129466,0.105299
13,244,1230,11169,0.109842,0.117734
13,245,8,1463,0.066406,0.076402
13,246,589,4705,0.097162,0.094098
13,247,259,6034,0.079708,0.094767
13,248,1517,346,0.114109,0.110118
13,249,633,4757,0.106695,0.098808
13,250,10773,52784,0.107502,0.113682
13,251,2868,19046,0.111101,0.137849
13,252,42,919,0.074608,0.096784
13,253,2227,11407,0.091047,0.100470
13,254,225,20786,0.088159,0.097763
13,255,1162,10254,0.116968,0.112553
14,0,6736,34792,0.129943,0.112752
14,1,12448,26128,0.125126,0.119130
14,2,44,310,0.088273,0.106730
14,3,12166,132320,0.119257,0.126105
14,4,2689,12171,0.111687,0.106282
14,5,1268,7859,0.115745,0.109520
14,6,942,3280,0.115187,0.105972
14,7,32,545,0.096764,0.109358
14,8,228,10281,0.093624,0.100026
14,9,589,10267,0.101993,0.109503
14,10,7369,5896,0.094338,0.092748
14,11,27,333,0.096038,0.100263
14,12,11423,13949,0.158965,0.114983
14,13,118,2246,0.092455,0.093661
14,14,33,709,0.098796,0.101123
14,15,1222,3238,0.094654,0.098998
14,16,243,2943,0.090412,0.099061
14,17,6467,4957,0.100960,0.109248
14,18,93,10565,0.104516,0.122662
14,19,412,2490,0.096531,0.091074
14,20,2560,33833,0.123582,0.177011
14,21,7713,91829,0.110190,0.136247
14,22,2246,11607,0.151725,0.122471
14,23,66,214,0.084125,0.089209
14,24,41,3897,0.101360,0.094566
14,25,6094,41552,0.100632,0.101589
14,26,2816,19374,0.125463,0.120041
14,27,387,2034,0.105300,0.097642
14,28,16256,10679,0.088228,0.140219
14,29,5152,13636,0.106782,0.103869
14,30,19048,12719,0.108699,0.088200
14,31,4358,8626,0.108926,0.108515
14,32,5267,31996,0.098893,0.127412
14,33,365,3902,0.093320,0.084801
14,34,2007,16679,0.088826,0.088304
14,35,1076,10549,0.112717,0.106954
14,36,63,1373,0.096552,0.094757
14,37,331,2350,0.098460,0.089968
14,38,1634,11746,0.132902,0.151540
14,39,7,688,0.088170,0.097882
14,40,908,7334,0.146835,0.116127
14,41,14261,48041,0.149749,0.143157
14,42,235,1622,0.088167,0.096215
14,43,10,800,0.074658,0.088810
14,44,212,11094,0.088181,0.111577
14,45,65,836,0.089149,0.091505
14,46,34,35258,0.105268,0.138124
14,47,197,21849,0.086009,0.091500
14,48,88,306,0.096583,0.096409
14,49,341,2199,0.090964,0.089941
14,50,3463,12743,0.136289,0.130875
14,51,2603,36674,0.074949,0.116213
14,52,6559,45718,0.088900,0.129616
14,53,6357,9969,0.123035,0.113300
14,54,51105,189487,0.143839,0.141512
14,55,7272,69665,0.122196,0.143231
14,56,1468,12097,0.097225,0.094325
14,57,5423,10352,0.156092,0.108344
14,58,1790,11607,0.091993,0.094236
14,59,2282,8498,0.115127,0.113912
14,60,81,2071,0.095085,0.093583
14,61,182,3526,0.096269,0.108589
14,62,5597,57198,0.141207,0.188822
14,63,182,4113,0.094366,0.096321
14,64,7464,18516,0.079428,0.092037
14,65,4240,32461,0.124290,0.118111
14,66,822,1349,0.107350,0.102979
14,67,2670,5700,0.125465,0.123104
14,68,3554,32137,0.091866,0.096240
14,69,327,1705,0.108873,0.100154
14,70,486,14396,0.104512,0.100593
14,71,9449,16011,0.166492,0.128720
14,72,1409,10859,0.114888,0.113659
14,73,89,442,0.107123,0.102775
14,74,3268,24082,0.093075,0.095292
14,75,63,1639,0.104690,0.090162
14,76,454,1728,0.100313,0.102906
14,77,2113,1935,0.106344,0.095198
14,78,938,4628,0.097435,0.097586
14,79,394,4542,0.097096,0.092601
14,80,63,2288,0.098548,0.093385
14,81,1474,12402,0.072618,0.104412
14,82,64,6781,0.079971,0.098603
14,83,257,7997,0.141509,0.136438
14,84,2944,22079,0.099457,0.107063
14,85,5314,36825,0.148644,0.160044
14,86,78,36272,0.100617,0.147591
14,87,1987,16966,0.104067,0.105811
14,88,1517,6037,0.074083,0.092807
14,89,600,6240,0.084231,0.085994
14,90,6,118,0.089111,0.097824
14,91,270,9470,0.089189,0.095614
14,92,16101,64606,0.133926,0.138445
14,93,0,7292,0.000000,0.103762
14,94,4861,3379,0.148202,0.110202
14,95,876,16752,0.088968,0.093002
14,96,35,334,0.109361,0.086362
14,97,3220,15029,0.269151,0.103489
14,98,436,4503,0.103291,0.098715
14,99,287,5003,0.102703,0.093835
14,100,26935,212792,0.153643,0.158207
14,101,1883,11603,0.109775,0.109419
14,102,610,20245,0.097521,0.101997
14,103,22528,7944,0.140983,0.089013
14,104,728,14677,0.093912,0.097142
14,105,6736,23780,0.093679,0.095208
14,106,64,6753,0.103355,0.096337
14,107,1311,29186,0.101954,0.104944
14,108,9,44,0.083659,0.107627
14,109,32,613,0.090027,0.095178
14,110,6169,7643,0.097401,0.106430
14,111,108,262,0.088976,0.097578
14,112,4826,5875,0.091306,0.103158
14,113,2885,5021,0.098031,0.098870
14,114,68,1614,0.105454,0.103778
14,115,9465,61657,0.111570,0.119898
14,116,293,3297,0.094438,0.096445
14,117,128,59,0.112005,0.083860
14,118,28,1739,0.116847,0.127139
14,119,467,15192,0.089453,0.102862
14,120,200,3352,0.095514,0.092704
14,121,1004,12332,0.088320,0.089986
14,122,20047,50001,0.147553,0.132916
14,123,4233,14400,0.112544,0.112545
14,124,808,25142,0.089883,0.112757
14,125,825,33050,0.077578,0.096577
14,126,85,787,0.091758,0.097540
14,127,741,8500,0.115827,0.119389
14,128,3421,13661,0.092114,0.087341
14,129,88,1792,0.090856,0.100853
14,130,18493,72286,0.129194,0.133027
14,131,24,11865,0.097148,0.114556
14,132,58,1095,0.080912,0.078539
14,133,2431,18079,0.106061,0.104112
14,134,11581,89849,0.109891,0.115985
14,135,325,3051,0.094288,0.097080
14,136,6322,11977,0.084161,0.108514
14,137,18627,19105,0.126812,0.135219
14,138,5,162,0.127344,0.088716
14,139,13,5457,0.105450,0.104614
14,140,1956,17174,0.118021,0.108254
14,141,1197,2525,0.100266,0.097191
14,142,1245,9400,0.100350,0.119559
14,143,8023,52609,0.109853,0.125096
14,144,913,4572,0.119883,0.120362
14,145,11340,39700,0.142394,0.142186
14,146,285,6131,0.097947,0.106044
14,147,3764,23145,0.151730,0.173760
14,148,5023,12923,0.110387,0.126925
14,149,2504,8773,0.125069,0.113503
14,150,3697,15189,0.130981,0.116038
14,151,7572,51820,0.112900,0.116614
14,152,228,1671,0.093856,0.100909
14,153,21,379,0.090146,0.099197
14,154,1320,5759,0.111731,0.112333
14,155,5,126,0.111621,0.120602
14,156,310,2185,0.113530,0.099700
14,157,612,2010,0.110526,0.107306
14,158,918,1454,0.098217,0.104356
14,159,929,6258,0.104598,0.097369
14,160,25589,17754,0.112056,0.100700
14,161,2139,22412,0.096278,0.100432
14,162,2715,20053,0.108975,0.096302
14,163,1021,13842,0.108120,0.115525
14,164,175,1115,0.081966,0.079816
14,165,64,1369,0.095165,0.095462
14,166,2699,11830,0.107396,0.120548
14,167,4062,29164,0.063759,0.133012
14,168,71,1651,0.089177,0.107429
14,169,17,1263,0.103257,0.097089
14,170,168,6167,0.097366,0.100063
14,171,929,6629,0.104650,0.104846
14,172,745,9525,0.122625,0.105298
14,173,289,2355,0.129838,0.096052
14,174,930,1017,0.093271,0.090977
14,175,240,3270,0.089800,0.094920
14,176,1391,10518,0.096958,0.101508
14,177,1091,5526,0.119078,0.099093
14,178,464,3998,0.096542,0.101858
14,179,47,3890,0.101692,0.114456
14,180,1895,34172,0.129804,0.153705
14,181,2401,3900,0.075892,0.104508
14,182,35,700,0.105532,0.105398
14,183,354,2026,0.112404,0.109891
14,184,2286,2135,0.140727,0.101998
14,185,2152,29722,0.079753,0.112441
14,186,291,4229,0.104167,0.098851
14,187,92,3251,0.079587,0.085559
14,188,224,3894,0.100825,0.103542
14,189,24844,16178,0.196571,0.126249
14,190,5525,21025,0.151735,0.139486
14,191,9509,10534,0.098661,0.112415
14,192,36,329,0.111620,0.101530
14,193,8053,5282,0.087753,0.107786
14,194,16,77,0.091156,0.107441
14,195,293,4090,0.090992,0.091785
14,196,898,12093,0.108178,0.114858
14,197,1771,15197,0.069298,0.103535
14,198,60,885,0.088953,0.091954
14,199,130,1344,0.094398,0.100990
14,200,1502,12532,0.099798,0.102301
14,201,10388,38678,0.135432,0.135068
14,202,14,45,0.078910,0.093620
14,203,1863,2475,0.102279,0.104052
14,204,501,5520,0.104448,0.099326
14,205,14,7412,0.083165,0.107319
14,206,70,2541,0.099599,0.102682
14,207,1243,5177,0.100051,0.112390
14,208,7189,129778,0.117964,0.147559
14,209,2010,7437,0.126093,0.121489
14,210,81,1650,0.096538,0.101387
14,211,5537,7287,0.125134,0.110772
14,212,14052,126231,0.149119,0.161436
14,213,535,18848,0.123583,0.145821
14,214,107,124,0.060322,0.078475
14,215,8882,19904,0.124283,0.108685
14,216,2699,16067,0.116382,0.114557
14,217,2321,8173,0.427837,0.111215
14,218,573,2791,0.119844,0.097650
14,219,2946,51792,0.104795,0.117890
14,220,1319,2498,0.097172,0.136863
14,221,106,1831,0.094862,0.102631
14,222,2172,48258,0.104551,0.119538
14,223,6215,23210,0.145254,0.108328
14,224,3261,388,0.070661,0.079444
14,225,2368,3883,0.093460,0.095925
14,226,2703,3658,0.117887,0.111943
14,227,9881,17378,0.117655,0.113627
14,228,1013,9713,0.085351,0.085997
14,229,1727,31304,0.077404,0.117320
14,230,3830,12626,0.129066,0.115219
14,231,14262,8732,0.133150,0.116658
14,232,380,2378,0.100139,0.101593
14,233,24010,106852,0.129875,0.124252
14,234,81,1087,0.098132,0.100393
14,235,373,6208,0.103159,0.108527
14,236,3854,11330,0.091226,0.109095
14,237,840,3407,0.111298,0.111755
14,238,1022,17270,0.127294,0.140440
14,239,837,34154,0.086689,0.093567
14,240,49,560,0.097168,0.109024
14,241,43,4642,0.107422,0.121115
14,242,680,15850,0.099745,0.095200
14,243,20,1140,0.093799,0.095114
14,244,4781,11761,0.092950,0.109940
14,245,356,2574,0.100403,0.097048
14,246,482,2309,0.120399,0.114419
14,247,723,10257,0.101275,0.097680
14,248,16645,95702,0.133114,0.129473
14,249,295,1848,0.099211,0.103810
14,250,250,1938,0.102594,0.109206
14,251,529,1598,0.099996,0.102130
14,252,310,12701,0.098063,0.102845
14,253,2180,1031,0.140040,0.123776
14,254,2514,6727,0.105259,0.112187
14,255,256,1988,0.099671,0.097027
15,0,1137,20845,0.110933,0.107953
15,1,253,6884,0.091995,0.090909
15,2,2543,32967,0.101544,0.103800
15,3,191,3653,0.111984,0.117678
15,4,105,7245,0.090153,0.090998
15,5,760,1312,0.097989,0.095274
15,6,8933,1536,0.108388,0.110291
15,7,302,1205,0.086614,0.091865
15,8,9,56,0.095595,0.100494
15,9,203,3425,0.096043,0.097392
15,10,3280,7125,0.096162,0.102711
15,11,6930,5907,0.147264,0.124127
15,12,603,2913,0.130508,0.118418
15,13,75,714,0.097116,0.100901
15,14,48,859,0.082748,0.088530
15,15,8869,99194,0.117545,0.124548
15,16,1067,7337,0.145301,0.122160
15,17,519,3989,0.092613,0.100441
15,18,10078,368,0.142510,0.088226
15,19,1002,2890,0.115956,0.100694
15,20,752,11097,0.086696,0.103717
15,21,38,737,0.071135,0.083054
15,22,158,529,0.098073,0.101216
15,23,7741,19404,0.125545,0.133781
15,24,498,9262,0.114767,0.158683
15,25,1127,10853,0.099893,0.103327
15,26,168,3361,0.097730,0.100125
15,27,638,21588,0.097253,0.101485
15,28,2816,26851,0.105886,0.113016
15,29,1244,15836,0.070939,0.137705
15,30,97,1898,0.081485,0.090459
15,31,4116,18108,0.100817,0.102202
15,32,145,1862,0.091432,0.100605
15,33,688,9635,0.107206,0.122098
15,34,3340,18696,0.085899,0.101089
15,35,577,9864,0.124704,0.136848
15,36,865,62536,0.124623,0.171240
15,37,737,13336,0.115185,0.117187
15,38,3610,14368,0.124197,0.103010
15,39,141,13873,0.103363,0.135276
15,40,4369,10030,0.104404,0.104455
15,41,890,1141,0.109233,0.096242
15,42,1824,17395,0.115157,0.111731
15,43,727,5748,0.103691,0.092806
15,44,761,4246,0.140060,0.100381
15,45,4730,22287,0.134266,0.102466
15,46,4647,14711,0.139770,0.116165
15,47,4608,31395,0.122929,0.115936
15,48,3176,12715,0.092188,0.148975
15,49,88,2090,0.107416,0.086024
15,50,2,232,0.105957,0.097672
15,51,7709,35847,0.137262,0.137899
15,52,3895,9740,0.141683,0.127943
15,53,913,6431,0.113182,0.107607
15,54,155,11606,0.093930,0.094812
15,55,444,5130,0.092243,0.095205
15,56,960,23317,0.105384,0.128460
15,57,95,9393,0.113343,0.113756
15,58,3494,23261,0.092132,0.123014
15,59,317,11259,0.095494,0.102430
15,60,9,1383,0.075141,0.086679
15,61,426,7406,0.093991,0.099723
15,62,1861,12435,0.081062,0.091940
15,63,101,1448,0.102537,0.105771
15,64,17464,107053,0.135443,0.137844
15,65,3924,8190,0.201589,0.167711
15,66,7485,6374,0.113529,0.108983
15,67,61,445,0.103356,0.097263
15,68,31,225,0.089702,0.107077
15,69,6197,11207,0.121545,0.105736
15,70,2475,15741,0.127368,0.111435
15,71,36,5704,0.120741,0.112565
15,72,1518,8812,0.145567,0.162525
15,73,5698,33161,0.110077,0.108368
15,74,90,1615,0.148934,0.098425
15,75,6,14,0.078369,0.095529
15,76,372,5510,0.126604,0.121871
15,77,1326,326,0.084787,0.086922
15,78,578,1992,0.122809,0.105175
15,79,1400,18359,0.113790,0.121045
15,80,128,533,0.111635,0.109544
15,81,2046,33767,0.105502,0.143414
15,82,6857,10641,0.107519,0.109417
15,83,9411,5446,0.109298,0.100494
15,84,184,1662,0.096367,0.097688
15,85,4692,4471,0.090187,0.095394
15,86,1174,5043,0.071408,0.099569
15,87,9153,4401,0.090775,0.086793
15,88,11,6578,0.093617,0.102983
15,89,782,26386,0.096557,0.105003
15,90,10989,107622,0.120018,0.122717
15,91,13,1320,0.111103,0.109686
15,92,17970,68567,0.114726,0.105118
15,93,2204,9199,0.113067,0.104494
15,94,672,14421,0.109861,0.099262
15,95,349,3283,0.085297,0.099185
15,96,67,5688,0.116127,0.120235
15,97,11867,61472,0.139589,0.142676
15,98,225,30,0.095945,0.086865
15,99,1096,9552,0.131636,0.136675
15,100,2721,15239,0.106255,0.104578
15,101,482,3372,0.106150,0.103673
15,102,25407,64149,0.109903,0.096540
15,103,2456,10407,0.227722,0.143730
15,104,10918,87535,0.117076,0.126833
15,105,148,2620,0.090617,0.095213
15,106,977,5203,0.119908,0.104766
15,107,29310,263562,0.160181,0.169500
15,108,6627,8033,0.101029,0.109180
15,109,27,1004,0.091652,0.089867
15,110,109,10862,0.101395,0.105463
15,111,15184,122146,0.145334,0.150728
15,112,625,2701,0.106872,0.112315
15,113,44,1070,0.107577,0.106226
15,114,53,178,0.089125,0.089402
15,115,157,3706,0.092382,0.085261
15,116,3338,10741,0.188059,0.157180
15,117,7268,10845,0.126867,0.110880
15,118,411,1000,0.099583,0.095893
15,119,9055,35972,0.129714,0.125333
15,120,735,48116,0.120763,0.138176
15,121,3,111,0.106445,0.115094
15,122,2894,100169,0.103587,0.117360
15,123,64,2760,0.080086,0.112264
15,124,9062,16965,0.112642,0.124902
15,125,116,3260,0.087251,0.083406
15,126,4849,13425,0.136532,0.119816
15,127,1179,22507,0.109781,0.112642
15,128,2433,29201,0.093081,0.093907
15,129,2840,36825,0.101690,0.098763
15,130,1391,16384,0.100464,0.107637
15,131,5427,23168,0.085212,0.098239
15,132,3554,9112,0.084140,0.116840
15,133,11390,20165,0.146711,0.123152
15,134,2176,24961,0.116494,0.115895
15,135,154,3326,0.100756,0.101473
15,136,1314,9919,0.091850,0.116469
15,137,2391,9149,0.141946,0.117297
15,138,5807,96643,0.121430,0.133327
15,139,12873,45571,0.116596,0.105825
15,140,472,6676,0.100958,0.103388
15,141,5524,39194,0.135906,0.136936
15,142,1709,7767,0.102304,0.102177
15,143,42,434,0.105480,0.114387
15,144,1115,10749,0.113523,0.101689
15,145,925,8912,0.091107,0.089835
15,146,937,8179,0.112157,0.102212
15,147,2408,4224,0.140041,0.092527
15,148,975,4334,0.080258,0.073770
15,149,19611,8879,0.126924,0.104264
15,150,4124,10351,0.098149,0.105831
15,151,124,7095,0.088659,0.094010
15,152,212,989,0.106280,0.107581
15,153,1226,9984,0.082990,0.128013
15,154,8791,25195,0.091872,0.094129
15,155,878,21322,0.107176,0.112922
15,156,2342,24187,0.108107,0.109935
15,157,1647,8708,0.054609,0.108962
15,158,106,954,0.087313,0.090294
15,159,2414,1124,0.070600,0.094565
15,160,790,14678,0.089805,0.095095
15,161,210,2236,0.107244,0.098288
15,162,2039,74175,0.116047,0.158342
15,163,158,5597,0.103332,0.110500
15,164,21838,57449,0.115258,0.111455
15,165,15832,34178,0.138937,0.132381
15,166,327,10556,0.106987,0.133238
15,167,1242,13679,0.092662,0.108859
15,168,825,33690,0.101668,0.106778
15,169,33,1178,0.112201,0.109715
15,170,31,22,0.102949,0.103616
15,171,80,4135,0.097760,0.098357
15,172,1695,21415,0.118353,0.151998
15,173,1649,20076,0.091748,0.102785
15,174,2687,8549,0.088181,0.089570
15,175,2296,11728,0.103274,0.094755
15,176,28,1420,0.097674,0.106911
15,177,2792,24747,0.118844,0.118467
15,178,4385,12178,0.192760,0.149282
15,179,631,14701,0.104504,0.109416
15,180,3786,28657,0.112138,0.114544
15,181,0,9413,0.000000,0.090476
15,182,2519,5051,0.097156,0.096589
15,183,9304,19352,0.154749,0.115177
15,184,3640,13320,0.116427,0.115283
15,185,10629,6477,0.120947,0.090173
15,186,177,1296,0.102778,0.098983
15,187,3415,18235,0.118371,0.113015
15,188,2601,10962,0.122079,0.124972
15,189,4718,20160,0.164013,0.168656
15,190,243,6633,0.096446,0.109729
15,191,4463,13691,0.115181,0.104021
15,192,30,2518,0.095760,0.100526
15,193,1156,5306,0.125507,0.113796
15,194,281,1133,0.081352,0.083948
15,195,680,2009,0.096900,0.104864
15,196,271,8071,0.100145,0.117662
15,197,352,2553,0.106281,0.101456
15,198,2182,25831,0.098185,0.098542
15,199,191,2624,0.097425,0.098934
15,200,1661,23679,0.102399,0.126633
15,201,36,202,0.106323,0.098478
15,202,82,1757,0.080385,0.082146
15,203,1609,8210,0.176535,0.167568
15,204,45962,91982,0.167235,0.146366
15,205,516,4505,0.078297,0.081159
15,206,941,6277,0.108785,0.111783
15,207,35,878,0.124916,0.106889
15,208,1111,12754,0.157789,0.102531
15,209,486,1662,0.111974,0.104338
15,210,72,1114,0.105516,0.112809
15,211,134,643,0.106101,0.106919
15,212,3329,8538,0.106685,0.108465
15,213,1,14214,0.069824,0.111335
15,214,113,1446,0.092579,0.097165
15,215,1692,2989,0.088646,0.095316
15,216,37,2028,0.103463,0.107358
15,217,16544,5179,0.096232,0.086955
15,218,1228,345,0.112456,0.088042
15,219,676,3569,0.112591,0.098745
15,220,1800,5370,0.104867,0.110709
15,221,8202,48400,0.132287,0.135529
15,222,256,912,0.111482,0.106580
15,223,357,4442,0.088999,0.091054
15,224,76,2447,0.105221,0.108041
15,225,8898,10202,0.160607,0.104904
15,226,1080,5609,0.104053,0.099077
15,227,1625,11255,0.118415,0.101886
15,228,3452,16990,0.157188,0.108494
15,229,32112,11121,0.128927,0.128185
15,230,173,442,0.137005,0.119346
15,231,354,3290,0.108446,0.101224
15,232,2977,5281,0.085380,0.073392
15,233,4421,22309,0.137302,0.121359
15,234,164,345,0.111529,0.103586
15,235,772,759,0.128333,0.105213
15,236,285,605,0.102642,0.108774
15,237,452,4123,0.095830,0.099713
15,238,1,96,0.050293,0.102491
15,239,355,1522,0.110869,0.104858
15,240,3598,12175,0.106094,0.128136
15,241,3341,17018,0.134516,0.186867
15,242,14243,15786,0.091144,0.088367
15,243,951,22196,0.101886,0.103049
15,244,2598,4687,0.136278,0.105053
15,245,183,5611,0.098109,0.101216
15,246,13993,145604,0.135640,0.147820
15,247,4658,9847,0.156863,0.114350
15,248,6103,17723,0.148196,0.173160
15,249,2473,25887,0.107516,0.112071
15,250,5055,5660,0.150810,0.127696
15,251,2777,25295,0.113349,0.111435
15,252,16811,37973,0.141140,0.136265
15,253,2532,18860,0.095768,0.095875
15,254,2128,18683,0.126955,0.104080
15,255,7519,6440,0.104405,0.110248
16,0,5,3399,0.107715,0.084343
16,1,1028,3638,0.109734,0.101114
16,2,27,736,0.088940,0.097513
16,3,74,1946,0.091088,0.098462
16,4,3083,15595,0.105102,0.110627
16,5,946,33299,0.090412,0.131815
16,6,234,2957,0.081919,0.100471
16,7,31360,205423,0.130134,0.135099
16,8,357,395,0.086879,0.101134
16,9,258,50669,0.051838,0.130852
16,10,3724,6417,0.133416,0.137530
16,11,6805,57749,0.090043,0.102441
16,12,3868,23977,0.107918,0.117689
16,13,6,3825,0.111125,0.107150
16,14,3267,16098,0.101220,0.117869
16,15,13495,72243,0.107163,0.116427
16,16,3433,13655,0.098495,0.146844
16,17,24117,74110,0.168024,0.152603
16,18,2955,7221,0.097793,0.105995
16,19,339,2248,0.091047,0.091518
16,20,16,1696,0.086365,0.100787
16,21,51,680,0.100739,0.101200
16,22,1950,14458,0.098998,0.111883
16,23,4246,33234,0.086784,0.096335
16,24,3874,162260,0.112256,0.149008
16,25,318,529,0.101765,0.112416
16,26,680,15430,0.099885,0.112335
16,27,14,1744,0.097552,0.105788
16,28,26063,16008,0.131422,0.107156
16,29,620,8225,0.094513,0.102358
16,30,130,588,0.086063,0.099593
16,31,99,4598,0.100073,0.100221
16,32,98,41702,0.093757,0.110953
16,33,24,964,0.099040,0.118241
16,34,3941,3261,0.144055,0.116352
16,35,3307,2073,0.063228,0.081330
16,36,81,5189,0.085376,0.099366
16,37,356,16829,0.101382,0.105730
16,38,1519,4035,0.061721,0.099368
16,39,5247,17272,0.066710,0.115250
16,40,2928,7376,0.088440,0.103699
16,41,2174,9989,0.119636,0.102040
16,42,105,1813,0.084949,0.097443
16,43,3196,17093,0.100401,0.108208
16,44,9,1627,0.083740,0.092702
16,45,123,4802,0.100516,0.103461
16,46,5107,5477,0.106456,0.119104
16,47,9,5029,0.086317,0.094202
16,48,2648,6140,0.100726,0.104818
16,49,3127,36291,0.082982,0.097514
16,50,1352,13801,0.095333,0.098887
16,51,210,4234,0.080006,0.086640
16,52,70,3058,0.079925,0.095926
16,53,1435,4799,0.140347,0.122183
16,54,289,13716,0.094088,0.129393
16,55,290,2982,0.094709,0.098693
16,56,654,2920,0.100045,0.107335
16,57,1356,8553,0.111593,0.103215
16,58,6557,23385,0.139954,0.140152
16,59,2196,3792,0.125401,0.117583
16,60,8350,6929,0.085277,0.098868
16,61,5349,8518,0.152928,0.129808
16,62,5686,98396,0.125042,0.135408
16,63,5939,22160,0.116693,0.112908
16,64,309,3503,0.086117,0.093301
16,65,3489,23564,0.123477,0.112975
16,66,514,21103,0.092177,0.104478
16,67,4,150,0.091797,0.098241
16,68,9471,66603,0.132114,0.149301
16,69,160,1998,0.094890,0.103935
16,70,145,9735,0.083868,0.100353
16,71,541,4943,0.101908,0.110047
16,72,106,645,0.106560,0.117940
16,73,208,2932,0.109833,0.103478
16,74,6935,62314,0.149252,0.171819
16,75,8722,5562,0.152247,0.114951
16,76,3591,127486,0.086558,0.153965
16,77,5244,61099,0.096943,0.110028
16,78,3040,17065,0.129666,0.139277
16,79,193,9318,0.091992,0.096614
16,80,1028,2736,0.058233,0.091725
16,81,1878,1705,0.068894,0.100700
16,82,41,2128,0.090600,0.095844
16,83,191,4277,0.096864,0.097668
16,84,9306,31489,0.096392,0.103636
16,85,61,553,0.088295,0.100539
16,86,75,303,0.110495,0.097311
16,87,63,1110,0.089910,0.103412
16,88,10338,14927,0.103243,0.112167
16,89,4087,25269,0.308564,0.112543
16,90,176,2124,0.089514,0.100334
16,91,2935,2981,0.146229,0.111723
16,92,1987,12756,0.075228,0.107204
16,93,3617,11049,0.182654,0.118078
16,94,5592,73916,0.102322,0.116819
16,95,14,819,0.088640,0.100990
16,96,286,18671,0.124468,0.139123
16,97,1510,8461,0.079788,0.093593
16,98,5295,30320,0.106308,0.102952
16,99,27,2715,0.099049,0.107285
16,100,221,14490,0.088039,0.094524
16,101,4729,17107,0.153145,0.152084
16,102,740,19153,0.099782,0.116205
16,103,1228,32211,0.095759,0.113338
16,104,619,229,0.105409,0.098613
16,105,1101,1771,0.087379,0.095066
16,106,4095,12386,0.096115,0.118347
16,107,4286,9318,0.081113,0.125323
16,108,322,2597,0.091205,0.105106
16,109,32,10107,0.096497,0.101495
16,110,1239,3412,0.096228,0.109625
16,111,2471,1581,0.108918,0.095591
16,112,301,3056,0.090140,0.099130
16,113,56257,145695,0.195343,0.132739
16,114,229,826,0.095801,0.101960
16,115,408,1127,0.132795,0.096483
16,116,196,6767,0.091365,0.096686
16,117,1344,4472,0.111050,0.109979
16,118,54,863,0.090477,0.103022
16,119,145,9225,0.103526,0.114529
16,120,2497,19184,0.118129,0.139347
16,121,259,1272,0.088064,0.099147
16,122,84,6429,0.100990,0.105438
16,123,231,1477,0.087261,0.101847
16,124,1759,2528,0.132501,0.120294
16,125,109,953,0.070823,0.082938
16,126,2067,16594,0.122502,0.103417
16,127,186,1019,0.109124,0.115155
16,128,31,271,0.094734,0.101944
16,129,146,515,0.093553,0.103070
16,130,53377,3498,0.159487,0.093093
16,131,1181,31195,0.098304,0.110202
16,132,76,6315,0.086991,0.095595
16,133,808,16611,0.093592,0.129845
16,134,1521,22027,0.056717,0.135664
16,135,2354,8190,0.092774,0.098567
16,136,19,7431,0.114078,0.120522
16,137,826,12741,0.131072,0.146655
16,138,1215,9188,0.118257,0.128082
16,139,3170,29296,0.095977,0.103648
16,140,196,6817,0.083560,0.095765
16,141,4312,18942,0.071922,0.104478
16,142,8822,82102,0.106186,0.126707
16,143,141,329,0.049266,0.100117
16,144,15335,40221,0.106336,0.151796
16,145,69,249,0.088581,0.098544
16,146,516,1117,0.079120,0.096956
16,147,2405,11912,0.121513,0.126350
16,148,9263,21288,0.082095,0.092703
16,149,2459,20515,0.142792,0.185089
16,150,2838,8073,0.077884,0.111930
16,151,5326,28969,0.144275,0.163649
16,152,340,177,0.090717,0.081971
16,153,24,1140,0.081482,0.094333
16,154,642,2356,0.098610,0.110591
16,155,44,2210,0.080261,0.091321
16,156,2612,19468,0.099009,0.146626
16,157,3635,6893,0.110124,0.102587
16,158,4554,13478,0.104062,0.101743
16,159,738,3540,0.095249,0.093324
16,160,16064,16601,0.155845,0.113736
16,161,539,3988,0.097546,0.109931
16,162,7577,1975,0.077262,0.093084
16,163,14276,23465,0.130477,0.121715
16,164,2828,21044,0.119896,0.148382
16,165,37,387,0.080045,0.104719
16,166,17910,10306,0.198513,0.110022
16,167,81,1408,0.092725,0.105428
16,168,1944,23030,0.105596,0.116944
16,169,802,33918,0.115488,0.128865
16,170,4407,42841,0.070444,0.139900
16,171,242,5074,0.085875,0.097140
16,172,887,194,0.124616,0.096736
16,173,1803,12868,0.099420,0.106781
16,174,2722,21378,0.084778,0.098797
16,175,6123,15393,0.104640,0.114921
16,176,6950,71398,0.118698,0.154616
16,177,2525,6609,0.083207,0.103017
16,178,2448,16463,0.099034,0.112062
16,179,1142,10243,0.097591,0.115657
16,180,1488,2904,0.099476,0.104853
16,181,137,48254,0.103375,0.150373
16,182,4486,16315,0.127271,0.111649
16,183,1348,3099,0.071432,0.096853
16,184,925,3712,0.098668,0.099210
16,185,288,18905,0.107530,0.120726
16,186,520,7082,0.112786,0.108677
16,187,1491,21691,0.102565,0.104602
16,188,0,3001,0.000000,0.104885
16,189,1274,3633,0.119916,0.100896
16,190,4495,24293,0.103544,0.173348
16,191,946,27414,0.091391,0.105709
16,192,3983,6358,0.063879,0.106037
16,193,17,6831,0.097570,0.110720
16,194,4296,7587,0.103328,0.090245
16,195,590,26631,0.101889,0.112558
16,196,580,29453,0.091326,0.131694
16,197,8935,26010,0.104727,0.111211
16,198,2855,19620,0.099464,0.111797
16,199,7981,9917,0.114112,0.114503
16,200,933,5503,0.096872,0.095734
16,201,10846,53649,0.115489,0.126120
16,202,33,16529,0.083045,0.118990
16,203,4510,20995,0.118060,0.118998
16,204,1229,34910,0.083442,0.094053
16,205,13127,32682,0.105135,0.150154
16,206,116,1281,0.081836,0.091324
16,207,55,802,0.084743,0.102113
16,208,294,6728,0.094531,0.102024
16,209,1310,11850,0.109130,0.111486
16,210,2445,4785,0.079208,0.101979
16,211,240,6048,0.094612,0.106415
16,212,28,2369,0.091361,0.105124
16,213,430,12735,0.096621,0.103321
16,214,302,2755,0.128205,0.105894
16,215,113,1178,0.093640,0.094170
16,216,330,7084,0.087325,0.099940
16,217,627,18461,0.094093,0.118577
16,218,5098,6580,0.090073,0.105154
16,219,779,18791,0.092256,0.108830
16,220,1369,8611,0.101173,0.099581
16,221,7646,1605,0.128388,0.106611
16,222,1738,5721,0.094930,0.100036
16,223,59,50764,0.105427,0.150280
16,224,73,1881,0.093074,0.107343
16,225,593,5667,0.088684,0.096453
16,226,454,2893,0.096642,0.099290
16,227,2426,11297,0.126992,0.117909
16,228,1951,20215,0.091056,0.110959
16,229,16627,11699,0.131347,0.103436
16,230,2269,10487,0.090944,0.132122
16,231,0,6146,0.000000,0.092673
16,232,3686,6976,0.160722,0.148729
16,233,5778,1735,0.081264,0.106588
16,234,1731,9023,0.101513,0.112449
16,235,368,7131,0.106206,0.106521
16,236,957,20145,0.089231,0.102378
16,237,36,3945,0.117391,0.109324
16,238,3244,548,0.107444,0.087769
16,239,304,1331,0.089782,0.094728
16,240,19,815,0.106060,0.110431
16,241,5099,9828,0.096022,0.098743
16,242,5579,4361,0.067778,0.100830
16,243,54,23447,0.096530,0.129468
16,244,94,2981,0.090924,0.098732
16,245,11913,15499,0.114910,0.108793
16,246,14141,62190,0.118409,0.119344
16,247,2666,12359,0.123818,0.112166
16,248,476,9026,0.096937,0.115804
16,249,109,497,0.092373,0.096551
16,250,2553,4055,0.114817,0.106544
16,251,9689,73357,0.120278,0.136932
16,252,27254,31792,0.120127,0.124279
16,253,63,612,0.090778,0.088929
16,254,611,227,0.107206,0.104197
16,255,4979,23147,0.124656,0.136265
17,0,4456,13599,0.084432,0.097495
17,1,246,4099,0.106421,0.104329
17,2,20241,210112,0.145883,0.154252
17,3,30,1815,0.079655,0.088287
17,4,1007,6523,0.106748,0.115867
17,5,4584,28872,0.098416,0.177365
17,6,250,1636,0.079571,0.087132
17,7,160,959,0.100934,0.095576
17,8,447,38208,0.100125,0.118903
17,9,1222,1545,0.098488,0.102915
17,10,1201,10338,0.104516,0.095517
17,11,79,8350,0.091710,0.096051
17,12,93,1928,0.088098,0.096195
17,13,9970,5605,0.155480,0.116468
17,14,4069,22940,0.134212,0.142042
17,15,8643,16024,0.101346,0.164616
17,16,23,16634,0.119937,0.100343
17,17,1038,3389,0.081501,0.114462
17,18,3545,9626,0.085333,0.118934
17,19,1408,4057,0.099019,0.123428
17,20,24618,37886,0.146339,0.119290
17,21,529,9964,0.098697,0.116881
17,22,1397,26865,0.091371,0.120127
17,23,653,1966,0.101892,0.099953
17,24,30,1420,0.092554,0.076272
17,25,8204,13218,0.137214,0.103020
17,26,5004,16755,0.180547,0.190901
17,27,644,2707,0.098525,0.098032
17,28,58,1302,0.087091,0.092273
17,29,1131,2089,0.055320,0.124779
17,30,2925,15898,0.095432,0.104646
17,31,106,1335,0.090369,0.090828
17,32,507,6669,0.090840,0.096190
17,33,1881,4790,0.103231,0.099167
17,34,1242,20159,0.089341,0.089544
17,35,22648,4909,0.086638,0.088968
17,36,669,8969,0.085300,0.088855
17,37,1419,3239,0.096881,0.094746
17,38,2,263,0.081787,0.093437
17,39,901,5865,0.095642,0.092715
17,40,41,1174,0.111185,0.102996
17,41,15495,35319,0.126407,0.121768
17,42,1878,12388,0.093959,0.096257
17,43,3591,23925,0.110360,0.114426
17,44,201,152,0.105372,0.099722
17,45,4219,9705,0.083970,0.095912
17,46,7974,18024,0.236889,0.141817
17,47,740,13266,0.097806,0.110242
17,48,20553,38343,0.102857,0.104705
17,49,3333,9521,0.102298,0.145664
17,50,50,924,0.096763,0.098184
17,51,1922,20124,0.103877,0.095899
17,52,6598,47262,0.120702,0.128563
17,53,710,11579,0.099081,0.103308
17,54,1166,7808,0.114259,0.106389
17,55,248,1415,0.090396,0.086850
17,56,258,2119,0.100472,0.102559
17,57,1477,11027,0.146008,0.129226
17,58,46,634,0.091723,0.098018
17,59,1312,5607,0.069721,0.108512
17,60,848,21279,0.114032,0.118128
17,61,258,22464,0.099298,0.107765
17,62,773,4313,0.109712,0.108942
17,63,5746,58543,0.101745,0.112390
17,64,44914,25086,0.151857,0.118730
17,65,6151,57950,0.114643,0.130549
17,66,453,3909,0.096603,0.096380
17,67,30,2210,0.092432,0.096855
17,68,472,2638,0.095583,0.100037
17,69,1192,14388,0.097111,0.092256
17,70,49,1733,0.107751,0.100837
17,71,1221,7731,0.095824,0.102860
17,72,2095,9886,0.088161,0.097077
17,73,5792,9676,0.100745,0.091673
17,74,3461,3611,0.089969,0.101381
17,75,1310,17370,0.083669,0.093390
17,76,1455,21676,0.110274,0.126250
17,77,4512,13709,0.086783,0.086406
17,78,0,7200,0.000000,0.114671
17,79,3487,23102,0.089387,0.092724
17,80,18,477,0.103326,0.108258
17,81,27180,201106,0.142563,0.142436
17,82,131,4409,0.091564,0.094691
17,83,2621,33052,0.096639,0.102830
17,84,13880,75895,0.149091,0.164190
17,85,3444,31597,0.101486,0.104391
17,86,7394,7946,0.101637,0.098258
17,87,4213,24877,0.070086,0.122425
17,88,644,7577,0.121471,0.126859
17,89,276,997,0.136396,0.104862
17,90,219,1195,0.111578,0.098077
17,91,2437,7104,0.093936,0.095675
17,92,84,4728,0.098307,0.094275
17,93,8560,8212,0.088294,0.100542
17,94,1581,26924,0.115510,0.147782
17,95,187,6315,0.094007,0.092101
17,96,4480,8774,0.230042,0.106791
17,97,857,26209,0.091870,0.098203
17,98,386,6458,0.102551,0.097298
17,99,1877,13161,0.073828,0.099618
17,100,1097,23989,0.105389,0.113082
17,101,3086,19601,0.106629,0.113344
17,102,66,6396,0.091804,0.102399
17,103,120,18772,0.081053,0.085679
17,104,2313,11267,0.073816,0.126866
17,105,27435,130725,0.149758,0.145527
17,106,5382,8390,0.121897,0.104233
17,107,145,28572,0.098160,0.180947
17,108,506,84019,0.095489,0.126923
17,109,1583,168,0.147920,0.101388
17,110,3455,19346,0.142371,0.149187
17,111,106,28119,0.097836,0.165748
17,112,4896,7249,0.094613,0.115325
17,113,945,14890,0.086963,0.091039
17,114,372,5502,0.120277,0.118745
17,115,13619,13435,0.091402,0.103742
17,116,2894,13499,0.085043,0.086003
17,117,68,1100,0.094012,0.099265
17,118,166,1055,0.106194,0.101967
17,119,7618,38096,0.126573,0.126731
17,120,2018,21297,0.104676,0.114337
17,121,2503,28890,0.069001,0.090714
17,122,98,1283,0.096311,0.099756
17,123,59,514,0.094768,0.095119
17,124,1006,1198,0.063232,0.067721
17,125,1845,7562,0.064892,0.092718
17,126,1163,1594,0.106069,0.110200
17,127,654,8989,0.092402,0.109728
17,128,13452,30342,0.135446,0.128969
17,129,6005,2940,0.111373,0.103524
17,130,901,5162,0.102910,0.102939
17,131,6167,18791,0.108774,0.105082
17,132,16,16888,0.104187,0.121897
17,133,3127,27336,0.095097,0.091314
17,134,3987,25207,0.093420,0.105109
17,135,55,641,0.096813,0.104648
17,136,223,4056,0.103931,0.096553
17,137,366,5121,0.101384,0.100776
17,138,431,7573,0.089473,0.084125
17,139,16,3285,0.095428,0.105056
17,140,1089,1804,0.077245,0.082781
17,141,2985,53643,0.104812,0.106547
17,142,6010,12179,0.094622,0.101325
17,143,51,1415,0.096091,0.100497
17,144,12336,1783,0.151363,0.096364
17,145,13417,154080,0.090540,0.153283
17,146,4,166,0.096436,0.103635
17,147,359,2546,0.096706,0.103843
17,148,342,1874,0.101810,0.101383
17,149,1119,7065,0.111959,0.104243
17,150,6244,6733,0.114948,0.154929
17,151,6134,39455,0.141445,0.141311
17,152,10236,2192,0.097390,0.100125
17,153,7059,32803,0.098315,0.124294
17,154,39,2497,0.078307,0.099698
17,155,2961,9729,0.155658,0.135689
17,156,1617,585,0.076720,0.101012
17,157,291,2963,0.110691,0.108991
17,158,2,28401,0.093750,0.130558
17,159,258,4302,0.113658,0.119524
17,160,1900,8019,0.142219,0.108735
17,161,1847,23759,0.104253,0.107852
17,162,9691,43442,0.120336,0.124304
17,163,107,4768,0.090980,0.096552
17,164,2040,10200,0.125753,0.149886
17,165,1920,10912,0.098311,0.097544
17,166,0,2558,0.000000,0.088189
17,167,2830,15721,0.069029,0.095576
17,168,479,8121,0.105628,0.105355
17,169,406,1857,0.103196,0.099013
17,170,329,624,0.097487,0.108519
17,171,5292,8316,0.099142,0.174705
17,172,1680,35908,0.102816,0.141117
17,173,6023,39567,0.114264,0.122637
17,174,224,820,0.106389,0.104168
17,175,417,8688,0.123629,0.121826
17,176,4302,1151,0.097330,0.093618
17,177,6296,41219,0.123157,0.122590
17,178,4,5,0.068665,0.067285
17,179,7703,66098,0.119769,0.129408
17,180,3556,7558,0.102243,0.103306
17,181,211,1148,0.084623,0.093612
17,182,310,7600,0.095884,0.104578
17,183,2055,5352,0.094709,0.111811
17,184,8206,44394,0.168546,0.184384
17,185,4500,11766,0.121652,0.141379
17,186,1262,20703,0.085161,0.093801
17,187,31,1448,0.094498,0.100299
17,188,308,8177,0.094559,0.119762
17,189,79,3236,0.097690,0.099393
17,190,54,1878,0.096354,0.101863
17,191,152,1709,0.093238,0.103196
17,192,135,528,0.101031,0.100379
17,193,0,45381,0.000000,0.123037
17,194,1240,6291,0.075424,0.100018
17,195,1073,7350,0.136037,0.148428
17,196,1142,4871,0.134275,0.095992
17,197,1753,7560,0.096243,0.108936
17,198,6458,14219,0.116069,0.122693
17,199,121,304,0.082951,0.088814
17,200,252,4005,0.096388,0.094910
17,201,469,6728,0.093279,0.111167
17,202,42,198,0.116193,0.106828
17,203,269,447,0.103167,0.101090
17,204,1969,9454,0.093045,0.102759
17,205,128,2086,0.086197,0.089192
17,206,250,1684,0.107008,0.102315
17,207,132,3674,0.096450,0.094768
17,208,1408,4240,0.230088,0.074556
17,209,1011,1427,0.102665,0.100559
17,210,365,4701,0.116159,0.098039
17,211,3921,7077,0.085350,0.171008
17,212,385,2859,0.092480,0.100298
17,213,1007,8172,0.096252,0.100807
17,214,780,9756,0.101092,0.105878
17,215,2258,19641,0.094432,0.095860
17,216,1949,17942,0.115167,0.113221
17,217,5990,52806,0.110540,0.113192
17,218,5,17182,0.077002,0.139187
17,219,1556,2093,0.104528,0.117086
17,220,473,7219,0.097604,0.099246
17,221,824,3092,0.094030,0.095794
17,222,21,455,0.115723,0.096648
17,223,3824,45233,0.120150,0.111105
17,224,367,1156,0.082399,0.085667
17,225,2390,36556,0.108321,0.127921
17,226,11068,10552,0.115135,0.103359
17,227,188,9558,0.102366,0.097324
17,228,134,1481,0.090024,0.089225
17,229,55,3537,0.102939,0.109066
17,230,3954,6518,0.102666,0.132175
17,231,318,813,0.093592,0.101999
17,232,1045,8438,0.101151,0.098861
17,233,792,1964,0.118573,0.116910
17,234,13152,48273,0.150392,0.148249
17,235,980,15550,0.109396,0.102001
17,236,0,20236,0.000000,0.143261
17,237,245,2793,0.098404,0.106436
17,238,3,102,0.104980,0.091644
17,239,377,2822,0.103199,0.097177
17,240,143,788,0.100495,0.094627
17,241,7208,21442,0.069198,0.087713
17,242,1087,2829,0.058136,0.105825
17,243,6382,28130,0.086503,0.092809
17,244,3900,30762,0.108108,0.112485
17,245,320,3179,0.089810,0.100932
17,246,157,9028,0.115713,0.116708
17,247,33136,58631,0.156589,0.125260
17,248,33379,16668,0.212379,0.141467
17,249,4124,7746,0.114616,0.101967
17,250,1842,35428,0.105359,0.150424
17,251,25589,178165,0.134535,0.131710
17,252,124,3604,0.086018,0.087627
17,253,238,3383,0.098403,0.093965
17,254,111,3015,0.092479,0.098337
17,255,1423,1580,0.106703,0.112584
18,0,5037,28026,0.148394,0.146955
18,1,2410,12028,0.111943,0.104563
18,2,1443,3356,0.073347,0.092310
18,3,2000,24828,0.071206,0.106961
18,4,2174,3009,0.119389,0.096992
18,5,62,1325,0.097144,0.098423
18,6,2989,14516,0.131229,0.188599
18,7,322,2194,0.069977,0.075901
18,8,3155,5511,0.118594,0.107141
18,9,746,6144,0.099293,0.092864
18,10,747,2934,0.095972,0.101128
18,11,513,3810,0.104823,0.104879
18,12,48,1029,0.101842,0.098667
18,13,1385,3891,0.076033,0.091126
18,14,303,12538,0.089098,0.099414
18,15,11568,13805,0.124962,0.114007
18,16,39,3067,0.097562,0.121632
18,17,225,2452,0.099561,0.099541
18,18,5715,17423,0.117119,0.127943
18,19,7942,36820,0.118790,0.127266
18,20,1672,43589,0.108856,0.108722
18,21,564,3224,0.099302,0.107640
18,22,474,46166,0.113486,0.113177
18,23,144,29836,0.094906,0.161614
18,24,1310,6547,0.078696,0.131147
18,25,150,1612,0.096724,0.099088
18,26,12,219,0.091349,0.099449
18,27,358,4905,0.094598,0.095696
18,28,521,1304,0.108527,0.101847
18,29,8374,105757,0.106314,0.118975
18,30,12556,27285,0.097007,0.097332
18,31,1100,2173,0.095053,0.112815
18,32,2285,15433,0.104226,0.107732
18,33,2446,14805,0.101139,0.125657
18,34,21675,41143,0.112729,0.096702
18,35,18412,36013,0.116075,0.111652
18,36,340,2067,0.085469,0.084998
18,37,780,7567,0.099761,0.098698
18,38,1081,13181,0.095688,0.095515
18,39,145,44672,0.088749,0.155249
18,40,1711,36637,0.089922,0.092596
18,41,51,1255,0.100241,0.097558
18,42,937,24210,0.085002,0.086569
18,43,20546,30908,0.174687,0.119162
18,44,7004,18645,0.092510,0.098563
18,45,4386,38881,0.096549,0.107661
18,46,138,1313,0.101080,0.092004
18,47,1827,9329,0.104464,0.090042
18,48,538,7053,0.075642,0.084303
18,49,4,155,0.080383,0.099877
18,50,197,10381,0.089450,0.095705
18,51,3553,107465,0.107935,0.156364
18,52,868,2419,0.096842,0.106749
18,53,29,596,0.086283,0.097940
18,54,248,1047,0.078016,0.079213
18,55,2681,15490,0.105936,0.145605
18,56,78,961,0.101259,0.095782
18,57,4946,34147,0.127005,0.138778
18,58,331,4986,0.130066,0.103238
18,59,187,903,0.107124,0.088881
18,60,692,12332,0.092670,0.094875
18,61,1146,17822,0.089154,0.093802
18,62,6632,16686,0.115650,0.111344
18,63,1586,16154,0.127316,0.128684
18,64,7776,65808,0.121132,0.129179
18,65,15,271,0.111784,0.110330
18,66,2832,16687,0.120946,0.133619
18,67,1968,26123,0.104097,0.115499
18,68,1368,11704,0.060066,0.108571
18,69,2906,17692,0.113322,0.144623
18,70,128,360,0.083433,0.088359
18,71,74,7937,0.106693,0.107910
18,72,1997,14355,0.111137,0.127835
18,73,519,3384,0.108672,0.107375
18,74,14359,58546,0.140786,0.136788
18,75,5428,10830,0.112860,0.109763
18,76,14828,212095,0.133758,0.146448
18,77,1480,31065,0.099306,0.096146
18,78,5218,47834,0.097500,0.106098
18,79,9660,45291,0.161879,0.185490
18,80,24,829,0.103038,0.099255
18,81,205,31530,0.086429,0.114195
18,82,569,3156,0.091651,0.096901
18,83,64,1303,0.156441,0.096707
18,84,3888,26414,0.104640,0.107324
18,85,5337,8148,0.091876,0.114380
18,86,33,1015,0.105987,0.104526
18,87,260,1000,0.097647,0.096938
18,88,7178,43259,0.088053,0.089671
18,89,2262,2726,0.079286,0.133400
18,90,217,9523,0.107270,0.131213
18,91,41,793,0.104528,0.102054
18,92,702,405,0.101843,0.111077
18,93,73,2122,0.092894,0.088012
18,94,12070,15808,0.107420,0.097826
18,95,1091,10390,0.095750,0.100265
18,96,11691,89567,0.106378,0.113231
18,97,9863,71767,0.120253,0.128818
18,98,744,5737,0.099447,0.088057
18,99,18150,8677,0.116724,0.096721
18,100,3574,58057,0.274139,0.119016
18,101,500,7111,0.095684,0.093412
18,102,109,6340,0.080741,0.091240
18,103,1015,508,0.121522,0.092508
18,104,701,9905,0.103515,0.105994
18,105,6497,25193,0.085747,0.092279
18,106,22,423,0.096236,0.100493
18,107,2555,10732,0.090677,0.091772
18,108,3004,13108,0.119435,0.124651
18,109,6521,12895,0.097543,0.104800
18,110,185,2579,0.092178,0.099939
18,111,1787,7583,0.071399,0.095243
18,112,4615,7341,0.154443,0.140325
18,113,1387,8749,0.092316,0.095932
18,114,40,311,0.102332,0.095229
18,115,795,8762,0.113717,0.113363
18,116,707,1946,0.107994,0.113019
18,117,179,491,0.090932,0.095610
18,118,1132,8725,0.097940,0.103300
18,119,260,7219,0.103841,0.109191
18,120,7951,85584,0.130378,0.187089
18,121,11529,137786,0.145048,0.162580
18,122,595,3975,0.093132,0.106407
18,123,9875,17259,0.095963,0.097317
18,124,3919,45222,0.079953,0.098803
18,125,95,1176,0.092956,0.091138
18,126,32447,18742,0.232687,0.128592
18,127,1329,9435,0.112750,0.140420
18,128,5772,25354,0.127568,0.158706
18,129,1015,2271,0.103142,0.094797
18,130,1505,10407,0.112882,0.131610
18,131,280,5320,0.124907,0.138351
18,132,3114,17781,0.086492,0.088364
18,133,523,5256,0.089256,0.090071
18,134,3015,2885,0.060380,0.076008
18,135,2085,6292,0.112376,0.105756
18,136,205,2991,0.097909,0.095451
18,137,2031,16836,0.091554,0.089546
18,138,390,381,0.132317,0.094983
18,139,37,168,0.093526,0.093868
18,140,321,4209,0.094408,0.094349
18,141,11786,12997,0.153285,0.120149
18,142,115,5066,0.092283,0.098617
18,143,303,1358,0.086007,0.090826
18,144,115,966,0.092568,0.090203
18,145,4319,13040,0.100006,0.098307
18,146,75,1225,0.091048,0.099006
18,147,12544,139440,0.118389,0.130034
18,148,1608,7659,0.094582,0.157044
18,149,789,2143,0.101043,0.102741
18,150,416,2822,0.104252,0.097969
18,151,20,11789,0.099536,0.117459
18,152,569,4006,0.103441,0.101826
18,153,450,3715,0.098582,0.106296
18,154,130,4145,0.101315,0.108108
18,155,9138,19354,0.070543,0.151285
18,156,2331,9946,0.122477,0.114820
18,157,840,2400,0.091978,0.091629
18,158,1704,11619,0.119995,0.148527
18,159,154,16816,0.103757,0.129344
18,160,337,3723,0.095724,0.099599
18,161,393,2907,0.078590,0.070440
18,162,1133,9392,0.109601,0.112221
18,163,6546,7051,0.094438,0.078896
18,164,1037,2650,0.113796,0.098581
18,165,153,1275,0.100224,0.102435
18,166,5886,5110,0.079617,0.091347
18,167,3720,9522,0.091600,0.090935
18,168,86,1444,0.083675,0.093767
18,169,339,5487,0.129086,0.137010
18,170,3081,29962,0.140444,0.142809
18,171,43,264,0.082344,0.096079
18,172,4575,10697,0.070954,0.103396
18,173,315,1799,0.104180,0.100445
18,174,10109,8952,0.095510,0.196212
18,175,28,4,0.082764,0.077515
18,176,8312,47224,0.105256,0.113668
18,177,2980,6999,0.082500,0.111624
18,178,355,3903,0.103632,0.091081
18,179,1772,35195,0.084423,0.153450
18,180,648,9039,0.091079,0.104547
18,181,1721,4856,0.091151,0.094076
18,182,993,29487,0.104946,0.109998
18,183,532,1284,0.131181,0.114809
18,184,8710,9870,0.119989,0.102594
18,185,26786,82320,0.171128,0.155679
18,186,339,13939,0.114200,0.116773
18,187,141,24781,0.087366,0.115907
18,188,1151,11967,0.098745,0.137216
18,189,1070,1746,0.100545,0.097841
18,190,44,1265,0.109114,0.100701
18,191,282,704,0.098434,0.087195
18,192,2888,20948,0.062773,0.106738
18,193,3804,24976,0.097056,0.116472
18,194,1478,21166,0.101938,0.110074
18,195,9934,1110,0.090164,0.108337
18,196,260,5499,0.094821,0.090027
18,197,9079,28798,0.108953,0.148613
18,198,193,1671,0.118303,0.095027
18,199,15413,14234,0.139673,0.107035
18,200,1257,15809,0.092850,0.100541
18,201,14559,20545,0.142559,0.118422
18,202,12012,106067,0.121394,0.129373
18,203,11305,28358,0.071168,0.125574
18,204,4280,90591,0.080130,0.138959
18,205,15,1611,0.094548,0.093138
18,206,1249,7345,0.122591,0.094723
18,207,1597,10058,0.121871,0.122794
18,208,6297,36692,0.122023,0.127786
18,209,5713,11603,0.117986,0.121054
18,210,589,2065,0.112508,0.111359
18,211,214,695,0.099039,0.095151
18,212,45,318,0.097591,0.095950
18,213,13258,6099,0.082507,0.081918
18,214,359,4651,0.125996,0.120455
18,215,83,2943,0.109060,0.113120
18,216,382,3292,0.090719,0.100712
18,217,14684,9164,0.131043,0.102505
18,218,304,1128,0.076761,0.080721
18,219,1611,3747,0.247470,0.137281
18,220,607,11088,0.108608,0.112186
18,221,14,343,0.081822,0.077274
18,222,82,559,0.099446,0.098311
18,223,505,1042,0.099482,0.104952
18,224,711,534,0.126045,0.091522
18,225,114,2732,0.100316,0.102179
18,226,1061,30498,0.037050,0.135256
18,227,1526,299,0.105501,0.078565
18,228,681,5204,0.120960,0.103683
18,229,192,1713,0.095609,0.104710
18,230,1733,14742,0.092315,0.093724
18,231,169,548,0.091771,0.096299
18,232,23,2967,0.094875,0.118484
18,233,3974,27278,0.117479,0.114667
18,234,54771,171301,0.174938,0.125245
18,235,983,2540,0.090245,0.094669
18,236,242,4095,0.083788,0.089565
18,237,1476,6349,0.124021,0.137776
18,238,50,565,0.102632,0.100757
18,239,2718,3387,0.119401,0.126531
18,240,16,210,0.099014,0.111811
18,241,3864,4051,0.146385,0.119751
18,242,2268,21765,0.094099,0.103716
18,243,745,2010,0.104356,0.094443
18,244,30,524,0.103060,0.101720
18,245,20,78,0.095349,0.080723
18,246,11,1242,0.106357,0.104667
18,247,353,2236,0.085387,0.085984
18,248,179,309,0.089411,0.093084
18,249,1045,526,0.107042,0.100899
18,250,619,18570,0.107618,0.141100
18,251,1280,1699,0.071053,0.099595
18,252,208,2397,0.089002,0.089722
18,253,2760,18006,0.092953,0.096924
18,254,17725,8318,0.144450,0.120272
18,255,7138,3858,0.121897,0.110046
19,0,8140,74806,0.125952,0.145398
19,1,1255,20769,0.093297,0.103732
19,2,5018,26367,0.124228,0.135281
19,3,6831,47065,0.120534,0.128691
19,4,10,9739,0.105908,0.103302
19,5,256,917,0.111279,0.112361
19,6,216,20205,0.094871,0.129126
19,7,207,651,0.101220,0.105135
19,8,61,464,0.102331,0.097978
19,9,21,971,0.093936,0.094658
19,10,39178,72959,0.149849,0.107257
19,11,331,4840,0.113947,0.099838
19,12,2768,23928,0.127357,0.150282
19,13,209,1767,0.092612,0.097038
19,14,557,6944,0.096868,0.107245
19,15,7464,33308,0.149461,0.164845
19,16,469,4877,0.099022,0.098142
19,17,3011,5898,0.088080,0.095440
19,18,15346,43988,0.135071,0.129028
19,19,1943,128543,0.095327,0.138652
19,20,5215,19706,0.104374,0.116196
19,21,178,2009,0.097942,0.096571
19,22,36,210,0.094998,0.096193
19,23,8355,31362,0.168244,0.171449
19,24,1538,23014,0.099665,0.115568
19,25,1264,3125,0.099541,0.102076
19,26,23773,5900,0.108132,0.089220
19,27,717,7768,0.102843,0.114218
19,28,1057,11921,0.108667,0.110064
19,29,357,4035,0.089003,0.090648
19,30,21625,63001,0.103069,0.169822
19,31,538,1776,0.105963,0.095964
19,32,1000,12623,0.099332,0.107242
19,33,27,43,0.089120,0.088084
19,34,350,8067,0.100828,0.103718
19,35,13342,3156,0.108433,0.096621
19,36,33523,10515,0.161499,0.086058
19,37,1506,8391,0.121652,0.120678
19,38,1559,11717,0.119972,0.111208
19,39,4,2170,0.102173,0.095286
19,40,1094,3260,0.108896,0.098137
19,41,33129,8294,0.202711,0.105227
19,42,112,909,0.092887,0.100401
19,43,735,3885,0.103038,0.105786
19,44,6197,5865,0.075639,0.107192
19,45,126,1061,0.097681,0.094267
19,46,630,1578,0.101501,0.103515
19,47,572,4767,0.115333,0.112082
19,48,835,12083,0.105387,0.125548
19,49,7021,96571,0.104269,0.132595
19,50,2155,7680,0.127109,0.125764
19,51,112,19446,0.083330,0.128967
19,52,3999,13699,0.119833,0.107228
19,53,386,2537,0.088173,0.102850
19,54,6659,52516,0.143068,0.148738
19,55,5356,22797,0.123950,0.120371
19,56,962,22004,0.083045,0.093302
19,57,1062,1856,0.086704,0.091146
19,58,261,990,0.086652,0.092447
19,59,64,2013,0.105911,0.095689
19,60,1400,8263,0.086771,0.120136
19,61,4024,2742,0.176663,0.106543
19,62,4,153,0.096191,0.100158
19,63,2632,17985,0.110452,0.134862
19,64,429,4991,0.082481,0.095328
19,65,385,2590,0.090649,0.095834
19,66,482,4236,0.100395,0.105831
19,67,244,3382,0.126199,0.130243
19,68,50,596,0.095464,0.094248
19,69,2754,7384,0.090830,0.092932
19,70,0,2079,0.000000,0.097294
19,71,212,1261,0.105215,0.094341
19,72,217,6399,0.146696,0.158609
19,73,5025,1464,0.119280,0.108928
19,74,497,6229,0.092765,0.102984
19,75,8206,23886,0.082914,0.110434
19,76,4,39,0.108032,0.091190
19,77,721,2443,0.043269,0.087950
19,78,148,2472,0.099265,0.098968
19,79,1515,12306,0.091188,0.094743
19,80,379,3578,0.092737,0.093843
19,81,2977,12487,0.107187,0.106163
19,82,166,1426,0.101542,0.102779
19,83,7932,51295,0.125454,0.124215
19,84,88,1787,0.107011,0.105105
19,85,1289,30987,0.108932,0.163983
19,86,41,6243,0.089534,0.075252
19,87,2890,16301,0.093438,0.095985
19,88,162,2548,0.111877,0.119530
19,89,91,3752,0.103100,0.100105
19,90,2638,8937,0.100380,0.107040
19,91,934,8123,0.121004,0.128868
19,92,140,2798,0.091255,0.097850
19,93,143,4155,0.097247,0.099598
19,94,4128,70522,0.097715,0.113305
19,95,4357,42631,0.120566,0.116391
19,96,2663,20064,0.082578,0.108892
19,97,1454,10673,0.089384,0.093264
19,98,1227,7138,0.099885,0.100160
19,99,3085,9197,0.109475,0.109646
19,100,1280,9586,0.133272,0.111579
19,101,11,454,0.092640,0.092291
19,102,325,2701,0.098155,0.100578
19,103,9890,108316,0.128994,0.134011
19,104,106,337,0.089309,0.105201
19,105,52,993,0.099450,0.104628
19,106,832,3008,0.093096,0.100153
19,107,339,1652,0.106094,0.101276
19,108,5,565,0.071924,0.088300
19,109,343,48765,0.061669,0.132996
19,110,406,923,0.101778,0.102284
19,111,63,838,0.091801,0.098852
19,112,9496,86229,0.136936,0.155639
19,113,31,438,0.096254,0.099219
19,114,17831,4747,0.120518,0.093594
19,115,222,283,0.113428,0.103221
19,116,3902,28257,0.124504,0.166511
19,117,5172,51870,0.141161,0.116022
19,118,340,3467,0.098930,0.095593
19,119,24,1733,0.095052,0.099702
19,120,1093,10186,0.064661,0.114883
19,121,5584,3380,0.100916,0.069608
19,122,261,634,0.089341,0.099268
19,123,112,3584,0.093774,0.100042
19,124,79,4488,0.095941,0.089538
19,125,15532,55011,0.105624,0.102104
19,126,7400,16709,0.117245,0.125476
19,127,285,654,0.112252,0.092417
19,128,10144,102525,0.130810,0.139569
19,129,3263,41729,0.105889,0.118950
19,130,675,26797,0.103024,0.151711
19,131,64,389,0.105034,0.105737
19,132,252,2656,0.096628,0.100669
19,133,6007,21464,0.119554,0.103492
19,134,5400,17498,0.119913,0.119220
19,135,4713,49948,0.114015,0.119436
19,136,106,795,0.089977,0.095582
19,137,27,380,0.090431,0.089541
19,138,411,14957,0.098641,0.099884
19,139,2888,12860,0.095586,0.101441
19,140,1005,9924,0.098722,0.097213
19,141,275,1872,0.090581,0.084474
19,142,2923,6584,0.065861,0.105001
19,143,184,139,0.104588,0.095347
19,144,1513,8569,0.113278,0.113704
19,145,876,73587,0.101336,0.120083
19,146,24,547,0.093302,0.097147
19,147,1930,20237,0.098712,0.100381
19,148,2138,22948,0.118968,0.103796
19,149,7096,63157,0.126511,0.127726
19,150,703,8882,0.178960,0.163309
19,151,487,5705,0.106806,0.106381
19,152,5242,85926,0.114491,0.128862
19,153,3065,68438,0.113143,0.125625
19,154,11423,17436,0.131962,0.130754
19,155,145,595,0.087209,0.092582
19,156,66,627,0.094490,0.099792
19,157,1509,19660,0.107420,0.104486
19,158,1368,16305,0.104717,0.106008
19,159,965,1992,0.093291,0.097129
19,160,683,2768,0.103507,0.121559
19,161,368,8827,0.093636,0.096830
19,162,37227,14056,0.131507,0.112926
19,163,3017,4994,0.164675,0.103324
19,164,127,293,0.080836,0.100078
19,165,19976,98249,0.149963,0.138487
19,166,5071,14683,0.131519,0.122644
19,167,6427,15581,0.137647,0.097032
19,168,362,2690,0.091806,0.101701
19,169,12753,50765,0.152237,0.136782
19,170,71,915,0.098791,0.097722
19,171,6317,105847,0.123754,0.132016
19,172,8444,198726,0.121307,0.137264
19,173,24460,6394,0.145807,0.095783
19,174,4072,3393,0.116306,0.122872
19,175,392,1196,0.091845,0.098867
19,176,475,11467,0.092514,0.093899
19,177,1394,16906,0.094505,0.097730
19,178,730,4667,0.094810,0.108717
19,179,2988,5985,0.118847,0.120046
19,180,903,1324,0.110212,0.094508
19,181,549,736,0.096745,0.097563
19,182,333,1835,0.088050,0.096874
19,183,18,12507,0.084418,0.103755
19,184,558,7273,0.095147,0.099282
19,185,940,1595,0.097453,0.096792
19,186,4190,19094,0.115809,0.113602
19,187,8582,70503,0.106472,0.102284
19,188,1414,7281,0.136268,0.145072
19,189,153,2135,0.099874,0.102223
19,190,2997,36155,0.118058,0.123620
19,191,892,23287,0.098041,0.099231
19,192,1345,452,0.124728,0.097636
19,193,151,2046,0.099153,0.100748
19,194,8184,15713,0.125782,0.106449
19,195,1741,3140,0.057022,0.089873
19,196,518,1022,0.105262,0.117512
19,197,578,7571,0.101873,0.103309
19,198,164,477,0.086249,0.093670
19,199,1260,12722,0.078461,0.143245
19,200,8652,71886,0.135570,0.147796
19,201,16359,14999,0.113564,0.120878
19,202,68,149,0.090605,0.099831
19,203,486,6361,0.092936,0.097349
19,204,6718,9087,0.102644,0.128856
19,205,0,40622,0.000000,0.114661
19,206,1042,8534,0.115901,0.127420
19,207,9241,14824,0.110568,0.132050
19,208,5439,27849,0.122951,0.110333
19,209,668,8688,0.094642,0.102539
19,210,124,605,0.095237,0.093544
19,211,63,2313,0.099016,0.101933
19,212,60,695,0.080176,0.093273
19,213,26,458,0.098285,0.104625
19,214,1258,12769,0.091492,0.096876
19,215,8549,20559,0.104822,0.113440
19,216,685,1021,0.092977,0.096568
19,217,2027,2284,0.104636,0.094887
19,218,96,7290,0.109655,0.114604
19,219,2805,4485,0.094801,0.110048
19,220,629,18952,0.095586,0.102281
19,221,12732,20016,0.092590,0.118563
19,222,2601,7658,0.065223,0.108810
19,223,482,2283,0.116848,0.109648
19,224,22039,7267,0.129840,0.138900
19,225,2507,10761,0.129530,0.163737
19,226,2027,3381,0.079444,0.089369
19,227,840,8036,0.096962,0.097025
19,228,1519,11772,0.108325,0.095000
19,229,92,19357,0.108629,0.129721
19,230,3306,7044,0.115344,0.115843
19,231,14,328,0.070801,0.094166
19,232,295,3439,0.095811,0.094027
19,233,125,37944,0.090421,0.141411
19,234,9817,46221,0.102212,0.100320
19,235,5374,49321,0.125827,0.158498
19,236,70,3269,0.101887,0.105920
19,237,4208,19021,0.124870,0.190448
19,238,7083,10255,0.118861,0.119749
19,239,8718,1044,0.117595,0.096981
19,240,447,5148,0.106192,0.104229
19,241,654,3228,0.103903,0.110656
19,242,1003,17715,0.100783,0.101377
19,243,44,9267,0.089999,0.079384
19,244,509,5602,0.092359,0.100171
19,245,599,1332,0.102428,0.104961
19,246,2904,14585,0.099305,0.097967
19,247,1327,3376,0.123750,0.141523
19,248,361,3350,0.056929,0.108509
19,249,952,7445,0.113662,0.120548
19,250,773,5156,0.125709,0.105370
19,251,116,880,0.094558,0.099083
19,252,3,2082,0.104492,0.093697
19,253,123,1309,0.085877,0.100201
19,254,1788,18168,0.100469,0.104041
19,255,323,6964,0.097250,0.097083
20,0,691,2148,0.100407,0.086706
20,1,3725,5298,0.091455,0.091677
20,2,20,187,0.106665,0.089073
20,3,1746,7441,0.077737,0.087922
20,4,0,5586,0.000000,0.082958
20,5,341,2787,0.083867,0.084078
20,6,1603,3291,0.107593,0.095496
20,7,248,4293,0.109825,0.103939
20,8,2365,7369,0.060168,0.098553
20,9,2467,10507,0.091503,0.089666
20,10,8555,9877,0.085857,0.079400
20,11,8378,19168,0.130497,0.141131
20,12,1587,4015,0.082730,0.090092
20,13,87,360,0.082104,0.083246
20,14,101,1056,0.079991,0.077254
20,15,25,1342,0.084043,0.076967
20,16,1063,661,0.060072,0.078870
20,17,9232,17691,0.163785,0.111651
20,18,3890,11803,0.062636,0.094742
20,19,273,1472,0.089843,0.090311
20,20,2,1249,0.072754,0.097543
20,21,304,6069,0.085513,0.089084
20,22,20082,167453,0.135291,0.136674
20,23,1800,2561,0.083779,0.071156
20,24,405,5412,0.089505,0.086826
20,25,446,3933,0.089190,0.084705
20,26,2000,8518,0.101380,0.090731
20,27,38604,160735,0.165263,0.152821
20,28,663,3806,0.092194,0.088812
20,29,41,731,0.079578,0.078983
20,30,72,849,0.089111,0.086655
20,31,686,5535,0.081628,0.080458
20,32,86,1621,0.090272,0.088948
20,33,3388,9160,0.134267,0.151202
20,34,88,1564,0.088631,0.093803
20,35,67,22375,0.106730,0.108940
20,36,1306,21122,0.084438,0.085492
20,37,497,5327,0.106006,0.090090
20,38,2595,20277,0.130310,0.136599
20,39,151,2124,0.090638,0.086666
20,40,275,21532,0.096374,0.089909
20,41,2719,1232,0.058651,0.086455
20,42,3979,9107,0.091542,0.092683
20,43,260,1266,0.094541,0.087428
20,44,374,4287,0.076044,0.080645
20,45,2627,6924,0.096189,0.097459
20,46,247,885,0.102881,0.095648
20,47,816,11452,0.128717,0.137290
20,48,364,3770,0.089272,0.085102
20,49,434,12030,0.123512,0.117264
20,50,22882,7439,0.125992,0.133738
20,51,4,420,0.088135,0.092054
20,52,2,65,0.086426,0.081160
20,53,121,1279,0.082945,0.077271
20,54,41,221,0.086336,0.085065
20,55,716,5023,0.079478,0.080484
20,56,298,5645,0.090300,0.092132
20,57,0,468,0.000000,0.075218
20,58,235,1498,0.106084,0.097104
20,59,126,2145,0.077968,0.086167
20,60,1709,6015,0.087828,0.083533
20,61,14987,18880,0.100443,0.105744
20,62,403,2750,0.085822,0.083706
20,63,28,9421,0.081037,0.091379
20,64,1559,7274,0.118534,0.096684
20,65,2964,11208,0.110604,0.123701
20,66,1922,9551,0.097650,0.091142
20,67,198,3612,0.085806,0.084229
20,68,1219,9219,0.104970,0.114403
20,69,122,592,0.114578,0.092716
20,70,365,3625,0.098306,0.089396
20,71,50,1290,0.085337,0.092184
20,72,7932,12962,0.085106,0.086489
20,73,332,4974,0.078951,0.085247
20,74,128,1132,0.099926,0.098892
20,75,68,534,0.091912,0.087852
20,76,169,148,0.079288,0.080510
20,77,26,10047,0.078670,0.089301
20,78,1502,26153,0.142767,0.191098
20,79,2146,14807,0.099029,0.095432
20,80,172,704,0.101042,0.091678
20,81,2521,18669,0.092036,0.088925
20,82,1068,11410,0.094835,0.092589
20,83,1715,3108,0.093212,0.087387
20,84,6558,36524,0.110684,0.102042
20,85,68,491,0.104600,0.094554
20,86,25,17937,0.096143,0.111380
20,87,10,276,0.101904,0.091332
20,88,61,1403,0.101182,0.092193
20,89,2249,48878,0.119474,0.152472
20,90,204,1385,0.077183,0.080979
20,91,2145,7803,0.124072,0.134613
20,92,5147,23767,0.201714,0.144794
20,93,1465,1449,0.052862,0.085346
20,94,1588,11462,0.093521,0.087973
20,95,124,3481,0.087154,0.081005
20,96,627,4196,0.097199,0.089035
20,97,96,1439,0.098356,0.096042
20,98,1424,3143,0.084586,0.094108
20,99,9327,16059,0.140134,0.084504
20,100,2603,27362,0.101085,0.085439
20,101,132,1051,0.088216,0.090656
20,102,293,1756,0.108632,0.089676
20,103,947,4750,0.099432,0.090146
20,104,895,24696,0.078591,0.128108
20,105,1555,8949,0.080320,0.078931
20,106,2644,14284,0.088453,0.094114
20,107,6065,21137,0.121319,0.106166
20,108,13976,68002,0.089535,0.090616
20,109,217,981,0.088063,0.093839
20,110,15229,146999,0.109566,0.134301
20,111,20,3206,0.090662,0.091325
20,112,1999,15293,0.126244,0.156916
20,113,1606,933,0.151859,0.122559
20,114,435,3446,0.083049,0.079522
20,115,420,1650,0.088910,0.100185
20,116,12846,47839,0.110286,0.197348
20,117,3367,19659,0.120804,0.122968
20,118,2426,13832,0.093668,0.082795
20,119,4926,32869,0.150580,0.144453
20,120,1479,15808,0.158638,0.169106
20,121,426,9760,0.116935,0.128186
20,122,6775,75849,0.125714,0.137762
20,123,860,4772,0.134916,0.125618
20,124,152,916,0.108994,0.093925
20,125,311,808,0.073505,0.086276
20,126,28,88,0.084002,0.088268
20,127,7767,19587,0.163725,0.133599
20,128,9099,37847,0.112036,0.097181
20,129,152,4336,0.087924,0.086410
20,130,4389,16565,0.100762,0.098787
20,131,1086,3227,0.083081,0.078936
20,132,78,825,0.131417,0.097152
20,133,683,502,0.087035,0.081465
20,134,476,3906,0.093896,0.082095
20,135,15349,108393,0.142162,0.148190
20,136,53,332,0.096357,0.098467
20,137,411,1832,0.092806,0.094009
20,138,1903,37118,0.083291,0.091223
20,139,3288,12834,0.085646,0.095435
20,140,303,1574,0.086593,0.079537
20,141,4771,7739,0.133785,0.123948
20,142,431,3979,0.087731,0.092645
20,143,62,604,0.085390,0.091691
20,144,13937,133322,0.149141,0.165999
20,145,407,3013,0.091022,0.095367
20,146,10274,50066,0.129776,0.131187
20,147,77,1349,0.086575,0.087795
20,148,733,16210,0.095162,0.093287
20,149,365,4992,0.094921,0.088469
20,150,4325,33566,0.090536,0.088593
20,151,17461,5333,0.108812,0.098817
20,152,1210,5136,0.079293,0.078891
20,153,1074,3773,0.084741,0.084916
20,154,138,1772,0.089265,0.087533
20,155,38,780,0.086349,0.086237
20,156,443,3288,0.093652,0.092206
20,157,3343,18092,0.138551,0.149343
20,158,367,2619,0.088781,0.088984
20,159,2140,14259,0.108966,0.156004
20,160,14258,9855,0.166706,0.126507
20,161,3497,33301,0.106605,0.096054
20,162,1913,1097,0.043986,0.091944
20,163,545,6239,0.085604,0.090468
20,164,0,341,0.000000,0.094351
20,165,265,627,0.083890,0.082317
20,166,187,3632,0.080397,0.087417
20,167,580,5022,0.105933,0.089361
20,168,3795,10682,0.089185,0.081908
20,169,255,1179,0.075186,0.082046
20,170,463,1524,0.090697,0.088500
20,171,64,447,0.078159,0.082554
20,172,24338,3537,0.160187,0.139283
20,173,2975,2807,0.092889,0.087522
20,174,6280,14562,0.137852,0.153234
20,175,5618,31167,0.124564,0.120297
20,176,3766,2657,0.112701,0.093034
20,177,254,928,0.092695,0.091817
20,178,14860,48013,0.093123,0.091829
20,179,1720,33798,0.102519,0.108452
20,180,330,56116,0.085676,0.096032
20,181,90,1454,0.087477,0.082808
20,182,1140,17336,0.087898,0.087199
20,183,12754,57067,0.118553,0.128125
20,184,226,10357,0.099125,0.103887
20,185,2150,18610,0.110010,0.120315
20,186,901,2658,0.081911,0.106855
20,187,5108,8580,0.098122,0.101144
20,188,17,1030,0.087058,0.085734
20,189,302,3742,0.089104,0.084960
20,190,1297,5111,0.099051,0.093458
20,191,45363,48894,0.149082,0.130096
20,192,189,2760,0.089355,0.090030
20,193,1082,2972,0.081396,0.088161
20,194,16379,59172,0.113009,0.103125
20,195,386,1093,0.116725,0.108943
20,196,67,2299,0.088434,0.085319
20,197,5991,18721,0.112442,0.109638
20,198,10254,137696,0.119458,0.128193
20,199,1364,12537,0.091366,0.088608
20,200,849,8590,0.082226,0.084536
20,201,56,1048,0.099304,0.091742
20,202,4413,29611,0.132804,0.113861
20,203,586,961,0.077707,0.078249
20,204,8389,76212,0.150886,0.162159
20,205,8126,40018,0.094278,0.095074
20,206,34,193,0.098245,0.076612
20,207,48,8575,0.093994,0.094207
20,208,265,1992,0.100047,0.087496
20,209,298,11343,0.087216,0.092312
20,210,388,1046,0.079771,0.086487
20,211,548,4076,0.107028,0.094307
20,212,0,646,0.000000,0.088996
20,213,9508,146628,0.144354,0.159090
20,214,2096,19085,0.097181,0.090013
20,215,671,2565,0.088888,0.086619
20,216,8727,39142,0.173389,0.176601
20,217,5293,26036,0.072158,0.159310
20,218,693,8319,0.089455,0.085981
20,219,144,1476,0.102278,0.086654
20,220,18985,9140,0.129440,0.102302
20,221,544,1765,0.083119,0.087972
20,222,1039,1559,0.104345,0.091123
20,223,3968,13921,0.072980,0.110429
20,224,21520,5742,0.188236,0.118240
20,225,2353,5980,0.098691,0.100502
20,226,7601,53472,0.126558,0.122334
20,227,3199,14719,0.088639,0.088237
20,228,365,9302,0.088727,0.089952
20,229,227,711,0.079966,0.082982
20,230,1092,16806,0.090661,0.081728
20,231,180,4553,0.085676,0.081429
20,232,41608,249615,0.154738,0.156825
20,233,389,810,0.098763,0.097569
20,234,1418,37513,0.099071,0.157818
20,235,3463,7815,0.097080,0.100063
20,236,525,4496,0.089096,0.088322
20,237,11737,36566,0.125703,0.109101
20,238,485,3040,0.094435,0.078392
20,239,4326,46392,0.079238,0.147647
20,240,1326,7321,0.098922,0.091707
20,241,17,68,0.088724,0.079935
20,242,651,5052,0.113374,0.129638
20,243,5207,5787,0.092367,0.117104
20,244,471,12843,0.091436,0.094454
20,245,2918,25786,0.114310,0.102875
20,246,6407,11928,0.110828,0.091019
20,247,6180,73107,0.118035,0.125858
20,248,790,1735,0.088033,0.084534
20,249,462,5852,0.079177,0.086145
20,250,195,1292,0.083348,0.083806
20,251,365,4437,0.091576,0.086470
20,252,13699,59810,0.146848,0.153328
20,253,895,16763,0.087336,0.089438
20,254,7961,51919,0.093729,0.092241
20,255,1341,16025,0.084295,0.076919
21,0,378,5295,0.088981,0.090782
21,1,813,1425,0.089118,0.085019
21,2,9174,11251,0.171330,0.110548
21,3,1236,11355,0.089112,0.094391
21,4,266,1182,0.092612,0.092442
21,5,7,2073,0.115513,0.094634
21,6,9680,3022,0.090261,0.081233
21,7,622,4765,0.090814,0.089258
21,8,5667,15192,0.084302,0.095077
21,9,1,700,0.088379,0.073092
21,10,179,1068,0.088365,0.095153
21,11,90,1686,0.097987,0.091226
21,12,2793,18680,0.098510,0.113459
21,13,50,797,0.101157,0.090911
21,14,131,5854,0.115857,0.101725
21,15,4604,49805,0.120978,0.124928
21,16,51,2369,0.093396,0.088875
21,17,1019,14301,0.095497,0.088042
21,18,10326,5451,0.135707,0.095276
21,19,2893,12696,0.127067,0.135374
21,20,240,3791,0.093393,0.093239
21,21,93,2432,0.095385,0.093900
21,22,3688,44376,0.104885,0.108439
21,23,163,1124,0.089448,0.087444
21,24,1207,11705,0.103840,0.097186
21,25,454,10343,0.118162,0.111026
21,26,252,4608,0.075071,0.091684
21,27,3085,21496,0.097048,0.094492
21,28,8,1462,0.091553,0.076076
21,29,3083,36429,0.094719,0.129931
21,30,1167,2537,0.068586,0.098366
21,31,600,34468,0.085963,0.093477
21,32,2576,7613,0.099010,0.119832
21,33,149,4345,0.098689,0.092174
21,34,563,6148,0.092823,0.088706
21,35,925,2986,0.090756,0.078996
21,36,829,10977,0.081059,0.082871
21,37,316,5628,0.087392,0.089191
21,38,4815,782,0.115914,0.099823
21,39,2401,7567,0.208136,0.159096
21,40,20,505,0.099377,0.093488
21,41,3,184,0.059245,0.067565
21,42,93,3643,0.092419,0.103446
21,43,396,3962,0.080844,0.088822
21,44,29828,9175,0.100787,0.109925
21,45,5848,15750,0.085593,0.092752
21,46,70,647,0.087783,0.086185
21,47,1077,5341,0.078900,0.102884
21,48,437,8003,0.082921,0.086143
21,49,9491,254490,0.132404,0.143398
21,50,3887,36252,0.100613,0.102605
21,51,8,1314,0.090729,0.091206
21,52,642,7487,0.094531,0.092818
21,53,1855,12301,0.110164,0.109459
21,54,83,3319,0.095483,0.119168
21,55,1989,8139,0.070352,0.098174
21,56,630,17847,0.085681,0.085165
21,57,2,1416,0.089111,0.073818
21,58,33397,8260,0.144690,0.112889
21,59,30,984,0.033386,0.092311
21,60,3331,33990,0.107086,0.105599
21,61,17,32,0.102065,0.099472
21,62,282,12931,0.093322,0.096316
21,63,3176,13324,0.074366,0.095318
21,64,5142,33781,0.116203,0.116088
21,65,420,6635,0.087206,0.088602
21,66,201,3162,0.108674,0.092636
21,67,12626,3777,0.102912,0.083122
21,68,92,722,0.083618,0.091197
21,69,7060,40883,0.152871,0.182543
21,70,12445,98352,0.138658,0.142880
21,71,4062,42567,0.082050,0.128928
21,72,10736,16917,0.160391,0.115952
21,73,187,6506,0.088496,0.111267
21,74,296,1472,0.086033,0.085998
21,75,1535,11561,0.093673,0.091823
21,76,279,541,0.078465,0.083163
21,77,7301,38033,0.138391,0.143463
21,78,4372,18240,0.078182,0.085707
21,79,3723,10407,0.101697,0.091509
21,80,717,2919,0.086884,0.088655
21,81,4,46,0.101929,0.093081
21,82,169,1547,0.113161,0.093277
21,83,1416,14461,0.107545,0.090947
21,84,0,66,0.000000,0.067605
21,85,7277,165841,0.108974,0.137843
21,86,4951,108772,0.088081,0.106983
21,87,22,208,0.107666,0.100961
21,88,892,14168,0.095608,0.101733
21,89,71,745,0.077434,0.081885
21,90,9351,50786,0.112162,0.118515
21,91,291,3732,0.093354,0.087844
21,92,1,68,0.063477,0.076818
21,93,0,143,0.000000,0.062602
21,94,854,35617,0.092637,0.121496
21,95,72205,4322,0.190862,0.082799
21,96,748,7937,0.131008,0.129084
21,97,22846,73604,0.165629,0.157014
21,98,5,36503,0.099512,0.124621
21,99,4172,38255,0.097898,0.104134
21,100,26904,248406,0.155237,0.174505
21,101,427,7444,0.082209,0.089533
21,102,1072,4075,0.110343,0.101226
21,103,2051,11104,0.067485,0.086469
21,104,16,1597,0.079453,0.085046
21,105,340,2607,0.106246,0.095906
21,106,689,8203,0.100773,0.097905
21,107,1415,24733,0.104647,0.097737
21,108,255,1496,0.103216,0.104929
21,109,9010,62176,0.143414,0.181881
21,110,933,3394,0.117522,0.101508
21,111,227,422,0.098639,0.095858
21,112,4159,11507,0.104541,0.115477
21,113,4994,27275,0.071426,0.109919
21,114,296,9786,0.082364,0.089904
21,115,312,323,0.073663,0.080599
21,116,3483,32189,0.114619,0.177686
21,117,1241,14835,0.091473,0.120365
21,118,548,7016,0.091890,0.089966
21,119,6562,9893,0.084318,0.087507
21,120,0,15030,0.000000,0.134849
21,121,9009,53164,0.159313,0.167069
21,122,8458,22856,0.084225,0.102337
21,123,54,1061,0.096901,0.098176
21,124,203,7515,0.085664,0.087590
21,125,98,780,0.087422,0.090216
21,126,3048,25205,0.151885,0.162983
21,127,5080,17613,0.069881,0.113822
21,128,3159,21865,0.105177,0.094402
21,129,608,5242,0.099682,0.096933
21,130,27,273,0.080675,0.083020
21,131,2,267,0.086670,0.084035
21,132,6627,21263,0.136162,0.172846
21,133,747,7846,0.121156,0.088134
21,134,2351,35878,0.114820,0.109164
21,135,1406,15214,0.090880,0.090973
21,136,1342,19895,0.100267,0.103421
21,137,4459,5644,0.108772,0.114904
21,138,1703,11789,0.082930,0.082484
21,139,489,1582,0.095685,0.091443
21,140,51,1306,0.086148,0.097138
21,141,943,22729,0.082433,0.090607
21,142,3650,14633,0.117841,0.113486
21,143,5985,45799,0.145453,0.137104
21,144,16943,40892,0.141651,0.130017
21,145,41,662,0.100800,0.094524
21,146,1513,1533,0.057786,0.094404
21,147,121,3837,0.081419,0.087629
21,148,1736,11021,0.231999,0.174616
21,149,323,6131,0.091615,0.092610
21,150,29920,126062,0.097217,0.097988
21,151,15,16467,0.098633,0.138449
21,152,2825,23356,0.111500,0.107436
21,153,49,1204,0.096271,0.098736
21,154,2026,10800,0.093144,0.088116
21,155,8019,16515,0.096867,0.106582
21,156,7460,22637,0.121408,0.171641
21,157,655,7452,0.097024,0.091693
21,158,565,18766,0.095615,0.095551
21,159,298,5322,0.092881,0.089712
21,160,11016,55842,0.152600,0.179226
21,161,852,15374,0.097285,0.099208
21,162,738,1503,0.108309,0.099925
21,163,771,12884,0.099337,0.091293
21,164,3324,33832,0.102091,0.145224
21,165,206,721,0.110525,0.103444
21,166,2190,15127,0.152075,0.137306
21,167,31,2031,0.082346,0.095311
21,168,151,1066,0.089433,0.086459
21,169,1958,35236,0.087545,0.094415
21,170,1415,6057,0.138412,0.116167
21,171,4862,15674,0.084742,0.114509
21,172,10,279,0.085791,0.090266
21,173,345,3388,0.087468,0.088805
21,174,3235,8478,0.069023,0.086709
21,175,11,707,0.095881,0.095110
21,176,0,324,0.000000,0.076838
21,177,2208,14020,0.091016,0.089769
21,178,1143,14184,0.121085,0.137970
21,179,948,3813,0.091052,0.090095
21,180,4265,21760,0.114275,0.129047
21,181,141,1595,0.086190,0.093772
21,182,685,10070,0.094425,0.092861
21,183,45,3027,0.084956,0.094424
21,184,9930,7702,0.147715,0.273856
21,185,6208,30534,0.137345,0.155281
21,186,0,21,0.000000,0.098133
21,187,1576,15930,0.109019,0.114982
21,188,41,1148,0.078327,0.092252
21,189,30,2007,0.094877,0.115296
21,190,295,3306,0.099218,0.096927
21,191,4680,42311,0.086708,0.159425
21,192,574,4860,0.098990,0.096259
21,193,212,1808,0.099746,0.096133
21,194,1455,9688,0.091604,0.103319
21,195,899,18530,0.088807,0.087767
21,196,450,1846,0.096892,0.092065
21,197,1132,12869,0.042152,0.106728
21,198,7662,14228,0.092246,0.115252
21,199,110,3784,0.092314,0.091392
21,200,1875,18296,0.115706,0.108536
21,201,3798,7426,0.060734,0.100094
21,202,5409,3216,0.118515,0.104762
21,203,1872,26483,0.123492,0.174041
21,204,285,2541,0.101835,0.093005
21,205,6698,16647,0.129184,0.125918
21,206,3874,15787,0.145962,0.171868
21,207,131,4379,0.119081,0.098638
21,208,3403,23528,0.127832,0.112928
21,209,13361,9397,0.157456,0.112248
21,210,7796,21640,0.097360,0.117417
21,211,577,1028,0.100136,0.094526
21,212,1437,2138,0.098931,0.103734
21,213,6716,7501,0.106470,0.106155
21,214,14721,30416,0.095537,0.093344
21,215,747,11566,0.142927,0.140167
21,216,3010,6132,0.120336,0.098181
21,217,1825,20763,0.129998,0.156136
21,218,4003,38391,0.098499,0.098745
21,219,555,3094,0.100177,0.091415
21,220,482,1803,0.120538,0.100088
21,221,7201,12158,0.109229,0.108602
21,222,644,7773,0.095190,0.094313
21,223,17,488,0.094770,0.101690
21,224,207,6614,0.108549,0.096630
21,225,6801,54749,0.113491,0.115178
21,226,1457,12063,0.092649,0.095658
21,227,439,6579,0.121243,0.103357
21,228,5706,67001,0.086681,0.110112
21,229,1057,16377,0.094839,0.097936
21,230,1610,6999,0.093702,0.095626
21,231,2357,12219,0.134005,0.119612
21,232,5435,15179,0.086501,0.128885
21,233,711,12205,0.098873,0.098988
21,234,308,1510,0.093350,0.095724
21,235,5499,8817,0.082338,0.092173
21,236,917,3048,0.104285,0.100058
21,237,433,5222,0.106647,0.102097
21,238,123,1463,0.081978,0.082533
21,239,2339,17672,0.180356,0.119359
21,240,435,7484,0.138929,0.139369
21,241,8075,29739,0.142968,0.180773
21,242,391,1958,0.115979,0.102667
21,243,19269,11395,0.153172,0.096573
21,244,2091,4246,0.099609,0.094728
21,245,3958,33878,0.107875,0.118097
21,246,9800,11790,0.107969,0.116218
21,247,443,7707,0.111490,0.092626
21,248,3521,17544,0.084842,0.098264
21,249,721,8036,0.096144,0.100819
21,250,216,766,0.109524,0.096497
21,251,524,972,0.136147,0.118105
21,252,2588,30229,0.101113,0.095693
21,253,2274,6956,0.122330,0.108543
21,254,41,654,0.102057,0.097914
21,255,13368,8339,0.131976,0.119208
22,0,2917,13049,0.134665,0.123878
22,1,957,31958,0.101409,0.113268
22,2,185,2412,0.081086,0.086866
22,3,314,994,0.085081,0.078541
22,4,594,6012,0.104771,0.099928
22,5,90,1931,0.087242,0.095686
22,6,5392,9369,0.108600,0.102485
22,7,890,6489,0.098488,0.095396
22,8,41,1132,0.099669,0.088317
22,9,516,17800,0.089369,0.142726
22,10,3587,14661,0.124046,0.102208
22,11,4360,9914,0.090353,0.098037
22,12,2913,14086,0.133689,0.148697
22,13,3576,23768,0.096340,0.090876
22,14,81,5584,0.148564,0.141189
22,15,123,1072,0.097724,0.087915
22,16,3,47,0.102051,0.073346
22,17,776,8092,0.112873,0.141017
22,18,107,786,0.083464,0.081990
22,19,1626,12474,0.110421,0.141245
22,20,731,5024,0.102945,0.102461
22,21,2640,13884,0.080904,0.106789
22,22,2848,6769,0.081432,0.108387
22,23,3206,5537,0.149434,0.095467
22,24,1010,16114,0.118692,0.160106
22,25,4732,582,0.107813,0.085104
22,26,861,21268,0.102969,0.106440
22,27,3656,806,0.115114,0.100258
22,28,1436,25754,0.086174,0.090007
22,29,2196,9990,0.104483,0.095746
22,30,1537,4649,0.091194,0.090014
22,31,378,2637,0.084749,0.086267
22,32,3563,42568,0.115345,0.121398
22,33,784,11926,0.086317,0.089370
22,34,4549,111031,0.107231,0.122393
22,35,167,3788,0.045220,0.076235
22,36,6775,18548,0.174368,0.130017
22,37,495,5720,0.097037,0.097403
22,38,2341,7628,0.135397,0.084323
22,39,668,6811,0.078032,0.081329
22,40,1443,246,0.072256,0.073514
22,41,1735,4426,0.082983,0.082604
22,42,1584,8166,0.095457,0.087028
22,43,1639,8769,0.089551,0.096364
22,44,1786,10253,0.095085,0.096263
22,45,6912,68738,0.113935,0.120311
22,46,4358,7160,0.084172,0.138380
22,47,2064,10809,0.104308,0.098041
22,48,323,6974,0.101058,0.101707
22,49,2098,13759,0.107416,0.107549
22,50,5307,7308,0.075230,0.085462
22,51,103,2635,0.100489,0.092386
22,52,570,9471,0.090964,0.095567
22,53,1342,7280,0.106678,0.102116
22,54,5120,8279,0.114354,0.100662
22,55,2,54,0.086670,0.072948
22,56,5996,1892,0.105413,0.108088
22,57,149,636,0.093347,0.090326
22,58,183,1362,0.088025,0.090639
22,59,650,5105,0.110226,0.104082
22,60,2767,18859,0.104537,0.103573
22,61,4333,7394,0.112977,0.107065
22,62,993,18806,0.122755,0.156750
22,63,20,4278,0.077795,0.085541
22,64,322,10124,0.080055,0.086915
22,65,14121,12815,0.160193,0.092386
22,66,203,542,0.093426,0.086279
22,67,507,4357,0.094179,0.085117
22,68,3811,20553,0.103217,0.202550
22,69,236,22981,0.095580,0.111619
22,70,17024,57344,0.116623,0.130229
22,71,541,12712,0.102912,0.098073
22,72,23,6077,0.106116,0.109526
22,73,1113,3054,0.104173,0.102135
22,74,13873,68491,0.142561,0.156133
22,75,549,4221,0.096131,0.091754
22,76,11702,20945,0.107644,0.108453
22,77,2370,23668,0.090321,0.110949
22,78,2124,20754,0.095737,0.091251
22,79,156,1142,0.077374,0.093104
22,80,3154,16514,0.115056,0.101216
22,81,380,4860,0.093366,0.093861
22,82,8827,8173,0.097751,0.089699
22,83,751,28281,0.085205,0.117773
22,84,110,173,0.090763,0.081350
22,85,669,1535,0.099039,0.101891
22,86,1107,17264,0.089477,0.098950
22,87,250,846,0.074167,0.090194
22,88,2110,57614,0.135979,0.188363
22,89,11468,79296,0.132185,0.154075
22,90,5269,7090,0.062212,0.095098
22,91,1552,7017,0.078173,0.138284
22,92,913,3126,0.118308,0.121299
22,93,6654,12867,0.108453,0.093345
22,94,1058,3169,0.041851,0.086471
22,95,22450,26479,0.165831,0.129662
22,96,151,4556,0.119941,0.113189
22,97,1314,2419,0.101222,0.094204
22,98,9187,46606,0.130931,0.144646
22,99,6,343,0.072917,0.081062
22,100,3959,7062,0.080646,0.077159
22,101,0,324,0.000000,0.071753
22,102,4039,1744,0.100398,0.093679
22,103,4137,2686,0.133951,0.100649
22,104,3220,8968,0.108797,0.100425
22,105,762,6182,0.080958,0.084290
22,106,69,631,0.080014,0.094888
22,107,390,1433,0.091385,0.090141
22,108,3107,26689,0.107046,0.110231
22,109,3095,9874,0.094864,0.152128
22,110,5560,23203,0.129679,0.115274
22,111,17211,124651,0.118057,0.120593
22,112,42,849,0.079962,0.094600
22,113,8272,55894,0.145964,0.177214
22,114,97,6393,0.110024,0.104480
22,115,2834,25877,0.069157,0.104002
22,116,1236,28487,0.111833,0.129935
22,117,286,2741,0.089396,0.098655
22,118,2334,12777,0.117316,0.101038
22,119,473,3627,0.098408,0.104077
22,120,4018,5959,0.380091,0.376789
22,121,5094,14779,0.101672,0.103133
22,122,6219,33504,0.091360,0.137357
22,123,3487,10418,0.115713,0.100638
22,124,65234,42379,0.159741,0.106828
22,125,10057,19286,0.128456,0.107361
22,126,1466,3509,0.116833,0.114668
22,127,5363,30026,0.118362,0.110376
22,128,514,978,0.099852,0.093696
22,129,2863,14496,0.103419,0.106864
22,130,799,25965,0.088014,0.135832
22,131,24353,222047,0.127638,0.139186
22,132,153,2345,0.101184,0.092359
22,133,13678,13486,0.196341,0.110985
22,134,596,1151,0.091579,0.090472
22,135,1202,4537,0.109652,0.088632
22,136,6307,11203,0.078211,0.102084
22,137,1400,7484,0.094804,0.111167
22,138,430,2115,0.086268,0.080753
22,139,6350,32395,0.127833,0.128518
22,140,1449,10381,0.093271,0.094324
22,141,1146,8809,0.105034,0.106011
22,142,1450,10730,0.129300,0.139947
22,143,227,910,0.092729,0.091106
22,144,2091,7246,0.109003,0.098822
22,145,1053,32105,0.121777,0.190524
22,146,540,5534,0.094043,0.099510
22,147,456,65,0.101252,0.103410
22,148,1058,1449,0.124844,0.098926
22,149,1841,5813,0.116016,0.097989
22,150,6541,7585,0.078108,0.089426
22,151,1586,17346,0.061317,0.100881
22,152,7342,2407,0.117410,0.094801
22,153,376,3398,0.108293,0.095167
22,154,2249,13560,0.107181,0.117908
22,155,2,70,0.059814,0.066253
22,156,514,1155,0.127431,0.117835
22,157,4068,53354,0.120458,0.146259
22,158,26,669,0.086172,0.096685
22,159,1675,18727,0.109719,0.109052
22,160,11481,84414,0.216658,0.191953
22,161,3751,14775,0.099628,0.133313
22,162,6628,13967,0.091906,0.094171
22,163,3329,15151,0.115772,0.169602
22,164,382,4117,0.096106,0.097904
22,165,70,3179,0.084005,0.091130
22,166,1590,11276,0.108467,0.106576
22,167,8314,10543,0.114578,0.088464
22,168,4220,28139,0.083690,0.090608
22,169,3703,41816,0.094543,0.156403
22,170,1884,8510,0.111790,0.097594
22,171,13,30,0.088895,0.095947
22,172,317,2751,0.092401,0.093831
22,173,3493,22431,0.118234,0.137155
22,174,95,1850,0.094652,0.094085
22,175,7362,6763,0.123705,0.083426
22,176,8037,12522,0.099799,0.163871
22,177,138,25547,0.101610,0.179757
22,178,5431,112956,0.119028,0.122617
22,179,3394,11075,0.064969,0.110209
22,180,3810,41766,0.093929,0.101041
22,181,910,2300,0.089933,0.088785
22,182,3417,6110,0.063204,0.098390
22,183,1408,14176,0.109424,0.104892
22,184,8596,7687,0.145284,0.098857
22,185,2011,12950,0.163003,0.118639
22,186,4181,43006,0.115086,0.110232
22,187,279,5781,0.095512,0.098782
22,188,33,1392,0.086581,0.089584
22,189,2369,5203,0.064594,0.092645
22,190,113,528,0.110228,0.100418
22,191,4791,8926,0.104184,0.110823
22,192,7509,9618,0.089412,0.097391
22,193,1538,8726,0.104686,0.112310
22,194,735,6839,0.092833,0.108017
22,195,7383,11949,0.090989,0.099390
22,196,21,14853,0.094889,0.085333
22,197,14073,49566,0.145767,0.128669
22,198,5461,30926,0.114839,0.132838
22,199,3690,14243,0.102409,0.125976
22,200,2289,4045,0.102471,0.097818
22,201,805,3891,0.098023,0.087795
22,202,1369,10765,0.111587,0.107008
22,203,14019,16271,0.214145,0.132997
22,204,712,1463,0.093699,0.092035
22,205,174,845,0.090397,0.088987
22,206,1763,9128,0.184631,0.100862
22,207,1686,57398,0.104090,0.127752
22,208,681,30966,0.099129,0.102947
22,209,1151,6877,0.087971,0.091613
22,210,1083,14446,0.096953,0.095630
22,211,2555,17238,0.109741,0.099611
22,212,956,10795,0.091076,0.106558
22,213,899,6883,0.100046,0.099731
22,214,3334,4999,0.109219,0.093770
22,215,1235,18545,0.111030,0.136574
22,216,60,2824,0.093490,0.110529
22,217,2587,2414,0.120129,0.090877
22,218,777,14684,0.102975,0.143630
22,219,6636,10504,0.091509,0.100205
22,220,1692,7467,0.124619,0.124905
22,221,8597,50190,0.138683,0.156221
22,222,173,7052,0.096320,0.100069
22,223,618,2349,0.095674,0.096488
22,224,3583,20420,0.108638,0.105022
22,225,227,1369,0.105815,0.103708
22,226,7758,80695,0.105133,0.120994
22,227,3092,12932,0.164898,0.104513
22,228,1163,19029,0.104085,0.139808
22,229,2366,24109,0.121029,0.140622
22,230,11852,56124,0.126019,0.124494
22,231,15746,13045,0.133304,0.102918
22,232,141,4001,0.086289,0.091524
22,233,3276,27424,0.117894,0.136548
22,234,1130,23996,0.131798,0.109706
22,235,1032,10416,0.102859,0.111040
22,236,1,43486,0.056396,0.146969
22,237,78,742,0.072165,0.074906
22,238,4805,20249,0.119107,0.104833
22,239,263,1399,0.091480,0.090386
22,240,82,3870,0.093190,0.122232
22,241,562,7422,0.092649,0.091531
22,242,2074,26435,0.123927,0.146276
22,243,13538,10816,0.151337,0.113243
22,244,4033,21454,0.115857,0.122577
22,245,3031,40238,0.108287,0.116847
22,246,483,2922,0.108635,0.103500
22,247,4711,50211,0.091198,0.118652
22,248,710,7869,0.175192,0.128773
22,249,6731,13376,0.130175,0.106727
22,250,3733,34648,0.116064,0.121318
22,251,6121,47073,0.134478,0.138013
22,252,1464,3720,0.122427,0.111201
22,253,1091,7354,0.114057,0.118913
22,254,442,2145,0.101722,0.092160
22,255,1273,5345,0.108048,0.095695
23,0,7489,78657,0.114867,0.113083
23,1,408,10046,0.072559,0.075960
23,2,4131,30707,0.105793,0.104946
23,3,3056,5908,0.102740,0.102586
23,4,4470,7556,0.135120,0.104867
23,5,2756,9116,0.111120,0.095360
23,6,338,2068,0.088609,0.082270
23,7,132,815,0.078475,0.080328
23,8,53,560,0.090415,0.079737
23,9,722,5980,0.105571,0.144088
23,10,117,1572,0.091271,0.087129
23,11,4598,20971,0.138073,0.132258
23,12,0,1657,0.000000,0.074242
23,13,1034,3169,0.098021,0.099541
23,14,1298,4871,0.070180,0.084994
23,15,2278,9606,0.123140,0.109321
23,16,2521,14698,0.136696,0.102659
23,17,1123,21979,0.109912,0.098130
23,18,3312,15409,0.128823,0.187842
23,19,9086,28630,0.203311,0.153480
23,20,1598,8814,0.175265,0.169637
23,21,13,75,0.089487,0.084889
23,22,5690,8804,0.128802,0.108465
23,23,1776,14171,0.106242,0.115822
23,24,3137,9914,0.156064,0.097270
23,25,1725,5322,0.130179,0.093324
23,26,1878,25459,0.089060,0.086668
23,27,1604,21208,0.135923,0.147721
23,28,2401,6378,0.094506,0.097124
23,29,4622,12436,0.132608,0.111372
23,30,486,631,0.073175,0.076429
23,31,1443,5032,0.106126,0.100620
23,32,556,234,0.101679,0.080259
23,33,2559,16077,0.120383,0.110420
23,34,4192,15855,0.105307,0.092661
23,35,644,6817,0.085903,0.085358
23,36,4023,26358,0.153984,0.169021
23,37,1462,9698,0.107732,0.109031
23,38,4135,27323,0.105535,0.103290
23,39,3493,41421,0.123059,0.166752
23,40,5384,29672,0.092336,0.093859
23,41,5683,8802,0.139226,0.164649
23,42,70,48531,0.100949,0.141677
23,43,8106,43651,0.134762,0.129065
23,44,146,1075,0.096188,0.091404
23,45,2405,11166,0.098869,0.090934
23,46,636,4298,0.103873,0.101908
23,47,3989,9264,0.045882,0.105790
23,48,4661,27680,0.148794,0.148327
23,49,186,6213,0.128452,0.110340
23,50,2298,1332,0.105294,0.100838
23,51,6250,9663,0.091156,0.097898
23,52,456,199,0.098851,0.090629
23,53,577,4933,0.074707,0.076948
23,54,4548,44953,0.108376,0.105787
23,55,344,1796,0.077408,0.079461
23,56,1260,10982,0.091774,0.095061
23,57,528,13504,0.134316,0.149341
23,58,3671,10025,0.100183,0.099421
23,59,11,13572,0.075573,0.102907
23,60,438,1118,0.136239,0.121657
23,61,25584,48393,0.127332,0.098351
23,62,50,10959,0.087339,0.091617
23,63,5413,3527,0.143996,0.126474
23,64,3234,20495,0.139865,0.216924
23,65,810,2654,0.082326,0.081220
23,66,348,13028,0.122026,0.106172
23,67,13,258,0.082801,0.097854
23,68,2487,4981,0.094059,0.087979
23,69,761,14463,0.117334,0.120808
23,70,455,22054,0.099081,0.106787
23,71,436,3130,0.093100,0.096684
23,72,4466,35440,0.135216,0.132326
23,73,4792,14720,0.110760,0.105795
23,74,3878,14356,0.133791,0.114485
23,75,4671,11545,0.123743,0.106027
23,76,2191,15122,0.126126,0.098279
23,77,14610,75231,0.142084,0.144270
23,78,2918,8591,0.071527,0.145707
23,79,567,6156,0.133625,0.122167
23,80,11353,98489,0.235794,0.233672
23,81,840,7261,0.103083,0.099036
23,82,5590,9530,0.108403,0.089365
23,83,17437,251769,0.150047,0.161845
23,84,40,263,0.092889,0.084668
23,85,1423,16791,0.071268,0.152767
23,86,3163,14059,0.095034,0.087902
23,87,6842,12566,0.105555,0.098157
23,88,5197,20968,0.124481,0.094033
23,89,11060,9264,0.100774,0.107721
23,90,4489,10126,0.169177,0.100515
23,91,496,8360,0.084103,0.083331
23,92,5989,9533,0.125394,0.100583
23,93,988,17459,0.141077,0.132242
23,94,724,955,0.086626,0.083877
23,95,215,14068,0.099919,0.095248
23,96,2853,12047,0.063315,0.087604
23,97,11648,120209,0.110398,0.109273
23,98,323,20004,0.077966,0.087518
23,99,1017,16340,0.097775,0.121736
23,100,331,2712,0.119242,0.091151
23,101,0,749,0.000000,0.079793
23,102,3431,6182,0.091074,0.091466
23,103,34,312,0.095552,0.090380
23,104,2213,6301,0.081839,0.096251
23,105,1270,389,0.102836,0.088281
23,106,858,15442,0.099770,0.109128
23,107,5144,59994,0.076974,0.117854
23,108,19724,9315,0.153510,0.084768
23,109,938,6140,0.126087,0.107628
23,110,162,3103,0.089464,0.087298
23,111,226,39831,0.082854,0.108466
23,112,2022,3652,0.110574,0.096585
23,113,339,2451,0.114698,0.088103
23,114,2274,15235,0.152529,0.182142
23,115,490,4090,0.090474,0.094081
23,116,1108,10561,0.132195,0.135435
23,117,1903,7915,0.106057,0.091178
23,118,6717,35755,0.168925,0.174704
23,119,2236,19713,0.092571,0.089790
23,120,3506,19940,0.116948,0.120833
23,121,1009,7767,0.104931,0.104609
23,122,77,1653,0.086381,0.088360
23,123,1192,44430,0.105290,0.122694
23,124,1088,61667,0.098307,0.115529
23,125,486,9057,0.078832,0.081566
23,126,8128,10212,0.109704,0.101035
23,127,909,11263,0.094786,0.091318
23,128,8854,24692,0.088305,0.125017
23,129,2709,36554,0.131298,0.126380
23,130,220,18617,0.094414,0.111560
23,131,1233,3262,0.098031,0.089995
23,132,8460,10559,0.080226,0.092159
23,133,2517,30132,0.132714,0.149959
23,134,849,7410,0.094000,0.085961
23,135,2662,1989,0.104181,0.096040
23,136,3813,18181,0.120618,0.122124
23,137,9,620,0.077772,0.069994
23,138,7398,8988,0.112760,0.105960
23,139,3825,1265,0.137860,0.091850
23,140,628,26235,0.140267,0.152897
23,141,223,694,0.093948,0.098851
23,142,2191,12950,0.147188,0.146508
23,143,11678,2949,0.168259,0.104996
23,144,6402,7522,0.087950,0.118604
23,145,2140,58792,0.097821,0.117424
23,146,1485,2794,0.105505,0.098368
23,147,680,6769,0.107109,0.105660
23,148,4285,7018,0.092887,0.106564
23,149,3174,7133,0.070400,0.085634
23,150,20932,18953,0.172853,0.114370
23,151,658,3867,0.113171,0.124329
23,152,9399,5303,0.109013,0.102294
23,153,2947,14491,0.100505,0.178542
23,154,984,4833,0.141292,0.123705
23,155,1518,8126,0.112924,0.104998
23,156,1206,4738,0.125089,0.117057
23,157,1732,1919,0.135541,0.101594
23,158,3989,17798,0.115743,0.117608
23,159,485,3764,0.098608,0.095345
23,160,3188,11884,0.048205,0.091720
23,161,2858,32794,0.146115,0.193995
23,162,10193,13018,0.148662,0.092367
23,163,2088,5131,0.110263,0.098188
23,164,729,13598,0.110440,0.107297
23,165,40,249,0.088232,0.085098
23,166,1963,1302,0.116855,0.086390
23,167,3708,17021,0.115114,0.122201
23,168,4219,20726,0.112531,0.100440
23,169,7064,32882,0.128998,0.123531
23,170,175,6182,0.094362,0.096738
23,171,3127,6934,0.080539,0.095470
23,172,1136,19328,0.094598,0.095037
23,173,2113,6620,0.116032,0.097180
23,174,2784,29406,0.129486,0.127898
23,175,5627,28770,0.119908,0.123474
23,176,3777,10465,0.124621,0.097911
23,177,7201,13063,0.114883,0.105659
23,178,3443,1461,0.138511,0.082192
23,179,193,35257,0.095909,0.175379
23,180,10190,9606,0.223643,0.163849
23,181,208,59502,0.076887,0.108332
23,182,88,2299,0.076324,0.084728
23,183,8186,9433,0.113939,0.101880
23,184,2505,11537,0.107248,0.103832
23,185,1,212,0.092773,0.062833
23,186,2140,22050,0.115171,0.102150
23,187,7290,6456,0.082138,0.082243
23,188,15326,5259,0.122860,0.097360
23,189,3828,46424,0.136993,0.174149
23,190,201,1382,0.092428,0.085431
23,191,2170,22718,0.112842,0.097407
23,192,3134,22243,0.100168,0.189566
23,193,6900,3865,0.128983,0.100049
23,194,4586,33645,0.114941,0.116648
23,195,3,25961,0.081543,0.115616
23,196,6244,9741,0.096831,0.095193
23,197,1350,2975,0.107308,0.101069
23,198,57,556,0.097057,0.089997
23,199,8518,43144,0.141876,0.159217
23,200,271,4405,0.086906,0.088623
23,201,2156,21425,0.119612,0.123721
23,202,1719,25274,0.104852,0.105170
23,203,449,9239,0.142445,0.136722
23,204,25534,26086,0.158831,0.102546
23,205,11862,10920,0.132148,0.100401
23,206,5553,18096,0.104927,0.127202
23,207,139,6573,0.101007,0.098785
23,208,228,1351,0.125266,0.096017
23,209,777,7142,0.134753,0.141331
23,210,1711,7775,0.152386,0.144559
23,211,16921,70705,0.136907,0.130145
23,212,516,360,0.086126,0.082648
23,213,4216,10581,0.088917,0.101099
23,214,1014,10918,0.102214,0.104335
23,215,4269,7536,0.086239,0.104623
23,216,518,8474,0.103156,0.101421
23,217,2805,18817,0.108446,0.105422
23,218,2430,24392,0.130120,0.142846
23,219,2532,6578,0.114960,0.106998
23,220,610,9289,0.113178,0.131890
23,221,240,7367,0.090508,0.150112
23,222,973,4078,0.125685,0.109615
23,223,2662,10495,0.117013,0.095646
23,224,3003,24290,0.102675,0.113405
23,225,3155,6946,0.112161,0.089302
23,226,8224,12594,0.107871,0.098939
23,227,17,974,0.100442,0.096546
23,228,1371,4522,0.108815,0.091550
23,229,11400,9870,0.148979,0.101650
23,230,938,5587,0.100563,0.092777
23,231,1065,2620,0.075091,0.118289
23,232,11042,46615,0.117631,0.115403
23,233,1447,22957,0.110954,0.103500
23,234,2,164,0.076782,0.063325
23,235,0,77,0.000000,0.077871
23,236,96,12946,0.101794,0.104404
23,237,3333,12189,0.136191,0.124522
23,238,2136,5576,0.098658,0.110893
23,239,2692,24996,0.067831,0.126844
23,240,388,1732,0.097094,0.092654
23,241,3101,51146,0.119263,0.123120
23,242,654,6189,0.087515,0.093167
23,243,2074,34707,0.096172,0.095058
23,244,7602,52576,0.128392,0.150209
23,245,4595,58781,0.099500,0.105357
23,246,7365,16424,0.110378,0.103805
23,247,575,11567,0.132725,0.130888
23,248,1911,15488,0.099383,0.107766
23,249,9280,12002,0.116940,0.099819
23,250,118,1075,0.093090,0.091491
23,251,669,6062,0.083236,0.081477
23,252,355,1551,0.082654,0.081582
23,253,3413,8326,0.129442,0.102407
23,254,666,6216,0.098867,0.102096
23,255,132,9445,0.099515,0.090531
24,0,7556,11090,0.094513,0.103668
24,1,23766,6669,0.112976,0.093478
24,2,2182,24863,0.116744,0.112435
24,3,47,11905,0.096747,0.099830
24,4,7314,10098,0.098906,0.106810
24,5,3006,10202,0.091209,0.090406
24,6,3528,11592,0.109043,0.095099
24,7,366,4486,0.101049,0.102885
24,8,1661,10211,0.111098,0.109208
24,9,267,2012,0.097195,0.094030
24,10,723,5901,0.104475,0.101778
24,11,483,26652,0.103225,0.127602
24,12,553,7298,0.103392,0.101517
24,13,2971,2235,0.079143,0.091034
24,14,990,7116,0.117582,0.108698
24,15,1,61666,0.078613,0.120116
24,16,6190,13787,0.085938,0.096030
24,17,43,95,0.091649,0.091835
24,18,886,10492,0.098140,0.094314
24,19,44,898,0.095015,0.095474
24,20,6854,8335,0.097200,0.097827
24,21,797,1169,0.113789,0.107892
24,22,1711,14991,0.096668,0.112169
24,23,1672,6712,0.093692,0.116424
24,24,6715,11673,0.076715,0.113064
24,25,10616,95988,0.134173,0.134054
24,26,1239,35096,0.102306,0.128576
24,27,1033,19195,0.092955,0.097264
24,28,6962,115611,0.107040,0.117553
24,29,978,7751,0.105441,0.092619
24,30,924,8184,0.107792,0.107526
24,31,1767,24233,0.104948,0.113830
24,32,1037,23173,0.107663,0.112539
24,33,5024,26656,0.120687,0.122444
24,34,1966,24676,0.059112,0.104066
24,35,1091,23130,0.117386,0.114185
24,36,526,6522,0.106891,0.093728
24,37,1042,16789,0.100274,0.094607
24,38,682,3207,0.100887,0.112995
24,39,4444,26926,0.073972,0.119291
24,40,6852,41765,0.140178,0.133102
24,41,3740,8899,0.110819,0.106828
24,42,534,7620,0.094044,0.091459
24,43,136,19240,0.110506,0.161671
24,44,1505,13670,0.134016,0.119097
24,45,344,3333,0.089683,0.089190
24,46,1320,9789,0.126486,0.107524
24,47,1660,5490,0.085279,0.142232
24,48,2550,37206,0.104292,0.115494
24,49,4225,25855,0.064842,0.094430
24,50,2989,30549,0.114666,0.131862
24,51,698,2745,0.096802,0.094082
24,52,1727,3816,0.108411,0.097718
24,53,11206,14274,0.172474,0.123833
24,54,1566,14083,0.082239,0.083887
24,55,2695,8189,0.118749,0.110076
24,56,83,12391,0.108060,0.113654
24,57,668,1284,0.108869,0.095562
24,58,8673,5530,0.106845,0.106538
24,59,27,1141,0.097729,0.093104
24,60,33408,72225,0.186771,0.133202
24,61,247,3171,0.091090,0.092389
24,62,3851,8462,0.102844,0.093689
24,63,2005,35589,0.112841,0.145118
24,64,1641,16166,0.089513,0.089862
24,65,454,1954,0.099271,0.097361
24,66,790,3977,0.104130,0.094115
24,67,552,12891,0.117349,0.132908
24,68,28411,12100,0.210488,0.109196
24,69,637,8670,0.092290,0.094081
24,70,10911,4170,0.111158,0.096269
24,71,81,216,0.102789,0.102316
24,72,1400,9436,0.095693,0.093142
24,73,4025,14554,0.093934,0.091856
24,74,2735,35271,0.113456,0.127784
24,75,7977,75422,0.129254,0.169146
24,76,6961,5532,0.141218,0.115539
24,77,3949,2956,0.102718,0.104129
24,78,7825,6751,0.099580,0.102541
24,79,9137,10882,0.082560,0.135905
24,80,396,1308,0.106551,0.098311
24,81,1078,18232,0.153383,0.115054
24,82,175,7595,0.093013,0.090732
24,83,768,3046,0.099870,0.102873
24,84,547,3045,0.127342,0.128574
24,85,1552,10592,0.106929,0.109711
24,86,5536,27342,0.139185,0.142295
24,87,981,14873,0.098984,0.097024
24,88,5441,8472,0.104819,0.103130
24,89,930,11490,0.092784,0.095101
24,90,158,707,0.096059,0.093772
24,91,3499,12682,0.151359,0.119994
24,92,7065,7298,0.126662,0.111208
24,93,4045,36464,0.098674,0.172100
24,94,1193,4940,0.094099,0.096330
24,95,1588,5778,0.100880,0.100774
24,96,4477,36961,0.118997,0.110434
24,97,375,4220,0.111053,0.095939
24,98,2588,28215,0.095393,0.095670
24,99,1118,4693,0.082194,0.095605
24,100,6442,8242,0.081684,0.098558
24,101,3978,5642,0.116666,0.114517
24,102,14620,10256,0.131329,0.102667
24,103,4249,10219,0.119955,0.106008
24,104,3613,14820,0.096642,0.106418
24,105,6615,9864,0.140958,0.109745
24,106,665,38034,0.119035,0.174195
24,107,2748,3683,0.106016,0.103690
24,108,7374,7411,0.142256,0.120461
24,109,4472,37231,0.114550,0.120431
24,110,3231,50080,0.103880,0.124983
24,111,1444,9617,0.101696,0.099818
24,112,2731,18159,0.099649,0.097454
24,113,6830,14661,0.087803,0.109636
24,114,432,7522,0.097303,0.090725
24,115,802,6269,0.098196,0.112482
24,116,1937,68784,0.122258,0.123428
24,117,1794,9854,0.110467,0.102591
24,118,9,183,0.101074,0.095124
24,119,810,17149,0.113104,0.126894
24,120,955,5330,0.107372,0.107751
24,121,1287,6720,0.108531,0.096879
24,122,1207,7663,0.094098,0.096538
24,123,208,7324,0.097431,0.091516
24,124,3242,7350,0.100261,0.118916
24,125,3566,5866,0.119336,0.137280
24,126,15741,7308,0.096954,0.108288
24,127,5530,16342,0.128590,0.124952
24,128,0,6056,0.000000,0.108556
24,129,128,1200,0.088171,0.089422
24,130,1826,7792,0.102717,0.105773
24,131,10484,60666,0.133074,0.138192
24,132,76,1667,0.099799,0.104414
24,133,589,2897,0.097423,0.092604
24,134,20,563,0.081323,0.072819
24,135,897,3759,0.093979,0.093635
24,136,372,5234,0.098536,0.099305
24,137,488,5883,0.100014,0.101200
24,138,51,11277,0.133712,0.126147
24,139,2568,30647,0.106102,0.111226
24,140,162,1603,0.082159,0.097652
24,141,471,10407,0.098671,0.098064
24,142,9156,16038,0.131162,0.107785
24,143,107,189,0.093880,0.098489
24,144,9698,17394,0.125016,0.113072
24,145,16986,72335,0.117886,0.137922
24,146,4273,6271,0.096452,0.097750
24,147,481,3135,0.107357,0.106232
24,148,5723,69128,0.110841,0.115970
24,149,964,5664,0.125028,0.108092
24,150,376,7011,0.090705,0.092307
24,151,9008,14442,0.186251,0.125872
24,152,44,1155,0.130893,0.093420
24,153,3710,10754,0.072843,0.105428
24,154,0,9065,0.000000,0.105470
24,155,191,12244,0.099448,0.105841
24,156,413,3169,0.104414,0.100084
24,157,794,10513,0.112253,0.120733
24,158,2363,1368,0.106764,0.095423
24,159,19550,67961,0.178066,0.155006
24,160,314,25635,0.094460,0.110118
24,161,728,1175,0.118261,0.118073
24,162,2332,20380,0.112246,0.112545
24,163,1958,2161,0.082848,0.125708
24,164,2113,11464,0.104774,0.105150
24,165,1664,22503,0.121675,0.114266
24,166,616,11077,0.100894,0.134103
24,167,8063,12441,0.096287,0.138322
24,168,418,3688,0.106442,0.092111
24,169,710,59945,0.099246,0.223582
24,170,190,1552,0.097081,0.096807
24,171,23703,143121,0.151077,0.140250
24,172,147,782,0.093106,0.090596
24,173,6304,12161,0.116862,0.103201
24,174,2864,9388,0.083818,0.105381
24,175,1582,29612,0.109781,0.116362
24,176,259,841,0.095849,0.095979
24,177,340,12023,0.095700,0.095999
24,178,479,15547,0.117615,0.116463
24,179,782,5106,0.090389,0.090920
24,180,991,12256,0.094028,0.098098
24,181,174,1073,0.099862,0.091350
24,182,574,7202,0.092897,0.097378
24,183,3467,11634,0.114230,0.116479
24,184,2082,8146,0.092696,0.100197
24,185,16424,111050,0.162767,0.148784
24,186,34,2405,0.108183,0.108469
24,187,6328,8347,0.077451,0.109419
24,188,1172,30822,0.096738,0.098911
24,189,369,9066,0.092339,0.103061
24,190,110,18298,0.102135,0.136182
24,191,31,24937,0.104437,0.147712
24,192,1311,13721,0.097657,0.111622
24,193,6004,15152,0.060077,0.114131
24,194,98,335,0.102542,0.094071
24,195,1093,13579,0.098026,0.096056
24,196,249,4097,0.102807,0.102788
24,197,4,1499,0.094971,0.096481
24,198,6565,49904,0.132795,0.152435
24,199,8404,5668,0.073326,0.153291
24,200,2966,10954,0.096920,0.092536
24,201,1178,5289,0.095752,0.093161
24,202,9315,97950,0.157449,0.148966
24,203,443,15157,0.127789,0.155864
24,204,1852,13635,0.095060,0.092906
24,205,482,3052,0.112991,0.103507
24,206,129,6535,0.124198,0.125147
24,207,103,1276,0.095777,0.098115
24,208,1,5041,0.086426,0.127414
24,209,430,2080,0.095194,0.097211
24,210,35,6271,0.113414,0.121155
24,211,2217,5972,0.099316,0.102178
24,212,3049,14799,0.164283,0.141355
24,213,7696,14098,0.126439,0.110889
24,214,3124,12832,0.128639,0.120660
24,215,1,7,0.097656,0.072335
24,216,9656,15324,0.132191,0.116046
24,217,163,5839,0.118907,0.118859
24,218,3285,8113,0.113515,0.106541
24,219,1377,5784,0.117312,0.118350
24,220,2110,48598,0.052930,0.152411
24,221,24123,7329,0.179117,0.105916
24,222,49,2692,0.106226,0.131438
24,223,65,8281,0.098193,0.116733
24,224,1347,14524,0.104481,0.105028
24,225,92,2223,0.114913,0.097769
24,226,270,10142,0.091129,0.096526
24,227,1365,7433,0.127693,0.098010
24,228,1501,7452,0.128281,0.143752
24,229,4803,86487,0.129793,0.153613
24,230,673,4127,0.096659,0.101920
24,231,5616,15643,0.102350,0.096346
24,232,6794,13470,0.132889,0.104715
24,233,3094,8762,0.101395,0.105119
24,234,209,5499,0.086163,0.098564
24,235,6655,1650,0.102242,0.109794
24,236,262,4786,0.091275,0.090526
24,237,71,2653,0.102037,0.105063
24,238,467,6390,0.102486,0.118877
24,239,5399,16332,0.096857,0.094329
24,240,4033,3590,0.122824,0.102784
24,241,955,8489,0.100046,0.092225
24,242,8329,42520,0.147199,0.148414
24,243,1243,8195,0.110477,0.107087
24,244,847,6365,0.105878,0.105026
24,245,123,1191,0.103385,0.094211
24,246,3254,12676,0.104177,0.099891
24,247,4899,6979,0.086030,0.102046
24,248,13547,80573,0.152016,0.171637
24,249,6459,31595,0.129556,0.130085
24,250,1047,1111,0.059289,0.111467
24,251,1184,16424,0.147386,0.143199
24,252,2297,22211,0.096235,0.094567
24,253,2655,19662,0.102812,0.101525
24,254,7371,17792,0.130192,0.096578
24,255,2329,50309,0.094679,0.097413
25,0,1711,23062,0.101233,0.132299
25,1,753,7740,0.096021,0.117084
25,2,1157,13899,0.094583,0.100273
25,3,4979,32103,0.107049,0.128530
25,4,1267,22899,0.091131,0.093738
25,5,6546,23343,0.107427,0.108468
25,6,0,34342,0.000000,0.145699
25,7,602,5513,0.097642,0.092370
25,8,242,6507,0.096631,0.094882
25,9,140,1299,0.085113,0.088137
25,10,4035,188067,0.106613,0.129132
25,11,1620,175,0.112976,0.080693
25,12,118,1358,0.104554,0.090708
25,13,2183,51621,0.120962,0.127353
25,14,200,1025,0.080303,0.092443
25,15,898,85788,0.097872,0.135188
25,16,46,2478,0.114773,0.115204
25,17,70,2210,0.099327,0.097198
25,18,32,3391,0.090080,0.110630
25,19,0,19062,0.000000,0.114460
25,20,9844,16127,0.206969,0.126019
25,21,1223,25841,0.108189,0.122661
25,22,241,7186,0.078355,0.105543
25,23,769,5257,0.108678,0.107378
25,24,248,1154,0.108521,0.097308
25,25,1,603,0.100586,0.092893
25,26,4592,7742,0.115282,0.101776
25,27,1879,10598,0.092429,0.097297
25,28,8,2445,0.079224,0.100416
25,29,0,17211,0.000000,0.104141
25,30,132,702,0.089250,0.086018
25,31,488,4814,0.082101,0.086702
25,32,0,18081,0.000000,0.086843
25,33,1132,17112,0.098534,0.128237
25,34,413,4628,0.096029,0.105691
25,35,1402,12200,0.102777,0.104081
25,36,1729,10251,0.096003,0.094669
25,37,5428,89007,0.121754,0.125210
25,38,173,13455,0.090088,0.142223
25,39,79,563,0.100935,0.101094
25,40,102,1088,0.095684,0.092481
25,41,269,7596,0.097419,0.105101
25,42,2343,13546,0.122723,0.155907
25,43,1837,36266,0.096640,0.154348
25,44,18917,56471,0.100139,0.133095
25,45,7061,4087,0.138250,0.135725
25,46,628,18524,0.090386,0.096316
25,47,59147,163,0.126830,0.078365
25,48,162,2612,0.091322,0.079899
25,49,673,5916,0.101292,0.101317
25,50,5451,111142,0.105580,0.113811
25,51,52,1764,0.100173,0.096894
25,52,3935,9580,0.086910,0.112336
25,53,1988,9625,0.101751,0.102119
25,54,386,2213,0.091799,0.091270
25,55,13959,12957,0.127564,0.111313
25,56,5062,12883,0.102417,0.099579
25,57,2844,7099,0.105676,0.108393
25,58,732,4788,0.129676,0.109089
25,59,81,286,0.102747,0.093838
25,60,7222,1508,0.119136,0.092501
25,61,2372,7095,0.141402,0.115566
25,62,165,1480,0.102683,0.090268
25,63,985,13410,0.137957,0.166723
25,64,10903,11498,0.151217,0.112880
25,65,7579,19384,0.135866,0.122858
25,66,7912,28716,0.064714,0.122381
25,67,871,6936,0.126403,0.098099
25,68,754,11492,0.100916,0.095857
25,69,273,2778,0.096959,0.098055
25,70,3130,12842,0.091770,0.098314
25,71,1994,55208,0.094889,0.125209
25,72,62,5264,0.107256,0.115319
25,73,873,3594,0.091913,0.092566
25,74,0,122,0.000000,0.078095
25,75,1106,7789,0.092848,0.090741
25,76,350,12077,0.109876,0.121568
25,77,203,1766,0.093180,0.103766
25,78,22494,18170,0.120183,0.111627
25,79,259,3274,0.098425,0.100438
25,80,1646,8530,0.097616,0.099623
25,81,19,8548,0.094932,0.107606
25,82,909,7305,0.092851,0.096155
25,83,1715,8996,0.099081,0.094061
25,84,11239,9775,0.124545,0.107858
25,85,56,611,0.096771,0.096787
25,86,96,3736,0.099472,0.102960
25,87,7011,18747,0.140514,0.132169
25,88,294,4877,0.100130,0.093501
25,89,24679,15283,0.216007,0.171872
25,90,10687,96066,0.129315,0.141569
25,91,2076,30969,0.083014,0.090850
25,92,447,14862,0.113715,0.110909
25,93,732,956,0.126921,0.119713
25,94,8872,48177,0.143443,0.157830
25,95,1435,9212,0.086092,0.161691
25,96,2186,16686,0.100868,0.100899
25,97,17,10813,0.088465,0.110411
25,98,27,505,0.095640,0.096422
25,99,908,5987,0.090542,0.098485
25,100,1834,7323,0.118930,0.124842
25,101,1429,8619,0.120114,0.129254
25,102,1598,12730,0.095276,0.100004
25,103,7287,12140,0.176545,0.141229
25,104,9010,39418,0.173987,0.188668
25,105,2238,6413,0.092819,0.116298
25,106,436,3407,0.094053,0.095491
25,107,721,8516,0.095075,0.103828
25,108,3666,17234,0.095378,0.095681
25,109,51,527,0.106244,0.097963
25,110,960,5474,0.100022,0.098697
25,111,18,5261,0.094374,0.115822
25,112,1204,45324,0.097374,0.150797
25,113,154,19847,0.109188,0.138360
25,114,4526,13036,0.071534,0.108800
25,115,3102,21292,0.134754,0.129591
25,116,59,2585,0.103925,0.111110
25,117,857,15734,0.094948,0.097693
25,118,2121,15735,0.097619,0.106196
25,119,3222,13895,0.129214,0.108953
25,120,6328,31979,0.089399,0.115057
25,121,2309,15886,0.089189,0.111061
25,122,511,825,0.095273,0.096879
25,123,146,1831,0.104539,0.099498
25,124,669,9381,0.096006,0.101307
25,125,4890,14481,0.094404,0.111331
25,126,481,4980,0.106546,0.090908
25,127,75,960,0.091751,0.082450
25,128,329,10055,0.095133,0.098757
25,129,1416,10479,0.114215,0.105057
25,130,39909,158960,0.148560,0.136461
25,131,4152,35417,0.124321,0.130732
25,132,15236,9990,0.121066,0.111629
25,133,654,6267,0.094079,0.100210
25,134,2450,38225,0.059313,0.160772
25,135,9212,16033,0.096919,0.119316
25,136,3053,10188,0.101783,0.095123
25,137,120,11558,0.093431,0.113347
25,138,314,43911,0.107192,0.155738
25,139,2691,8150,0.116874,0.114816
25,140,60,5039,0.095959,0.108156
25,141,1935,13008,0.087726,0.106761
25,142,39,8794,0.096235,0.121014
25,143,772,4487,0.098712,0.098997
25,144,1648,139,0.111999,0.094540
25,145,34,159,0.078010,0.097790
25,146,2682,16422,0.112680,0.099670
25,147,1159,40364,0.077323,0.152569
25,148,2500,42710,0.106365,0.110581
25,149,3597,15775,0.150410,0.098356
25,150,167,564,0.103369,0.097960
25,151,35,3326,0.097705,0.099411
25,152,3930,45014,0.092865,0.106105
25,153,3324,18105,0.096321,0.097295
25,154,0,2893,0.000000,0.084017
25,155,732,6490,0.096076,0.121410
25,156,55,1070,0.095082,0.101056
25,157,767,2837,0.099693,0.098131
25,158,508,10392,0.100162,0.114306
25,159,642,13759,0.102030,0.107227
25,160,4,19251,0.084229,0.110123
25,161,6884,41135,0.112368,0.116996
25,162,13418,130578,0.165784,0.176141
25,163,1056,3684,0.097527,0.097246
25,164,2882,18704,0.101293,0.204212
25,165,29,339,0.096621,0.097944
25,166,191,1098,0.099401,0.095091
25,167,5140,8635,0.269102,0.180782
25,168,83,4165,0.098200,0.103581
25,169,6,745,0.094645,0.098130
25,170,144,182,0.098292,0.096320
25,171,11430,4653,0.152366,0.110084
25,172,392,21453,0.104830,0.118576
25,173,561,3648,0.098180,0.098132
25,174,1653,2258,0.057897,0.098074
25,175,110,4851,0.096964,0.087850
25,176,2929,9621,0.107114,0.112809
25,177,8556,10937,0.125203,0.106561
25,178,672,12829,0.117137,0.158566
25,179,3837,31647,0.115830,0.125296
25,180,7862,6417,0.109705,0.115358
25,181,6762,15948,0.140778,0.119172
25,182,10624,12745,0.171482,0.091057
25,183,205,2250,0.105705,0.104320
25,184,1114,16458,0.101248,0.102837
25,185,2276,23790,0.072149,0.110570
25,186,347,1709,0.106910,0.102558
25,187,697,1314,0.106077,0.096535
25,188,3131,23638,0.099313,0.099448
25,189,8667,17807,0.117429,0.114779
25,190,403,1627,0.096454,0.090509
25,191,701,6174,0.096717,0.098584
25,192,2211,21491,0.120576,0.120686
25,193,2132,14561,0.101700,0.095236
25,194,4212,1190,0.072295,0.100921
25,195,413,6676,0.115977,0.120360
25,196,378,9551,0.094967,0.096265
25,197,3221,565,0.100391,0.087583
25,198,611,9357,0.090723,0.094947
25,199,90,10904,0.113992,0.116026
25,200,626,26176,0.099973,0.138135
25,201,267,8204,0.102709,0.105213
25,202,21345,6067,0.143932,0.079897
25,203,633,1932,0.093691,0.102116
25,204,1133,16342,0.097644,0.101707
25,205,15011,31087,0.107841,0.099670
25,206,2724,14075,0.100491,0.109756
25,207,831,6121,0.096620,0.097571
25,208,4733,27622,0.125873,0.121481
25,209,2071,12763,0.107784,0.104681
25,210,216,14405,0.117735,0.131124
25,211,2173,55840,0.122959,0.143986
25,212,11400,1618,0.071971,0.094780
25,213,1341,4733,0.095930,0.093626
25,214,4733,21642,0.124130,0.117482
25,215,1573,8071,0.122401,0.128253
25,216,2514,18682,0.119168,0.157114
25,217,957,2773,0.117491,0.105199
25,218,33606,135127,0.144424,0.139579
25,219,245,1046,0.102855,0.097133
25,220,8075,4348,0.149015,0.119316
25,221,4743,9534,0.088289,0.092241
25,222,533,17941,0.103473,0.114152
25,223,7844,63949,0.119321,0.140273
25,224,18639,4430,0.114356,0.115902
25,225,1431,9763,0.101883,0.097513
25,226,919,9311,0.101207,0.098987
25,227,7336,18835,0.156967,0.132362
25,228,1172,1403,0.054961,0.096789
25,229,4266,41198,0.121501,0.124152
25,230,1874,19610,0.111980,0.148369
25,231,2557,7458,0.082766,0.111518
25,232,33,973,0.086145,0.093201
25,233,5858,13286,0.113643,0.113728
25,234,7285,13169,0.113234,0.135833
25,235,0,296,0.000000,0.086042
25,236,5894,3486,0.078750,0.087784
25,237,832,5718,0.094277,0.102906
25,238,2073,5829,0.107179,0.101177
25,239,327,5919,0.099968,0.096338
25,240,3142,48164,0.121574,0.121925
25,241,1322,6096,0.102340,0.101766
25,242,4166,20042,0.082267,0.109074
25,243,14088,10051,0.130023,0.136953
25,244,857,5959,0.108176,0.100665
25,245,0,240,0.000000,0.075502
25,246,886,6695,0.102490,0.097447
25,247,412,6915,0.096386,0.094338
25,248,1514,201,0.124048,0.106626
25,249,567,5210,0.107367,0.097842
25,250,4826,80641,0.114185,0.123781
25,251,5323,24189,0.103176,0.165000
25,252,65,512,0.072714,0.094506
25,253,1291,25902,0.100899,0.098928
25,254,506,16251,0.095492,0.098934
25,255,539,5171,0.100621,0.103738
26,0,12774,20383,0.154678,0.118867
26,1,4408,18090,0.110441,0.112585
26,2,68,516,0.101659,0.103792
26,3,6417,133831,0.109577,0.149027
26,4,9365,12910,0.108431,0.104919
26,5,1065,6035,0.109134,0.106192
26,6,677,3006,0.109387,0.105723
26,7,262,718,0.104862,0.102404
26,8,2014,23570,0.066527,0.100355
26,9,3008,25873,0.121905,0.141001
26,10,2840,14180,0.086609,0.126378
26,11,84,758,0.109654,0.099900
26,12,23761,20609,0.153156,0.120517
26,13,181,6489,0.094776,0.093725
26,14,64,824,0.099430,0.095860
26,15,654,2826,0.119323,0.112921
26,16,564,5916,0.091208,0.091759
26,17,5215,6513,0.083899,0.102067
26,18,47,14281,0.100565,0.113388
26,19,571,6195,0.097556,0.103823
26,20,4987,34554,0.163997,0.196569
26,21,3310,76630,0.118176,0.135483
26,22,2028,9546,0.147727,0.112308
26,23,126,784,0.105604,0.099642
26,24,603,11080,0.096331,0.096186
26,25,4548,46558,0.105755,0.112160
26,26,2653,12707,0.128707,0.106958
26,27,1023,4492,0.103338,0.101890
26,28,15929,17285,0.080119,0.116179
26,29,8027,7733,0.085156,0.099781
26,30,2830,13364,0.094089,0.085560
26,31,6399,12570,0.129143,0.110009
26,32,533,11542,0.074877,0.090625
26,33,336,9203,0.097942,0.087743
26,34,2368,16438,0.099069,0.093342
26,35,1001,8779,0.108106,0.114856
26,36,509,5641,0.097225,0.094978
26,37,831,3214,0.066192,0.095773
26,38,974,13341,0.116377,0.134318
26,39,51,986,0.103741,0.100598
26,40,945,5419,0.123668,0.111307
26,41,7877,22097,0.080900,0.108224
26,42,498,7598,0.102186,0.097545
26,43,82,6465,0.100086,0.107115
26,44,972,36749,0.100537,0.113483
26,45,539,5164,0.085432,0.209142
26,46,507,8806,0.090002,0.107253
26,47,21,4365,0.083124,0.087609
26,48,157,401,0.093164,0.097294
26,49,785,3336,0.092283,0.094969
26,50,6212,20870,0.159717,0.148807
26,51,0,40282,0.000000,0.120984
26,52,107,32817,0.101681,0.112155
26,53,4553,8366,0.109196,0.110138
26,54,48391,183953,0.124648,0.150278
26,55,3619,21398,0.100437,0.102806
26,56,2738,6998,0.097553,0.097287
26,57,7061,8644,0.132380,0.138847
26,58,699,6126,0.101375,0.097584
26,59,2486,46205,0.136887,0.165537
26,60,587,4752,0.109507,0.105118
26,61,347,1900,0.101692,0.090495
26,62,107,54198,0.102477,0.124746
26,63,341,7496,0.097755,0.097197
26,64,12781,6832,0.087968,0.090862
26,65,2596,25846,0.125353,0.124789
26,66,268,1259,0.090644,0.093108
26,67,1613,17413,0.091311,0.110298
26,68,2626,22372,0.086189,0.087414
26,69,591,3980,0.112020,0.102038
26,70,588,9592,0.097623,0.101270
26,71,12251,15009,0.184018,0.145846
26,72,163,3031,0.106373,0.114486
26,73,134,1688,0.102473,0.102225
26,74,1418,27980,0.095618,0.103353
26,75,91,1835,0.106016,0.097849
26,76,464,2105,0.107434,0.112708
26,77,796,6364,0.108834,0.096050
26,78,2217,13651,0.119293,0.116162
26,79,648,3022,0.099477,0.095214
26,80,326,8340,0.098893,0.095540
26,81,3597,12384,0.189591,0.162744
26,82,176,10204,0.090589,0.092694
26,83,227,11733,0.113695,0.123012
26,84,1711,27187,0.108353,0.110555
26,85,4586,49475,0.130809,0.139389
26,86,20,47255,0.095667,0.134138
26,87,3621,21956,0.107568,0.108610
26,88,5042,26233,0.109688,0.119694
26,89,388,472,0.093903,0.091086
26,90,73,750,0.094620,0.097760
26,91,1248,15452,0.095935,0.096539
26,92,9967,56904,0.134853,0.146299
26,93,0,1651,0.000000,0.108128
26,94,6287,964,0.120298,0.115528
26,95,4315,21345,0.095552,0.110766
26,96,12,3177,0.098877,0.113022
26,97,10022,13012,0.148706,0.105010
26,98,513,4474,0.107339,0.093493
26,99,411,10677,0.095768,0.094315
26,100,17817,225150,0.143373,0.162865
26,101,470,10818,0.105604,0.108473
26,102,987,13268,0.098372,0.099481
26,103,14443,6888,0.167739,0.106732
26,104,728,60347,0.106779,0.210587
26,105,4180,13530,0.096241,0.097540
26,106,1195,8025,0.056601,0.095328
26,107,787,10029,0.100836,0.090581
26,108,13,166,0.083740,0.090354
26,109,148,2805,0.104505,0.092494
26,110,9543,23774,0.118885,0.118264
26,111,307,656,0.103077,0.097307
26,112,11602,8536,0.142073,0.107106
26,113,2870,2402,0.099026,0.097345
26,114,78,1202,0.100777,0.097076
26,115,4279,52074,0.116469,0.123167
26,116,1316,3788,0.102474,0.100462
26,117,496,360,0.131047,0.086690
26,118,8,20301,0.100952,0.126214
26,119,1203,8549,0.087264,0.103386
26,120,278,2899,0.093133,0.090234
26,121,758,24884,0.093449,0.098726
26,122,11127,32009,0.134917,0.126938
26,123,1104,10242,0.096383,0.107783
26,124,683,34123,0.073917,0.120952
26,125,1894,12038,0.070255,0.093545
26,126,183,3042,0.088931,0.098110
26,127,2330,24273,0.113672,0.124957
26,128,2592,12688,0.095404,0.091274
26,129,302,6868,0.105575,0.100803
26,130,8502,52246,0.137774,0.133420
26,131,350,18033,0.119587,0.112787
26,132,78,542,0.093978,0.093487
26,133,9102,21771,0.098844,0.102978
26,134,6577,106750,0.111890,0.118761
26,135,1153,8555,0.095398,0.096032
26,136,6895,8511,0.066898,0.101911
26,137,13071,30023,0.127585,0.135219
26,138,13,515,0.097356,0.103323
26,139,1558,6286,0.050401,0.098071
26,140,2042,8421,0.081980,0.106144
26,141,1723,3804,0.110873,0.104760
26,142,10615,29374,0.096846,0.104738
26,143,6487,38095,0.129698,0.139522
26,144,1391,3276,0.144702,0.128416
26,145,10410,32955,0.149723,0.141144
26,146,362,8922,0.097479,0.101504
26,147,621,12341,0.105890,0.120180
26,148,3129,23838,0.088844,0.116275
26,149,5310,19212,0.154495,0.136726
26,150,7554,13678,0.108148,0.098811
26,151,3681,56003,0.117887,0.119869
26,152,568,2019,0.101988,0.097403
26,153,177,4758,0.099426,0.105776
26,154,3405,6422,0.085406,0.110988
26,155,225,3369,0.100126,0.103979
26,156,271,3305,0.103486,0.100656
26,157,816,2661,0.116519,0.105811
26,158,483,1140,0.109015,0.102265
26,159,457,5181,0.148676,0.109062
26,160,43825,9197,0.146028,0.102965
26,161,1359,17759,0.096951,0.096277
26,162,3534,23221,0.124714,0.105699
26,163,841,7366,0.115030,0.113585
26,164,156,118,0.083171,0.081000
26,165,98,582,0.096261,0.097807
26,166,9563,12306,0.088895,0.125624
26,167,159,15115,0.105871,0.100444
26,168,320,2771,0.105531,0.098081
26,169,17,1360,0.114918,0.101988
26,170,503,6939,0.101277,0.096251
26,171,924,9592,0.102270,0.112204
26,172,847,7035,0.125138,0.109025
26,173,403,598,0.120410,0.094646
26,174,257,1526,0.098985,0.093283
26,175,149,2429,0.096488,0.103581
26,176,428,9151,0.105846,0.104715
26,177,1790,6018,0.089479,0.114089
26,178,840,2954,0.102042,0.098628
26,179,57,6368,0.099228,0.119615
26,180,427,6744,0.108525,0.108236
26,181,2687,7580,0.069586,0.088792
26,182,143,3076,0.104716,0.095960
26,183,604,4394,0.125053,0.107341
26,184,2631,2815,0.140017,0.086378
26,185,3186,31518,0.104367,0.113450
26,186,509,4958,0.107118,0.102149
26,187,230,8263,0.089960,0.091032
26,188,507,7179,0.105352,0.100973
26,189,22184,9193,0.257397,0.095952
26,190,2804,9489,0.133278,0.120720
26,191,8190,6403,0.081443,0.092000
26,192,63,1135,0.102989,0.098927
26,193,10716,5300,0.122067,0.111338
26,194,15,74,0.119027,0.098323
26,195,263,9918,0.095714,0.092472
26,196,515,14142,0.116937,0.128451
26,197,4673,19952,0.106437,0.105952
26,198,250,1635,0.104961,0.089717
26,199,316,1734,0.102558,0.097927
26,200,1309,11183,0.103247,0.102141
26,201,6124,41296,0.135239,0.129230
26,202,70,69,0.082704,0.099248
26,203,127,13223,0.099206,0.126654
26,204,529,4102,0.105762,0.103271
26,205,79,18664,0.093645,0.125413
26,206,214,3895,0.102762,0.099741
26,207,4956,14595,0.077782,0.113157
26,208,517,26124,0.083549,0.090872
26,209,2524,4352,0.120013,0.101506
26,210,110,2705,0.093919,0.096817
26,211,13654,10974,0.112518,0.099943
26,212,8174,102476,0.135107,0.155842
26,213,29,9726,0.099896,0.125469
26,214,876,369,0.069577,0.099363
26,215,14315,15600,0.109977,0.104845
26,216,9084,19292,0.083804,0.128902
26,217,3315,13108,0.317337,0.115286
26,218,1011,6600,0.114021,0.104685
26,219,13219,54413,0.145918,0.137174
26,220,215,892,0.111716,0.100060
26,221,313,4432,0.093406,0.097674
26,222,2694,85980,0.107046,0.119845
26,223,11539,19912,0.135213,0.114044
26,224,7,7,0.086356,0.081752
26,225,4453,5229,0.101909,0.106425
26,226,6186,2774,0.124289,0.098728
26,227,4803,13909,0.120571,0.117783
26,228,1044,11197,0.092977,0.092403
26,229,9641,20334,0.080145,0.114626
26,230,5770,6638,0.108419,0.113136
26,231,10994,7533,0.112899,0.106644
26,232,1618,5693,0.110738,0.099896
26,233,12716,104212,0.133462,0.129147
26,234,3,1094,0.089030,0.102816
26,235,333,10333,0.107631,0.104129
26,236,4937,3944,0.069877,0.104513
26,237,1611,7041,0.120655,0.107195
26,238,839,15537,0.111213,0.142200
26,239,752,33140,0.093906,0.098449
26,240,560,2560,0.107777,0.099016
26,241,14,5384,0.116664,0.124059
26,242,136,14471,0.104523,0.104817
26,243,498,11769,0.062894,0.099214
26,244,5354,9881,0.092517,0.099436
26,245,404,2329,0.106809,0.100800
26,246,130,1269,0.103059,0.107249
26,247,441,9348,0.100169,0.107178
26,248,11330,75851,0.131704,0.130296
26,249,554,4872,0.107051,0.102558
26,250,1040,6313,0.106746,0.101951
26,251,1658,5219,0.099807,0.101189
26,252,993,28511,0.103006,0.107007
26,253,2585,261,0.159214,0.118484
26,254,7168,19230,0.217490,0.119966
26,255,130,2017,0.105231,0.105296
27,0,652,21707,0.114023,0.112178
27,1,1157,8345,0.061276,0.098858
27,2,1182,11081,0.104871,0.102939
27,3,55,7273,0.100595,0.124575
27,4,25,11352,0.098750,0.097545
27,5,319,929,0.106940,0.100793
27,6,4554,723,0.088261,0.090999
27,7,659,3164,0.098797,0.098412
27,8,25,627,0.104395,0.100176
27,9,945,3931,0.102623,0.101822
27,10,2690,11368,0.109616,0.104627
27,11,5695,5378,0.179580,0.119771
27,12,559,5074,0.129309,0.125859
27,13,22,887,0.096902,0.101822
27,14,22,243,0.093062,0.097302
27,15,2261,77874,0.112749,0.125200
27,16,811,6787,0.146508,0.117891
27,17,850,4698,0.104441,0.103726
27,18,3793,1781,0.108179,0.102514
27,19,1452,6853,0.117194,0.107635
27,20,577,4256,0.097228,0.099100
27,21,125,2706,0.092832,0.080462
27,22,606,2713,0.098497,0.100979
27,23,7950,26167,0.141763,0.146381
27,24,230,12835,0.113783,0.140329
27,25,4327,8506,0.119089,0.094170
27,26,500,7383,0.099582,0.103376
27,27,1377,26108,0.103692,0.106638
27,28,1477,27523,0.110906,0.138833
27,29,2854,54337,0.093043,0.113518
27,30,110,2521,0.094649,0.101320
27,31,1732,20518,0.111326,0.098138
27,32,272,3262,0.100553,0.099296
27,33,1399,10561,0.107819,0.134052
27,34,5659,17472,0.098409,0.102884
27,35,578,10800,0.119724,0.123381
27,36,179,76631,0.093762,0.128109
27,37,168,13982,0.098347,0.105709
27,38,2571,11809,0.119919,0.105313
27,39,488,56081,0.105692,0.117657
27,40,4289,16422,0.107713,0.104285
27,41,398,3014,0.110560,0.102660
27,42,2260,20349,0.111562,0.120166
27,43,1252,8866,0.113767,0.099936
27,44,888,5227,0.125035,0.107876
27,45,7571,15143,0.115690,0.111995
27,46,7895,7464,0.119575,0.114502
27,47,4583,21266,0.106873,0.117237
27,48,2476,11952,0.122864,0.136991
27,49,436,8991,0.104488,0.103182
27,50,6,476,0.099365,0.099686
27,51,6730,31323,0.147021,0.155974
27,52,2755,9370,0.116971,0.122595
27,53,1737,7132,0.114365,0.106712
27,54,2046,11403,0.075678,0.094875
27,55,5549,10661,0.047534,0.119055
27,56,2415,27838,0.105323,0.122050
27,57,84,12721,0.107913,0.110826
27,58,629,27585,0.046347,0.108429
27,59,852,11697,0.103350,0.101994
27,60,104,2161,0.092802,0.092024
27,61,5407,15772,0.075772,0.104681
27,62,1164,8447,0.080862,0.145559
27,63,543,2244,0.103404,0.101902
27,64,8224,39679,0.132683,0.145458
27,65,2808,6667,0.199716,0.163494
27,66,9484,6789,0.121334,0.121965
27,67,145,723,0.106875,0.102069
27,68,55,852,0.109988,0.097495
27,69,11882,16684,0.107318,0.106496
27,70,5413,28491,0.123947,0.128601
27,71,76,3022,0.108341,0.099541
27,72,56,23789,0.119298,0.166236
27,73,2106,35914,0.114680,0.107828
27,74,169,2168,0.123272,0.104550
27,75,6,8,0.091634,0.102844
27,76,278,4816,0.109910,0.126523
27,77,534,263,0.095457,0.086830
27,78,1050,4002,0.121785,0.106619
27,79,1699,14034,0.144605,0.161513
27,80,118,461,0.132152,0.110657
27,81,166,35301,0.095894,0.135678
27,82,10207,12248,0.122134,0.100708
27,83,7005,8760,0.091004,0.117725
27,84,1061,3734,0.096610,0.094314
27,85,29365,2685,0.138780,0.088743
27,86,726,7719,0.098513,0.102080
27,87,4347,10580,0.073028,0.085178
27,88,140,10163,0.109072,0.105863
27,89,2156,50598,0.099432,0.107326
27,90,4025,72546,0.119964,0.126725
27,91,47,933,0.106580,0.105456
27,92,7930,21453,0.099680,0.101945
27,93,3023,6830,0.091848,0.109242
27,94,773,30033,0.115045,0.107545
27,95,1855,17250,0.112686,0.118533
27,96,19,12585,0.104132,0.108943
27,97,8401,47240,0.140581,0.150356
27,98,262,54,0.113363,0.091824
27,99,1032,9359,0.133560,0.136993
27,100,2817,34058,0.143203,0.130236
27,101,915,6025,0.103662,0.105593
27,102,2798,32584,0.090086,0.105381
27,103,2113,9863,0.116529,0.135092
27,104,3960,77028,0.116571,0.123154
27,105,255,4489,0.099736,0.100858
27,106,2015,10180,0.127767,0.116414
27,107,15916,254700,0.139200,0.168602
27,108,9303,7648,0.071349,0.100217
27,109,104,1371,0.102882,0.096003
27,110,86,6833,0.100407,0.102300
27,111,4378,49216,0.116409,0.129280
27,112,1009,5853,0.108842,0.104800
27,113,146,2327,0.102755,0.103331
27,114,316,354,0.093446,0.090645
27,115,531,16112,0.097272,0.100106
27,116,220,22532,0.100255,0.144753
27,117,12807,15121,0.099257,0.111304
27,118,297,1647,0.100685,0.096825
27,119,7344,26334,0.125793,0.130120
27,120,224,32194,0.104797,0.122276
27,121,13,125,0.113000,0.100873
27,122,2465,79892,0.095274,0.113524
27,123,132,3800,0.107461,0.106819
27,124,10970,9722,0.118079,0.116240
27,125,158,913,0.111431,0.093810
27,126,28901,32037,0.161000,0.117038
27,127,1554,33468,0.110223,0.125924
27,128,4766,36123,0.097903,0.102204
27,129,3684,56379,0.120326,0.107421
27,130,621,21235,0.109481,0.115565
27,131,2307,16840,0.096087,0.099125
27,132,3682,13794,0.102270,0.118733
27,133,9782,20117,0.136424,0.121744
27,134,1975,19720,0.118829,0.120538
27,135,510,3653,0.102051,0.102153
27,136,1703,17697,0.126726,0.136963
27,137,12014,9773,0.129934,0.113309
27,138,1300,54589,0.112101,0.134877
27,139,19426,51621,0.122374,0.117833
27,140,1248,7742,0.109708,0.109018
27,141,18467,62485,0.147510,0.146191
27,142,294,3020,0.098860,0.100222
27,143,56,694,0.100106,0.106091
27,144,819,7044,0.118677,0.108337
27,145,1053,7893,0.110566,0.103349
27,146,449,10401,0.111133,0.108687
27,147,4105,1984,0.115806,0.109250
27,148,7,797,0.035854,0.059611
27,149,7300,17910,0.082951,0.105969
27,150,6166,16699,0.098646,0.112315
27,151,529,18840,0.096774,0.100898
27,152,779,2501,0.111529,0.105435
27,153,1686,21163,0.089245,0.124685
27,154,3663,23564,0.100191,0.098078
27,155,704,23938,0.110926,0.119252
27,156,5069,30332,0.102931,0.104431
27,157,230,12904,0.134080,0.160140
27,158,98,788,0.094587,0.099617
27,159,615,4486,0.099883,0.097669
27,160,1317,13798,0.096523,0.103025
27,161,179,1929,0.104105,0.101907
27,162,121,86557,0.071900,0.159259
27,163,306,9957,0.107602,0.118901
27,164,26791,75809,0.119481,0.121036
27,165,12082,39469,0.150356,0.133961
27,166,121,4460,0.125894,0.122464
27,167,1943,15649,0.106095,0.109977
27,168,1809,14342,0.091291,0.106375
27,169,231,1869,0.125376,0.111427
27,170,44,50,0.098139,0.106016
27,171,2139,8153,0.098054,0.104760
27,172,2796,27073,0.108011,0.139719
27,173,2787,8941,0.101749,0.101324
27,174,1008,14082,0.094385,0.108643
27,175,1346,10598,0.107280,0.105180
27,176,318,1616,0.102339,0.104402
27,177,2788,47881,0.119110,0.113295
27,178,3084,10573,0.224933,0.153945
27,179,2784,27193,0.105572,0.108407
27,180,2362,26254,0.116246,0.123669
27,181,0,13262,0.000000,0.081559
27,182,3419,5016,0.082972,0.101528
27,183,21113,16031,0.230990,0.135146
27,184,5365,15460,0.125304,0.127197
27,185,11123,4156,0.147505,0.107048
27,186,529,2624,0.103060,0.105225
27,187,6148,23022,0.114908,0.113296
27,188,920,4094,0.117949,0.106362
27,189,6254,23045,0.158947,0.174489
27,190,871,7255,0.095988,0.104560
27,191,7250,13826,0.145816,0.114594
27,192,125,3275,0.101898,0.100375
27,193,417,432,0.117930,0.105275
27,194,33,824,0.085427,0.088126
27,195,1174,3070,0.101893,0.107946
27,196,591,8920,0.115355,0.120756
27,197,113,2103,0.102541,0.106798
27,198,1239,18943,0.099054,0.100354
27,199,213,4918,0.100092,0.099720
27,200,691,37255,0.103660,0.148345
27,201,28,259,0.104449,0.100539
27,202,315,3127,0.097934,0.097113
27,203,1749,9789,0.121866,0.175252
27,204,37785,71826,0.164768,0.154323
27,205,182,3869,0.088165,0.086158
27,206,360,4682,0.109368,0.106541
27,207,128,1562,0.113022,0.104128
27,208,1430,8203,0.139885,0.104600
27,209,1673,3637,0.114566,0.109569
27,210,154,2359,0.108617,0.103467
27,211,124,709,0.121458,0.116240
27,212,1947,7546,0.110634,0.107109
27,213,0,8498,0.000000,0.098647
27,214,127,1834,0.096230,0.100107
27,215,2628,3936,0.109651,0.104955
27,216,126,2252,0.109515,0.109016
27,217,3708,13727,0.057516,0.119900
27,218,32475,475,0.120137,0.096012
27,219,1336,9647,0.108351,0.103463
27,220,2184,3803,0.103812,0.108247
27,221,7530,18479,0.145996,0.128887
27,222,671,1654,0.108292,0.105653
27,223,386,5320,0.098093,0.096212
27,224,1139,3963,0.104435,0.100335
27,225,13147,9253,0.118853,0.113515
27,226,1334,2964,0.099881,0.100053
27,227,3037,4013,0.086948,0.107264
27,228,10695,27454,0.099578,0.111942
27,229,16642,6855,0.127992,0.097323
27,230,175,973,0.122051,0.111322
27,231,1159,5778,0.107294,0.107697
27,232,2,1348,0.056763,0.066488
27,233,2153,31022,0.120600,0.120868
27,234,255,1170,0.101536,0.097648
27,235,864,387,0.125550,0.108170
27,236,851,1944,0.105387,0.101690
27,237,503,4015,0.100282,0.101073
27,238,43,2522,0.103442,0.113183
27,239,1053,4988,0.104916,0.102420
27,240,1407,7319,0.121863,0.115571
27,241,1199,20667,0.124430,0.143693
27,242,19300,15159,0.091622,0.105106
27,243,2266,11283,0.107838,0.112534
27,244,3091,5645,0.076817,0.108841
27,245,504,7546,0.101277,0.100151
27,246,2322,96576,0.127514,0.140389
27,247,9949,16179,0.204535,0.174821
27,248,1967,15851,0.075158,0.166907
27,249,504,16207,0.112134,0.110864
27,250,2851,4236,0.056244,0.099096
27,251,1943,37156,0.112184,0.132506
27,252,7781,38001,0.132015,0.140769
27,253,1007,20953,0.099476,0.100424
27,254,2965,14053,0.083418,0.107553
27,255,16381,5716,0.137910,0.112245
28,0,62,3050,0.094790,0.087088
28,1,827,223,0.113726,0.093037
28,2,60,1846,0.094840,0.102519
28,3,43,2230,0.098610,0.095096
28,4,1252,9196,0.092366,0.103466
28,5,37,42772,0.065423,0.126881
28,6,605,4773,0.095440,0.098466
28,7,12516,188726,0.116328,0.139381
28,8,583,944,0.080878,0.089455
28,9,1,23619,0.093262,0.096431
28,10,2828,4980,0.152191,0.126785
28,11,3314,26873,0.085604,0.093303
28,12,1819,14782,0.089488,0.110658
28,13,449,12983,0.111827,0.148574
28,14,10924,18340,0.086941,0.129113
28,15,4947,44908,0.115287,0.118078
28,16,7544,9585,0.108929,0.109006
28,17,16295,56465,0.155009,0.155464
28,18,15573,40646,0.121922,0.138954
28,19,709,3574,0.095730,0.096076
28,20,65,6445,0.078673,0.114671
28,21,68,401,0.108097,0.096879
28,22,1887,9872,0.111799,0.117204
28,23,12597,26092,0.085308,0.094866
28,24,2461,99559,0.116310,0.139122
28,25,560,3359,0.120673,0.108583
28,26,961,18691,0.099476,0.107489
28,27,4,368,0.110474,0.103665
28,28,26995,1855,0.126458,0.072872
28,29,1883,9014,0.096135,0.104396
28,30,393,1645,0.094978,0.099589
28,31,64,5233,0.090988,0.097602
28,32,251,84439,0.087840,0.113551
28,33,39,2497,0.083120,0.106698
28,34,2931,1866,0.141675,0.094058
28,35,5933,382,0.066205,0.092465
28,36,1488,13340,0.106351,0.101047
28,37,146,11095,0.100541,0.103082
28,38,201,10153,0.088355,0.108880
28,39,2108,24060,0.099323,0.110235
28,40,2104,10117,0.084187,0.094403
28,41,3947,17885,0.091185,0.097955
28,42,452,8103,0.088258,0.097936
28,43,233,46429,0.066633,0.165429
28,44,38,833,0.093146,0.090543
28,45,416,10492,0.092893,0.102221
28,46,2044,984,0.057353,0.085835
28,47,357,21606,0.082856,0.101186
28,48,7761,4521,0.111734,0.100363
28,49,1818,9395,0.083399,0.092452
28,50,3444,30267,0.107342,0.101286
28,51,1265,16109,0.055840,0.078140
28,52,118,2435,0.093878,0.096496
28,53,353,4237,0.095117,0.117972
28,54,181,17930,0.086489,0.134164
28,55,549,9028,0.100258,0.102751
28,56,588,6870,0.092769,0.132910
28,57,4634,12186,0.083105,0.131399
28,58,5086,10439,0.126713,0.133775
28,59,1360,3903,0.069101,0.131127
28,60,5223,1640,0.081894,0.082621
28,61,5581,10614,0.145986,0.129943
28,62,2982,81873,0.109136,0.137182
28,63,10251,34759,0.121492,0.130593
28,64,550,5106,0.099651,0.100435
28,65,4536,29165,0.110479,0.119490
28,66,3268,20813,0.102967,0.107153
28,67,13,2110,0.084322,0.095674
28,68,7937,52096,0.115391,0.147320
28,69,0,76,0.000000,0.086802
28,70,234,7363,0.085400,0.093860
28,71,191,5141,0.089926,0.108305
28,72,241,1288,0.126402,0.103542
28,73,187,8344,0.099545,0.101378
28,74,11066,67168,0.233400,0.223380
28,75,8572,5019,0.099291,0.080497
28,76,518,86281,0.096547,0.165668
28,77,2420,54025,0.089930,0.131824
28,78,1184,15036,0.109171,0.121556
28,79,734,17472,0.091078,0.103337
28,80,2063,3063,0.052697,0.073970
28,81,1634,1374,0.063214,0.096211
28,82,0,2914,0.000000,0.096637
28,83,331,3549,0.101551,0.097800
28,84,6478,14663,0.091717,0.098602
28,85,344,3735,0.094960,0.095564
28,86,34,300,0.141041,0.103714
28,87,148,2125,0.089613,0.089661
28,88,9627,11471,0.076339,0.098462
28,89,9019,70482,0.077901,0.127196
28,90,672,1293,0.087705,0.092783
28,91,4303,9517,0.137739,0.128189
28,92,5182,10714,0.085512,0.103914
28,93,5732,3765,0.098226,0.094356
28,94,3244,82046,0.108882,0.117631
28,95,33,3934,0.090769,0.103996
28,96,129,14080,0.098779,0.134857
28,97,548,10425,0.090220,0.096761
28,98,1411,17329,0.085927,0.102790
28,99,26,1446,0.099572,0.099492
28,100,174,10015,0.099781,0.098437
28,101,6237,18054,0.163903,0.142061
28,102,46,43418,0.081240,0.121349
28,103,818,52649,0.096084,0.128071
28,104,998,32,0.109825,0.090683
28,105,4779,2816,0.112764,0.115142
28,106,1162,9309,0.091340,0.111838
28,107,7981,8398,0.159949,0.228455
28,108,347,3709,0.087528,0.096079
28,109,233,13830,0.112871,0.116506
28,110,1975,5234,0.100811,0.104530
28,111,323,12701,0.107079,0.110142
28,112,372,2164,0.096502,0.086890
28,113,51365,71309,0.188238,0.117806
28,114,1118,19636,0.099358,0.124488
28,115,951,405,0.129722,0.104645
28,116,530,28236,0.091619,0.105404
28,117,2661,3494,0.114830,0.115691
28,118,135,2040,0.099537,0.100951
28,119,246,8436,0.093044,0.124128
28,120,1721,37316,0.110441,0.148651
28,121,67,1995,0.085861,0.102769
28,122,429,26639,0.092755,0.115615
28,123,360,988,0.093128,0.099427
28,124,1092,1868,0.097620,0.105583
28,125,376,2232,0.085440,0.082891
28,126,7842,15131,0.134439,0.122594
28,127,62,1310,0.105036,0.098332
28,128,49,507,0.096804,0.096582
28,129,581,2940,0.091096,0.094417
28,130,69901,9583,0.142313,0.098584
28,131,563,13172,0.098275,0.106123
28,132,520,6681,0.101908,0.101077
28,133,846,37933,0.080955,0.147821
28,134,2697,15397,0.062796,0.105066
28,135,826,5226,0.097930,0.095433
28,136,61,7239,0.096339,0.114591
28,137,869,11091,0.096188,0.146198
28,138,805,9235,0.092140,0.145422
28,139,1394,29778,0.096085,0.112831
28,140,556,8042,0.094690,0.100981
28,141,1052,6388,0.092007,0.095143
28,142,2519,40042,0.102613,0.132765
28,143,141,8048,0.081862,0.102884
28,144,7350,43717,0.120833,0.149448
28,145,90,689,0.095673,0.097103
28,146,88,789,0.099768,0.094213
28,147,648,15525,0.094134,0.110764
28,148,4828,10350,0.078696,0.093030
28,149,1498,25536,0.113121,0.152839
28,150,566,21159,0.099084,0.117191
28,151,2152,30629,0.112652,0.143510
28,152,26426,29753,0.151142,0.145073
28,153,33,2854,0.082072,0.100020
28,154,3,23,0.101400,0.083369
28,155,80,8450,0.081888,0.113256
28,156,993,14293,0.083034,0.130087
28,157,3080,8064,0.112682,0.118453
28,158,13154,15840,0.155993,0.103109
28,159,1185,4292,0.108749,0.093841
28,160,9112,6709,0.174946,0.114996
28,161,482,5912,0.103829,0.136279
28,162,8210,6393,0.072892,0.099203
28,163,5674,25400,0.215007,0.115980
28,164,5894,15769,0.105415,0.150391
28,165,709,2150,0.076919,0.093068
28,166,20415,7358,0.264401,0.116597
28,167,389,8826,0.097890,0.106921
28,168,861,24422,0.108936,0.106464
28,169,1108,37677,0.095459,0.114654
28,170,984,47328,0.052950,0.117771
28,171,114,2402,0.086848,0.099992
28,172,1073,970,0.139956,0.092135
28,173,2772,18318,0.107168,0.115056
28,174,2683,28557,0.099333,0.103168
28,175,12240,32711,0.119833,0.132785
28,176,8092,78884,0.111773,0.142498
28,177,2795,8455,0.103470,0.103442
28,178,942,4673,0.084048,0.101751
28,179,1073,7771,0.098318,0.125015
28,180,287,734,0.087241,0.091742
28,181,22,18389,0.092785,0.135188
28,182,5257,19486,0.114694,0.127864
28,183,146,1687,0.086312,0.093246
28,184,1881,6936,0.097016,0.098179
28,185,291,26553,0.092690,0.126630
28,186,808,11025,0.096804,0.104114
28,187,1098,15829,0.106187,0.105189
28,188,19,4440,0.100457,0.107549
28,189,19,2175,0.098003,0.101917
28,190,2049,26697,0.098592,0.155749
28,191,901,13224,0.101291,0.100671
28,192,342,4557,0.099654,0.105334
28,193,82,25827,0.084365,0.138074
28,194,10401,10815,0.102050,0.100481
28,195,428,52999,0.091566,0.109799
28,196,7,27441,0.090193,0.120888
28,197,3666,48109,0.106254,0.118237
28,198,776,12385,0.107073,0.115327
28,199,1722,14318,0.101210,0.104495
28,200,1695,9256,0.101414,0.101268
28,201,2735,16435,0.085623,0.156469
28,202,24,2953,0.085673,0.090935
28,203,3509,17212,0.166523,0.124537
28,204,3339,27105,0.094778,0.099392
28,205,8589,26265,0.064690,0.170893
28,206,37,1555,0.082143,0.096347
28,207,7,24,0.099470,0.102743
28,208,786,6697,0.103512,0.103697
28,209,625,2896,0.103169,0.099454
28,210,9662,12352,0.097301,0.105126
28,211,308,5114,0.087241,0.102087
28,212,30,1894,0.079989,0.102439
28,213,357,21857,0.102513,0.107995
28,214,352,5250,0.105640,0.104066
28,215,522,4849,0.105257,0.097465
28,216,574,7210,0.108184,0.103993
28,217,1142,12792,0.098287,0.106545
28,218,32226,10800,0.104354,0.105820
28,219,107,20976,0.091957,0.115616
28,220,3247,18784,0.106547,0.104511
28,221,4287,335,0.124796,0.098656
28,222,1215,6562,0.097804,0.102006
28,223,92,15566,0.085746,0.097201
28,224,327,3332,0.094907,0.102506
28,225,1335,14292,0.101945,0.096998
28,226,541,3057,0.092107,0.101026
28,227,6384,14967,0.123237,0.129804
28,228,3666,25230,0.089475,0.116228
28,229,15067,6875,0.160718,0.105607
28,230,3297,13981,0.087267,0.148119
28,231,0,2521,0.000000,0.098325
28,232,3289,7565,0.153960,0.150105
28,233,2780,3509,0.080340,0.114102
28,234,1828,4493,0.141071,0.142029
28,235,1805,12676,0.104122,0.108853
28,236,3664,22944,0.097590,0.098756
28,237,6,7890,0.100749,0.112867
28,238,6325,2466,0.108593,0.105081
28,239,461,3122,0.093123,0.097197
28,240,144,927,0.106435,0.101123
28,241,1618,5099,0.097980,0.099044
28,242,408,23802,0.101060,0.114536
28,243,1015,30329,0.090130,0.145591
28,244,346,3412,0.099258,0.099765
28,245,7027,7997,0.124845,0.111300
28,246,7944,38296,0.111783,0.110084
28,247,5285,10158,0.109907,0.137544
28,248,1174,13459,0.086326,0.102759
28,249,355,1587,0.095826,0.098164
28,250,589,13309,0.099914,0.106104
28,251,4927,45928,0.109060,0.128351
28,252,20546,28479,0.094770,0.111250
28,253,77,583,0.093461,0.088735
28,254,1695,9303,0.117805,0.118736
28,255,5965,31997,0.127921,0.161439
29,0,3727,25680,0.058218,0.115166
29,1,288,3816,0.115188,0.098032
29,2,10363,172574,0.132226,0.141670
29,3,270,4099,0.091645,0.093682
29,4,1640,9740,0.141429,0.163648
29,5,2102,53910,0.092367,0.157805
29,6,34,499,0.089119,0.082978
29,7,280,1955,0.109021,0.094551
29,8,1552,67618,0.102745,0.107509
29,9,6935,4581,0.113921,0.104769
29,10,2629,20490,0.104779,0.099740
29,11,512,6013,0.090701,0.089804
29,12,195,1705,0.097960,0.091794
29,13,7484,2676,0.133327,0.113086
29,14,4477,16145,0.142019,0.143516
29,15,10676,14586,0.101373,0.128951
29,16,1008,9728,0.079643,0.096562
29,17,237,4381,0.101129,0.095484
29,18,4566,22721,0.110808,0.150166
29,19,288,7081,0.123356,0.137434
29,20,25334,62899,0.237296,0.137403
29,21,88,32170,0.090715,0.121267
29,22,4362,26797,0.165853,0.120522
29,23,1986,6731,0.108816,0.101924
29,24,0,19,0.000000,0.069503
29,25,7724,11683,0.079058,0.101133
29,26,4336,18420,0.177687,0.219119
29,27,822,1285,0.104115,0.098858
29,28,87,2208,0.091744,0.087395
29,29,728,13319,0.120499,0.142966
29,30,6507,30029,0.094902,0.102473
29,31,152,1494,0.096766,0.094308
29,32,1611,10512,0.102285,0.103176
29,33,4091,5570,0.107297,0.097693
29,34,2591,35058,0.103046,0.101653
29,35,7969,8103,0.064860,0.092432
29,36,6676,41546,0.099124,0.097739
29,37,15158,2613,0.116501,0.106541
29,38,4,97,0.088135,0.091296
29,39,3527,14855,0.092794,0.089474
29,40,237,1849,0.116784,0.107144
29,41,2851,34488,0.117594,0.117936
29,42,3893,13427,0.063725,0.101070
29,43,2817,22149,0.121098,0.119454
29,44,767,76,0.121439,0.097499
29,45,1559,10807,0.103125,0.103088
29,46,7640,19690,0.193050,0.145190
29,47,878,9528,0.108791,0.111356
29,48,18540,13841,0.083237,0.092724
29,49,2628,10731,0.103099,0.134982
29,50,157,4913,0.101701,0.096874
29,51,2597,22767,0.121936,0.112781
29,52,5793,50145,0.122309,0.134702
29,53,1198,10893,0.107449,0.105285
29,54,2612,12560,0.122595,0.111919
29,55,450,3955,0.096553,0.095339
29,56,657,3725,0.108295,0.102425
29,57,2571,18647,0.142253,0.143957
29,58,38,862,0.109285,0.100127
29,59,1375,10277,0.121966,0.129067
29,60,2027,30157,0.108332,0.110133
29,61,30,28178,0.104297,0.115908
29,62,667,12063,0.116274,0.116042
29,63,1664,56409,0.104022,0.115774
29,64,48193,4678,0.150960,0.089622
29,65,1259,56203,0.107211,0.131762
29,66,165,2530,0.097809,0.088433
29,67,549,4459,0.104517,0.101961
29,68,1528,3844,0.101602,0.103530
29,69,1881,13574,0.098045,0.100815
29,70,93,3381,0.112793,0.109423
29,71,8256,17186,0.097234,0.125571
29,72,3688,7487,0.077044,0.098724
29,73,17853,11973,0.115130,0.104977
29,74,1700,9041,0.077338,0.114437
29,75,313,19075,0.089578,0.091022
29,76,2749,40271,0.074285,0.147264
29,77,3391,4161,0.092321,0.090251
29,78,316,7128,0.109746,0.125493
29,79,7388,13304,0.092254,0.094100
29,80,7,227,0.108817,0.108377
29,81,16298,151530,0.124091,0.132605
29,82,285,6280,0.105683,0.096104
29,83,2470,58796,0.108247,0.102865
29,84,12533,46316,0.165714,0.150333
29,85,1051,26934,0.095017,0.102571
29,86,3979,4401,0.097256,0.102187
29,87,7646,42823,0.070963,0.138102
29,88,165,27571,0.104392,0.127552
29,89,272,828,0.150917,0.106344
29,90,354,2173,0.104374,0.099780
29,91,10275,13494,0.101099,0.099679
29,92,675,6167,0.103977,0.096160
29,93,2598,3538,0.077618,0.096193
29,94,1319,53170,0.112562,0.163128
29,95,230,4601,0.101143,0.098292
29,96,6046,5605,0.091931,0.101887
29,97,1116,37779,0.100478,0.104866
29,98,488,6771,0.100821,0.093078
29,99,12790,4397,0.104085,0.091306
29,100,3071,8591,0.071175,0.102959
29,101,1479,26084,0.114443,0.111458
29,102,88,19322,0.092943,0.100695
29,103,0,48,0.000000,0.080475
29,104,2446,7596,0.089360,0.141371
29,105,14029,94282,0.130881,0.137096
29,106,4834,9074,0.292784,0.118434
29,107,69,21151,0.081263,0.092023
29,108,377,60580,0.102760,0.126959
29,109,1893,474,0.176583,0.088989
29,110,3600,7957,0.171006,0.167377
29,111,5100,7777,0.077184,0.097857
29,112,5796,10744,0.141283,0.113352
29,113,1717,14411,0.099128,0.100001
29,114,669,6205,0.129609,0.118490
29,115,6891,7712,0.127819,0.115347
29,116,6524,12579,0.093028,0.092603
29,117,97,634,0.101089,0.091305
29,118,450,27043,0.113368,0.164113
29,119,3070,23243,0.130010,0.133003
29,120,204,8368,0.091845,0.100711
29,121,688,9413,0.099325,0.096355
29,122,290,2651,0.100652,0.096870
29,123,119,901,0.108341,0.100692
29,124,1446,4004,0.048841,0.082418
29,125,4633,12915,0.078006,0.126422
29,126,2268,5148,0.156750,0.143790
29,127,4595,23557,0.099289,0.098783
29,128,2095,22867,0.110830,0.114274
29,129,4555,2717,0.087056,0.101447
29,130,974,5707,0.106743,0.100509
29,131,17351,34080,0.119073,0.114049
29,132,6,29641,0.102214,0.123592
29,133,1106,9748,0.096236,0.090359
29,134,4832,27086,0.098014,0.111630
29,135,37,593,0.110853,0.108589
29,136,673,4633,0.110467,0.105428
29,137,466,4175,0.101034,0.092485
29,138,476,7826,0.106416,0.090839
29,139,15,2704,0.100586,0.094241
29,140,2376,1835,0.073444,0.094589
29,141,154,11535,0.098232,0.098134
29,142,2770,7453,0.085064,0.085201
29,143,12,169,0.113892,0.100628
29,144,4743,4817,0.077137,0.165441
29,145,2406,75380,0.108578,0.137905
29,146,9,192,0.090875,0.092424
29,147,212,2756,0.094486,0.090946
29,148,46,1116,0.093612,0.092845
29,149,909,2821,0.100474,0.100885
29,150,11493,77761,0.228272,0.231877
29,151,3360,47097,0.122497,0.120080
29,152,15810,1540,0.111469,0.097602
29,153,2325,10218,0.059682,0.104551
29,154,120,2745,0.094248,0.095259
29,155,3616,11277,0.144537,0.144413
29,156,1426,373,0.065314,0.101273
29,157,598,4487,0.127089,0.120549
29,158,392,48974,0.082952,0.143613
29,159,3036,9809,0.100426,0.097118
29,160,4882,7647,0.118144,0.104383
29,161,1427,20780,0.109107,0.102021
29,162,4425,21467,0.132744,0.135747
29,163,202,3618,0.097757,0.093730
29,164,1993,12066,0.149355,0.154275
29,165,3052,29465,0.112837,0.111392
29,166,0,6247,0.000000,0.066516
29,167,4380,9395,0.093051,0.127071
29,168,1889,16982,0.113517,0.111715
29,169,1656,10243,0.105495,0.098600
29,170,780,4165,0.114984,0.117127
29,171,5653,7756,0.131119,0.148798
29,172,1468,36096,0.099504,0.131293
29,173,829,6289,0.103829,0.099435
29,174,455,3377,0.100780,0.093703
29,175,2235,24270,0.102829,0.102896
29,176,5940,538,0.096411,0.090857
29,177,3753,28129,0.112929,0.117248
29,178,16,19,0.078354,0.083483
29,179,6183,49849,0.126486,0.135007
29,180,4081,8778,0.111517,0.105981
29,181,399,3156,0.096338,0.090484
29,182,604,5999,0.111525,0.111416
29,183,2421,9292,0.093485,0.099428
29,184,8303,51692,0.195186,0.190268
29,185,2558,12385,0.154789,0.159664
29,186,1518,7028,0.091136,0.094081
29,187,298,4852,0.094324,0.094604
29,188,766,8809,0.109877,0.119894
29,189,325,5332,0.099906,0.102080
29,190,91,2448,0.109268,0.103349
29,191,558,4044,0.106522,0.101761
29,192,482,713,0.103118,0.090508
29,193,5,630,0.111133,0.097607
29,194,1315,10959,0.107353,0.108094
29,195,1191,10945,0.126227,0.130345
29,196,1404,2102,0.131583,0.092877
29,197,284,2516,0.094535,0.101299
29,198,8749,11556,0.101739,0.120115
29,199,97,1098,0.098957,0.091008
29,200,3978,16277,0.085880,0.095817
29,201,4438,10671,0.094848,0.103731
29,202,160,1651,0.106863,0.102847
29,203,267,1756,0.111944,0.107833
29,204,253,5047,0.093646,0.092441
29,205,255,2757,0.104923,0.097228
29,206,160,4037,0.116621,0.109231
29,207,322,1406,0.094951,0.096386
29,208,561,1060,0.122233,0.092719
29,209,2515,1059,0.114623,0.099861
29,210,1117,1437,0.119452,0.097636
29,211,355,4181,0.117671,0.106182
29,212,113,1125,0.093581,0.094468
29,213,1865,6740,0.098272,0.117190
29,214,652,6577,0.130025,0.146458
29,215,7751,30760,0.106504,0.124241
29,216,2285,11552,0.127873,0.113751
29,217,2922,22686,0.120000,0.117066
29,218,1000,19595,0.117736,0.157322
29,219,2401,1078,0.131210,0.111908
29,220,488,11980,0.094695,0.103448
29,221,864,1507,0.096982,0.097811
29,222,32,345,0.088776,0.093886
29,223,4074,42359,0.106437,0.108249
29,224,148,821,0.096035,0.090308
29,225,3034,31431,0.116836,0.130857
29,226,684,56583,0.111565,0.164498
29,227,828,6690,0.112317,0.102167
29,228,480,4776,0.102385,0.102152
29,229,2,3930,0.103760,0.104902
29,230,1672,11192,0.079113,0.109824
29,231,837,1851,0.099702,0.095837
29,232,1835,18622,0.106118,0.106177
29,233,1494,1413,0.125346,0.116971
29,234,5642,8154,0.122535,0.106435
29,235,1688,9343,0.116830,0.114378
29,236,18,19655,0.090820,0.118228
29,237,883,3539,0.107107,0.104532
29,238,31,635,0.100050,0.105798
29,239,662,3727,0.115379,0.102868
29,240,186,1766,0.109417,0.094477
29,241,5663,51495,0.075013,0.109395
29,242,3960,10852,0.085042,0.108007
29,243,7204,21418,0.093576,0.098080
29,244,2423,24992,0.126883,0.109846
29,245,658,3973,0.104847,0.102483
29,246,12083,45158,0.100438,0.106870
29,247,35617,35014,0.128241,0.111001
29,248,32033,24840,0.222755,0.129389
29,249,3394,13616,0.134036,0.129897
29,250,1846,52272,0.069159,0.145067
29,251,22110,126549,0.134534,0.121965
29,252,225,3738,0.106582,0.104596
29,253,95,2252,0.107062,0.104116
29,254,978,9634,0.104162,0.102300
29,255,621,1387,0.115845,0.109514
30,0,5834,53349,0.126154,0.168489
30,1,3127,14085,0.107462,0.103884
30,2,778,4676,0.104445,0.102360
30,3,830,14589,0.094010,0.105814
30,4,1510,3768,0.125380,0.102552
30,5,273,3962,0.101432,0.096594
30,6,3245,16525,0.124067,0.186593
30,7,60,368,0.080607,0.085628
30,8,5175,2903,0.122633,0.089686
30,9,1536,9063,0.100047,0.098556
30,10,382,3707,0.095568,0.102147
30,11,662,9721,0.111035,0.108389
30,12,177,4752,0.102158,0.098449
30,13,16707,15123,0.097991,0.100383
30,14,892,13419,0.101000,0.098682
30,15,14524,11005,0.135108,0.123416
30,16,37,11763,0.095683,0.108054
30,17,773,4747,0.100957,0.098939
30,18,2382,4507,0.173036,0.137571
30,19,4869,29361,0.125360,0.139403
30,20,294,6299,0.096840,0.104866
30,21,3330,10902,0.103026,0.099407
30,22,1674,107871,0.121924,0.123781
30,23,54,43378,0.099460,0.154271
30,24,6677,18304,0.093041,0.087342
30,25,1538,6062,0.101842,0.102095
30,26,34,984,0.104636,0.099783
30,27,2130,9707,0.098134,0.096617
30,28,1959,4744,0.110813,0.102748
30,29,5807,149087,0.130191,0.127685
30,30,4265,12261,0.083269,0.101038
30,31,5638,15641,0.308664,0.157439
30,32,4090,15329,0.069759,0.095199
30,33,1032,7478,0.098974,0.089276
30,34,15292,73951,0.084217,0.112660
30,35,12982,27828,0.103553,0.110131
30,36,518,2397,0.096695,0.093546
30,37,3996,25457,0.106299,0.097735
30,38,3693,30564,0.100661,0.107150
30,39,3394,9616,0.099895,0.097979
30,40,1180,28743,0.095316,0.099589
30,41,241,2111,0.105847,0.101117
30,42,3819,38760,0.096660,0.098536
30,43,21657,22443,0.146219,0.113693
30,44,10879,26349,0.109737,0.103571
30,45,3496,59279,0.114363,0.130174
30,46,224,597,0.098580,0.094696
30,47,2753,19183,0.054910,0.099098
30,48,367,5117,0.086133,0.088399
30,49,5,58,0.081396,0.092731
30,50,380,7996,0.100297,0.112790
30,51,454,22158,0.108366,0.092002
30,52,3560,13795,0.110806,0.112909
30,53,249,1609,0.091150,0.094341
30,54,94,512,0.083381,0.080530
30,55,2904,18053,0.131525,0.198585
30,56,153,2745,0.099739,0.096460
30,57,3163,12987,0.097734,0.098017
30,58,862,744,0.121084,0.096771
30,59,279,1270,0.101006,0.095316
30,60,3688,23554,0.096113,0.101213
30,61,1628,26925,0.144034,0.172969
30,62,4079,9664,0.109963,0.119053
30,63,1383,24958,0.107582,0.127925
30,64,5236,80134,0.116678,0.117731
30,65,16,163,0.104309,0.103412
30,66,1531,9611,0.119623,0.128184
30,67,3148,8358,0.094735,0.106176
30,68,328,13936,0.110919,0.097926
30,69,2527,18796,0.067400,0.151179
30,70,139,1358,0.091981,0.091784
30,71,383,28880,0.104595,0.137158
30,72,2309,10846,0.126571,0.159006
30,73,723,5646,0.115070,0.117608
30,74,13062,45230,0.137060,0.134212
30,75,5183,12881,0.085040,0.114484
30,76,3877,146649,0.105207,0.141108
30,77,1059,13017,0.108642,0.095961
30,78,3053,40311,0.082864,0.108045
30,79,7876,37874,0.149600,0.143903
30,80,99,882,0.100329,0.098168
30,81,18,7965,0.117079,0.097932
30,82,921,3736,0.101115,0.109372
30,83,1077,419,0.041394,0.092018
30,84,1260,14864,0.111615,0.105019
30,85,1054,10978,0.106096,0.123544
30,86,309,2990,0.110061,0.102725
30,87,917,4342,0.096289,0.097246
30,88,6796,55355,0.081996,0.097630
30,89,2238,1323,0.067712,0.114855
30,90,637,19785,0.101686,0.132103
30,91,247,1916,0.136060,0.106594
30,92,1348,2888,0.121938,0.121385
30,93,360,7541,0.098825,0.095148
30,94,13009,15455,0.129623,0.099872
30,95,583,3783,0.095585,0.098521
30,96,8233,52333,0.106622,0.124360
30,97,4528,43169,0.111746,0.114095
30,98,1528,7600,0.098632,0.092541
30,99,24300,17750,0.104231,0.103699
30,100,2364,81581,0.128956,0.125946
30,101,358,4451,0.100395,0.102768
30,102,243,7204,0.087659,0.093483
30,103,72,862,0.107273,0.092569
30,104,3760,15769,0.109885,0.104512
30,105,1680,20106,0.090418,0.092117
30,106,19,381,0.106574,0.101216
30,107,385,2625,0.101201,0.095753
30,108,2743,6952,0.133066,0.132158
30,109,2370,14272,0.112731,0.106788
30,110,526,3101,0.094313,0.103886
30,111,2505,10557,0.094851,0.093979
30,112,2681,6456,0.149931,0.142686
30,113,2139,2947,0.098431,0.100960
30,114,116,2041,0.103728,0.101463
30,115,797,19583,0.122700,0.110094
30,116,1944,3715,0.119170,0.131611
30,117,1366,1134,0.053939,0.095448
30,118,521,9618,0.120403,0.101935
30,119,1951,20509,0.119379,0.116314
30,120,8393,92022,0.115598,0.214386
30,121,4790,62494,0.136198,0.148254
30,122,1267,6043,0.117373,0.113600
30,123,11245,13166,0.091837,0.095971
30,124,2301,884,0.046940,0.093054
30,125,98,2983,0.089263,0.088421
30,126,31148,22476,0.224204,0.181446
30,127,1844,17315,0.100022,0.099924
30,128,2741,13774,0.123530,0.132693
30,129,2705,3932,0.126282,0.112744
30,130,2935,8725,0.075554,0.141189
30,131,179,5818,0.103596,0.136018
30,132,2427,23200,0.095267,0.095567
30,133,1613,12428,0.085168,0.094429
30,134,9571,8923,0.117108,0.079899
30,135,175,7802,0.103245,0.099808
30,136,570,4203,0.102338,0.096974
30,137,2027,6796,0.100480,0.096239
30,138,778,462,0.128703,0.100227
30,139,198,457,0.137465,0.092638
30,140,496,3045,0.105130,0.101750
30,141,8749,12698,0.096192,0.109861
30,142,134,21798,0.096818,0.107401
30,143,1687,10453,0.109163,0.124703
30,144,312,1336,0.100386,0.096883
30,145,9228,32642,0.138702,0.144097
30,146,163,5231,0.096705,0.102116
30,147,5258,80191,0.099499,0.131608
30,148,1651,5976,0.092315,0.143482
30,149,674,5322,0.107838,0.102200
30,150,316,1741,0.106354,0.106978
30,151,192,21437,0.092581,0.121916
30,152,1338,1560,0.074610,0.093099
30,153,31,163,0.113896,0.096120
30,154,0,200,0.000000,0.096836
30,155,9522,34799,0.096463,0.151743
30,156,2076,13833,0.125987,0.116426
30,157,855,3018,0.102240,0.097071
30,158,1961,9837,0.121613,0.139698
30,159,541,18839,0.105266,0.136325
30,160,3860,6332,0.068156,0.101268
30,161,6175,9466,0.076361,0.090364
30,162,326,25227,0.105535,0.130164
30,163,3781,27768,0.077346,0.124119
30,164,3237,7541,0.108457,0.104957
30,165,335,1596,0.101646,0.096025
30,166,6575,5290,0.087356,0.100102
30,167,5456,11711,0.087726,0.095482
30,168,50,2222,0.093523,0.097948
30,169,428,25034,0.108778,0.129665
30,170,1742,39544,0.104252,0.131818
30,171,89,4444,0.092271,0.099398
30,172,9614,26308,0.120835,0.133095
30,173,507,3041,0.103596,0.107345
30,174,9468,14138,0.126959,0.146292
30,175,29,74,0.093969,0.093730
30,176,19027,39873,0.115034,0.122748
30,177,217,7537,0.109866,0.096140
30,178,374,3600,0.102477,0.094425
30,179,1253,50669,0.113229,0.146843
30,180,6005,32297,0.122635,0.149355
30,181,1330,1381,0.090776,0.097688
30,182,3137,12562,0.088647,0.101345
30,183,2165,9951,0.113094,0.107888
30,184,11522,7788,0.091341,0.107750
30,185,12876,72642,0.144299,0.152984
30,186,54,4790,0.102661,0.116625
30,187,1151,34989,0.054958,0.122737
30,188,426,17485,0.097388,0.137049
30,189,625,3212,0.100741,0.096006
30,190,19,3689,0.108167,0.117565
30,191,176,587,0.114582,0.112884
30,192,3157,40679,0.110318,0.122105
30,193,3823,23749,0.099681,0.117366
30,194,1842,16221,0.099676,0.111595
30,195,1486,8514,0.081362,0.223895
30,196,564,4127,0.092852,0.093246
30,197,5449,36298,0.115647,0.147726
30,198,196,1089,0.122849,0.105011
30,199,12138,12598,0.137148,0.096924
30,200,1238,19988,0.093222,0.100985
30,201,17605,24548,0.157134,0.110896
30,202,7687,60809,0.107664,0.136067
30,203,23400,16393,0.167224,0.121227
30,204,2164,33035,0.087139,0.121246
30,205,20,40475,0.096753,0.116097
30,206,1488,7260,0.112521,0.102255
30,207,2553,3318,0.125728,0.117475
30,208,3096,18189,0.113873,0.124089
30,209,2407,6128,0.129139,0.126405
30,210,831,3017,0.111512,0.113260
30,211,430,2681,0.102343,0.092273
30,212,62,241,0.105477,0.102581
30,213,421,39597,0.087743,0.147291
30,214,589,5085,0.120424,0.119842
30,215,572,6778,0.119642,0.119059
30,216,716,8282,0.101117,0.105723
30,217,14646,13665,0.093472,0.100800
30,218,26,318,0.092022,0.095217
30,219,1837,3870,0.170802,0.132934
30,220,361,12481,0.102849,0.104759
30,221,0,3311,0.000000,0.094758
30,222,740,2426,0.098281,0.098605
30,223,2358,1580,0.073455,0.101210
30,224,1892,959,0.136341,0.100886
30,225,192,1026,0.106229,0.093341
30,226,1076,46951,0.034116,0.141252
30,227,894,87,0.098372,0.076829
30,228,682,4058,0.111221,0.114939
30,229,2094,17795,0.112764,0.110838
30,230,8389,18164,0.095670,0.097072
30,231,655,1314,0.102112,0.099230
30,232,22,11073,0.108776,0.113019
30,233,5457,26066,0.113639,0.124639
30,234,56624,75927,0.209546,0.114251
30,235,1021,2868,0.104874,0.100695
30,236,643,7121,0.093061,0.104005
30,237,898,7143,0.140856,0.132032
30,238,302,1778,0.102018,0.099198
30,239,3584,5886,0.158398,0.105685
30,240,87,4655,0.100162,0.100545
30,241,6379,2405,0.135430,0.116627
30,242,3504,36878,0.105818,0.125239
30,243,694,3052,0.121644,0.101660
30,244,2,805,0.096436,0.091879
30,245,25,74,0.104766,0.094407
30,246,10,279,0.109570,0.102002
30,247,508,2770,0.095234,0.092059
30,248,50,101,0.110977,0.111638
30,249,46,661,0.110107,0.104614
30,250,419,21219,0.094974,0.131731
30,251,432,4704,0.105449,0.093576
30,252,336,1809,0.098639,0.099478
30,253,5076,19601,0.085354,0.110931
30,254,14035,7258,0.120658,0.128543
30,255,3685,3990,0.119136,0.105487
31,0,6900,65257,0.122629,0.134400
31,1,5312,28093,0.106512,0.105776
31,2,6195,27694,0.143475,0.147355
31,3,4422,45372,0.120171,0.129688
31,4,31,48462,0.080590,0.127307
31,5,164,1156,0.110521,0.106370
31,6,24,1820,0.084483,0.110333
31,7,878,5995,0.106847,0.108799
31,8,88,1737,0.098386,0.105013
31,9,163,2759,0.097930,0.100538
31,10,5465,48562,0.164950,0.184968
31,11,2668,4615,0.049008,0.100076
31,12,766,28818,0.121948,0.122463
31,13,287,5393,0.102417,0.102531
31,14,1365,12485,0.110691,0.110020
31,15,7866,30122,0.178720,0.142651
31,16,2087,12748,0.100218,0.103653
31,17,2989,9092,0.096321,0.098421
31,18,1154,17133,0.114793,0.113814
31,19,1590,92687,0.199222,0.131912
31,20,13198,21086,0.091045,0.106779
31,21,17,542,0.105727,0.098074
31,22,342,1734,0.123171,0.107836
31,23,8076,27748,0.173105,0.163795
31,24,5213,37999,0.095814,0.115884
31,25,2016,13405,0.117539,0.110926
31,26,9394,9251,0.111482,0.089956
31,27,174,4114,0.111149,0.109208
31,28,660,13711,0.115244,0.112692
31,29,518,4227,0.099296,0.096615
31,30,8015,79635,0.053490,0.134821
31,31,1088,3926,0.107833,0.104256
31,32,4211,20450,0.102745,0.103861
31,33,46,101,0.097423,0.094175
31,34,367,23249,0.104937,0.124626
31,35,45558,6316,0.127363,0.102784
31,36,20109,44634,0.215516,0.113825
31,37,2108,5156,0.124577,0.116315
31,38,1437,5250,0.115834,0.109293
31,39,4,12299,0.117920,0.095429
31,40,2424,6027,0.112868,0.103820
31,41,26624,9675,0.212448,0.098125
31,42,100,1661,0.104844,0.095193
31,43,841,6571,0.108974,0.108919
31,44,3330,7161,0.084208,0.099559
31,45,332,3783,0.102011,0.100849
31,46,724,4301,0.108932,0.104892
31,47,833,6497,0.105745,0.107880
31,48,240,18010,0.106977,0.117879
31,49,4380,50102,0.106950,0.137086
31,50,2114,18775,0.101303,0.106530
31,51,294,18721,0.087735,0.129657
31,52,2507,13825,0.092913,0.111148
31,53,285,2935,0.093655,0.103388
31,54,4261,27829,0.127980,0.132847
31,55,2929,5336,0.109929,0.130533
31,56,426,16530,0.097575,0.103803
31,57,2942,4631,0.089075,0.094775
31,58,234,2077,0.106789,0.100081
31,59,264,3032,0.127924,0.108110
31,60,3775,14535,0.096307,0.119910
31,61,7650,3412,0.181610,0.112775
31,62,15,181,0.099544,0.096411
31,63,1017,24270,0.117425,0.132311
31,64,307,3710,0.098545,0.098470
31,65,289,3315,0.101530,0.102369
31,66,725,6962,0.102994,0.102080
31,67,2116,12588,0.131369,0.126325
31,68,342,2700,0.106575,0.104898
31,69,3996,10119,0.096574,0.097945
31,70,57,3037,0.103781,0.102044
31,71,137,7630,0.114457,0.110223
31,72,6754,24019,0.094666,0.134523
31,73,5689,803,0.095590,0.096583
31,74,521,11469,0.103139,0.106691
31,75,18179,32234,0.077240,0.171882
31,76,2,55,0.097900,0.085933
31,77,255,2220,0.099636,0.095843
31,78,761,5700,0.108301,0.105583
31,79,1104,11077,0.104320,0.100499
31,80,971,9275,0.100555,0.098731
31,81,7025,7599,0.099696,0.102403
31,82,143,3046,0.114244,0.102336
31,83,2932,16320,0.136819,0.150516
31,84,213,3002,0.105610,0.105482
31,85,3712,44946,0.121437,0.149830
31,86,0,3301,0.000000,0.058824
31,87,6139,12719,0.112582,0.103133
31,88,249,1809,0.127004,0.114732
31,89,744,14482,0.107478,0.117707
31,90,4160,13384,0.108402,0.104232
31,91,521,10167,0.131482,0.126377
31,92,299,4527,0.101940,0.104215
31,93,822,4118,0.106381,0.104169
31,94,6527,53685,0.097383,0.127838
31,95,2190,33584,0.112714,0.113696
31,96,1167,14881,0.053535,0.099599
31,97,2847,11187,0.093056,0.098445
31,98,2082,6721,0.102478,0.100587
31,99,5443,8625,0.102072,0.117368
31,100,1663,6713,0.122383,0.116388
31,101,14,2352,0.103812,0.112864
31,102,460,5321,0.107159,0.105309
31,103,8558,69684,0.130176,0.131779
31,104,2,111,0.108887,0.098164
31,105,83,1672,0.098456,0.102114
31,106,1928,5562,0.106851,0.106249
31,107,532,4522,0.111859,0.103434
31,108,17,1570,0.107968,0.105380
31,109,59,60389,0.047723,0.149517
31,110,725,3663,0.109827,0.106684
31,111,70,4662,0.102529,0.102534
31,112,6243,55460,0.122978,0.142605
31,113,131,3876,0.106762,0.104858
31,114,15062,1797,0.122368,0.098470
31,115,1032,438,0.112745,0.103566
31,116,3315,33794,0.096091,0.190070
31,117,830,26163,0.118797,0.107089
31,118,2143,12421,0.104907,0.099274
31,119,1,292,0.088379,0.094841
31,120,82,10444,0.109470,0.114656
31,121,11188,5645,0.077141,0.085211
31,122,6231,486,0.069926,0.094231
31,123,307,9335,0.101264,0.111070
31,124,249,9546,0.106439,0.092932
31,125,5366,10456,0.096124,0.098133
31,126,2636,15615,0.130390,0.126976
31,127,974,77,0.099994,0.086825
31,128,5531,117415,0.117378,0.125178
31,129,3278,81997,0.125997,0.129644
31,130,1517,26456,0.089731,0.137670
31,131,226,2613,0.106710,0.108048
31,132,1115,12354,0.107652,0.101070
31,133,6366,9109,0.125814,0.105322
31,134,5079,14961,0.128135,0.124049
31,135,2447,41286,0.123203,0.119783
31,136,59,2563,0.097164,0.101382
31,137,279,5500,0.107723,0.096231
31,138,1368,20915,0.145963,0.164933
31,139,1359,31678,0.108663,0.118704
31,140,258,5380,0.082652,0.087336
31,141,1571,3312,0.062813,0.099856
31,142,2625,7528,0.103032,0.103530
31,143,387,261,0.106349,0.096340
31,144,1316,6923,0.114348,0.113382
31,145,7,6516,0.137626,0.101695
31,146,70,3673,0.093917,0.103310
31,147,3589,37479,0.109182,0.114736
31,148,1907,22311,0.099905,0.102691
31,149,3092,38287,0.108089,0.125771
31,150,3160,28141,0.094571,0.096191
31,151,257,6218,0.101588,0.099222
31,152,3923,73179,0.115109,0.130970
31,153,4520,16029,0.116323,0.098942
31,154,5912,30278,0.150862,0.213601
31,155,895,3847,0.100939,0.095941
31,156,68,2474,0.100916,0.105859
31,157,1375,12830,0.111101,0.133078
31,158,4521,22014,0.105900,0.103192
31,159,801,6359,0.108384,0.097174
31,160,2433,8841,0.103525,0.102027
31,161,390,13127,0.103435,0.103608
31,162,66945,7540,0.151760,0.101351
31,163,3656,2124,0.185853,0.110738
31,164,283,311,0.078787,0.124196
31,165,14614,76157,0.144302,0.137117
31,166,5776,29578,0.167489,0.122234
31,167,9390,34343,0.110213,0.135574
31,168,74,2228,0.095703,0.103248
31,169,6149,24289,0.139495,0.130592
31,170,69,1242,0.105483,0.104814
31,171,3043,85630,0.143784,0.120624
31,172,15259,107099,0.118814,0.147471
31,173,10784,5313,0.076928,0.099780
31,174,4719,1379,0.119251,0.105653
31,175,1409,6286,0.111267,0.108052
31,176,916,18754,0.102706,0.100819
31,177,3017,12635,0.105503,0.103155
31,178,466,3306,0.095512,0.101852
31,179,1939,8680,0.129472,0.120427
31,180,926,2029,0.121135,0.102153
31,181,848,3353,0.109273,0.105003
31,182,109,520,0.100934,0.099059
31,183,4550,30803,0.080013,0.117909
31,184,473,6272,0.100265,0.098355
31,185,369,3117,0.106120,0.100916
31,186,1841,14228,0.081991,0.116557
31,187,2618,36156,0.109844,0.094725
31,188,1009,16401,0.133165,0.146214
31,189,4,367,0.104492,0.096066
31,190,1521,17921,0.112686,0.111782
31,191,5478,57334,0.105138,0.107238
31,192,1573,160,0.118608,0.109715
31,193,441,5141,0.105753,0.107044
31,194,10455,18361,0.117961,0.120294
31,195,1549,4801,0.107371,0.105035
31,196,1430,5098,0.119848,0.115439
31,197,1671,25458,0.105876,0.113651
31,198,74,348,0.104717,0.099667
31,199,189,21343,0.108980,0.128053
31,200,7738,67005,0.125193,0.135297
31,201,20453,15174,0.276200,0.152951
31,202,152,796,0.096664,0.101083
31,203,792,10000,0.097934,0.107615
31,204,11629,15298,0.117732,0.202491
31,205,111,50058,0.078424,0.137913
31,206,1976,2849,0.109130,0.099987
31,207,9371,19334,0.081197,0.159618
31,208,3964,19096,0.114073,0.104918
31,209,842,4680,0.103416,0.102853
31,210,55,832,0.101918,0.098157
31,211,26,3511,0.113300,0.115627
31,212,1058,385,0.074187,0.087931
31,213,29,1256,0.110823,0.103031
31,214,4014,23216,0.103115,0.102004
31,215,5674,30797,0.137453,0.115672
31,216,1162,3704,0.110054,0.106264
31,217,2751,4298,0.127894,0.105401
31,218,61,12926,0.105237,0.109494
31,219,2821,6439,0.120956,0.119652
31,220,835,12523,0.100060,0.102462
31,221,11622,29852,0.104352,0.127413
31,222,226,4761,0.097210,0.102343
31,223,442,3438,0.114092,0.111014
31,224,15934,6592,0.074029,0.101907
31,225,1905,9908,0.126579,0.157415
31,226,47,4084,0.099318,0.079768
31,227,1564,12757,0.096875,0.101589
31,228,320,42288,0.119323,0.127806
31,229,310,24166,0.112594,0.122809
31,230,1232,13742,0.131463,0.111182
31,231,1012,505,0.117181,0.111669
31,232,342,3542,0.103893,0.102282
31,233,128,37530,0.096592,0.123817
31,234,11454,14707,0.091447,0.093747
31,235,3220,13878,0.098682,0.105670
31,236,195,2821,0.102346,0.103548
31,237,4350,19067,0.178813,0.268325
31,238,5761,18081,0.111361,0.111974
31,239,2392,2835,0.107308,0.112660
31,240,2466,87013,0.120389,0.123100
31,241,654,7732,0.117523,0.103104
31,242,3261,19927,0.105556,0.108495
31,243,502,2207,0.092427,0.079755
31,244,414,2580,0.095151,0.093881
31,245,1000,3741,0.113892,0.112072
31,246,23450,35143,0.096937,0.104250
31,247,2186,4652,0.099975,0.128645
31,248,100,5348,0.100789,0.099246
31,249,1151,10273,0.120392,0.125066
31,250,819,4697,0.139328,0.112302
31,251,48,3193,0.100983,0.104463
31,252,5,3051,0.089648,0.095415
31,253,288,7888,0.096438,0.107421
31,254,2712,19132,0.104909,0.108163
31,255,762,12469,0.099141,0.099592
32,0,20,1357,0.094690,0.089358
32,1,163,566,0.092520,0.096975
32,2,11833,355,0.153557,0.085809
32,3,2895,20084,0.105173,0.120374
32,4,45,1144,0.096658,0.100696
32,5,12774,58005,0.148978,0.167820
32,6,110,17691,0.090976,0.111072
32,7,4181,56718,0.109569,0.111976
32,8,1972,6251,0.077864,0.087249
32,9,477,1175,0.099717,0.096171
32,10,880,7617,0.086318,0.084887
32,11,3271,26599,0.094969,0.096565
32,12,1256,4050,0.084066,0.121011
32,13,357,15798,0.098068,0.117114
32,14,2335,10315,0.104942,0.118006
32,15,5978,16288,0.106800,0.126280
32,16,2884,23134,0.100170,0.104088
32,17,3129,16055,0.118432,0.144666
32,18,1335,13547,0.121739,0.111638
32,19,4698,21019,0.140109,0.151568
32,20,101,1040,0.084192,0.087106
32,21,13,1932,0.083928,0.090081
32,22,1766,14196,0.119814,0.121506
32,23,8864,69288,0.123308,0.130501
32,24,5210,10350,0.090722,0.096492
32,25,11003,44868,0.118290,0.105579
32,26,4817,6777,0.106120,0.114445
32,27,24052,12332,0.126564,0.091978
32,28,3392,9733,0.126232,0.123176
32,29,1281,13724,0.081776,0.092483
32,30,281,7373,0.090790,0.096096
32,31,2285,5703,0.075761,0.094226
32,32,574,3185,0.095209,0.095525
32,33,9167,54730,0.282585,0.270428
32,34,2287,33985,0.098950,0.098521
32,35,4231,5369,0.102639,0.097030
32,36,0,30,0.000000,0.086678
32,37,2441,7309,0.141394,0.128311
32,38,4085,5396,0.077417,0.104938
32,39,0,106,0.000000,0.097184
32,40,54,3877,0.082587,0.091344
32,41,715,10726,0.097577,0.097927
32,42,1825,14101,0.121140,0.139941
32,43,5452,31293,0.097949,0.102047
32,44,425,9747,0.084283,0.093862
32,45,419,9154,0.093674,0.094112
32,46,1622,11089,0.103151,0.099182
32,47,372,3264,0.138886,0.091496
32,48,452,18665,0.104185,0.127761
32,49,2930,4521,0.094378,0.094744
32,50,298,2759,0.084650,0.081371
32,51,2861,47201,0.109575,0.113507
32,52,3531,25276,0.126183,0.136053
32,53,10326,12669,0.102601,0.092507
32,54,837,32343,0.089714,0.093981
32,55,229,4600,0.089120,0.087683
32,56,4642,14325,0.122615,0.114984
32,57,966,11793,0.111811,0.122723
32,58,3641,8055,0.168168,0.127973
32,59,413,7071,0.085907,0.081835
32,60,7424,42527,0.187997,0.196905
32,61,2387,10427,0.109123,0.094789
32,62,71,1870,0.093238,0.085325
32,63,1963,35074,0.089034,0.095003
32,64,386,22201,0.092270,0.103923
32,65,1193,8422,0.111701,0.092739
32,66,39350,31840,0.109147,0.104082
32,67,1537,327,0.136573,0.091701
32,68,46786,187887,0.153975,0.136947
32,69,69,374,0.088789,0.098085
32,70,3413,10920,0.118688,0.113666
32,71,39945,34916,0.140764,0.102614
32,72,125,1850,0.098689,0.103014
32,73,5805,3314,0.139161,0.118966
32,74,1533,6963,0.078235,0.097521
32,75,2833,10398,0.109327,0.141532
32,76,716,15256,0.101977,0.118526
32,77,0,6755,0.000000,0.084110
32,78,2786,3267,0.106689,0.101552
32,79,7,1142,0.096959,0.099220
32,80,129,1225,0.092889,0.086415
32,81,215,5360,0.094277,0.096607
32,82,1299,10036,0.091488,0.095188
32,83,6609,35930,0.148931,0.151051
32,84,1373,24205,0.104693,0.108140
32,85,2855,17302,0.127914,0.122852
32,86,911,20342,0.105582,0.110793
32,87,3798,44202,0.107735,0.116624
32,88,6648,2112,0.185057,0.109884
32,89,1951,16555,0.196597,0.171698
32,90,6949,44160,0.098040,0.126467
32,91,235,3896,0.100557,0.088026
32,92,5240,9451,0.128914,0.128560
32,93,143,2732,0.084358,0.091452
32,94,1033,8945,0.127198,0.099357
32,95,5798,8137,0.101602,0.085893
32,96,803,31586,0.122685,0.137977
32,97,303,999,0.082435,0.086669
32,98,3841,31733,0.151545,0.169836
32,99,1408,19490,0.132784,0.126437
32,100,4,103,0.080811,0.087428
32,101,5957,23068,0.093739,0.107268
32,102,536,14155,0.102178,0.122170
32,103,2380,14944,0.098683,0.099555
32,104,6886,1915,0.124289,0.101698
32,105,1367,13868,0.084452,0.091805
32,106,147,3934,0.100769,0.082602
32,107,93,5202,0.082793,0.085892
32,108,2190,341,0.145690,0.100498
32,109,5096,18071,0.142513,0.134397
32,110,7642,911,0.112661,0.103124
32,111,1045,17764,0.094995,0.102580
32,112,21948,10144,0.132100,0.131561
32,113,2926,6451,0.107526,0.131295
32,114,1,587,0.072754,0.092893
32,115,1811,23265,0.105460,0.096183
32,116,2012,10670,0.150937,0.140981
32,117,13598,11892,0.094526,0.078257
32,118,73,5482,0.086449,0.096438
32,119,3064,44670,0.124896,0.160922
32,120,3467,9674,0.127839,0.133373
32,121,7383,50160,0.130080,0.147893
32,122,2869,33780,0.093269,0.094682
32,123,4738,27134,0.115766,0.155905
32,124,449,35686,0.089670,0.113698
32,125,8,32992,0.088593,0.129940
32,126,1098,18513,0.097592,0.089472
32,127,5240,35365,0.234360,0.255678
32,128,1014,14035,0.073971,0.072702
32,129,6317,19055,0.172372,0.167669
32,130,459,4820,0.101541,0.100641
32,131,704,21082,0.123688,0.092465
32,132,617,5254,0.110943,0.109145
32,133,300,9506,0.087946,0.095140
32,134,894,31515,0.063841,0.096705
32,135,1202,8353,0.094871,0.093309
32,136,6168,16368,0.107351,0.127184
32,137,4143,26003,0.135732,0.144175
32,138,7799,52370,0.130985,0.139984
32,139,723,8305,0.128160,0.114223
32,140,3188,49001,0.113042,0.123383
32,141,7,102,0.097656,0.092845
32,142,1415,12572,0.105218,0.103304
32,143,3255,299,0.115019,0.092733
32,144,2548,7451,0.141360,0.121767
32,145,44,261,0.094771,0.104158
32,146,3287,20396,0.138765,0.160572
32,147,5216,20915,0.127587,0.127038
32,148,794,9286,0.128962,0.136292
32,149,5993,33851,0.159954,0.192510
32,150,11764,21527,0.084324,0.113154
32,151,199,1094,0.100390,0.104642
32,152,417,4090,0.096995,0.096085
32,153,20,1797,0.104541,0.099234
32,154,218,20302,0.084886,0.094445
32,155,3594,84713,0.115403,0.109566
32,156,108,4072,0.085800,0.095440
32,157,3454,7407,0.123148,0.138711
32,158,240,19587,0.106858,0.110740
32,159,17,4565,0.074822,0.087539
32,160,16517,22695,0.110087,0.099111
32,161,2966,95691,0.117323,0.155122
32,162,1881,8316,0.110055,0.134390
32,163,1410,2136,0.090716,0.092390
32,164,130,7672,0.099069,0.100830
32,165,755,13113,0.093597,0.097002
32,166,14254,23842,0.092328,0.093514
32,167,63,1658,0.092386,0.075703
32,168,85,1722,0.092067,0.102003
32,169,16,661,0.099091,0.099176
32,170,3018,15033,0.111631,0.136503
32,171,750,4045,0.101437,0.098548
32,172,1588,7199,0.105185,0.095926
32,173,364,6022,0.118021,0.114356
32,174,3693,12455,0.118254,0.114139
32,175,2854,13642,0.205379,0.123661
32,176,372,3186,0.096260,0.087996
32,177,177,4581,0.095721,0.092459
32,178,1306,51152,0.090139,0.110775
32,179,378,19454,0.097179,0.113142
32,180,4384,26650,0.091694,0.102681
32,181,607,31384,0.081091,0.149195
32,182,41,1489,0.090737,0.098667
32,183,1839,2656,0.087236,0.085243
32,184,1044,9925,0.097266,0.105456
32,185,12072,14059,0.141394,0.093013
32,186,527,43657,0.110535,0.121484
32,187,2035,13268,0.122227,0.118401
32,188,201,3366,0.084427,0.076391
32,189,0,15,0.000000,0.097949
32,190,213,4656,0.102087,0.094511
32,191,5508,8006,0.089630,0.098752
32,192,5366,24577,0.075488,0.130139
32,193,40,844,0.083374,0.086227
32,194,44,13771,0.078713,0.093012
32,195,4387,20082,0.116468,0.153477
32,196,1028,15485,0.098138,0.094906
32,197,3689,26163,0.085798,0.125841
32,198,91,658,0.080153,0.087920
32,199,674,27389,0.097576,0.102634
32,200,122,487,0.101264,0.099913
32,201,33,11846,0.108339,0.109381
32,202,6558,22756,0.156665,0.132030
32,203,1616,9246,0.095416,0.097355
32,204,1921,144,0.113614,0.097026
32,205,8366,17861,0.113318,0.093390
32,206,23,13380,0.077891,0.098414
32,207,0,40,0.000000,0.096539
32,208,2055,6133,0.085223,0.094884
32,209,4117,15727,0.105654,0.105320
32,210,1022,11735,0.155347,0.122015
32,211,476,2163,0.095012,0.099772
32,212,1037,8497,0.100264,0.096979
32,213,6645,13437,0.097796,0.094676
32,214,5685,31457,0.105734,0.105069
32,215,4564,136422,0.112134,0.120416
32,216,9,119,0.077393,0.078008
32,217,766,8128,0.102471,0.097498
32,218,13189,3611,0.101278,0.098587
32,219,2433,2836,0.068987,0.082682
32,220,27,162,0.099121,0.085931
32,221,1853,19416,0.163381,0.183182
32,222,122,3615,0.094633,0.096875
32,223,204,56062,0.160771,0.175502
32,224,4914,21941,0.142383,0.220709
32,225,7768,60831,0.124842,0.133787
32,226,1953,3491,0.154371,0.092071
32,227,4559,25455,0.079366,0.097597
32,228,9650,67964,0.132185,0.128069
32,229,1049,5165,0.094128,0.093665
32,230,2113,2820,0.093826,0.096604
32,231,976,13889,0.092598,0.093644
32,232,1207,6686,0.096676,0.099552
32,233,4852,2748,0.126201,0.098612
32,234,4,459,0.103638,0.089670
32,235,1951,6483,0.121848,0.104935
32,236,156,2672,0.083826,0.086270
32,237,16597,9331,0.206979,0.093947
32,238,3052,7032,0.105736,0.157067
32,239,2162,62,0.067071,0.084717
32,240,291,9123,0.097362,0.115712
32,241,816,1598,0.097097,0.090284
32,242,199,3775,0.083551,0.090641
32,243,954,5621,0.106099,0.101125
32,244,1210,7430,0.093376,0.095559
32,245,922,25226,0.113922,0.117538
32,246,832,11730,0.102942,0.095067
32,247,1612,28874,0.095992,0.097080
32,248,2720,6052,0.085940,0.135284
32,249,5,410,0.099023,0.096831
32,250,9269,3638,0.135438,0.106261
32,251,1887,7668,0.105770,0.100274
32,252,13633,19731,0.132498,0.161468
32,253,22,436,0.087058,0.090692
32,254,267,28142,0.106353,0.109472
32,255,671,844,0.109101,0.095445
33,0,16278,14302,0.134787,0.133244
33,1,3,63,0.076660,0.098548
33,2,765,5591,0.089026,0.094303
33,3,552,6200,0.091332,0.087320
33,4,2573,36365,0.086485,0.094371
33,5,4155,31061,0.114409,0.120956
33,6,1738,11759,0.111676,0.108848
33,7,765,8495,0.082141,0.082203
33,8,27,149,0.094980,0.096601
33,9,6367,14752,0.078972,0.099401
33,10,966,9389,0.093035,0.100578
33,11,4232,18796,0.103394,0.119344
33,12,1670,8978,0.089273,0.087801
33,13,411,843,0.088511,0.086355
33,14,2,528,0.079346,0.091114
33,15,6302,4432,0.100399,0.100069
33,16,8070,38133,0.082570,0.114598
33,17,2192,14443,0.098158,0.101943
33,18,4621,14845,0.112388,0.124390
33,19,1795,19229,0.094376,0.105413
33,20,1,62,0.084961,0.098133
33,21,273,5412,0.091012,0.087628
33,22,203,1107,0.087975,0.091720
33,23,3856,15000,0.158821,0.159430
33,24,413,4366,0.083394,0.093032
33,25,518,8534,0.106712,0.103248
33,26,92,381,0.082143,0.088377
33,27,9578,55086,0.096645,0.104725
33,28,435,11118,0.097200,0.087663
33,29,6609,14494,0.084444,0.096604
33,30,8562,19810,0.137699,0.129755
33,31,79,769,0.088994,0.063812
33,32,6776,39722,0.154514,0.169882
33,33,7502,42435,0.172594,0.208725
33,34,12,572,0.100708,0.102222
33,35,1124,3196,0.094478,0.092508
33,36,4291,16184,0.122678,0.116669
33,37,4525,18245,0.184535,0.139133
33,38,118,2673,0.081779,0.093520
33,39,5578,9518,0.051836,0.093227
33,40,9,9383,0.082737,0.080982
33,41,3053,11115,0.114699,0.119824
33,42,61,393,0.080819,0.078911
33,43,12734,17221,0.125280,0.122770
33,44,2210,14054,0.091651,0.095575
33,45,0,389,0.000000,0.099202
33,46,382,1702,0.079771,0.085572
33,47,1731,20083,0.109037,0.116551
33,48,340,1781,0.087429,0.079346
33,49,6641,23902,0.103762,0.089424
33,50,723,6448,0.092822,0.096861
33,51,738,4402,0.092125,0.098727
33,52,5224,13029,0.066090,0.139342
33,53,4106,18062,0.097095,0.104003
33,54,1810,9939,0.116747,0.113410
33,55,6293,144220,0.117445,0.125835
33,56,1226,18147,0.120216,0.118277
33,57,9215,89890,0.108360,0.107982
33,58,676,11805,0.097070,0.090372
33,59,5494,18258,0.116711,0.127655
33,60,1519,5023,0.096239,0.098813
33,61,2946,3811,0.123316,0.108140
33,62,1502,19877,0.086671,0.096638
33,63,2231,11626,0.164279,0.151854
33,64,449,46018,0.083072,0.100012
33,65,243,57,0.059448,0.097434
33,66,2103,2865,0.132944,0.086882
33,67,7877,22318,0.069606,0.103885
33,68,3860,17722,0.117850,0.114367
33,69,16,433,0.079834,0.082235
33,70,6464,1568,0.142262,0.118120
33,71,9172,18252,0.130418,0.098667
33,72,15054,47805,0.113961,0.109072
33,73,2050,18824,0.249513,0.112400
33,74,322,48702,0.070742,0.145490
33,75,5205,37917,0.106273,0.130575
33,76,11235,72704,0.131719,0.144155
33,77,1491,15776,0.084110,0.101643
33,78,11714,73042,0.135885,0.145826
33,79,2999,1480,0.178233,0.113789
33,80,0,684,0.000000,0.101417
33,81,288,2977,0.089369,0.074454
33,82,1954,1641,0.103797,0.091172
33,83,6324,48307,0.071245,0.139274
33,84,2984,5847,0.103096,0.105720
33,85,1944,1239,0.155254,0.080479
33,86,2478,67759,0.121142,0.128788
33,87,2152,7847,0.094002,0.123631
33,88,2733,2547,0.091312,0.100090
33,89,853,5392,0.099651,0.093832
33,90,6013,54967,0.101848,0.143778
33,91,479,7933,0.078771,0.077622
33,92,16350,10849,0.123153,0.114966
33,93,3306,40199,0.114452,0.182304
33,94,3217,25755,0.091169,0.115552
33,95,7673,41272,0.106888,0.135925
33,96,1964,10128,0.162182,0.150498
33,97,4920,20225,0.132629,0.147292
33,98,1624,23059,0.050085,0.108088
33,99,1402,9752,0.091770,0.101335
33,100,1,184,0.070801,0.102956
33,101,2309,14262,0.092169,0.101445
33,102,5818,34516,0.143783,0.143086
33,103,3742,11134,0.105781,0.133644
33,104,636,15937,0.096555,0.105843
33,105,1181,15577,0.143178,0.138314
33,106,7588,3141,0.156571,0.105887
33,107,608,23351,0.098181,0.107531
33,108,9536,59728,0.098658,0.118690
33,109,223,1203,0.088814,0.097494
33,110,1447,100,0.128690,0.113208
33,111,5380,24390,0.117264,0.126799
33,112,284,6035,0.086663,0.094830
33,113,1638,10510,0.087257,0.094614
33,114,384,4403,0.088895,0.105250
33,115,10617,41283,0.093151,0.100771
33,116,550,1257,0.075509,0.079719
33,117,3072,11841,0.156888,0.117501
33,118,20868,830,0.115844,0.101254
33,119,7909,78036,0.100961,0.111569
33,120,0,48,0.000000,0.095159
33,121,2051,16991,0.142152,0.140294
33,122,284,9181,0.081723,0.094009
33,123,2521,16146,0.129178,0.135023
33,124,531,10635,0.088449,0.102228
33,125,110,303,0.090465,0.093549
33,126,3366,39645,0.101839,0.177781
33,127,66531,16238,0.196244,0.112194
33,128,1403,15695,0.093724,0.107973
33,129,3108,25738,0.062633,0.086557
33,130,2380,451,0.096105,0.103009
33,131,112,1715,0.082576,0.095570
33,132,3891,34109,0.123905,0.135420
33,133,4875,24805,0.125827,0.127930
33,134,3238,2179,0.096432,0.093612
33,135,368,4696,0.089997,0.100642
33,136,658,17021,0.091138,0.118067
33,137,13574,93144,0.093944,0.108416
33,138,2006,12510,0.089926,0.100252
33,139,3844,25822,0.139151,0.126902
33,140,541,5833,0.088599,0.099693
33,141,65,3563,0.103302,0.100942
33,142,215,3291,0.090510,0.093329
33,143,32,8686,0.086563,0.093226
33,144,4951,10808,0.156080,0.114036
33,145,51,278,0.109547,0.098864
33,146,1005,948,0.084571,0.086207
33,147,7818,36003,0.196106,0.218111
33,148,1,793,0.102539,0.088001
33,149,463,1731,0.104016,0.083707
33,150,975,959,0.084579,0.097440
33,151,1773,12492,0.125934,0.113058
33,152,7470,30536,0.139719,0.146609
33,153,48,3070,0.087967,0.102621
33,154,259,1736,0.086644,0.076939
33,155,2818,2487,0.090750,0.093266
33,156,4737,21608,0.112419,0.158228
33,157,442,10874,0.082907,0.109348
33,158,680,10513,0.081381,0.097109
33,159,359,7489,0.091582,0.099804
33,160,986,5437,0.110830,0.103758
33,161,3021,19208,0.135403,0.124495
33,162,696,16802,0.101545,0.112682
33,163,0,40,0.000000,0.107349
33,164,9310,7941,0.096942,0.111987
33,165,19566,29135,0.163819,0.111037
33,166,145,5814,0.084097,0.089975
33,167,3322,10816,0.121863,0.127304
33,168,1966,13259,0.160354,0.165166
33,169,61,1964,0.091425,0.065664
33,170,651,5293,0.116060,0.109795
33,171,795,7535,0.090086,0.090726
33,172,6297,29514,0.111417,0.125951
33,173,549,25711,0.096117,0.103262
33,174,280,142,0.054437,0.073232
33,175,167,4346,0.080936,0.080749
33,176,4097,5669,0.115640,0.139047
33,177,3884,11399,0.147589,0.125415
33,178,2503,8956,0.087050,0.105448
33,179,3102,17384,0.159664,0.195870
33,180,63,2877,0.087891,0.099748
33,181,2137,14675,0.102325,0.101534
33,182,2220,11379,0.143602,0.145068
33,183,1684,43004,0.106878,0.123506
33,184,4067,20530,0.075253,0.112384
33,185,1628,7433,0.118386,0.099540
33,186,4960,14918,0.116372,0.123198
33,187,515,8009,0.104136,0.100218
33,188,366,739,0.069218,0.078102
33,189,4775,25041,0.114321,0.115476
33,190,2169,31486,0.229812,0.147797
33,191,1363,3592,0.071999,0.080599
33,192,8688,48808,0.309955,0.318000
33,193,77,2186,0.073816,0.080850
33,194,118,7150,0.082368,0.084474
33,195,805,15105,0.097351,0.103539
33,196,27,2414,0.061469,0.082143
33,197,1709,16724,0.093552,0.101038
33,198,3024,12961,0.114148,0.143585
33,199,195,6737,0.086621,0.096883
33,200,79,383,0.077408,0.078620
33,201,3120,17533,0.176877,0.189155
33,202,74,2267,0.092193,0.098445
33,203,5481,20145,0.139587,0.126104
33,204,5504,461,0.122386,0.101252
33,205,2069,27257,0.113821,0.128398
33,206,5500,24333,0.111185,0.112400
33,207,4702,1097,0.087663,0.094504
33,208,1320,7715,0.088246,0.097181
33,209,219,2704,0.068775,0.097069
33,210,9479,19254,0.185747,0.130719
33,211,4028,15045,0.113033,0.126385
33,212,308,5879,0.087857,0.099178
33,213,3041,1588,0.085100,0.092455
33,214,3718,15090,0.154375,0.156953
33,215,4831,107330,0.092362,0.117135
33,216,1,123,0.074707,0.105530
33,217,3518,20259,0.075364,0.101314
33,218,619,6873,0.091263,0.094489
33,219,4919,8138,0.069522,0.098481
33,220,1746,22263,0.074048,0.100039
33,221,521,5643,0.065283,0.095038
33,222,50,868,0.087217,0.098678
33,223,473,7425,0.090752,0.099554
33,224,553,14025,0.092953,0.108099
33,225,3240,16583,0.114901,0.104229
33,226,39,158,0.079440,0.101617
33,227,8835,37036,0.093183,0.113159
33,228,2878,38215,0.101721,0.126506
33,229,1291,10206,0.088954,0.112141
33,230,226,2507,0.093560,0.105076
33,231,4462,20932,0.072462,0.166827
33,232,1349,30000,0.110904,0.103806
33,233,359,1981,0.094903,0.101262
33,234,3135,13470,0.165010,0.167781
33,235,5946,790,0.084602,0.086724
33,236,3666,19647,0.089922,0.121789
33,237,1604,15299,0.110526,0.107332
33,238,307,51682,0.092034,0.121809
33,239,1786,12863,0.104911,0.109959
33,240,10432,31300,0.124700,0.138690
33,241,9140,15326,0.095346,0.098708
33,242,265,4933,0.112635,0.100207
33,243,604,16441,0.085183,0.104041
33,244,1561,23381,0.103651,0.135836
33,245,1003,21058,0.083498,0.081485
33,246,34,3060,0.103035,0.110042
33,247,7760,31253,0.136954,0.144229
33,248,1990,14923,0.094424,0.088209
33,249,2,72,0.096436,0.100589
33,250,3822,13649,0.108131,0.122286
33,251,10790,31172,0.150686,0.183880
33,252,880,4276,0.100483,0.103116
33,253,2205,7425,0.109922,0.086454
33,254,1127,382,0.076949,0.094367
33,255,203,7730,0.111664,0.120207
34,0,1661,2777,0.094895,0.096987
34,1,7259,60065,0.112753,0.137574
34,2,358,7977,0.078188,0.079349
34,3,12650,59047,0.139498,0.118435
34,4,1596,4164,0.093868,0.096697
34,5,3979,17174,0.116608,0.113793
34,6,2744,20303,0.091851,0.097586
34,7,750,3587,0.103559,0.097665
34,8,852,37818,0.083297,0.095534
34,9,2622,14435,0.116461,0.157477
34,10,314,2039,0.068747,0.077869
34,11,4827,14838,0.100514,0.138572
34,12,1816,11123,0.138381,0.141716
34,13,2579,460,0.115649,0.109286
34,14,231,6491,0.068467,0.091500
34,15,3061,14213,0.103239,0.114843
34,16,8968,49347,0.350182,0.386392
34,17,1732,12889,0.101954,0.099458
34,18,2450,10533,0.122529,0.120023
34,19,11,21875,0.071822,0.099682
34,20,473,34851,0.104410,0.118675
34,21,64,24557,0.076191,0.104192
34,22,2529,13801,0.105333,0.105352
34,23,5977,36721,0.111334,0.105283
34,24,698,2784,0.086861,0.095056
34,25,554,2447,0.088422,0.094456
34,26,16241,12808,0.178519,0.127657
34,27,3246,1729,0.152901,0.089680
34,28,653,5482,0.107660,0.090495
34,29,1280,7389,0.106415,0.103289
34,30,303,2510,0.074935,0.073454
34,31,979,34490,0.091096,0.096668
34,32,8536,63798,0.156823,0.213506
34,33,5380,14041,0.080305,0.089443
34,34,2415,12716,0.097618,0.102862
34,35,1,344,0.064453,0.078738
34,36,1452,7886,0.063180,0.095632
34,37,278,43,0.150583,0.085608
34,38,2591,13946,0.095619,0.100817
34,39,0,8,0.000000,0.095703
34,40,1886,8873,0.074643,0.096721
34,41,166,4158,0.094619,0.098975
34,42,7572,25834,0.164582,0.157688
34,43,453,7971,0.089759,0.087877
34,44,3803,30069,0.111103,0.136449
34,45,1592,12142,0.127855,0.136326
34,46,2215,19777,0.087299,0.097084
34,47,699,3317,0.090073,0.085817
34,48,4839,5535,0.114907,0.104679
34,49,4221,18249,0.129837,0.173665
34,50,480,5404,0.067819,0.063228
34,51,59954,29833,0.156467,0.082212
34,52,6809,44116,0.161485,0.194344
34,53,103,2559,0.096857,0.095036
34,54,1900,18452,0.096804,0.109965
34,55,1176,11002,0.108975,0.117903
34,56,1564,17983,0.105778,0.120696
34,57,924,2864,0.068327,0.091238
34,58,2851,12081,0.126019,0.120241
34,59,244,1909,0.082725,0.078114
34,60,0,0,0.000000,0.000000
34,61,3784,10911,0.080801,0.085146
34,62,1452,34852,0.101277,0.110965
34,63,25759,15836,0.161824,0.161346
34,64,918,18821,0.099790,0.113597
34,65,824,2492,0.088824,0.095131
34,66,5308,607,0.126227,0.100793
34,67,2298,31563,0.113782,0.120023
34,68,320,4030,0.096542,0.093368
34,69,1021,4087,0.106631,0.103609
34,70,345,5704,0.084408,0.083800
34,71,0,35,0.000000,0.093290
34,72,3404,28956,0.145046,0.138540
34,73,2951,23705,0.119121,0.115856
34,74,4167,15232,0.139132,0.121343
34,75,0,6,0.000000,0.081868
34,76,2289,11129,0.084420,0.091483
34,77,331,1043,0.108018,0.104972
34,78,17,105,0.087086,0.102490
34,79,3,405,0.069824,0.095374
34,80,4656,6081,0.092919,0.121735
34,81,1918,16385,0.152885,0.174096
34,82,1969,43937,0.080379,0.153884
34,83,1024,8006,0.094031,0.099643
34,84,4225,29726,0.152852,0.161266
34,85,11313,17840,0.185846,0.125039
34,86,936,41274,0.043999,0.107941
34,87,321,4686,0.076240,0.075662
34,88,2936,7827,0.172552,0.181397
34,89,24,748,0.081177,0.084300
34,90,2713,12993,0.093430,0.109817
34,91,12572,31169,0.144085,0.137919
34,92,8398,3508,0.077532,0.070814
34,93,6128,2826,0.107432,0.121081
34,94,2320,20524,0.119243,0.122646
34,95,204,7711,0.102252,0.091650
34,96,1885,54549,0.079131,0.144738
34,97,3049,8181,0.113845,0.130038
34,98,1996,12877,0.089381,0.095442
34,99,2279,40063,0.109197,0.107605
34,100,10,484,0.102002,0.097878
34,101,202,22796,0.095533,0.091375
34,102,345,4634,0.072308,0.072476
34,103,1925,19276,0.114648,0.102896
34,104,1143,2972,0.077908,0.081293
34,105,7481,17875,0.083500,0.104844
34,106,1534,44764,0.085537,0.101093
34,107,3642,11426,0.103787,0.089916
34,108,25179,87879,0.103277,0.114810
34,109,3497,8514,0.101289,0.107844
34,110,716,11612,0.083610,0.094855
34,111,1,36,0.053467,0.092536
34,112,3931,24687,0.127930,0.143726
34,113,2881,5303,0.070579,0.090782
34,114,1639,7230,0.094783,0.089181
34,115,1262,2635,0.100226,0.086522
34,116,1188,46169,0.127698,0.165881
34,117,123,232,0.110800,0.106694
34,118,9715,62365,0.110169,0.120689
34,119,0,178,0.000000,0.102284
34,120,2796,30048,0.101509,0.099909
34,121,1208,2585,0.097526,0.100632
34,122,2951,16415,0.096058,0.096171
34,123,980,387,0.092198,0.067992
34,124,1,569,0.089844,0.105125
34,125,489,7856,0.097460,0.091016
34,126,467,3314,0.084760,0.083836
34,127,83,767,0.079125,0.095533
34,128,2556,9769,0.129758,0.145240
34,129,6932,28248,0.132317,0.132952
34,130,138,5716,0.082337,0.091616
34,131,5988,14841,0.120149,0.120938
34,132,8199,14367,0.080470,0.111478
34,133,13911,16785,0.108685,0.164999
34,134,12844,62999,0.130531,0.126748
34,135,1,210,0.084961,0.095587
34,136,2237,2898,0.093123,0.096625
34,137,8569,30311,0.095109,0.093908
34,138,7214,60729,0.121990,0.137100
34,139,0,1,0.000000,0.041992
34,140,627,16968,0.097282,0.101164
34,141,512,11897,0.072707,0.075722
34,142,3042,13407,0.079961,0.095724
34,143,1925,4910,0.095745,0.113254
34,144,8940,79941,0.096139,0.097814
34,145,0,4,0.000000,0.099854
34,146,506,5688,0.094778,0.092317
34,147,0,21,0.000000,0.107027
34,148,6,78,0.086995,0.097960
34,149,907,7012,0.095312,0.087981
34,150,3887,571,0.122383,0.109145
34,151,864,20590,0.092943,0.102365
34,152,2453,12285,0.136763,0.153755
34,153,603,10045,0.105444,0.102310
34,154,6292,556,0.135063,0.112940
34,155,587,3882,0.089598,0.083384
34,156,0,55,0.000000,0.093621
34,157,218,14951,0.096437,0.097944
34,158,3577,17269,0.105895,0.101968
34,159,2924,60562,0.114131,0.163547
34,160,859,5187,0.080078,0.093724
34,161,2898,8726,0.113785,0.128553
34,162,1009,2594,0.099040,0.092628
34,163,2212,21032,0.110862,0.102286
34,164,2103,11680,0.121081,0.096395
34,165,1803,1588,0.082945,0.086043
34,166,2737,17641,0.112278,0.120262
34,167,241,4982,0.074795,0.075814
34,168,2157,6185,0.089826,0.095207
34,169,580,11740,0.079592,0.094928
34,170,918,6307,0.099110,0.090984
34,171,249,4900,0.095763,0.087587
34,172,453,3169,0.093210,0.090725
34,173,864,3682,0.088523,0.086853
34,174,14105,85411,0.136699,0.135134
34,175,1644,21023,0.123365,0.144402
34,176,384,14098,0.095715,0.111485
34,177,3153,18192,0.108604,0.097312
34,178,3,13,0.063477,0.057580
34,179,11092,30655,0.125308,0.117130
34,180,967,46177,0.095774,0.117084
34,181,442,980,0.106192,0.119455
34,182,4898,15744,0.170618,0.159890
34,183,6100,31289,0.150280,0.142019
34,184,879,2297,0.088769,0.090454
34,185,2905,8311,0.136861,0.120807
34,186,5401,37175,0.117635,0.162037
34,187,4369,23763,0.095314,0.127076
34,188,289,5628,0.099070,0.096364
34,189,126,2460,0.070256,0.082253
34,190,6,11,0.102214,0.103116
34,191,1563,20864,0.083761,0.128073
34,192,1864,32192,0.096197,0.102137
34,193,1,166,0.093750,0.091709
34,194,912,4178,0.085672,0.095236
34,195,2360,11220,0.105641,0.117359
34,196,1306,18563,0.097285,0.124974
34,197,2996,20358,0.139319,0.146319
34,198,72,822,0.066203,0.070414
34,199,1273,14303,0.091950,0.095326
34,200,6,382,0.097331,0.102725
34,201,477,6730,0.087782,0.082323
34,202,9034,1568,0.100387,0.149130
34,203,147,1159,0.087935,0.096383
34,204,19742,71940,0.103150,0.107143
34,205,1500,9350,0.136130,0.142286
34,206,2907,12654,0.106665,0.101160
34,207,975,51230,0.063617,0.122108
34,208,1555,17006,0.132516,0.142372
34,209,1129,14624,0.109043,0.088011
34,210,287,3326,0.102286,0.104566
34,211,299,8132,0.088485,0.095664
34,212,4697,19529,0.116124,0.156292
34,213,309,26913,0.064404,0.121595
34,214,2376,10614,0.103426,0.100971
34,215,454,15345,0.093332,0.098719
34,216,1595,6983,0.091871,0.100525
34,217,4251,18520,0.127604,0.172111
34,218,3598,370,0.125274,0.104926
34,219,14593,14754,0.131620,0.121463
34,220,3,8500,0.083171,0.089001
34,221,0,383,0.000000,0.103783
34,222,9981,2762,0.095577,0.050940
34,223,1941,14581,0.098054,0.097961
34,224,4421,9019,0.118120,0.105756
34,225,1748,6072,0.093788,0.098814
34,226,7695,34279,0.186681,0.184657
34,227,2621,12100,0.133041,0.147409
34,228,485,44959,0.094060,0.106708
34,229,287,14132,0.092692,0.098492
34,230,261,5210,0.075451,0.076950
34,231,5712,7840,0.126379,0.094158
34,232,3033,9993,0.118532,0.109663
34,233,2855,7515,0.124149,0.113352
34,234,7466,22185,0.107886,0.117479
34,235,1288,6443,0.112688,0.100912
34,236,38113,195040,0.123479,0.120549
34,237,0,35,0.000000,0.101632
34,238,3278,22579,0.096006,0.128151
34,239,1181,6941,0.093720,0.084301
34,240,3377,30612,0.119024,0.130285
34,241,7369,44327,0.153478,0.167367
34,242,3,234,0.093750,0.108185
34,243,1565,2371,0.075771,0.100230
34,244,2178,247,0.114654,0.098005
34,245,941,13084,0.106383,0.104905
34,246,304,1481,0.075764,0.070838
34,247,6865,47290,0.099308,0.108106
34,248,127,2523,0.079355,0.080012
34,249,4364,12767,0.146261,0.133574
34,250,3424,3057,0.097300,0.111818
34,251,19729,46737,0.140323,0.109157
34,252,860,36136,0.089661,0.115621
34,253,2492,10000,0.117276,0.121464
34,254,1561,3727,0.127946,0.086968
34,255,4834,19294,0.148088,0.151935
35,0,431,13522,0.099854,0.100983
35,1,102,499,0.109327,0.098532
35,2,688,15571,0.112256,0.117613
35,3,316,4958,0.103844,0.103928
35,4,180,1232,0.106346,0.098963
35,5,1492,20314,0.114323,0.133162
35,6,368,3485,0.098188,0.107117
35,7,2867,15732,0.135859,0.136801
35,8,2294,12198,0.151863,0.132545
35,9,2784,15350,0.127891,0.110450
35,10,6022,20789,0.120010,0.107064
35,11,11138,37070,0.109734,0.108133
35,12,103,1110,0.111229,0.104212
35,13,2667,21229,0.114673,0.108266
35,14,3336,374,0.069141,0.097379
35,15,3588,10057,0.111230,0.111495
35,16,8139,50867,0.107294,0.117916
35,17,780,33677,0.101472,0.107115
35,18,9373,5274,0.106254,0.142943
35,19,1531,7649,0.111263,0.112279
35,20,2510,3412,0.095499,0.101672
35,21,1112,33547,0.102686,0.116396
35,22,7021,29663,0.145961,0.133402
35,23,34,844,0.096608,0.099671
35,24,1545,14905,0.109054,0.140228
35,25,6,103,0.118815,0.111155
35,26,2,204,0.077271,0.102646
35,27,4047,18957,0.098820,0.151999
35,28,18512,115398,0.132292,0.128263
35,29,212,5102,0.103426,0.105822
35,30,1763,5822,0.108444,0.111052
35,31,1245,15561,0.111693,0.104759
35,32,337,3674,0.096182,0.100041
35,33,2670,31387,0.112667,0.113139
35,34,4833,27376,0.110827,0.118469
35,35,1848,16911,0.107939,0.097684
35,36,222,883,0.101852,0.105452
35,37,792,4705,0.106965,0.106066
35,38,3500,22295,0.103473,0.109202
35,39,1158,14121,0.145775,0.151155
35,40,3781,13302,0.118252,0.116739
35,41,3772,2931,0.100945,0.103255
35,42,17878,13043,0.140687,0.112092
35,43,20078,17141,0.188387,0.175500
35,44,7915,12723,0.154629,0.125614
35,45,0,47,0.000000,0.101552
35,46,6302,24323,0.148924,0.171887
35,47,26,19207,0.088661,0.105877
35,48,96,3268,0.105988,0.104280
35,49,3632,21380,0.159289,0.156710
35,50,0,30,0.000000,0.106771
35,51,4381,17086,0.129455,0.131799
35,52,1382,19455,0.106031,0.113594
35,53,2670,14466,0.114039,0.112727
35,54,3487,16061,0.116187,0.118154
35,55,1162,8717,0.112853,0.105526
35,56,8310,74752,0.134037,0.121135
35,57,9744,52050,0.142191,0.137507
35,58,1439,16032,0.091955,0.098803
35,59,315,10420,0.099883,0.110652
35,60,1465,8723,0.116585,0.113390
35,61,10,5000,0.105127,0.088594
35,62,178,4174,0.107935,0.114097
35,63,1472,9421,0.122178,0.118178
35,64,5960,52449,0.106082,0.108637
35,65,1384,29052,0.110683,0.118685
35,66,1717,3696,0.082971,0.103524
35,67,12,169,0.090169,0.100925
35,68,24,1892,0.098521,0.102488
35,69,2975,24777,0.107305,0.114621
35,70,5,213,0.106738,0.098412
35,71,1166,19521,0.105023,0.103808
35,72,13743,19366,0.113396,0.115735
35,73,2253,7524,0.112063,0.109078
35,74,360,27320,0.099932,0.122231
35,75,8368,41785,0.134825,0.143389
35,76,136,3929,0.113296,0.101745
35,77,5356,15234,0.109109,0.121959
35,78,937,12730,0.100148,0.103851
35,79,2902,8972,0.112932,0.111449
35,80,1211,14501,0.110099,0.109244
35,81,2531,17448,0.109628,0.114127
35,82,70,1319,0.096906,0.110922
35,83,80,2129,0.101147,0.110537
35,84,34833,74962,0.165932,0.146455
35,85,1350,13412,0.122972,0.121664
35,86,14420,47429,0.122107,0.148188
35,87,578,366,0.109252,0.096271
35,88,51,3427,0.106493,0.106388
35,89,35,132,0.122210,0.106638
35,90,3033,17318,0.116155,0.133732
35,91,18015,87352,0.155698,0.149751
35,92,4011,17314,0.115179,0.106903
35,93,229,56,0.097167,0.109323
35,94,1502,19450,0.131612,0.144365
35,95,4884,21378,0.135057,0.112215
35,96,15593,19286,0.120488,0.110741
35,97,12493,21766,0.088627,0.111037
35,98,473,2374,0.105671,0.104487
35,99,1068,13187,0.150779,0.129645
35,100,4672,16660,0.115409,0.107627
35,101,1857,10894,0.134987,0.123490
35,102,5718,10407,0.152343,0.163928
35,103,22,453,0.097656,0.103392
35,104,4174,8569,0.116434,0.105784
35,105,1647,8284,0.108915,0.109818
35,106,2674,15177,0.112192,0.123183
35,107,1763,9767,0.107085,0.109991
35,108,5218,55568,0.106219,0.108800
35,109,0,116,0.000000,0.105951
35,110,159,3047,0.104775,0.112815
35,111,2828,21033,0.122204,0.106726
35,112,6016,11082,0.100834,0.105849
35,113,53,244,0.127266,0.115601
35,114,1118,7251,0.130949,0.117656
35,115,4343,16488,0.107208,0.106964
35,116,3756,41080,0.126187,0.129651
35,117,3627,16220,0.122589,0.116700
35,118,95,2101,0.093239,0.102069
35,119,10612,51503,0.132466,0.202065
35,120,5944,15819,0.141392,0.134913
35,121,4443,11405,0.132497,0.127624
35,122,10,60,0.085034,0.105892
35,123,1769,8859,0.117223,0.112758
35,124,1478,6998,0.071860,0.104195
35,125,0,4,0.000000,0.113037
35,126,464,10038,0.104411,0.111219
35,127,3066,8571,0.105152,0.105237
35,128,530,32975,0.100808,0.111565
35,129,11678,123498,0.112251,0.139853
35,130,817,6472,0.103325,0.109845
35,131,625,3060,0.113448,0.108248
35,132,1227,14069,0.177411,0.165391
35,133,2280,5809,0.108529,0.111708
35,134,662,16119,0.107431,0.108879
35,135,3999,9550,0.069762,0.080307
35,136,3919,14212,0.127000,0.132121
35,137,2214,18977,0.098525,0.102743
35,138,4522,10394,0.116608,0.116667
35,139,13345,53490,0.128630,0.125638
35,140,3023,22928,0.109539,0.111286
35,141,1407,9372,0.105259,0.110222
35,142,9994,5002,0.152748,0.118148
35,143,6800,3069,0.125319,0.108760
35,144,2,156,0.087646,0.107722
35,145,1515,23679,0.096738,0.103262
35,146,348,5500,0.109383,0.116678
35,147,63,507,0.100326,0.098300
35,148,2075,22412,0.115484,0.129591
35,149,7227,19961,0.115621,0.117691
35,150,0,16,0.000000,0.119324
35,151,187,6135,0.110171,0.115040
35,152,1225,9291,0.105855,0.107157
35,153,2037,49551,0.140081,0.142589
35,154,1121,12397,0.102535,0.101635
35,155,4216,11267,0.110413,0.111760
35,156,662,3027,0.096755,0.106325
35,157,215,3798,0.105488,0.112057
35,158,3,442,0.095703,0.111810
35,159,3609,10286,0.108262,0.111717
35,160,120,72288,0.063191,0.157026
35,161,645,7630,0.108308,0.108365
35,162,2628,8500,0.109834,0.116345
35,163,100,493,0.101704,0.099689
35,164,476,8168,0.109259,0.115045
35,165,1043,9372,0.104832,0.107568
35,166,3,1174,0.099121,0.105987
35,167,81,2610,0.107374,0.098723
35,168,530,17193,0.107011,0.113198
35,169,5488,31971,0.112669,0.109535
35,170,3827,8207,0.103053,0.143278
35,171,3357,1428,0.118141,0.106015
35,172,36,1560,0.117649,0.107571
35,173,2823,2529,0.105161,0.108814
35,174,30975,17181,0.112817,0.108087
35,175,4,687,0.129272,0.108996
35,176,4346,12397,0.098225,0.129206
35,177,0,34,0.000000,0.105182
35,178,25,1509,0.104219,0.112444
35,179,191,97,0.098401,0.105144
35,180,5327,23077,0.103085,0.118995
35,181,7649,29817,0.135666,0.135730
35,182,1857,7178,0.105217,0.109879
35,183,1430,28608,0.101500,0.107046
35,184,1386,6285,0.115187,0.108579
35,185,4673,10947,0.111416,0.129609
35,186,773,4326,0.095303,0.107240
35,187,6956,54939,0.163518,0.145018
35,188,4,934,0.098633,0.107976
35,189,8183,10009,0.100512,0.111337
35,190,2638,17195,0.124023,0.123858
35,191,8791,26704,0.142648,0.136027
35,192,3865,15605,0.132435,0.133452
35,193,51,5939,0.106713,0.114138
35,194,5694,24978,0.108045,0.105892
35,195,945,9907,0.113816,0.115983
35,196,1797,12557,0.140528,0.126740
35,197,1250,1382,0.080366,0.111226
35,198,1026,15051,0.139995,0.120944
35,199,2713,5409,0.101954,0.107523
35,200,557,8924,0.109471,0.115785
35,201,1407,4113,0.110799,0.102346
35,202,3197,47832,0.114575,0.108412
35,203,17296,22432,0.167513,0.132710
35,204,389,10429,0.092423,0.086009
35,205,0,52,0.000000,0.100445
35,206,1536,11094,0.117510,0.117474
35,207,9999,56056,0.130910,0.136160
35,208,1077,11606,0.109759,0.111845
35,209,9238,16457,0.113583,0.116460
35,210,2209,17942,0.161500,0.140544
35,211,1265,47333,0.105415,0.157367
35,212,70,5544,0.110400,0.108619
35,213,3246,12493,0.073330,0.108396
35,214,64,13085,0.112358,0.115913
35,215,6176,40399,0.120830,0.120547
35,216,1,120,0.092285,0.111196
35,217,654,11144,0.108571,0.111489
35,218,2491,28053,0.106201,0.117786
35,219,349,4225,0.100085,0.100811
35,220,6262,46363,0.120523,0.118713
35,221,2172,6706,0.100668,0.112553
35,222,619,14137,0.109231,0.112817
35,223,1561,8535,0.115046,0.109620
35,224,4310,27469,0.149168,0.169369
35,225,13933,21873,0.132045,0.113960
35,226,1330,7107,0.104903,0.094319
35,227,17827,189554,0.143396,0.142836
35,228,3254,15678,0.128992,0.119396
35,229,297,7618,0.097544,0.106611
35,230,277,1956,0.110212,0.107993
35,231,1988,9279,0.109964,0.116475
35,232,887,3589,0.106114,0.108850
35,233,3346,13205,0.123735,0.116174
35,234,550,16060,0.112042,0.115788
35,235,2275,8536,0.102962,0.104348
35,236,2198,17299,0.115279,0.106218
35,237,0,420,0.000000,0.114043
35,238,217,7550,0.104096,0.112838
35,239,3027,4305,0.194686,0.108794
35,240,2336,6437,0.106724,0.104973
35,241,7109,17940,0.096565,0.114279
35,242,1062,6876,0.116028,0.109236
35,243,12459,13366,0.100334,0.094453
35,244,115,24898,0.110220,0.120356
35,245,1501,17578,0.110367,0.116311
35,246,46,1801,0.106228,0.115002
35,247,1802,7360,0.105407,0.094132
35,248,1934,17070,0.108294,0.108478
35,249,696,6574,0.095682,0.092849
35,250,399,5391,0.101739,0.107292
35,251,174,2983,0.105342,0.095634
35,252,7521,37874,0.102698,0.119836
35,253,1835,2118,0.107566,0.109212
35,254,386,5036,0.113110,0.111263
35,255,1426,3846,0.110809,0.109568
36,0,1309,20382,0.113477,0.110489
36,1,323,6976,0.103240,0.130432
36,2,3442,19583,0.118331,0.145748
36,3,5360,10861,0.103012,0.105975
36,4,8304,37735,0.119112,0.145387
36,5,4676,1592,0.100645,0.102268
36,6,1,660,0.101074,0.104821
36,7,10237,8912,0.107175,0.101082
36,8,295,34794,0.094895,0.138731
36,9,809,17723,0.112024,0.102252
36,10,510,1376,0.108101,0.103397
36,11,668,6312,0.118630,0.106681
36,12,622,9666,0.109560,0.112111
36,13,3851,12066,0.126415,0.126193
36,14,5473,5578,0.092144,0.096152
36,15,2299,8642,0.108549,0.106673
36,16,3734,20369,0.105561,0.108166
36,17,1019,11317,0.143069,0.143438
36,18,3894,11584,0.082162,0.108778
36,19,1964,26784,0.095991,0.119767
36,20,13953,12493,0.173515,0.107043
36,21,5612,10935,0.110975,0.160473
36,22,2612,21547,0.098854,0.149626
36,23,7958,48611,0.097816,0.096104
36,24,3241,22219,0.104163,0.143940
36,25,6189,18209,0.108760,0.110353
36,26,5723,21076,0.161461,0.131973
36,27,1647,3192,0.102489,0.103759
36,28,929,2516,0.090334,0.103269
36,29,3533,7946,0.109921,0.110298
36,30,171,6910,0.112802,0.111149
36,31,3635,17717,0.113403,0.111671
36,32,3018,19864,0.106994,0.106159
36,33,1,205,0.103516,0.104951
36,34,294,10265,0.105901,0.099905
36,35,1749,18962,0.088498,0.089067
36,36,3353,13839,0.104090,0.103234
36,37,4619,14108,0.161936,0.117226
36,38,8,396,0.075897,0.095609
36,39,2684,24492,0.130690,0.120072
36,40,2583,12329,0.109150,0.107626
36,41,94,1548,0.104926,0.102361
36,42,3707,15324,0.115340,0.110215
36,43,494,6098,0.096756,0.095555
36,44,2120,8500,0.097496,0.130535
36,45,19937,16315,0.193821,0.167947
36,46,0,5,0.000000,0.106641
36,47,1840,17969,0.109810,0.109653
36,48,3541,11337,0.133510,0.170963
36,49,958,13507,0.145538,0.154063
36,50,304,970,0.057519,0.103097
36,51,2076,16183,0.106483,0.117309
36,52,2775,12017,0.097869,0.099086
36,53,75,986,0.099466,0.106622
36,54,91,4439,0.102070,0.108770
36,55,3869,16355,0.129327,0.121937
36,56,8820,3037,0.098602,0.073213
36,57,1299,17258,0.138481,0.114162
36,58,1887,7792,0.103888,0.099955
36,59,4291,17642,0.116809,0.112601
36,60,1748,5765,0.102969,0.090907
36,61,1926,22568,0.107553,0.103999
36,62,662,3929,0.098223,0.114038
36,63,3972,13810,0.112696,0.112587
36,64,4413,45256,0.106783,0.105107
36,65,1336,11616,0.116065,0.186445
36,66,3811,5871,0.111308,0.109425
36,67,1128,20198,0.121164,0.140934
36,68,67,7239,0.091600,0.089575
36,69,1615,24904,0.107732,0.114919
36,70,5536,68904,0.088226,0.171823
36,71,82,543,0.097978,0.103568
36,72,13909,75759,0.138838,0.147852
36,73,56612,37957,0.170394,0.113785
36,74,229,296,0.105623,0.097921
36,75,16001,78865,0.116534,0.124613
36,76,817,18717,0.112268,0.114643
36,77,3661,7315,0.088409,0.103812
36,78,24,47,0.090454,0.102498
36,79,3398,13823,0.139183,0.131884
36,80,1658,27960,0.110525,0.106210
36,81,1926,13522,0.114455,0.115767
36,82,4417,19179,0.090593,0.099244
36,83,14072,27353,0.121808,0.125408
36,84,1231,3771,0.109072,0.108004
36,85,3487,18250,0.108527,0.101387
36,86,2705,26135,0.111924,0.109942
36,87,294,62,0.083618,0.086394
36,88,3709,13712,0.140204,0.144649
36,89,1104,2404,0.093639,0.104933
36,90,0,85,0.000000,0.108571
36,91,0,146,0.000000,0.097618
36,92,1098,11054,0.122412,0.126232
36,93,3608,52120,0.123620,0.177712
36,94,2047,15778,0.110349,0.107510
36,95,13,2314,0.103140,0.108378
36,96,15412,78243,0.162553,0.160679
36,97,688,25310,0.111877,0.114424
36,98,19,18143,0.097682,0.099620
36,99,1097,32769,0.105389,0.103377
36,100,10,84,0.091504,0.089396
36,101,1634,37191,0.107006,0.105175
36,102,3524,26038,0.107741,0.133983
36,103,1284,15334,0.137064,0.119682
36,104,417,2014,0.109332,0.096438
36,105,2879,13657,0.108661,0.112195
36,106,5735,17536,0.115811,0.118575
36,107,5473,16743,0.137709,0.137490
36,108,0,101,0.000000,0.109641
36,109,6268,6222,0.106855,0.105671
36,110,21991,39661,0.130854,0.161657
36,111,1080,26563,0.101766,0.109162
36,112,2499,4803,0.110852,0.111384
36,113,2031,11109,0.110642,0.110917
36,114,383,4253,0.102240,0.096082
36,115,250,32359,0.103527,0.130703
36,116,317,2504,0.098322,0.098255
36,117,265,11932,0.119071,0.111595
36,118,3105,9457,0.101637,0.102897
36,119,5531,76871,0.122112,0.114334
36,120,6038,45843,0.120950,0.124295
36,121,73,832,0.096519,0.101717
36,122,1823,8193,0.097456,0.115816
36,123,648,5797,0.105705,0.107836
36,124,3776,37855,0.107649,0.110626
36,125,4856,10589,0.149178,0.143948
36,126,4737,16837,0.110359,0.117114
36,127,1232,17717,0.108086,0.114927
36,128,1204,6276,0.083271,0.093954
36,129,355,32603,0.106180,0.121965
36,130,1922,13527,0.110154,0.107228
36,131,126,1012,0.102462,0.093268
36,132,10,2124,0.096289,0.109178
36,133,239,12166,0.112762,0.101335
36,134,3243,14361,0.131576,0.118241
36,135,941,5698,0.093264,0.101468
36,136,4135,8315,0.094625,0.101944
36,137,420,17184,0.107556,0.112815
36,138,5306,12518,0.116646,0.118754
36,139,1733,9183,0.125501,0.110918
36,140,806,10726,0.111020,0.106804
36,141,4999,8144,0.092749,0.099250
36,142,2680,24361,0.108006,0.130306
36,143,1449,10258,0.103689,0.105343
36,144,8284,8213,0.111330,0.107760
36,145,3775,25549,0.122406,0.120225
36,146,92,7938,0.105187,0.107434
36,147,1236,16239,0.133493,0.124148
36,148,1887,15441,0.147509,0.125182
36,149,2050,4999,0.107917,0.106365
36,150,2,2935,0.103760,0.109977
36,151,2171,16829,0.107024,0.103690
36,152,449,25041,0.109578,0.123475
36,153,961,1513,0.085707,0.096274
36,154,3387,3196,0.110066,0.100359
36,155,139,611,0.095765,0.089895
36,156,7651,71536,0.119168,0.109900
36,157,14404,180016,0.143833,0.137471
36,158,3657,2959,0.106470,0.096952
36,159,8672,7743,0.132510,0.104793
36,160,5662,31717,0.119732,0.108230
36,161,3303,10206,0.125731,0.157690
36,162,2,1139,0.097656,0.103787
36,163,660,5760,0.114719,0.109896
36,164,8744,1206,0.128001,0.134302
36,165,20228,31229,0.118595,0.112368
36,166,2201,50883,0.100179,0.137753
36,167,6299,3025,0.112645,0.110889
36,168,10342,53664,0.152184,0.150573
36,169,4963,4588,0.102167,0.097365
36,170,20,2630,0.114429,0.111459
36,171,1175,28927,0.108222,0.105540
36,172,1323,10894,0.112411,0.120493
36,173,193,12,0.064427,0.111125
36,174,27,904,0.109628,0.112174
36,175,0,63,0.000000,0.105647
36,176,9105,121482,0.115587,0.124712
36,177,342,1180,0.099910,0.103964
36,178,662,10848,0.115617,0.117457
36,179,0,874,0.000000,0.104740
36,180,0,58,0.000000,0.110714
36,181,1421,47925,0.126786,0.143441
36,182,48,2640,0.105499,0.108441
36,183,5,444,0.109082,0.115844
36,184,0,191,0.000000,0.107887
36,185,8409,43843,0.150395,0.189268
36,186,10456,10423,0.097995,0.114349
36,187,13705,8941,0.191335,0.144147
36,188,1318,13532,0.103753,0.095134
36,189,4613,30550,0.108866,0.100348
36,190,274,7039,0.110849,0.111315
36,191,3444,2507,0.112015,0.110162
36,192,8032,13884,0.125566,0.124367
36,193,671,3702,0.110794,0.100819
36,194,97,2246,0.104472,0.102492
36,195,1384,20133,0.124726,0.133165
36,196,659,5538,0.120888,0.113539
36,197,0,6,0.000000,0.117106
36,198,6191,18518,0.120510,0.115583
36,199,3012,20009,0.119237,0.123936
36,200,12039,35043,0.092903,0.093218
36,201,15580,18597,0.101291,0.108417
36,202,283,3277,0.108436,0.090977
36,203,1540,13314,0.113355,0.103328
36,204,5295,8506,0.098834,0.112309
36,205,5849,26675,0.128953,0.132896
36,206,1048,5227,0.111918,0.106750
36,207,2189,10056,0.151597,0.164183
36,208,370,8468,0.108045,0.109822
36,209,11,468,0.108265,0.108081
36,210,400,5428,0.104515,0.107113
36,211,851,12221,0.146105,0.104081
36,212,10066,5499,0.114149,0.121520
36,213,5970,1123,0.136674,0.125808
36,214,475,4871,0.098889,0.103282
36,215,6,588,0.103923,0.112886
36,216,347,9677,0.113720,0.110439
36,217,153,25940,0.111678,0.101911
36,218,963,10774,0.115505,0.114971
36,219,675,3029,0.112490,0.112368
36,220,2452,5545,0.110755,0.105968
36,221,5784,24985,0.081318,0.161582
36,222,2196,22458,0.095402,0.237070
36,223,513,2086,0.115377,0.108337
36,224,4401,35616,0.115211,0.110204
36,225,1043,18707,0.107652,0.110030
36,226,7000,11321,0.104689,0.102945
36,227,4119,21902,0.110695,0.136633
36,228,2756,14638,0.131538,0.121494
36,229,1632,3994,0.084960,0.116548
36,230,2551,52443,0.111967,0.109768
36,231,3304,8971,0.121990,0.121842
36,232,273,10388,0.108851,0.106700
36,233,1422,7438,0.113958,0.111442
36,234,4627,18645,0.122389,0.165224
36,235,6419,17648,0.105457,0.110987
36,236,0,11,0.000000,0.108754
36,237,198,11630,0.109775,0.114433
36,238,4764,39827,0.103886,0.127713
36,239,354,18745,0.107490,0.099944
36,240,1205,15949,0.106794,0.103613
36,241,1603,16628,0.110749,0.108776
36,242,457,2314,0.114012,0.104003
36,243,55,2056,0.095659,0.104689
36,244,1441,4482,0.110508,0.108149
36,245,3331,16551,0.143490,0.133849
36,246,613,21505,0.117912,0.124091
36,247,70,1834,0.108245,0.110509
36,248,236,21866,0.101016,0.123923
36,249,20,3380,0.098718,0.106261
36,250,3611,16708,0.121718,0.138463
36,251,4173,18381,0.137189,0.164002
36,252,3101,16987,0.135916,0.118000
36,253,2771,16874,0.172513,0.185333
36,254,2817,15868,0.132133,0.121089
36,255,5284,19980,0.153238,0.209262
37,0,125,1725,0.097895,0.101407
37,1,4381,943,0.142897,0.107250
37,2,2921,20471,0.094676,0.093527
37,3,19209,12620,0.106970,0.132151
37,4,778,12593,0.111102,0.109301
37,5,4626,1806,0.149935,0.106215
37,6,486,7825,0.091865,0.092754
37,7,15414,162238,0.148288,0.156154
37,8,14493,41717,0.102748,0.143776
37,9,87,905,0.097774,0.089475
37,10,0,417,0.000000,0.100614
37,11,78,321,0.117522,0.105956
37,12,973,1004,0.100070,0.093169
37,13,2312,7170,0.141292,0.126383
37,14,410,16902,0.096673,0.104146
37,15,845,12752,0.120418,0.129425
37,16,1483,18271,0.098192,0.104620
37,17,523,7595,0.106287,0.110628
37,18,865,6696,0.108553,0.109957
37,19,4080,15181,0.100128,0.096338
37,20,7787,929,0.100784,0.081248
37,21,1114,2617,0.078237,0.095484
37,22,24,2422,0.092387,0.099461
37,23,9187,7649,0.086659,0.107627
37,24,3272,55587,0.127775,0.139010
37,25,6435,19237,0.095214,0.093300
37,26,3201,14341,0.095432,0.094775
37,27,3106,17977,0.097194,0.140765
37,28,2126,10581,0.076557,0.107399
37,29,17517,80577,0.129707,0.134355
37,30,354,6553,0.103522,0.109587
37,31,988,44202,0.117937,0.159397
37,32,25,112,0.110820,0.092451
37,33,2591,8757,0.103707,0.101801
37,34,1912,13590,0.064166,0.090957
37,35,5698,45451,0.118396,0.103785
37,36,946,20524,0.107880,0.109868
37,37,705,2990,0.106290,0.102388
37,38,2663,5852,0.104076,0.101617
37,39,11466,10858,0.144640,0.140667
37,40,62,2321,0.100373,0.111206
37,41,9,776,0.102919,0.083287
37,42,1120,16952,0.104701,0.107879
37,43,1788,23123,0.134403,0.157523
37,44,10012,52563,0.113304,0.108928
37,45,1571,9320,0.109141,0.101118
37,46,72,4572,0.105706,0.109547
37,47,27,2257,0.100758,0.102772
37,48,3299,21178,0.093151,0.110800
37,49,125,5901,0.099666,0.107133
37,50,4987,22415,0.119533,0.166294
37,51,1379,16328,0.105390,0.106088
37,52,94,113,0.079764,0.093720
37,53,2004,8213,0.105788,0.111457
37,54,1405,30716,0.103173,0.110273
37,55,51905,9875,0.172391,0.108048
37,56,1211,9171,0.102801,0.137568
37,57,22,5315,0.105802,0.098120
37,58,1044,73454,0.075599,0.143373
37,59,4243,19322,0.104925,0.107216
37,60,316,11262,0.102828,0.108033
37,61,6786,64774,0.101922,0.107169
37,62,3784,23696,0.153799,0.150227
37,63,2105,9979,0.132518,0.132861
37,64,1308,911,0.073964,0.090823
37,65,4831,27448,0.090506,0.217167
37,66,2414,40865,0.094294,0.096748
37,67,2592,20543,0.095981,0.127258
37,68,541,11935,0.099685,0.107548
37,69,5586,32495,0.117350,0.115343
37,70,383,9197,0.104307,0.105372
37,71,2576,22130,0.093625,0.122921
37,72,31237,15323,0.213551,0.170368
37,73,957,5236,0.095811,0.087929
37,74,1622,23460,0.099495,0.095077
37,75,241,6726,0.106306,0.094877
37,76,1108,10827,0.096807,0.098247
37,77,713,35218,0.103283,0.107583
37,78,2842,23223,0.088599,0.146781
37,79,0,331,0.000000,0.111107
37,80,1428,17803,0.102135,0.095536
37,81,6271,15016,0.146339,0.137917
37,82,6500,83337,0.104500,0.113104
37,83,349,2128,0.103653,0.097697
37,84,850,8340,0.111649,0.106738
37,85,2767,26110,0.098567,0.100835
37,86,2655,11684,0.097695,0.098046
37,87,1219,5214,0.107315,0.106644
37,88,4854,22307,0.075217,0.111373
37,89,870,1790,0.098977,0.097063
37,90,108,8801,0.097668,0.104190
37,91,468,6793,0.108879,0.110143
37,92,3915,18761,0.096322,0.117183
37,93,1359,8942,0.117920,0.112402
37,94,839,10088,0.109533,0.101041
37,95,3823,30903,0.125826,0.120887
37,96,1149,17472,0.100737,0.098963
37,97,598,14972,0.101384,0.094622
37,98,787,13171,0.105421,0.113161
37,99,7765,2692,0.113513,0.106129
37,100,7948,57004,0.121031,0.159588
37,101,4708,43128,0.103702,0.177241
37,102,731,8059,0.103995,0.109245
37,103,225,1668,0.105954,0.105096
37,104,5632,21719,0.111081,0.155924
37,105,3978,25215,0.139516,0.116147
37,106,865,3250,0.101706,0.104664
37,107,4066,20177,0.119861,0.130075
37,108,3360,16991,0.103340,0.105537
37,109,24739,33773,0.109871,0.105227
37,110,1874,15576,0.129193,0.134688
37,111,2762,7744,0.096928,0.109279
37,112,451,4064,0.110447,0.107103
37,113,4585,16810,0.097547,0.102351
37,114,2409,7484,0.088791,0.098142
37,115,2641,69542,0.102635,0.120759
37,116,6781,25115,0.191850,0.244195
37,117,4456,16375,0.090932,0.101879
37,118,3217,17965,0.080984,0.109944
37,119,754,9744,0.102331,0.103207
37,120,903,15122,0.109618,0.111182
37,121,3347,14311,0.095874,0.096435
37,122,8065,3929,0.129740,0.121101
37,123,1499,32088,0.081779,0.095725
37,124,406,1121,0.155779,0.124261
37,125,1727,13009,0.099695,0.096405
37,126,3661,14874,0.177055,0.153737
37,127,1549,27645,0.102382,0.101094
37,128,298,5822,0.095749,0.105428
37,129,2348,1850,0.121025,0.098965
37,130,3842,27639,0.099743,0.114769
37,131,324,2743,0.099198,0.102408
37,132,2426,3334,0.115260,0.095362
37,133,3913,20810,0.108246,0.113117
37,134,464,600,0.124495,0.117474
37,135,688,29370,0.108428,0.119222
37,136,16,704,0.093414,0.104907
37,137,3382,10467,0.096281,0.105833
37,138,4406,9323,0.084006,0.166189
37,139,620,4458,0.098372,0.094229
37,140,213,5135,0.100932,0.101933
37,141,318,15986,0.105840,0.109500
37,142,0,65,0.000000,0.106160
37,143,3304,41661,0.108339,0.133506
37,144,1089,14963,0.112837,0.110626
37,145,10030,26841,0.112350,0.118903
37,146,45,106,0.116884,0.104828
37,147,43,17535,0.106195,0.111034
37,148,692,12737,0.134224,0.120944
37,149,2935,6059,0.073495,0.107071
37,150,52,1593,0.095853,0.109947
37,151,6561,17885,0.133425,0.122215
37,152,1554,6523,0.103055,0.105938
37,153,4,2840,0.099487,0.094145
37,154,2,141,0.087891,0.105793
37,155,0,80,0.000000,0.105460
37,156,4932,18157,0.141257,0.128930
37,157,605,7981,0.105367,0.105250
37,158,3014,40736,0.129469,0.131909
37,159,1424,4974,0.100267,0.115402
37,160,4960,29474,0.110021,0.116877
37,161,496,18105,0.113127,0.116271
37,162,1756,10038,0.106321,0.128217
37,163,3316,5414,0.135548,0.104667
37,164,3706,14869,0.156187,0.166274
37,165,40723,52404,0.137705,0.149135
37,166,8355,4492,0.084263,0.103943
37,167,0,155,0.000000,0.102374
37,168,19,1352,0.102154,0.111941
37,169,3105,31079,0.095265,0.109474
37,170,8727,33638,0.135744,0.153616
37,171,8268,2624,0.170109,0.115746
37,172,280,4331,0.110113,0.112305
37,173,278,8235,0.093480,0.103627
37,174,607,4302,0.121560,0.082134
37,175,726,41622,0.097292,0.096073
37,176,1459,11310,0.104524,0.107770
37,177,4212,6340,0.107228,0.106738
37,178,612,1765,0.093577,0.094013
37,179,1943,9994,0.110360,0.105810
37,180,5470,8084,0.101951,0.103364
37,181,5507,22751,0.131022,0.122219
37,182,9086,38305,0.163179,0.121163
37,183,43,2523,0.108484,0.109814
37,184,3531,11116,0.091857,0.098770
37,185,1477,10020,0.096321,0.101896
37,186,771,52775,0.100448,0.098413
37,187,81,1531,0.102816,0.099704
37,188,0,929,0.000000,0.100550
37,189,159,5929,0.102438,0.104838
37,190,6574,43902,0.078113,0.132060
37,191,10,476,0.093945,0.101560
37,192,5889,21794,0.143631,0.136133
37,193,1135,15912,0.119478,0.126194
37,194,6525,5718,0.095628,0.096448
37,195,386,18542,0.106641,0.106189
37,196,6878,10431,0.125140,0.139183
37,197,22,2238,0.098722,0.104331
37,198,10220,61106,0.143114,0.156710
37,199,3040,4502,0.100376,0.084639
37,200,4279,38931,0.116364,0.139069
37,201,1910,12226,0.108920,0.108272
37,202,741,14695,0.099442,0.115970
37,203,0,6,0.000000,0.084310
37,204,3583,8940,0.080729,0.107745
37,205,3810,44677,0.111809,0.137014
37,206,3051,4973,0.055357,0.110570
37,207,5678,8513,0.099696,0.100143
37,208,609,4985,0.097044,0.111496
37,209,11,2372,0.101518,0.104601
37,210,1115,8082,0.105829,0.098305
37,211,4567,13402,0.123742,0.128303
37,212,592,4192,0.101376,0.105713
37,213,812,13118,0.105460,0.101584
37,214,2276,10386,0.120715,0.168083
37,215,2201,3453,0.079697,0.093104
37,216,5,541,0.094434,0.102200
37,217,79,3131,0.084717,0.105423
37,218,3009,38946,0.128231,0.148688
37,219,19944,69310,0.124777,0.117969
37,220,2770,13061,0.113162,0.107289
37,221,1267,7742,0.101909,0.102804
37,222,113,1066,0.098961,0.098729
37,223,0,82,0.000000,0.105516
37,224,1459,3215,0.094394,0.094610
37,225,501,4734,0.115717,0.110597
37,226,1865,15997,0.105847,0.109637
37,227,790,5453,0.082188,0.103344
37,228,85,593,0.107879,0.104115
37,229,34,32852,0.093693,0.139952
37,230,24807,132801,0.169696,0.157646
37,231,79,9327,0.101550,0.106046
37,232,804,12922,0.109861,0.109740
37,233,3723,7170,0.066933,0.086633
37,234,202,7857,0.113215,0.117668
37,235,384,3985,0.099316,0.089354
37,236,34,2231,0.105253,0.095177
37,237,4177,16457,0.110127,0.110114
37,238,132,445,0.099293,0.102197
37,239,7399,40338,0.157043,0.169446
37,240,1653,18470,0.105762,0.113684
37,241,107,2869,0.108175,0.108276
37,242,3412,6556,0.099156,0.097313
37,243,1260,19641,0.103532,0.109226
37,244,4925,15751,0.099926,0.121618
37,245,5603,14394,0.137954,0.120703
37,246,6446,1047,0.120684,0.097951
37,247,1257,18013,0.106059,0.105320
37,248,6075,20140,0.138104,0.141106
37,249,0,77,0.000000,0.091870
37,250,317,9109,0.098501,0.098853
37,251,0,134,0.000000,0.116054
37,252,965,9037,0.110612,0.113183
37,253,0,337,0.000000,0.107255
37,254,1070,10277,0.115926,0.109553
37,255,4629,9976,0.135223,0.134026
38,0,6911,22090,0.090559,0.148587
38,1,0,330,0.000000,0.053564
38,2,1000,168,0.040104,0.113835
38,3,1158,18133,0.101240,0.115800
38,4,184,3587,0.084470,0.112206
38,5,1245,9383,0.102944,0.114697
38,6,203,6415,0.098641,0.103331
38,7,7942,22685,0.134234,0.139210
38,8,12115,43534,0.092737,0.105087
38,9,1187,16810,0.075533,0.129288
38,10,2301,9751,0.098701,0.104477
38,11,641,10549,0.113215,0.125877
38,12,816,38499,0.076584,0.101174
38,13,4975,7760,0.114647,0.130680
38,14,7293,56401,0.106965,0.128268
38,15,1038,15414,0.084459,0.105266
38,16,2097,10466,0.096617,0.107058
38,17,9165,36579,0.083397,0.111489
38,18,4622,18351,0.062786,0.110476
38,19,0,153,0.000000,0.117216
38,20,7299,11333,0.131133,0.133956
38,21,2207,15658,0.099264,0.104021
38,22,1823,23706,0.072344,0.139293
38,23,1068,26933,0.103429,0.118420
38,24,956,10021,0.104879,0.111388
38,25,3583,35577,0.095215,0.113654
38,26,0,92,0.000000,0.113180
38,27,4469,16625,0.109935,0.157495
38,28,2254,1490,0.066545,0.085557
38,29,4,252,0.097534,0.107371
38,30,1211,19782,0.070471,0.113746
38,31,4361,37657,0.088446,0.105488
38,32,2764,11840,0.076029,0.098161
38,33,586,9590,0.092795,0.105095
38,34,2836,25154,0.084567,0.098044
38,35,8627,26273,0.092300,0.106602
38,36,1409,19017,0.084060,0.090037
38,37,3449,31791,0.132408,0.155219
38,38,6,1429,0.106608,0.113095
38,39,741,5528,0.095659,0.103290
38,40,117,8427,0.103649,0.117937
38,41,5423,9020,0.109661,0.117297
38,42,2389,6921,0.083405,0.108935
38,43,4334,25881,0.094773,0.117995
38,44,49,1515,0.107073,0.106988
38,45,13532,5927,0.142359,0.114125
38,46,3616,13645,0.096388,0.112886
38,47,193,15030,0.058776,0.094160
38,48,5893,13840,0.131559,0.150060
38,49,1472,22554,0.108579,0.113933
38,50,5403,17001,0.111250,0.112916
38,51,40,3499,0.090698,0.109535
38,52,3154,3890,0.086944,0.143396
38,53,33,2218,0.109434,0.119263
38,54,50,1256,0.079712,0.106536
38,55,2234,15346,0.104987,0.113379
38,56,682,2145,0.065787,0.082003
38,57,19879,67993,0.137567,0.150460
38,58,49,5609,0.077816,0.104961
38,59,653,4551,0.091870,0.108837
38,60,1054,5366,0.096291,0.088277
38,61,5356,44935,0.095227,0.142404
38,62,597,19387,0.096931,0.109867
38,63,3023,17217,0.093649,0.120536
38,64,5636,21329,0.096377,0.183370
38,65,1140,16312,0.103866,0.109659
38,66,6,492,0.088542,0.106339
38,67,973,83600,0.096163,0.103112
38,68,5954,2285,0.137742,0.113756
38,69,1,52,0.072266,0.086543
38,70,548,5587,0.096562,0.105963
38,71,5221,38515,0.066360,0.135540
38,72,1547,10130,0.100794,0.111839
38,73,3743,26828,0.094775,0.117162
38,74,144,2399,0.089532,0.102260
38,75,1169,12481,0.098454,0.114513
38,76,5532,62434,0.082885,0.100310
38,77,1707,42292,0.105232,0.110533
38,78,3419,3624,0.068639,0.102697
38,79,1233,33323,0.068387,0.119167
38,80,2525,15919,0.079868,0.133821
38,81,2,197,0.101807,0.114337
38,82,1060,15455,0.102595,0.111806
38,83,352,13557,0.109042,0.112514
38,84,2,4588,0.087402,0.083434
38,85,19,3220,0.107910,0.115460
38,86,13,7625,0.084247,0.100410
38,87,4966,11486,0.085373,0.120599
38,88,7517,28110,0.109595,0.121423
38,89,14914,44622,0.129268,0.136985
38,90,87,2257,0.095425,0.106950
38,91,2427,19153,0.050104,0.113627
38,92,2307,66827,0.063517,0.157338
38,93,2472,52850,0.086808,0.135460
38,94,43,474,0.094874,0.087535
38,95,1894,7578,0.076303,0.092365
38,96,2048,17796,0.102251,0.107202
38,97,46,2716,0.094535,0.086583
38,98,1057,9099,0.098053,0.108230
38,99,3340,29824,0.095209,0.113802
38,100,15097,84390,0.085723,0.116195
38,101,3554,21837,0.109276,0.147196
38,102,4333,13529,0.108651,0.140273
38,103,11691,49899,0.196317,0.234985
38,104,2291,24035,0.065821,0.111984
38,105,1748,13374,0.111034,0.112044
38,106,41,8575,0.076422,0.094497
38,107,77,1646,0.096613,0.112818
38,108,8267,35261,0.156110,0.217955
38,109,3314,2010,0.129712,0.100425
38,110,11,2928,0.104892,0.115038
38,111,2355,12854,0.095645,0.105197
38,112,8713,33665,0.097478,0.109412
38,113,15,541,0.082585,0.083441
38,114,444,2866,0.088516,0.106588
38,115,3583,19188,0.112356,0.114651
38,116,3,266,0.103353,0.106506
38,117,2650,23846,0.098771,0.111416
38,118,8,1469,0.094116,0.103551
38,119,1010,28189,0.062815,0.129617
38,120,30379,30847,0.173799,0.199201
38,121,3425,4765,0.062355,0.099845
38,122,1475,5864,0.122445,0.133069
38,123,11532,8767,0.090825,0.115350
38,124,2756,14529,0.106410,0.147507
38,125,3712,6769,0.063655,0.115347
38,126,89,6296,0.103628,0.115391
38,127,6,1615,0.083333,0.092594
38,128,295,7742,0.104096,0.108520
38,129,72,2683,0.105638,0.116079
38,130,0,360,0.000000,0.113711
38,131,598,8705,0.105367,0.116368
38,132,5172,12241,0.114410,0.139562
38,133,473,31,0.073571,0.076975
38,134,1535,23356,0.086354,0.106410
38,135,1734,6109,0.108142,0.146008
38,136,4757,16378,0.127486,0.166129
38,137,1144,1805,0.098127,0.107446
38,138,556,32540,0.105534,0.117344
38,139,1610,12780,0.083522,0.119396
38,140,488,55303,0.094407,0.121180
38,141,847,6430,0.112996,0.117250
38,142,80,3178,0.085056,0.116879
38,143,8496,47818,0.096149,0.110865
38,144,6705,27043,0.129729,0.158627
38,145,1036,3783,0.088158,0.104587
38,146,4862,21485,0.134212,0.191359
38,147,2349,10082,0.098570,0.113845
38,148,6645,54865,0.065337,0.151082
38,149,4291,18107,0.084718,0.125795
38,150,1510,16632,0.112189,0.120703
38,151,13962,43657,0.156881,0.138686
38,152,0,917,0.000000,0.119342
38,153,4,4536,0.101440,0.116499
38,154,1422,2167,0.073188,0.089025
38,155,5,187,0.092676,0.113610
38,156,1982,10730,0.100878,0.131839
38,157,719,7800,0.097227,0.109075
38,158,1882,19756,0.102472,0.104401
38,159,1803,91154,0.104550,0.114685
38,160,175,1969,0.103086,0.113686
38,161,1423,2969,0.072977,0.112816
38,162,744,7084,0.092701,0.104754
38,163,2058,16676,0.099144,0.155687
38,164,29,2822,0.112633,0.120297
38,165,132,6686,0.105040,0.115848
38,166,1276,20168,0.091125,0.105915
38,167,238,1571,0.089600,0.104817
38,168,3788,6198,0.075666,0.123679
38,169,1316,15390,0.068476,0.125210
38,170,3,135,0.095540,0.103787
38,171,387,7874,0.086113,0.116558
38,172,0,262,0.000000,0.114650
38,173,44881,13334,0.153540,0.143641
38,174,86,3486,0.105971,0.115636
38,175,225,1196,0.058188,0.090570
38,176,4462,15204,0.092306,0.104188
38,177,1702,25044,0.104398,0.116874
38,178,277,4351,0.093530,0.112268
38,179,940,1559,0.092483,0.112698
38,180,3207,34909,0.084308,0.111031
38,181,7,1391,0.099051,0.117552
38,182,3053,18176,0.110905,0.121700
38,183,4,638,0.103516,0.116236
38,184,1817,27453,0.109239,0.119434
38,185,3934,12525,0.124568,0.154025
38,186,118,6300,0.100023,0.116818
38,187,135,5348,0.113777,0.109711
38,188,882,4840,0.104526,0.124098
38,189,5049,31854,0.083306,0.105171
38,190,474,4876,0.099248,0.112867
38,191,8514,30450,0.107118,0.108400
38,192,2637,8423,0.100974,0.113701
38,193,2719,30332,0.091101,0.153123
38,194,6,1630,0.101888,0.111001
38,195,2498,14954,0.089150,0.133021
38,196,1695,20085,0.100343,0.105238
38,197,1860,14106,0.115085,0.123430
38,198,2369,572,0.086616,0.098223
38,199,18215,71741,0.139586,0.156137
38,200,8186,3436,0.111749,0.108668
38,201,981,12908,0.096308,0.123738
38,202,8241,16524,0.095232,0.107605
38,203,0,590,0.000000,0.119682
38,204,3027,17905,0.080652,0.112576
38,205,162,4560,0.099591,0.107819
38,206,1411,22056,0.101438,0.107812
38,207,551,13140,0.104724,0.112516
38,208,1,112,0.101562,0.110897
38,209,99441,16678,0.233291,0.118174
38,210,497,19849,0.086636,0.122496
38,211,3,1250,0.093262,0.106178
38,212,14,935,0.087019,0.112045
38,213,69,16065,0.069063,0.100081
38,214,0,738,0.000000,0.121599
38,215,3945,17796,0.074932,0.137265
38,216,11109,22943,0.097578,0.101165
38,217,2074,6921,0.074995,0.115859
38,218,714,8966,0.110116,0.114621
38,219,8,1186,0.108093,0.117860
38,220,4052,9701,0.095985,0.109935
38,221,1672,9446,0.083374,0.110998
38,222,1507,7932,0.102145,0.110413
38,223,326,9347,0.080383,0.116865
38,224,1003,1214,0.036077,0.089865
38,225,1034,5107,0.077671,0.113402
38,226,41,845,0.089284,0.092117
38,227,70,6926,0.115158,0.121928
38,228,733,11749,0.091521,0.117712
38,229,21,3154,0.105457,0.117349
38,230,9070,131362,0.098245,0.133655
38,231,356,3630,0.076675,0.110725
38,232,1559,2451,0.074821,0.105539
38,233,5612,38436,0.105061,0.107199
38,234,548,18055,0.095635,0.119652
38,235,63,4363,0.098114,0.107657
38,236,5358,23633,0.115501,0.117167
38,237,832,11112,0.097388,0.112647
38,238,15,1303,0.096126,0.101479
38,239,828,19208,0.093309,0.118393
38,240,0,0,0.000000,0.000000
38,241,2083,19764,0.097124,0.114093
38,242,2966,16100,0.077301,0.117545
38,243,6067,12764,0.114953,0.140422
38,244,738,5025,0.090522,0.109627
38,245,2101,8402,0.103963,0.107082
38,246,0,533,0.000000,0.115524
38,247,2,12,0.088379,0.070394
38,248,672,15865,0.056792,0.118026
38,249,14986,4739,0.109766,0.097157
38,250,40,3848,0.111438,0.119159
38,251,3573,18996,0.066489,0.130026
38,252,5326,43416,0.078712,0.119369
38,253,8,1660,0.107788,0.115713
38,254,12060,12625,0.084679,0.106957
38,255,8413,150471,0.087379,0.132039
39,0,0,15,0.000000,0.037354
39,1,2480,20183,0.114732,0.142574
39,2,5909,53705,0.157077,0.151312
39,3,77,449,0.109933,0.110823
39,4,7,871,0.104701,0.100737
39,5,2445,12145,0.093530,0.117287
39,6,829,18894,0.103885,0.103672
39,7,4088,14934,0.107335,0.096712
39,8,2219,8036,0.107838,0.143415
39,9,2221,9875,0.132412,0.140600
39,10,8515,34159,0.131441,0.121710
39,11,1418,17412,0.098201,0.087539
39,12,3443,19016,0.111985,0.106562
39,13,5403,25590,0.120348,0.137654
39,14,1126,9671,0.104433,0.090903
39,15,2116,9833,0.103386,0.072616
39,16,4267,30804,0.143641,0.152650
39,17,5481,20153,0.102523,0.097452
39,18,10944,9578,0.104046,0.092108
39,19,263,10196,0.082392,0.101542
39,20,1580,12096,0.105697,0.103188
39,21,5356,39413,0.156577,0.219766
39,22,3065,28046,0.076152,0.098870
39,23,7673,33924,0.171304,0.156788
39,24,2061,18041,0.100697,0.095432
39,25,2367,4267,0.120830,0.096126
39,26,5,944,0.095605,0.082621
39,27,7455,14823,0.123210,0.108244
39,28,7,1128,0.097098,0.100254
39,29,6120,11228,0.125661,0.118900
39,30,4203,27321,0.103019,0.111221
39,31,5330,22427,0.103335,0.117120
39,32,3092,3147,0.112912,0.097157
39,33,603,24969,0.096379,0.100669
39,34,3174,7490,0.146209,0.080275
39,35,10368,15618,0.096362,0.093963
39,36,984,14389,0.100497,0.099395
39,37,1762,23424,0.112384,0.101106
39,38,7547,55567,0.135718,0.146939
39,39,2842,1928,0.082800,0.079705
39,40,7570,21871,0.160531,0.177512
39,41,166,24168,0.100968,0.100570
39,42,8618,40146,0.167246,0.192188
39,43,124,4268,0.095699,0.096059
39,44,2538,9801,0.130226,0.109541
39,45,3021,6942,0.112842,0.102315
39,46,2256,4366,0.099856,0.104467
39,47,1121,33836,0.102233,0.106598
39,48,554,13065,0.107503,0.108234
39,49,12,370,0.098877,0.099267
39,50,4220,20078,0.205681,0.266939
39,51,0,84,0.000000,0.100888
39,52,1176,5871,0.111620,0.095436
39,53,584,1961,0.102899,0.095553
39,54,0,283,0.000000,0.104898
39,55,8933,11731,0.144547,0.143913
39,56,1774,26827,0.103072,0.103143
39,57,7793,6210,0.137004,0.110011
39,58,1675,5309,0.109355,0.104318
39,59,13,1845,0.095628,0.099885
39,60,1168,6459,0.098625,0.092057
39,61,1219,6118,0.105494,0.093877
39,62,274,6750,0.108243,0.100352
39,63,2379,11591,0.076974,0.102017
39,64,36,7569,0.102132,0.105110
39,65,1368,14150,0.100799,0.100253
39,66,5661,16817,0.134632,0.106864
39,67,2748,41637,0.102556,0.099712
39,68,616,32898,0.094501,0.141906
39,69,9162,49075,0.106865,0.137802
39,70,9,3819,0.092285,0.075433
39,71,1,1085,0.084473,0.097462
39,72,2981,23985,0.124714,0.132950
39,73,2168,19181,0.098348,0.106872
39,74,7593,21160,0.146740,0.123954
39,75,5457,12820,0.155107,0.216248
39,76,243,28261,0.104392,0.104733
39,77,2523,12808,0.118719,0.129964
39,78,1541,41870,0.100953,0.094841
39,79,52,715,0.107812,0.095674
39,80,122,15043,0.102967,0.103600
39,81,1169,16807,0.096919,0.108118
39,82,0,748,0.000000,0.104267
39,83,2254,14767,0.107900,0.119222
39,84,269,9666,0.106519,0.102286
39,85,4759,22672,0.154940,0.173017
39,86,1906,13244,0.108622,0.106541
39,87,251,2153,0.088557,0.089792
39,88,1102,13430,0.103260,0.106883
39,89,452,3076,0.102541,0.086415
39,90,3953,13120,0.102396,0.099962
39,91,3415,24552,0.101742,0.101710
39,92,1007,34633,0.100857,0.113866
39,93,681,5781,0.098281,0.094176
39,94,0,329,0.000000,0.097641
39,95,2770,18321,0.109670,0.132352
39,96,11723,33429,0.148375,0.165664
39,97,2664,22030,0.113799,0.109072
39,98,18663,6438,0.101430,0.096483
39,99,4773,21269,0.136045,0.140294
39,100,4644,10661,0.105944,0.098912
39,101,5282,17765,0.110859,0.099985
39,102,1,521,0.090332,0.101793
39,103,1133,10093,0.112339,0.109714
39,104,213,4547,0.107627,0.100342
39,105,4588,7466,0.104836,0.097084
39,106,3263,17174,0.109992,0.103686
39,107,6713,55306,0.125824,0.183198
39,108,22459,62660,0.125304,0.124843
39,109,776,23393,0.099231,0.100841
39,110,6521,22957,0.130714,0.131908
39,111,1,150,0.083008,0.100181
39,112,2770,7459,0.094885,0.103075
39,113,5384,13299,0.164426,0.210090
39,114,17488,37879,0.137736,0.136265
39,115,991,14771,0.107226,0.108444
39,116,2993,28499,0.101727,0.119364
39,117,2156,22564,0.104805,0.135772
39,118,4716,30710,0.104714,0.099879
39,119,90,3218,0.092942,0.105172
39,120,8049,15595,0.145649,0.142096
39,121,1,1090,0.082031,0.098922
39,122,1099,31153,0.104351,0.127905
39,123,1652,26011,0.108729,0.104415
39,124,21,1115,0.089727,0.099119
39,125,75,1508,0.089915,0.059066
39,126,15,7183,0.097168,0.103528
39,127,6492,17838,0.098535,0.118523
39,128,1929,4952,0.098286,0.093078
39,129,4926,23132,0.129320,0.129204
39,130,3041,23702,0.098273,0.097271
39,131,28,2975,0.098319,0.095417
39,132,601,13699,0.103165,0.103772
39,133,1086,12225,0.099001,0.089269
39,134,3864,24022,0.116423,0.113452
39,135,0,5,0.000000,0.090723
39,136,1610,11718,0.113048,0.105228
39,137,2813,9962,0.157040,0.106914
39,138,1306,14612,0.145844,0.156626
39,139,1709,18957,0.106151,0.091863
39,140,3196,3721,0.131011,0.103531
39,141,2686,11058,0.122379,0.111287
39,142,3122,16582,0.127437,0.109419
39,143,16,1620,0.100800,0.100640
39,144,504,9480,0.096152,0.097510
39,145,853,16783,0.100868,0.107782
39,146,4309,29970,0.126741,0.109926
39,147,367,4537,0.107711,0.081091
39,148,4068,4138,0.068947,0.099929
39,149,2653,4422,0.097420,0.079714
39,150,1135,140,0.096807,0.101549
39,151,1239,11956,0.100364,0.098544
39,152,187,6912,0.099612,0.103967
39,153,7,5903,0.103027,0.098389
39,154,24107,11256,0.126857,0.107063
39,155,2057,29814,0.116699,0.123096
39,156,5,376,0.112305,0.103869
39,157,15482,45866,0.146949,0.135362
39,158,4235,23572,0.172134,0.187992
39,159,4533,2874,0.067010,0.097223
39,160,3239,35268,0.108474,0.087669
39,161,243,7494,0.111311,0.103516
39,162,19714,21832,0.220797,0.160230
39,163,7328,38163,0.111356,0.136729
39,164,2581,23383,0.116591,0.108542
39,165,1667,23721,0.119731,0.135983
39,166,5870,22425,0.143534,0.121703
39,167,2383,20647,0.142790,0.125053
39,168,540,15068,0.108642,0.105441
39,169,3579,3797,0.103097,0.091492
39,170,406,6696,0.098351,0.099549
39,171,2002,7848,0.111260,0.107488
39,172,198,3394,0.098339,0.102412
39,173,459,15405,0.106989,0.110792
39,174,2782,8849,0.109311,0.103348
39,175,4365,19864,0.095575,0.109630
39,176,13942,18069,0.099142,0.092576
39,177,5890,22725,0.129306,0.134432
39,178,6490,7772,0.100206,0.087463
39,179,92,17000,0.106923,0.104473
39,180,14,2874,0.086042,0.105963
39,181,461,1396,0.109134,0.097336
39,182,153,6378,0.108651,0.083968
39,183,2595,15461,0.109384,0.104876
39,184,2175,657,0.109018,0.085792
39,185,13277,28891,0.109591,0.109593
39,186,2490,29006,0.103977,0.191189
39,187,917,120,0.104300,0.096199
39,188,5345,14242,0.105586,0.082289
39,189,2787,60270,0.107314,0.160507
39,190,7590,29539,0.090030,0.139057
39,191,2759,9291,0.110755,0.105597
39,192,1555,17113,0.110452,0.106833
39,193,1945,40403,0.163551,0.158786
39,194,59,1025,0.095860,0.101044
39,195,2330,3423,0.117794,0.077711
39,196,515,5499,0.113377,0.099622
39,197,1555,14162,0.100439,0.126792
39,198,2975,19579,0.105821,0.108609
39,199,11,161,0.096946,0.086617
39,200,6021,26751,0.119663,0.151736
39,201,1840,17823,0.113257,0.107524
39,202,1573,10593,0.124393,0.107832
39,203,3,11019,0.065918,0.076245
39,204,2610,28340,0.108794,0.103813
39,205,102,5214,0.092560,0.099189
39,206,3604,12584,0.086673,0.098074
39,207,1001,598,0.125576,0.097236
39,208,6967,31596,0.113518,0.110564
39,209,1768,8315,0.079587,0.118693
39,210,429,11435,0.110637,0.111646
39,211,12067,36864,0.155771,0.149563
39,212,1,1207,0.074219,0.100929
39,213,401,24585,0.102518,0.086097
39,214,0,320,0.000000,0.089157
39,215,1711,14107,0.115458,0.122246
39,216,384,11134,0.103798,0.103079
39,217,2098,33285,0.105349,0.106423
39,218,1326,14848,0.096879,0.112103
39,219,469,9260,0.151035,0.113774
39,220,1330,6442,0.113142,0.098080
39,221,3636,6165,0.071974,0.094961
39,222,5391,12935,0.098257,0.105136
39,223,5749,43851,0.107802,0.103769
39,224,8568,15282,0.127745,0.120996
39,225,3378,30445,0.112202,0.105394
39,226,893,11324,0.120242,0.109828
39,227,4072,35716,0.097422,0.110342
39,228,7108,20319,0.124616,0.158914
39,229,975,6300,0.100234,0.104991
39,230,3314,13694,0.155087,0.170266
39,231,2649,10999,0.127057,0.176267
39,232,1,986,0.071289,0.099426
39,233,0,13,0.000000,0.095215
39,234,862,14046,0.104499,0.096650
39,235,4611,69385,0.098795,0.115452
39,236,23701,89773,0.159999,0.153763
39,237,611,12328,0.103862,0.104591
39,238,9186,42553,0.210717,0.208045
39,239,10603,197,0.150732,0.069103
39,240,5385,8826,0.137886,0.130810
39,241,4174,25040,0.134312,0.150484
39,242,30,9883,0.101953,0.092621
39,243,3168,20954,0.097110,0.136501
39,244,3220,21301,0.139838,0.146588
39,245,3109,6016,0.103391,0.108173
39,246,2480,18347,0.141103,0.163609
39,247,1363,9633,0.063982,0.100944
39,248,5951,28215,0.110900,0.145637
39,249,1175,11693,0.097247,0.097534
39,250,2183,20557,0.106294,0.134648
39,251,4408,10162,0.110860,0.168702
39,252,1228,8029,0.111200,0.081220
39,253,10872,7496,0.106196,0.101490
39,254,874,6558,0.121098,0.107965
39,255,2656,14734,0.114680,0.103769
